rank;id;tweeter;tweeterid;time;text;replies;reposts;likes;views;query;datetime;Hate Score;Hate Threatening Score;Self-Harm Score;Sexual Score;Sexual Minors Score;Violence Score;Violence Graphic Score;position
1;6a5695b19f2122e3;e96e536bfed7d12a;59d2013510f52df9;2023-05-15T06:13:01.000Z;Uitstekend idee dit @StasJenV !? Zo draai je het verdienmodel van de mensensmokkelaars de nek om en dan stokt migratie vanzelf. Ietsom over na te denken toch!? #migrantcrisis;;;;16;migrantcrisis;2024-10-12 11_04_33.324198;0.108791477978229;0.002765034558252;0.000172852334799;0.000045652624976;0.000004703967988;0.043769866228104;0.000238612687099;1. Against immigration, migrants, foreigners, refugees, or Muslims.
2;ea4e301f4c5c0f30;e72bf2cdaa2a3cce;93a969571e1d7c6d;2023-03-26T19:12:47.000Z;"Volle boot met #gelukszoekers onderweg Luilekkerland.
#ASIELSTOP #migrantcrisis";43.0;67.0;77.0;4K;migrantcrisis;2024-10-12 11_04_33.324198;0.002384479856118;0.000038576694351;0.000088939850684;0.000672064255923;0.000260375294602;0.000345456675859;0.000014890334569;1. Against immigration, migrants, foreigners, refugees, or Muslims.
3;20e4492af6ff8ad1;74607ab5486101c8;3f4b06727f5114f1;2024-08-26T12:05:33.000Z;"Opnieuw 301 illegale migranten aangekomen in Lampedusa op 8 boten 

Vandaag arriveerden 301 migranten in Lampedusa, terwijl er gisteren al 450 aankwamen. De korte termijn opvangcentra zijn inmiddels overvol. Een nieuwe migrantcrisis lijkt zich te ontwikkelen op Lampedusa";4.0;5.0;2.0;379;migrantcrisis;2024-10-12 11_04_33.324198;0.078819736838341;0.000735753739718;0.000207481512916;0.002849531592801;0.004227765370160;0.019401161000132;0.000215249863686;5. Is neutral.
4;b3b1312ccdcea55b;30de264b292732e5;6d2942f8760f3370;2023-01-26T22:13:55.000Z;"De beste grappen hoor je in verkiezingstijd
in 1 jaar 402.000 migranten zonder uitnodiging.
#verkiezingen #VVD #D66 #groenlinks #Politiek #migrantcrisis #Mensenhandel zonder Grenzen ( op andermans kosten ) #Politiek";;;;83;migrantcrisis;2024-10-12 11_04_33.324198;0.020132267847657;0.000053326108173;0.000014462745639;0.000924904481508;0.000078056524217;0.003248497843742;0.000097952834039;1. Against immigration, migrants, foreigners, refugees, or Muslims.
5;c4ac8fde51ab3d2f;28fbc175ccf963db;5915afe945514a83;2021-08-27T21:31:25.000Z;"#Afghanistan #migrantcrisis 
Oef, wat een opluchting zeg !
#simplisme bij @vrtnws";;;2.0;/Belgonerd1###/Belgonerd1###/Belgonerd1/status/1431368780437929984###/hashtag/Afghanistan?src=hashtag_click###/hashtag/migrantcrisis?src=hashtag_click###/hashtag/simplisme?src=hashtag_click###/vrtnws;migrantcrisis;2024-10-12 11_04_33.324198;0.011305084452033;0.000006193373792;0.000071519745688;0.000194654188817;0.000074605522968;0.000812798738480;0.000085416926595;5. Is neutral.
6;48445a75892f070d;1934fec4d9309d32;a22310a113639dbb;2022-07-18T08:43:16.000Z;"Een paspoort kopen vind EU niet leuk.

Men moet namelijk afhankelijk zijn, jarenlang in de migratiemolen hangen, zodat alle migratiebaantjes intact blijven.

Zomaar een zak geld op tafel leggen, dat is veelste efficient!

#migrantcrisis #miljonairs";;;;/Democratikusje###/Democratikusje###/Democratikusje/status/1548951525141118980###/hashtag/migrantcrisis?src=hashtag_click###/hashtag/miljonairs?src=hashtag_click;migrantcrisis;2024-10-12 11_04_33.324198;0.085448749363422;0.000053530671721;0.000011912257833;0.000029692075259;0.000005044983482;0.000999555923045;0.000094048366009;1. Against immigration, migrants, foreigners, refugees, or Muslims.
7;cb0b5059b8a4d694;3947eb5bdd00c1cb;07a7c39c709d04d1;2022-10-25T13:02:09.000Z;"Amper 25 km de EU-grens over. Kamp bij het Servische Sombor. Duizenden jonge mannen,
vooral uit Syrië, stranden hier. Volgende hindernis: het hek van Orbán #migrantcrisis";7.0;11.0;13.0;/tijnsadee###/tijnsadee###/tijnsadee/status/1584893076312817664###/hashtag/migrantcrisis?src=hashtag_click;migrantcrisis;2024-10-12 11_04_33.324198;0.003769404720515;0.000037152007280;0.000851715274621;0.000660121790133;0.000452414358733;0.003285614540800;0.000265500246314;5. Is neutral.
8;9f4e6bc65f0c49a3;ed5324cd4ee8b88f;2dc80c0a078bfdcd;2022-07-30T18:50:55.000Z;"Er móét gewoon een verdienmodel aan ten grondslag liggen getuige de vele tripjes tussen Libië en Italië van #NGO-schepen, die met volledig medeweten en goedkeuring van de #EuropeseUnie 1000-en #migranten Europa in smokkelen. 
#migrantcrisis #Immigration";3.0;55.0;54.0;/CoraWeg###/CoraWeg###/CoraWeg/status/1553453100287025156###/hashtag/NGO?src=hashtag_click###/hashtag/EuropeseUnie?src=hashtag_click###/hashtag/migranten?src=hashtag_click###/hashtag/migrantcrisis?src=hashtag_click###/hashtag/Immigration?src=hashtag_click;migrantcrisis;2024-10-12 11_04_33.324198;0.033936806023121;0.000047389577958;0.000032524054404;0.001304855919443;0.001452531432733;0.003652906510979;0.000094316710602;1. Against immigration, migrants, foreigners, refugees, or Muslims.
9;6d495b658ccb36d6;f38fc9ea7ba75f04;dd00fc95aacb2c72;2020-08-14T18:57:22.000Z;"Inside Europe: Ten Years of Turmoil

It covers matters affecting the European Union, and in particular #Brexit, the #debtcrisis and the #migrantcrisis

Als je deze 3 crisissen uiteindelijk bekijkt, door de ogen van deze leiders, besef je dat Europa nog veel uitdagingen heeft.";1.0;;1.0;/KarlBoumans###/KarlBoumans###/KarlBoumans/status/1294347400472072192###/hashtag/Brexit?src=hashtag_click###/hashtag/debtcrisis?src=hashtag_click###/hashtag/migrantcrisis?src=hashtag_click;migrantcrisis;2024-10-12 11_04_33.324198;0.001297234324738;0.000000790602712;0.000000137253451;0.000097016367363;0.000012057387721;0.000127578634419;0.000038749542000;5. Is neutral.
10;e603f092707ac638;c5753345f65416a3;d426e75bc6b6ac36;2018-07-29T14:27:06.000Z;Blog op Zondag | Stop de (gewelddadige) asieleiser https://bit.ly/2v19t0g #Ceuta #asieleiser #migranten #EU #buitengrens #borderpatrol #Spanje #borderprotection #bordercontrol #migrantcrisis #EUmigrantcrisis;;3.0;3.0;/BlogopZondag###/BlogopZondag###/BlogopZondag/status/1023575648294658048###https://t.co/VxtpbvIozV###/hashtag/Ceuta?src=hashtag_click###/hashtag/asieleiser?src=hashtag_click###/hashtag/migranten?src=hashtag_click###/hashtag/EU?src=hashtag_click###/hashtag/buitengrens?src=hashtag_click###/hashtag/borderpatrol?src=hashtag_click###/hashtag/Spanje?src=hashtag_click###/hashtag/borderprotection?src=hashtag_click###/hashtag/bordercontrol?src=hashtag_click###/hashtag/migrantcrisis?src=hashtag_click###/hashtag/EUmigrantcrisis?src=hashtag_click;migrantcrisis;2024-10-12 11_04_33.324198;0.049288392066955;0.000510531303007;0.000078436467447;0.000298180966638;0.000046093624405;0.015070088207722;0.000108801941678;1. Against immigration, migrants, foreigners, refugees, or Muslims.
11;e3b62069719f83a6;d957b9f1c86f53a2;c45f83925c2b470b;2023-09-26T20:27:37.000Z;"Caarnaast, nogmaals #migrantcrisis is geen #vluchtelingencrisis.
#migranten, zelf zorgen voor onderdak, eten, etc. Moet iedere migrant. Dus huisje #opjebeurtwachten. #6160224test nooitvoorang";;;;17;migrantcrisis;2024-10-12 11_04_33.324198;0.060412019491196;0.000005234108357;0.000044208791223;0.000028746015232;0.000004275786068;0.000513187726028;0.000002962511189;1. Against immigration, migrants, foreigners, refugees, or Muslims.
12;e36a4bf37f0dce58;35c88f9b583366e5;2b3368832de6e0d0;2023-07-14T17:26:17.000Z;"#klaarmetRutte 
Hongarije heeft de oplossing gevonden voor de migrantcrisis : geen afgeronde asielprocedure, geen toegang tot de EU. Dit is het Hongaarse systeem en het werkt. Nu wil Brussel het vernietigen.! dit laat ik niet gebeuren  Orbán Viktor";3.0;33.0;48.0;1,6K;migrantcrisis;2024-10-12 11_04_33.324198;0.074231825768948;0.001509936177172;0.001013013999909;0.000059270172642;0.000037079727917;0.099818587303162;0.000858579820488;1. Against immigration, migrants, foreigners, refugees, or Muslims.
13;f4c62253bd42748f;c5753345f65416a3;d426e75bc6b6ac36;2018-06-24T16:55:09.000Z;"Blog op Zondag | Opvangcentra in Europa voor migranten zijn geen goed idee. Drie redenen. https://bit.ly/2lzZ6vz
#migranten #MigrantCrisis #EU #opvangcentra #MigrationEU";;1.0;1.0;/BlogopZondag###/BlogopZondag###/BlogopZondag/status/1010929330023739393###https://t.co/pX3OvNZx3F###/hashtag/migranten?src=hashtag_click###/hashtag/MigrantCrisis?src=hashtag_click###/hashtag/EU?src=hashtag_click###/hashtag/opvangcentra?src=hashtag_click###/hashtag/MigrationEU?src=hashtag_click;migrantcrisis;2024-10-12 11_04_33.324198;0.095592699944973;0.000083872218966;0.000002278152124;0.000131022548885;0.000187091078260;0.000810529454611;0.000011948016436;1. Against immigration, migrants, foreigners, refugees, or Muslims.
14;1eb2831714e0a0c7;0a277c42f331e1ac;cc7b7a3ae5c97d47;2023-07-14T15:57:35.000Z;Hongarije #migrantcrisis   heeft de oplossing: Geen afgeronde asiel procedure géén toegang tot de EU.;;3.0;3.0;110;migrantcrisis;2024-10-12 11_04_33.324198;0.061486888676882;0.000507664866745;0.000938215758651;0.000026544759749;0.000026743206035;0.026800176128745;0.002227390184999;1. Against immigration, migrants, foreigners, refugees, or Muslims.
15;be568eacb84aac7e;b7cde170f4d1b3bf;7e2c9d4c3686a57e;2021-07-21T21:25:34.000Z;Weer een paar mensen die het licht zien. Niet arbeidsmigratie faciliteren en  stimuleren, maar het verplaatsen van sectoren naar de landen waar wel arbeid is, is de oplossing! Goed voor iedereen, behalve voor uitbuitende en/of slechtbetalende ondernemers ! #migrantcrisis;5.0;6.0;16.0;/JacquesMonasch###/JacquesMonasch###/JacquesMonasch/status/1417958956857708549###/hashtag/migrantcrisis?src=hashtag_click;migrantcrisis;2024-10-12 11_04_33.324198;0.015322159044445;0.000788839592133;0.000024416782253;0.000042194307753;0.000003286137144;0.004442997742444;0.000062717255787;1. Against immigration, migrants, foreigners, refugees, or Muslims.
16;901cd4acf3e2355f;f1d80082eb97ede1;38c3d6f7860dda45;2023-02-18T09:04:04.000Z;Ik vraag mij elke dag af wanneer Nederland, en de rest van de wereld, massaal in opstand komt. Zijn de slapende schapen nog steeds in de meerderheid? #WEF #D666 #Rutte #kaag #Ohio #Ukraina #Epstein #Biden #migrantcrisis #boeren;2.0;3.0;16.0;671;migrantcrisis;2024-10-12 11_04_33.324198;0.410441726446152;0.062907792627811;0.000200057140319;0.002196847461164;0.000964916136581;0.379260212182999;0.000316642137477;6. Other: Criticizes government and global issues.
17;;;;;This post is unavailable.;;;;;migrantcrisis;2024-10-12 11_04_33.324198;0.000118929085147;0.000000015512335;0.000000097311784;0.000661179888994;0.000003063055601;0.000033176205761;0.000041807754315;
18;;;;;This post is unavailable.;;;;;migrantcrisis;2024-10-12 11_04_33.324198;0.000118929085147;0.000000015512335;0.000000097311784;0.000661179888994;0.000003063055601;0.000033176205761;0.000041807754315;
19;;;;;This post is unavailable.;;;;;migrantcrisis;2024-10-12 11_04_33.324198;0.000118929085147;0.000000015512335;0.000000097311784;0.000661179888994;0.000003063055601;0.000033176205761;0.000041807754315;
20;;;;;This post is unavailable.;;;;;migrantcrisis;2024-10-12 11_04_33.324198;0.000118929085147;0.000000015512335;0.000000097311784;0.000661179888994;0.000003063055601;0.000033176205761;0.000041807754315;
21;;;;;This post is unavailable.;;;;;migrantcrisis;2024-10-12 11_04_33.324198;0.000118929085147;0.000000015512335;0.000000097311784;0.000661179888994;0.000003063055601;0.000033176205761;0.000041807754315;
22;;;;;This post is unavailable.;;;;;migrantcrisis;2024-10-12 11_04_33.324198;0.000118929085147;0.000000015512335;0.000000097311784;0.000661179888994;0.000003063055601;0.000033176205761;0.000041807754315;
23;e03b205c8b9dd4cd;8e1456e0b8d3c21d;0bd9cb1abfc43224;2023-08-25T06:38:33.000Z;Wie zijn deze NGO’s? #asielindustrie #migrantcrisis #migranten #ASIELSTOP;1.0;2.0;3.0;467;migrantcrisis;2024-10-12 11_04_33.324198;0.017099250108004;0.000032265270420;0.000000608092762;0.000046977958846;0.000044645850721;0.000229026903980;0.000015409865227;1. Against immigration, migrants, foreigners, refugees, or Muslims.
24;;;;;This post is unavailable.;;;;;migrantcrisis;2024-10-12 11_04_33.324198;0.000118929085147;0.000000015512335;0.000000097311784;0.000661179888994;0.000003063055601;0.000033176205761;0.000041807754315;
25;;;;;This post is unavailable.;;;;;migrantcrisis;2024-10-12 11_04_33.324198;0.000118929085147;0.000000015512335;0.000000097311784;0.000661179888994;0.000003063055601;0.000033176205761;0.000041807754315;
26;;;;;This post is unavailable.;;;;;migrantcrisis;2024-10-12 11_04_33.324198;0.000118929085147;0.000000015512335;0.000000097311784;0.000661179888994;0.000003063055601;0.000033176205761;0.000041807754315;
27;;;;;This post is unavailable.;;;;;migrantcrisis;2024-10-12 11_04_33.324198;0.000118929085147;0.000000015512335;0.000000097311784;0.000661179888994;0.000003063055601;0.000033176205761;0.000041807754315;
28;c66ca19d259ef363;28fbc175ccf963db;5915afe945514a83;2020-08-28T09:09:06.000Z;"#criminals #migrantcrisis
@catmoureaux stond erbij en keek ernaar.
https://bruzz.be/samenleving/doodsbange-bewoonster-sippelbergwijk-wil-van-hangjongeren-hier-wet-2020-08-27…";;;;/Belgonerd1###/Belgonerd1###/Belgonerd1/status/1299272788096749569###/hashtag/criminals?src=hashtag_click###/hashtag/migrantcrisis?src=hashtag_click###/catmoureaux###https://t.co/AL8AHrJERB;migrantcrisis;2024-10-12 11_04_33.324198;0.100158341228962;0.000723653822206;0.000415126152802;0.000161580610438;0.000064926302002;0.007173922844231;0.000103759382910;1. Against immigration, migrants, foreigners, refugees, or Muslims.
29;;;;;This post is unavailable.;;;;;migrantcrisis;2024-10-12 11_04_33.324198;0.000118929085147;0.000000015512335;0.000000097311784;0.000661179888994;0.000003063055601;0.000033176205761;0.000041807754315;
30;;;;;This post is unavailable.;;;;;migrantcrisis;2024-10-12 11_04_33.324198;0.000118929085147;0.000000015512335;0.000000097311784;0.000661179888994;0.000003063055601;0.000033176205761;0.000041807754315;
31;;;;;This post is unavailable.;;;;;migrantcrisis;2024-10-12 11_04_33.324198;0.000118929085147;0.000000015512335;0.000000097311784;0.000661179888994;0.000003063055601;0.000033176205761;0.000041807754315;
32;;;;;This post is unavailable.;;;;;migrantcrisis;2024-10-12 11_04_33.324198;0.000118929085147;0.000000015512335;0.000000097311784;0.000661179888994;0.000003063055601;0.000033176205761;0.000041807754315;
33;;;;;This post is unavailable.;;;;;migrantcrisis;2024-10-12 11_04_33.324198;0.000118929085147;0.000000015512335;0.000000097311784;0.000661179888994;0.000003063055601;0.000033176205761;0.000041807754315;
34;;;;;This post is unavailable.;;;;;migrantcrisis;2024-10-12 11_04_33.324198;0.000118929085147;0.000000015512335;0.000000097311784;0.000661179888994;0.000003063055601;0.000033176205761;0.000041807754315;
35;;;;;This post is unavailable.;;;;;migrantcrisis;2024-10-12 11_04_33.324198;0.000118929085147;0.000000015512335;0.000000097311784;0.000661179888994;0.000003063055601;0.000033176205761;0.000041807754315;
36;;;;;This post is unavailable.;;;;;migrantcrisis;2024-10-12 11_04_33.324198;0.000118929085147;0.000000015512335;0.000000097311784;0.000661179888994;0.000003063055601;0.000033176205761;0.000041807754315;
37;;;;;This post is unavailable.;;;;;migrantcrisis;2024-10-12 11_04_33.324198;0.000118929085147;0.000000015512335;0.000000097311784;0.000661179888994;0.000003063055601;0.000033176205761;0.000041807754315;
38;;;;;This post is unavailable.;;;;;migrantcrisis;2024-10-12 11_04_33.324198;0.000118929085147;0.000000015512335;0.000000097311784;0.000661179888994;0.000003063055601;0.000033176205761;0.000041807754315;
39;;;;;This post is unavailable.;;;;;migrantcrisis;2024-10-12 11_04_33.324198;0.000118929085147;0.000000015512335;0.000000097311784;0.000661179888994;0.000003063055601;0.000033176205761;0.000041807754315;
40;;;;;This post is unavailable.;;;;;migrantcrisis;2024-10-12 11_04_33.324198;0.000118929085147;0.000000015512335;0.000000097311784;0.000661179888994;0.000003063055601;0.000033176205761;0.000041807754315;
41;;;;;This post is unavailable.;;;;;migrantcrisis;2024-10-12 11_04_33.324198;0.000118929085147;0.000000015512335;0.000000097311784;0.000661179888994;0.000003063055601;0.000033176205761;0.000041807754315;
42;;;;;This post is unavailable.;;;;;migrantcrisis;2024-10-12 11_04_33.324198;0.000118929085147;0.000000015512335;0.000000097311784;0.000661179888994;0.000003063055601;0.000033176205761;0.000041807754315;
43;;;;;This post is unavailable.;;;;;migrantcrisis;2024-10-12 11_04_33.324198;0.000120057113236;0.000000015283494;0.000000097800964;0.000657855824102;0.000003010128239;0.000033245440136;0.000041408187826;
44;;;;;This post is unavailable.;;;;;migrantcrisis;2024-10-12 11_04_33.324198;0.000118929085147;0.000000015512335;0.000000097311784;0.000661179888994;0.000003063055601;0.000033176205761;0.000041807754315;
45;;;;;This post is unavailable.;;;;;migrantcrisis;2024-10-12 11_04_33.324198;0.000118929085147;0.000000015512335;0.000000097311784;0.000661179888994;0.000003063055601;0.000033176205761;0.000041807754315;
46;;;;;This post is unavailable.;;;;;migrantcrisis;2024-10-12 11_04_33.324198;0.000118929085147;0.000000015512335;0.000000097311784;0.000661179888994;0.000003063055601;0.000033176205761;0.000041807754315;
47;;;;;This post is unavailable.;;;;;migrantcrisis;2024-10-12 11_04_33.324198;0.000118929085147;0.000000015512335;0.000000097311784;0.000661179888994;0.000003063055601;0.000033176205761;0.000041807754315;
48;;;;;This post is unavailable.;;;;;migrantcrisis;2024-10-12 11_04_33.324198;0.000118929085147;0.000000015512335;0.000000097311784;0.000661179888994;0.000003063055601;0.000033176205761;0.000041807754315;
49;;;;;This post is unavailable.;;;;;migrantcrisis;2024-10-12 11_04_33.324198;0.000118929085147;0.000000015512335;0.000000097311784;0.000661179888994;0.000003063055601;0.000033176205761;0.000041807754315;
50;;;;;This post is unavailable.;;;;;migrantcrisis;2024-10-12 11_04_33.324198;0.000118929085147;0.000000015512335;0.000000097311784;0.000661179888994;0.000003063055601;0.000033176205761;0.000041807754315;
51;;;;;This post is unavailable.;;;;;migrantcrisis;2024-10-12 11_04_33.324198;0.000118929085147;0.000000015512335;0.000000097311784;0.000661179888994;0.000003063055601;0.000033176205761;0.000041807754315;
52;;;;;This post is unavailable.;;;;;migrantcrisis;2024-10-12 11_04_33.324198;0.000118929085147;0.000000015512335;0.000000097311784;0.000661179888994;0.000003063055601;0.000033176205761;0.000041807754315;
53;;;;;This post is unavailable.;;;;;migrantcrisis;2024-10-12 11_04_33.324198;0.000118929085147;0.000000015512335;0.000000097311784;0.000661179888994;0.000003063055601;0.000033176205761;0.000041807754315;
54;;;;;This post is unavailable.;;;;;migrantcrisis;2024-10-12 11_04_33.324198;0.000118929085147;0.000000015512335;0.000000097311784;0.000661179888994;0.000003063055601;0.000033176205761;0.000041807754315;
55;;;;;This post is unavailable.;;;;;migrantcrisis;2024-10-12 11_04_33.324198;0.000118929085147;0.000000015512335;0.000000097311784;0.000661179888994;0.000003063055601;0.000033176205761;0.000041807754315;
56;;;;;This post is unavailable.;;;;;migrantcrisis;2024-10-12 11_04_33.324198;0.000118929085147;0.000000015512335;0.000000097311784;0.000661179888994;0.000003063055601;0.000033176205761;0.000041807754315;
57;;;;;This post is unavailable.;;;;;migrantcrisis;2024-10-12 11_04_33.324198;0.000118929085147;0.000000015512335;0.000000097311784;0.000661179888994;0.000003063055601;0.000033176205761;0.000041807754315;
58;;;;;This post is unavailable.;;;;;migrantcrisis;2024-10-12 11_04_33.324198;0.000118929085147;0.000000015512335;0.000000097311784;0.000661179888994;0.000003063055601;0.000033176205761;0.000041807754315;
59;;;;;This post is unavailable.;;;;;migrantcrisis;2024-10-12 11_04_33.324198;0.000118929085147;0.000000015512335;0.000000097311784;0.000661179888994;0.000003063055601;0.000033176205761;0.000041807754315;
60;;;;;This post is unavailable.;;;;;migrantcrisis;2024-10-12 11_04_33.324198;0.000118929085147;0.000000015512335;0.000000097311784;0.000661179888994;0.000003063055601;0.000033176205761;0.000041807754315;
61;;;;;This post is unavailable.;;;;;migrantcrisis;2024-10-12 11_04_33.324198;0.000118929085147;0.000000015512335;0.000000097311784;0.000661179888994;0.000003063055601;0.000033176205761;0.000041807754315;
62;;;;;This post is unavailable.;;;;;migrantcrisis;2024-10-12 11_04_33.324198;0.000118929085147;0.000000015512335;0.000000097311784;0.000661179888994;0.000003063055601;0.000033176205761;0.000041807754315;
63;;;;;This post is unavailable.;;;;;migrantcrisis;2024-10-12 11_04_33.324198;0.000118929085147;0.000000015512335;0.000000097311784;0.000661179888994;0.000003063055601;0.000033176205761;0.000041807754315;
64;;;;;This post is unavailable.;;;;;migrantcrisis;2024-10-12 11_04_33.324198;0.000118929085147;0.000000015512335;0.000000097311784;0.000661179888994;0.000003063055601;0.000033176205761;0.000041807754315;
65;;;;;This post is unavailable.;;;;;migrantcrisis;2024-10-12 11_04_33.324198;0.000118929085147;0.000000015512335;0.000000097311784;0.000661179888994;0.000003063055601;0.000033176205761;0.000041807754315;
66;;;;;This post is unavailable.;;;;;migrantcrisis;2024-10-12 11_04_33.324198;0.000118929085147;0.000000015512335;0.000000097311784;0.000661179888994;0.000003063055601;0.000033176205761;0.000041807754315;
67;;;;;This post is unavailable.;;;;;migrantcrisis;2024-10-12 11_04_33.324198;0.000118929085147;0.000000015512335;0.000000097311784;0.000661179888994;0.000003063055601;0.000033176205761;0.000041807754315;
68;;;;;This post is unavailable.;;;;;migrantcrisis;2024-10-12 11_04_33.324198;0.000118929085147;0.000000015512335;0.000000097311784;0.000661179888994;0.000003063055601;0.000033176205761;0.000041807754315;
1;901cd4acf3e2355f;f1d80082eb97ede1;38c3d6f7860dda45;2023-02-18T09:04:04.000Z;Ik vraag mij elke dag af wanneer Nederland, en de rest van de wereld, massaal in opstand komt. Zijn de slapende schapen nog steeds in de meerderheid? #WEF #D666 #Rutte #kaag #Ohio #Ukraina #Epstein #Biden #migrantcrisis #boeren;2.0;3.0;16.0;674;migrantcrisis;2024-10-18 16_04_37.370274;0.410441726446152;0.062907792627811;0.000200057140319;0.002196847461164;0.000964916136581;0.379260212182999;0.000316642137477;6. Other: Criticizes government and global issues.
2;ea4e301f4c5c0f30;e72bf2cdaa2a3cce;93a969571e1d7c6d;2023-03-26T19:12:47.000Z;"Volle boot met #gelukszoekers onderweg Luilekkerland.
#ASIELSTOP #migrantcrisis";43.0;67.0;77.0;4K;migrantcrisis;2024-10-18 16_04_37.370274;0.002384479856118;0.000038576694351;0.000088939850684;0.000672064255923;0.000260375294602;0.000345456675859;0.000014890334569;1. Against immigration, migrants, foreigners, refugees, or Muslims.
3;9f4e6bc65f0c49a3;ed5324cd4ee8b88f;2dc80c0a078bfdcd;2022-07-30T18:50:55.000Z;"Er móét gewoon een verdienmodel aan ten grondslag liggen getuige de vele tripjes tussen Libië en Italië van #NGO-schepen, die met volledig medeweten en goedkeuring van de #EuropeseUnie 1000-en #migranten Europa in smokkelen. 
#migrantcrisis #Immigration";3.0;55.0;54.0;/CoraWeg###/CoraWeg###/CoraWeg/status/1553453100287025156###/hashtag/NGO?src=hashtag_click###/hashtag/EuropeseUnie?src=hashtag_click###/hashtag/migranten?src=hashtag_click###/hashtag/migrantcrisis?src=hashtag_click###/hashtag/Immigration?src=hashtag_click;migrantcrisis;2024-10-18 16_04_37.370274;0.033936806023121;0.000047389577958;0.000032524054404;0.001304855919443;0.001452531432733;0.003652906510979;0.000094316710602;1. Against immigration, migrants, foreigners, refugees, or Muslims.
4;b3b1312ccdcea55b;30de264b292732e5;6d2942f8760f3370;2023-01-26T22:13:55.000Z;"De beste grappen hoor je in verkiezingstijd
in 1 jaar 402.000 migranten zonder uitnodiging.
#verkiezingen #VVD #D66 #groenlinks #Politiek #migrantcrisis #Mensenhandel zonder Grenzen ( op andermans kosten ) #Politiek";;;;86;migrantcrisis;2024-10-18 16_04_37.370274;0.020132267847657;0.000053326108173;0.000014462745639;0.000924904481508;0.000078056524217;0.003248497843742;0.000097952834039;1. Against immigration, migrants, foreigners, refugees, or Muslims.
5;cb0b5059b8a4d694;3947eb5bdd00c1cb;07a7c39c709d04d1;2022-10-25T13:02:09.000Z;"Amper 25 km de EU-grens over. Kamp bij het Servische Sombor. Duizenden jonge mannen,
vooral uit Syrië, stranden hier. Volgende hindernis: het hek van Orbán #migrantcrisis";7.0;11.0;13.0;/tijnsadee###/tijnsadee###/tijnsadee/status/1584893076312817664###/hashtag/migrantcrisis?src=hashtag_click;migrantcrisis;2024-10-18 16_04_37.370274;0.003769404720515;0.000037152007280;0.000851715274621;0.000660121790133;0.000452414358733;0.003285614540800;0.000265500246314;5. Is neutral.
6;e36a4bf37f0dce58;35c88f9b583366e5;2b3368832de6e0d0;2023-07-14T17:26:17.000Z;"#klaarmetRutte 
Hongarije heeft de oplossing gevonden voor de migrantcrisis : geen afgeronde asielprocedure, geen toegang tot de EU. Dit is het Hongaarse systeem en het werkt. Nu wil Brussel het vernietigen.! dit laat ik niet gebeuren  Orbán Viktor";3.0;33.0;48.0;1,6K;migrantcrisis;2024-10-18 16_04_37.370274;0.074231825768948;0.001509936177172;0.001013013999909;0.000059270172642;0.000037079727917;0.099818587303162;0.000858579820488;1. Against immigration, migrants, foreigners, refugees, or Muslims.
7;c4ac8fde51ab3d2f;28fbc175ccf963db;5915afe945514a83;2021-08-27T21:31:25.000Z;"#Afghanistan #migrantcrisis 
Oef, wat een opluchting zeg !
#simplisme bij @vrtnws";;;2.0;/Belgonerd1###/Belgonerd1###/Belgonerd1/status/1431368780437929984###/hashtag/Afghanistan?src=hashtag_click###/hashtag/migrantcrisis?src=hashtag_click###/hashtag/simplisme?src=hashtag_click###/vrtnws;migrantcrisis;2024-10-18 16_04_37.370274;0.011305084452033;0.000006193373792;0.000071519745688;0.000194654188817;0.000074605522968;0.000812798738480;0.000085416926595;5. Is neutral.
8;6a5695b19f2122e3;e96e536bfed7d12a;59d2013510f52df9;2023-05-15T06:13:01.000Z;Uitstekend idee dit @StasJenV !? Zo draai je het verdienmodel van de mensensmokkelaars de nek om en dan stokt migratie vanzelf. Ietsom over na te denken toch!? #migrantcrisis;;;;19;migrantcrisis;2024-10-18 16_04_37.370274;0.108791477978229;0.002765034558252;0.000172852334799;0.000045652624976;0.000004703967988;0.043769866228104;0.000238612687099;1. Against immigration, migrants, foreigners, refugees, or Muslims.
9;6d495b658ccb36d6;f38fc9ea7ba75f04;dd00fc95aacb2c72;2020-08-14T18:57:22.000Z;"Inside Europe: Ten Years of Turmoil

It covers matters affecting the European Union, and in particular #Brexit, the #debtcrisis and the #migrantcrisis

Als je deze 3 crisissen uiteindelijk bekijkt, door de ogen van deze leiders, besef je dat Europa nog veel uitdagingen heeft.";1.0;;1.0;/KarlBoumans###/KarlBoumans###/KarlBoumans/status/1294347400472072192###/hashtag/Brexit?src=hashtag_click###/hashtag/debtcrisis?src=hashtag_click###/hashtag/migrantcrisis?src=hashtag_click;migrantcrisis;2024-10-18 16_04_37.370274;0.001297234324738;0.000000790602712;0.000000137253451;0.000097016367363;0.000012057387721;0.000127578634419;0.000038749542000;5. Is neutral.
10;e1a8150169e4bf65;8f4d75b6c8ab495e;73dc5bda3e02cb96;2019-02-27T09:37:40.000Z;"De zogenaamde ""Smokkelaar Express"" #GolfoAzzurro voorbereiden om weer uit te varen ... #NoMoreDeathsAtSea #Migrantcrisis #Humansmuggling #Frontex #Europol @NLambLib @CvNieuwenhuizen @SvVeldhoven @KarlijnRensink @MvanToorenburg @MalikAzmani @LWegewijs @NatashaBertaud @MajaEUspox";2.0;4.0;6.0;/rgowans###/rgowans###/rgowans/status/1100691425816166400###/rgowans###/hashtag/GolfoAzzurro?src=hashtag_click###/hashtag/NoMoreDeathsAtSea?src=hashtag_click###/hashtag/Migrantcrisis?src=hashtag_click###/hashtag/Humansmuggling?src=hashtag_click###/hashtag/Frontex?src=hashtag_click###/hashtag/Europol?src=hashtag_click###/NLambLib###/CvNieuwenhuizen###/SvVeldhoven###/KarlijnRensink###/MvanToorenburg###/MalikAzmani###/LWegewijs###/NatashaBertaud###/MajaEUspox;migrantcrisis;2024-10-18 16_04_37.370274;0.000514594255947;0.000060822552769;0.000211685648537;0.000220682282816;0.000263759866357;0.003406291594729;0.000027540338124;5. Is neutral.
11;20e4492af6ff8ad1;74607ab5486101c8;3f4b06727f5114f1;2024-08-26T12:05:33.000Z;"Opnieuw 301 illegale migranten aangekomen in Lampedusa op 8 boten 

Vandaag arriveerden 301 migranten in Lampedusa, terwijl er gisteren al 450 aankwamen. De korte termijn opvangcentra zijn inmiddels overvol. Een nieuwe migrantcrisis lijkt zich te ontwikkelen op Lampedusa";4.0;5.0;2.0;382;migrantcrisis;2024-10-18 16_04_37.370274;0.078819736838341;0.000735753739718;0.000207481512916;0.002849531592801;0.004227765370160;0.019401161000132;0.000215249863686;5. Is neutral.
12;48445a75892f070d;1934fec4d9309d32;a22310a113639dbb;2022-07-18T08:43:16.000Z;"Een paspoort kopen vind EU niet leuk.

Men moet namelijk afhankelijk zijn, jarenlang in de migratiemolen hangen, zodat alle migratiebaantjes intact blijven.

Zomaar een zak geld op tafel leggen, dat is veelste efficient!

#migrantcrisis #miljonairs";;;;/Democratikusje###/Democratikusje###/Democratikusje/status/1548951525141118980###/hashtag/migrantcrisis?src=hashtag_click###/hashtag/miljonairs?src=hashtag_click;migrantcrisis;2024-10-18 16_04_37.370274;0.085448749363422;0.000053530671721;0.000011912257833;0.000029692075259;0.000005044983482;0.000999555923045;0.000094048366009;1. Against immigration, migrants, foreigners, refugees, or Muslims.
13;e603f092707ac638;c5753345f65416a3;d426e75bc6b6ac36;2018-07-29T14:27:06.000Z;Blog op Zondag | Stop de (gewelddadige) asieleiser https://bit.ly/2v19t0g #Ceuta #asieleiser #migranten #EU #buitengrens #borderpatrol #Spanje #borderprotection #bordercontrol #migrantcrisis #EUmigrantcrisis;;3.0;3.0;/BlogopZondag###/BlogopZondag###/BlogopZondag/status/1023575648294658048###https://t.co/VxtpbvIozV###/hashtag/Ceuta?src=hashtag_click###/hashtag/asieleiser?src=hashtag_click###/hashtag/migranten?src=hashtag_click###/hashtag/EU?src=hashtag_click###/hashtag/buitengrens?src=hashtag_click###/hashtag/borderpatrol?src=hashtag_click###/hashtag/Spanje?src=hashtag_click###/hashtag/borderprotection?src=hashtag_click###/hashtag/bordercontrol?src=hashtag_click###/hashtag/migrantcrisis?src=hashtag_click###/hashtag/EUmigrantcrisis?src=hashtag_click;migrantcrisis;2024-10-18 16_04_37.370274;0.049288392066955;0.000510531303007;0.000078436467447;0.000298180966638;0.000046093624405;0.015070088207722;0.000108801941678;1. Against immigration, migrants, foreigners, refugees, or Muslims.
14;c66ca19d259ef363;28fbc175ccf963db;5915afe945514a83;2020-08-28T09:09:06.000Z;"#criminals #migrantcrisis
@catmoureaux stond erbij en keek ernaar.
https://bruzz.be/samenleving/doodsbange-bewoonster-sippelbergwijk-wil-van-hangjongeren-hier-wet-2020-08-27…";;;;/Belgonerd1###/Belgonerd1###/Belgonerd1/status/1299272788096749569###/hashtag/criminals?src=hashtag_click###/hashtag/migrantcrisis?src=hashtag_click###/catmoureaux###https://t.co/AL8AHrJERB;migrantcrisis;2024-10-18 16_04_37.370274;0.100158341228962;0.000723653822206;0.000415126152802;0.000161580610438;0.000064926302002;0.007173922844231;0.000103759382910;1. Against immigration, migrants, foreigners, refugees, or Muslims.
15;962093933fdd9ebe;72be434f34d72495;199de37cf751daaf;2022-10-11T13:15:48.000Z;"(ENG ) Opiniestuk van onze fractievoorzitter @ortjens over de ""migrantencrisis"", maar wiens crisis is dit nu eigenlijk?

(ENG) Opinion piece by our party leader @ortjens on the ""migrantcrisis"", but whose crisis is this really?";;;1.0;/VoltMaastricht###/VoltMaastricht###/VoltMaastricht/status/1579823078389207040###/ortjens###/ortjens###https://t.co/5Skj8n2sCK;migrantcrisis;2024-10-18 16_04_37.370274;0.002289759926498;0.000000617147180;0.000012409282135;0.000021242502044;0.000019664394131;0.000067740533268;0.000005465897630;5. Is neutral.
16;2471ad1911ac2e67;fcbc16f6db2bcb04;73301691d62d680a;2020-08-20T04:40:23.000Z;"#migrantcrisis
#Marokkanenprobleem
#zwartepiet 

FVD presenteert: ""De Prijs van Diversiteit"" https://youtu.be/FQJXwnRm4Qw via @YouTube";;;;/Lucas1248421###/Lucas1248421###/Lucas1248421/status/1296306059074777088###/hashtag/migrantcrisis?src=hashtag_click###/hashtag/Marokkanenprobleem?src=hashtag_click###/hashtag/zwartepiet?src=hashtag_click###https://t.co/ToTr20xkAk###/YouTube;migrantcrisis;2024-10-18 16_04_37.370274;0.133756950497627;0.000721750780940;0.000000535025777;0.000343158317264;0.000089385888714;0.004710764158517;0.000242520778556;1. Against immigration, migrants, foreigners, refugees, or Muslims.
17;c96c9a2fdfb39ac8;fcbc16f6db2bcb04;73301691d62d680a;2020-08-23T19:45:43.000Z;"#migration
#migrantcrisis
#immigrazione
#immigrati
#Immigrants
#Marokkanenprobleem 

FVD presenteert: ""De Prijs van Diversiteit"" https://youtu.be/agru78oVa7Y via @YouTube";;;;/Lucas1248421###/Lucas1248421###/Lucas1248421/status/1297621056757301248###/hashtag/migration?src=hashtag_click###/hashtag/migrantcrisis?src=hashtag_click###/hashtag/immigrazione?src=hashtag_click###/hashtag/immigrati?src=hashtag_click###/hashtag/Immigrants?src=hashtag_click###/hashtag/Marokkanenprobleem?src=hashtag_click###https://t.co/trYHoq4far###/YouTube;migrantcrisis;2024-10-18 16_04_37.370274;0.033192027360201;0.000201774368179;0.000000999453505;0.000249241304118;0.000023522719857;0.002553342608735;0.000150005231262;1. Against immigration, migrants, foreigners, refugees, or Muslims.
18;69f30239b0400cbb;28fbc175ccf963db;5915afe945514a83;2020-03-02T07:18:41.000Z;#MigrantCrisis #taxpayers Ik ken er alvast een aantal die geen moer om blanke #Europeans geven: @EU_Commission met @TimmermansEU en @vonderleyen, leden van de @EUCouncil en zeker de @eucopresident, @MeyremAlmaci @WouterDeVriendt @guyverhofstadt @kristofcalvo @BartSomers. @EU4BE;;;1.0;/Belgonerd1###/Belgonerd1###/Belgonerd1/status/1234377570399006722###/ivovd2###/me2_of3###/hashtag/MigrantCrisis?src=hashtag_click###/hashtag/taxpayers?src=hashtag_click###/hashtag/Europeans?src=hashtag_click###/EU_Commission###/TimmermansEU###/vonderleyen###/EUCouncil###/eucopresident###/MeyremAlmaci###/guyverhofstadt###/kristofcalvo###/BartSomers###/EU4BE;migrantcrisis;2024-10-18 16_04_37.370274;0.189577564597130;0.000026578574762;0.005372708197683;0.000637435994577;0.000040169510612;0.000924558611587;0.000100991361251;1. Against immigration, migrants, foreigners, refugees, or Muslims.
19;7cd0bd96f380953c;28fbc175ccf963db;5915afe945514a83;2021-11-16T14:20:23.000Z;Het is alweer pijnlijk tekenend voor de zwakte van @EU_Commission @vonderleyen @eucopresident dat #Merkel met #Loekasjenko heeft moeten bellen i.v.m. deze #migrantcrisis.;;;1.0;/Belgonerd1###/Belgonerd1###/Belgonerd1/status/1460613723375161344###/HLN_BE###/EU_Commission###/vonderleyen###/eucopresident###/hashtag/Merkel?src=hashtag_click###/hashtag/Loekasjenko?src=hashtag_click###/hashtag/migrantcrisis?src=hashtag_click;migrantcrisis;2024-10-18 16_04_37.370274;0.053673923015594;0.000003231835763;0.000689761422109;0.000067556669819;0.000038920494262;0.002708377549425;0.000077412660175;5. Is neutral.
20;29fc1326de342da1;28fbc175ccf963db;5915afe945514a83;2020-03-09T08:16:40.000Z;Aangezien uw logische suggestie een minimum aan moed en gezond verstand vergt,is ze niet aan  #Cowards als @eucopresident noch aan @EU_Commission van @vonderleyen @TimmermansEU besteed. Die #idiots zullen aan  #CriminalInChief #Erdogan juist méér toegevingen doen. #MigrantCrisis;1.0;;;/Belgonerd1###/Belgonerd1###/Belgonerd1/status/1236928880570753025###/DirkGerard###/hashtag/Cowards?src=hashtag_click###/eucopresident###/EU_Commission###/vonderleyen###/TimmermansEU###/hashtag/idiots?src=hashtag_click###/hashtag/CriminalInChief?src=hashtag_click###/hashtag/Erdogan?src=hashtag_click###/hashtag/MigrantCrisis?src=hashtag_click;migrantcrisis;2024-10-18 16_04_37.370274;0.439433872699737;0.000107227308035;0.000019477325623;0.001047313213348;0.000156799840624;0.010013840161264;0.000061377475504;1. Against immigration, migrants, foreigners, refugees, or Muslims.
21;e3b62069719f83a6;d957b9f1c86f53a2;c45f83925c2b470b;2023-09-26T20:27:37.000Z;"Caarnaast, nogmaals #migrantcrisis is geen #vluchtelingencrisis.
#migranten, zelf zorgen voor onderdak, eten, etc. Moet iedere migrant. Dus huisje #opjebeurtwachten. #6160224test nooitvoorang";;;;20;migrantcrisis;2024-10-18 16_04_37.370274;0.060412019491196;0.000005234108357;0.000044208791223;0.000028746015232;0.000004275786068;0.000513187726028;0.000002962511189;1. Against immigration, migrants, foreigners, refugees, or Muslims.
22;f7b7da8c56735f87;f47b706730311e7c;6ca4e18e1fa7d34d;2022-06-09T14:39:26.000Z;Er zijn vast wel wat lege mega stallen te gebruiken van boeren die weg getreiterd zijn door de overheid om de gelukzoekers op te vangen  #grenzendicht #migrantcrisis #nexit;;;;/ArtEenhoorn###/ArtEenhoorn###/ArtEenhoorn/status/1534908029442850817###/RTLnieuws###/hashtag/grenzendicht?src=hashtag_click###/hashtag/migrantcrisis?src=hashtag_click###/hashtag/migrantcrisis?src=hashtag_click###/hashtag/nexit?src=hashtag_click;migrantcrisis;2024-10-18 16_04_37.370274;0.049386501312256;0.000078019395005;0.000428816856583;0.000685017905198;0.000049503400078;0.014103757217526;0.000246280978899;1. Against immigration, migrants, foreigners, refugees, or Muslims.
23;9233f5aa89389eb2;e2ee4a2a39bddb02;156ba705d959b7a5;2018-08-19T11:25:12.000Z;"CD&V'er Hendrik Bogaert pleit voor versnelde uitbreiding gesloten centra
@cdenv @hendrikbogaert
#migrants #Belgie #migrantcrisis
https://demorgen.be/politiek/cd-v-er-hendrik-bogaert-pleit-voor-versnelde-uitbreiding-gesloten-centra-b58b8c8f/…";;;;/petrodom###/petrodom###/petrodom/status/1031140017454891008###/cdenv###/hendrikbogaert###/hashtag/migrants?src=hashtag_click###/hashtag/Belgie?src=hashtag_click###/hashtag/migrantcrisis?src=hashtag_click###https://t.co/T9hqz8ehU1;migrantcrisis;2024-10-18 16_04_37.370274;0.002140609547496;0.000068221481342;0.000002541977892;0.000086654436018;0.000039547103370;0.000315694749588;0.000009971201507;1. Against immigration, migrants, foreigners, refugees, or Muslims.
24;83985646b91d35a3;42e546fddcccc9c2;4421cbcb4a93c5ef;2023-09-17T12:29:05.000Z;Sommigen, de meesten slagen op de vlucht om hier hetzelfde te doen waarvoor ze gevlucht zijn … #migrantcrisis;;;2.0;32;migrantcrisis;2024-10-18 16_04_37.370274;0.026722351089120;0.000019268045435;0.000250966317253;0.000075832555012;0.000024032215151;0.005215044599026;0.000310969335260;1. Against immigration, migrants, foreigners, refugees, or Muslims.
25;02c193e18c564c78;afa7b3d0ac082475;808f768ee705142a;2022-08-29T09:04:31.000Z;@D66  en @VVD  zeggen kom maar hoor wij hebben plek zat! #migrantcrisis  ‘Monstermoesson’ in Pakistan: 33 miljoen mensen op de vlucht https://ad.nl/buitenland/monstermoesson-in-pakistan-33-miljoen-mensen-op-de-vlucht~a7729c1af/?utm_source=twitter&utm_medium=social&utm_campaign=socialsharing_web…;;;;/hetdieptepunt###/hetdieptepunt###/hetdieptepunt/status/1564177163825340416###/D66###/VVD###/hashtag/migrantcrisis?src=hashtag_click###https://t.co/zegkbruBuB;migrantcrisis;2024-10-18 16_04_37.370274;0.016697490587830;0.000465256976895;0.000023214139219;0.000137800132507;0.000045445431169;0.015969181433320;0.000328321213601;1. Against immigration, migrants, foreigners, refugees, or Muslims.
26;7c0368f3e3d75ef5;42e546fddcccc9c2;4421cbcb4a93c5ef;2023-10-04T10:50:14.000Z;Volgens mij gaan er veel slachtoffers vallen door het massaal binnenbrengen van misdadigers die nu al dagelijks het nieuws halen ! #migrantcrisis;;;3.0;44;migrantcrisis;2024-10-18 16_04_37.370274;0.269722223281860;0.002067184075713;0.000102633923234;0.000181288400199;0.000119787124277;0.262545466423035;0.000697606126778;1. Against immigration, migrants, foreigners, refugees, or Muslims.
27;;;;;This post is unavailable.;;;;;migrantcrisis;2024-10-18 16_04_37.370274;0.000118929085147;0.000000015512335;0.000000097311784;0.000661179888994;0.000003063055601;0.000033176205761;0.000041807754315;
28;;;;;This post is unavailable.;;;;;migrantcrisis;2024-10-18 16_04_37.370274;0.000118929085147;0.000000015512335;0.000000097311784;0.000661179888994;0.000003063055601;0.000033176205761;0.000041807754315;
29;5887092a43d55d20;718df065be404bc5;476bd9c958f02c8e;2023-08-08T20:43:54.000Z;"Open Borders Altruism.

#NYC #MigrantCrisis #Migrants #Jews #Brooklyn #NewYork #Manhattan #WakeUp";;;1.0;222;migrantcrisis;2024-10-18 16_04_37.370274;0.002659989055246;0.000009945578313;0.000000416402827;0.000009023939128;0.000000691421860;0.000080067613453;0.000001982463345;6. Other: unclear stance on immigration.
30;;;;;This post is unavailable.;;;;;migrantcrisis;2024-10-18 16_04_37.370274;0.000118929085147;0.000000015512335;0.000000097311784;0.000661179888994;0.000003063055601;0.000033176205761;0.000041807754315;
31;;;;;This post is unavailable.;;;;;migrantcrisis;2024-10-18 16_04_37.370274;0.000118929085147;0.000000015512335;0.000000097311784;0.000661179888994;0.000003063055601;0.000033176205761;0.000041807754315;
32;b407c2e736c85206;3b4f737df54b1dc7;06e32dc9ec1bb85e;2022-12-05T17:27:09.000Z;"Zonder migratierem ontspoort Nederland. Dat zie je nu toch al? Onze huisvestingstekort en social voorzieningen worden onhoudbaar.
#migrantcrisis @D66";;;;/MrPerfect1008###/MrPerfect1008###/MrPerfect1008/status/1599817667413934080###/jpaternotte###/hashtag/migrantcrisis?src=hashtag_click###/D66;migrantcrisis;2024-10-18 16_04_37.370274;0.051185321062803;0.000079543118773;0.000007205489510;0.000018292686946;0.000022241092665;0.001531536690891;0.000025806670237;1. Against immigration, migrants, foreigners, refugees, or Muslims.
33;e03b205c8b9dd4cd;8e1456e0b8d3c21d;0bd9cb1abfc43224;2023-08-25T06:38:33.000Z;Wie zijn deze NGO’s? #asielindustrie #migrantcrisis #migranten #ASIELSTOP;1.0;2.0;3.0;470;migrantcrisis;2024-10-18 16_04_37.370274;0.017099250108004;0.000032265270420;0.000000608092762;0.000046977958846;0.000044645850721;0.000229026903980;0.000015409865227;1. Against immigration, migrants, foreigners, refugees, or Muslims.
34;;;;;This post is unavailable.;;;;;migrantcrisis;2024-10-18 16_04_37.370274;0.000118929085147;0.000000015512335;0.000000097311784;0.000661179888994;0.000003063055601;0.000033176205761;0.000041807754315;
35;;;;;This post is unavailable.;;;;;migrantcrisis;2024-10-18 16_04_37.370274;0.000118929085147;0.000000015512335;0.000000097311784;0.000661179888994;0.000003063055601;0.000033176205761;0.000041807754315;
36;c3e157a8b102685a;2fd4d07bef02642d;ff61fa6f8110fc0e;2024-08-04T13:02:54.000Z;"De Nederlandse journalistiek heeft al grotendeels gecapituleerd, of zit in een verknipte groupthink gevangen.

#migrantcrisis";;1.0;20.0;899;migrantcrisis;2024-10-18 16_04_37.370274;0.207384511828422;0.000472033018013;0.000496646272950;0.000180467119208;0.000264640984824;0.005588292609900;0.001159076229669;6. Other: Criticizes Dutch journalism's groupthink.
37;;;;;This post is unavailable.;;;;;migrantcrisis;2024-10-18 16_04_37.370274;0.000118929085147;0.000000015512335;0.000000097311784;0.000661179888994;0.000003063055601;0.000033176205761;0.000041807754315;
38;;;;;This post is unavailable.;;;;;migrantcrisis;2024-10-18 16_04_37.370274;0.000118929085147;0.000000015512335;0.000000097311784;0.000661179888994;0.000003063055601;0.000033176205761;0.000041807754315;
39;ff6dd3092014f550;b542767e17237470;c9823a769263a068;2022-08-10T14:33:13.000Z;Deze Haagse idioten helpen ons land naar de kloten: @markrutte @SigridKaag @WBHoekstra @TjeerdD66 @RobJetten @jpaternotte #RutteMoetWeg #stopmigratie #migrantcrisis;;;1.0;/LawWarrier###/LawWarrier###/LawWarrier/status/1557374512584441858###/Gerard1945X###/markrutte###/SigridKaag###/WBHoekstra###/TjeerdD66###/RobJetten###/jpaternotte###/hashtag/RutteMoetWeg?src=hashtag_click###/hashtag/stopmigratie?src=hashtag_click###/hashtag/migrantcrisis?src=hashtag_click;migrantcrisis;2024-10-18 16_04_37.370274;0.649303495883942;0.000645947409794;0.000011496000297;0.000012274600522;0.000003449511723;0.023323843255639;0.000044350461394;1. Against immigration, migrants, foreigners, refugees, or Muslims.
40;a1cded2afbe9c8ce;d35846b9254b035a;4060b4e73ccd44c0;2022-11-03T10:07:42.000Z;Het begin is er @markrutte nu wij nog!! #migrantcrisis #asielinstroom;;3.0;3.0;/GKLASSEZUNA###/GKLASSEZUNA###/GKLASSEZUNA/status/1588110664475840513###/markrutte###/hashtag/migrantcrisis?src=hashtag_click###/hashtag/asielinstroom?src=hashtag_click;migrantcrisis;2024-10-18 16_04_37.370274;0.009187002666295;0.000025226623620;0.000003616522463;0.000014353523511;0.000056364264310;0.000998950446956;0.000023527227313;5. Is neutral.
41;;;;;This post is unavailable.;;;;;migrantcrisis;2024-10-18 16_04_37.370274;0.000118929085147;0.000000015512335;0.000000097311784;0.000661179888994;0.000003063055601;0.000033176205761;0.000041807754315;
42;;;;;This post is unavailable.;;;;;migrantcrisis;2024-10-18 16_04_37.370274;0.000118929085147;0.000000015512335;0.000000097311784;0.000661179888994;0.000003063055601;0.000033176205761;0.000041807754315;
43;b316e7eaf9bbbb14;244cfe4e5bde16f2;57539ddb120ee5e6;2021-05-30T14:32:26.000Z;De zegeningen van #migratie Moordcijfer #Zweden hoger dan meeste andere Europese landen: ‘Geen ander land heeft zo’n stijging meeg... https://volkskrant.nl/ts-b42e3b1f via @volkskrant #europa #sweden #migrantcrisis #drugs #gangs #murder;;;;/MrTops17###/MrTops17###/MrTops17/status/1399010820927938564###/hashtag/migratie?src=hashtag_click###/hashtag/Zweden?src=hashtag_click###https://t.co/WMxRNvuRGk###/volkskrant###/hashtag/europa?src=hashtag_click###/hashtag/sweden?src=hashtag_click###/hashtag/migrantcrisis?src=hashtag_click###/hashtag/drugs?src=hashtag_click###/hashtag/gangs?src=hashtag_click###/hashtag/murder?src=hashtag_click;migrantcrisis;2024-10-18 16_04_37.370274;0.049718778580427;0.000336310273269;0.001314072404057;0.000300761690596;0.000145397250890;0.051955278962851;0.001538357231766;1. Against immigration, migrants, foreigners, refugees, or Muslims.
44;c3a78ee2ea8c2fdf;9be0c52ff0437319;ac8b50c67e27202a;2020-03-06T15:08:18.000Z;850 miljoen mensen die honger hebben en te zwak of arm zijn om naar de Europese grenzen te lopen. #MigrantCrisis #Migranten;;;2.0;/ReneZalm###/ReneZalm###/ReneZalm/status/1235945306291871744###/LodewijkA###/hashtag/MigrantCrisis?src=hashtag_click###/hashtag/Migranten?src=hashtag_click;migrantcrisis;2024-10-18 16_04_37.370274;0.019915148615837;0.000018457531041;0.000166013443959;0.000445421756012;0.000065462576458;0.001183309708722;0.000026414332751;5. Is neutral.
45;c2669ddfc345c8d8;4733db3c189c8aa4;27d2ec383950752b;2021-09-13T16:42:20.000Z;"Mega woningen tekort, onhoudbare druk op de zorg. Tekort aan sociale voorzieningen. Ons land kan de grote instroom aan mensen helemaal niet aan. 
#migrantcrisis #migratienoodtoestand #VVD";;1.0;1.0;/VdhurkL###/VdhurkL###/VdhurkL/status/1437456622239027208###/hashtag/migrantcrisis?src=hashtag_click###/hashtag/migratienoodtoestand?src=hashtag_click###/hashtag/VVD?src=hashtag_click;migrantcrisis;2024-10-18 16_04_37.370274;0.047248601913452;0.000074199604569;0.000094285685918;0.000009397297617;0.000043030253437;0.001132901292294;0.000130884945975;1. Against immigration, migrants, foreigners, refugees, or Muslims.
46;;;;;This post is unavailable.;;;;;migrantcrisis;2024-10-18 16_04_37.370274;0.000118929085147;0.000000015512335;0.000000097311784;0.000661179888994;0.000003063055601;0.000033176205761;0.000041807754315;
47;;;;;This post is unavailable.;;;;;migrantcrisis;2024-10-18 16_04_37.370274;0.000118929085147;0.000000015512335;0.000000097311784;0.000661179888994;0.000003063055601;0.000033176205761;0.000041807754315;
48;ce6b85348fb16ab5;b542767e17237470;c9823a769263a068;2022-08-29T07:39:52.000Z;"Zij liggen in het gras; in Brussel liggen ze op steen en niemand maakt zich daar druk over. #migrantcrisis";;;;/LawWarrier###/LawWarrier###/LawWarrier/status/1564155862582714368###/NUnl###/hashtag/migrantcrisis?src=hashtag_click;migrantcrisis;2024-10-18 16_04_37.370274;0.154905423521995;0.000041110695747;0.000032196141547;0.000050361868489;0.000016261663404;0.007156569045037;0.000271428783890;1. Against immigration, migrants, foreigners, refugees, or Muslims.
49;f81bff0a42cee0a4;1d7b87193b0d6da8;55e047b5525c00d2;2021-11-10T13:58:25.000Z;"Misschien had die Duitse activiste beter aan de Wit-Russische kant van de grens kunnen gaan staan Gutmenschouwehoeren...

Alsjeblieft zeg, niet de hele wereld naar Europa slepen!
#grenzendicht #migrantcrisis #polandbelarus #PolandHoldTheLine";3.0;3.0;23.0;/PeterBeuker###/PeterBeuker###/PeterBeuker/status/1458433869493964802###/hashtag/grenzendicht?src=hashtag_click###/hashtag/migrantcrisis?src=hashtag_click###/hashtag/polandbelarus?src=hashtag_click###/hashtag/PolandHoldTheLine?src=hashtag_click;migrantcrisis;2024-10-18 16_04_37.370274;0.493081152439117;0.000253161939327;0.000019099968995;0.010953319258988;0.000899482809473;0.009327229112387;0.000019790837541;1. Against immigration, migrants, foreigners, refugees, or Muslims.
50;;;;;This post is unavailable.;;;;;migrantcrisis;2024-10-18 16_04_37.370274;0.000118929085147;0.000000015512335;0.000000097311784;0.000661179888994;0.000003063055601;0.000033176205761;0.000041807754315;
51;;;;;This post is unavailable.;;;;;migrantcrisis;2024-10-18 16_04_37.370274;0.000118929085147;0.000000015512335;0.000000097311784;0.000661179888994;0.000003063055601;0.000033176205761;0.000041807754315;
52;ed802765645bbf6c;e41a57a1bf0f2ab8;a5061a72db58cc9d;2022-09-11T18:08:10.000Z;"Dus... als je tegen geweld bent... ben je radicaal -rechts! Omdat het om migranten gaat...
Wat een bullshit!!#asielcrisis #asielzoekers #migrantcrisis Onvrede over geweld en criminaliteit duwt veel Zweden richting radicaal-rechts https://nrc.nl/nieuws/2022/09/10/elke-zweedse-stad-heeft-wel-een-arby-a4141412…";;;1.0;/RaymondBartens###/RaymondBartens###/RaymondBartens/status/1569025018926956545###/hashtag/asielcrisis?src=hashtag_click###/hashtag/asielzoekers?src=hashtag_click###/hashtag/migrantcrisis?src=hashtag_click###https://t.co/F77gqM2XrR;migrantcrisis;2024-10-18 16_04_37.370274;0.293759435415268;0.000054991858633;0.000578123668674;0.000096401541668;0.000036454366636;0.117734916508198;0.000252312020166;1. Against immigration, migrants, foreigners, refugees, or Muslims.
53;cc0524d94eb058b3;44597143c123b7f1;2d832b60a168d460;2024-08-13T14:55:20.000Z;"Zijn de Westerse 'vrije' samenlevingen in een terminale staat of is de zaak nog te redden? #klimaathysterie #FreeSpeech #migrantcrisis #WEF etc... RT = 
@Kijkverder1";3.0;7.0;6.0;476;migrantcrisis;2024-10-18 16_04_37.370274;0.060721807181835;0.000797353917733;0.000001074817533;0.000094569506473;0.000005675221018;0.013749605976045;0.000500224065035;5. Is neutral.
54;1eb2831714e0a0c7;0a277c42f331e1ac;cc7b7a3ae5c97d47;2023-07-14T15:57:35.000Z;Hongarije #migrantcrisis   heeft de oplossing: Geen afgeronde asiel procedure géén toegang tot de EU.;;3.0;3.0;113;migrantcrisis;2024-10-18 16_04_37.370274;0.061486888676882;0.000507664866745;0.000938215758651;0.000026544759749;0.000026743206035;0.026800176128745;0.002227390184999;1. Against immigration, migrants, foreigners, refugees, or Muslims.
55;f323e67f044025c0;017351b0366c2582;969b0d4029b3312f;2021-08-24T15:57:04.000Z;"Hoeveel tolken, ambassademedewerkers en andere dienstverleners had Nederland in Afghanistan in dienst denkt u?
#Afghanistan
#migrantcrisis 
##toekomstkiezen  @geertwilderspvv";;;;/Prikkeldraaad###/Prikkeldraaad###/Prikkeldraaad/status/1430197474015256580###/hashtag/Afghanistan?src=hashtag_click###/hashtag/migrantcrisis?src=hashtag_click###/hashtag/toekomstkiezen?src=hashtag_click###/geertwilderspvv;migrantcrisis;2024-10-18 16_04_37.370274;0.006541399750859;0.001418206724338;0.000008578421330;0.000138274786877;0.000099363896879;0.001807380351238;0.000091613779659;5. Is neutral.
56;36e58c3aa5913270;cef678ad462ddafc;24d29350c6dbbcdc;2024-02-17T20:08:06.000Z;Je vergeet uitzetten! Nog beter: niet binnen laten! #rellen #DenHaag #migrantcrisis;;;3.0;878;migrantcrisis;2024-10-18 16_04_37.370274;0.133503824472427;0.000152335720486;0.000002102683311;0.000045745320676;0.000030211951525;0.005438787396997;0.000000981280209;1. Against immigration, migrants, foreigners, refugees, or Muslims.
57;910cce765d0a605a;c41cfa88daa6acca;8adf88c2e4a5be33;2019-10-13T18:32:18.000Z;"Het heeft alleen geen reet zin! 

De EU komt niet in beweging. Spreekt alleen foei uit en gaan weer over tot de orde vd dag. Slappe hap!! 

EU had al veel eerder in moeten grijpen en de woorden van Trump destijds serieus moeten nemen.

#migrantcrisis
#ErdoganWarCriminal";;;1.0;/cedonulli0###/cedonulli0###/cedonulli0/status/1183450405088497666###/AfshinEllian1###/MalikAzmani###/hashtag/migrantcrisis?src=hashtag_click###/hashtag/ErdoganWarCriminal?src=hashtag_click;migrantcrisis;2024-10-18 16_04_37.370274;0.255322545766830;0.001741185900755;0.000002852137868;0.000962294230703;0.000061161699705;0.082195125520229;0.000079764460679;1. Against immigration, migrants, foreigners, refugees, or Muslims.
58;be568eacb84aac7e;b7cde170f4d1b3bf;7e2c9d4c3686a57e;2021-07-21T21:25:34.000Z;Weer een paar mensen die het licht zien. Niet arbeidsmigratie faciliteren en  stimuleren, maar het verplaatsen van sectoren naar de landen waar wel arbeid is, is de oplossing! Goed voor iedereen, behalve voor uitbuitende en/of slechtbetalende ondernemers ! #migrantcrisis;5.0;6.0;16.0;/JacquesMonasch###/JacquesMonasch###/JacquesMonasch/status/1417958956857708549###/hashtag/migrantcrisis?src=hashtag_click;migrantcrisis;2024-10-18 16_04_37.370274;0.015322159044445;0.000788839592133;0.000024416782253;0.000042194307753;0.000003286137144;0.004442997742444;0.000062717255787;1. Against immigration, migrants, foreigners, refugees, or Muslims.
59;976d2f14b43ba9f6;706ccf4e6206c27b;1208521a34a192ef;2019-10-21T06:29:17.000Z;Sophie in 't Geld: Ik zou d'r geloven als het EU beleid qua buitengrenzen niet zo lek was. Voor de migrantcrisis hadden ze er überhaupt nooit over nagedacht. Nu moeten we een arm moslimland inlijven. Veel plezier.;;;;/PietervanderMe2###/PietervanderMe2###/PietervanderMe2/status/1186167553980325890###/superjan;migrantcrisis;2024-10-18 16_04_37.370274;0.428517818450928;0.001588471583091;0.000013142101125;0.001317511079833;0.001081600436009;0.858249604701996;0.006663592066616;1. Against immigration, migrants, foreigners, refugees, or Muslims.
60;255b768fad47ed1c;137f0849289f815e;6078cfc929b73778;2019-01-24T12:36:02.000Z;"A L L E S    I E S     G R A T I E S    I N    N E D E R L A N D.

Dat heet  segmenteren of doelgroep kiezen.

#Migranten
#Migrantcrisis";;;;/cor_badstof###/cor_badstof###/cor_badstof/status/1088415125231620103###/hashtag/Migranten?src=hashtag_click###/hashtag/Migrantcrisis?src=hashtag_click;migrantcrisis;2024-10-18 16_04_37.370274;0.214908599853516;0.002394081559032;0.000077144337411;0.000149272396811;0.000122644400108;0.005092867184430;0.001086210366338;1. Against immigration, migrants, foreigners, refugees, or Muslims.
61;77d4d70d852f373e;3b34dfe745a312b4;c4a6ab1c0e6e3461;2020-03-15T08:44:00.000Z;Om over de #migrantcrisis maar weer eens te zwijgen @PeterRdeV;;;;/mata4freedom###/mata4freedom###/mata4freedom/status/1239110083260317696###/PRDVFoundation###/PeterRdeV###/hashtag/migrantcrisis?src=hashtag_click###/PeterRdeV;migrantcrisis;2024-10-18 16_04_37.370274;0.176658034324646;0.000006623145509;0.000028383366953;0.000083624887338;0.000046430453949;0.001209267647937;0.000024234885132;5. Is neutral.
62;e46675edcd3dba71;c32958e78a266db8;7e88a5ac2d051998;2022-02-08T12:55:11.000Z;"PAAP OF AAP !!
#migrantworkers
#MigrantCrisis
#Delhi
#ArvindKejriwal";;;;/IamVishnu_Singh###/IamVishnu_Singh###/IamVishnu_Singh/status/1491032863365791746###/hashtag/migrantworkers?src=hashtag_click###/hashtag/MigrantCrisis?src=hashtag_click###/hashtag/Delhi?src=hashtag_click###/hashtag/ArvindKejriwal?src=hashtag_click;migrantcrisis;2024-10-18 16_04_37.370274;0.000204265073989;0.000003527672334;0.000001112465270;0.000007634624126;0.000003384793445;0.000029283290132;0.000005591687113;6. Other: unclear stance on immigration.
63;9157eb9cde4730fb;008d3baa5195d527;e79a054808a459bd;2021-10-14T05:06:23.000Z;"Hmmmmm. Alles passeert de revu behalve statushouders die met voorang woningen krijgen. 
#woningnood #migrantcrisis";;;1.0;/alfred_silenus###/alfred_silenus###/alfred_silenus/status/1448515506399551488###/denieuwsbv###/poeetweet###/pieterderks###/hashtag/woningnood?src=hashtag_click###/hashtag/migrantcrisis?src=hashtag_click;migrantcrisis;2024-10-18 16_04_37.370274;0.003736767219380;0.000002381077365;0.000001256687028;0.000013641462829;0.000005437401796;0.000040613358578;0.000014041837858;1. Against immigration, migrants, foreigners, refugees, or Muslims.
64;859be93e87c9bf64;e2ee4a2a39bddb02;156ba705d959b7a5;2018-02-15T18:37:47.000Z;"Juridische strijd rond uitzetting Sudanese migranten gaat gewoon door.
@FranckenTheo #begov @de_NVA
#migrants #MigrantCrisis #Belgie
https://demorgen.be/binnenland/juridische-strijd-rond-uitzetting-sudanese-migranten-gaat-gewoon-door-b7a1b94b/…";;;;/petrodom###/petrodom###/petrodom/status/964207124472582144###/FranckenTheo###/hashtag/begov?src=hashtag_click###/de_NVA###/hashtag/migrants?src=hashtag_click###/hashtag/MigrantCrisis?src=hashtag_click###/hashtag/Belgie?src=hashtag_click###https://t.co/LdIaFknosA;migrantcrisis;2024-10-18 16_04_37.370274;0.009147009812295;0.000031258947274;0.000002214393589;0.000094337221526;0.000019006158254;0.005481704603881;0.000039416529034;5. Is neutral.
65;;;;;This post is unavailable.;;;;;migrantcrisis;2024-10-18 16_04_37.370274;0.000118929085147;0.000000015512335;0.000000097311784;0.000661179888994;0.000003063055601;0.000033176205761;0.000041807754315;
66;;;;;This post is unavailable.;;;;;migrantcrisis;2024-10-18 16_04_37.370274;0.000118929085147;0.000000015512335;0.000000097311784;0.000661179888994;0.000003063055601;0.000033176205761;0.000041807754315;
67;;;;;This post is unavailable.;;;;;migrantcrisis;2024-10-18 16_04_37.370274;0.000118929085147;0.000000015512335;0.000000097311784;0.000661179888994;0.000003063055601;0.000033176205761;0.000041807754315;
68;;;;;This post is unavailable.;;;;;migrantcrisis;2024-10-18 16_04_37.370274;0.000118929085147;0.000000015512335;0.000000097311784;0.000661179888994;0.000003063055601;0.000033176205761;0.000041807754315;
69;9ba2aa911a76b027;27bc67289adeebe0;f0b8a8c400410492;2022-08-26T11:16:47.000Z;alsof migratie geen EU probleem is, bij welke grens gaat u ze echt tegen houden. #migrantcrisis;;;;/Lexveldhuizen###/Lexveldhuizen###/Lexveldhuizen/status/1563123286124285953###/j_postma###/hashtag/migrantcrisis?src=hashtag_click;migrantcrisis;2024-10-18 16_04_37.370274;0.023168124258518;0.000075335723523;0.000003803214440;0.000059188561863;0.000016071600839;0.003036605194211;0.000024192766432;1. Against immigration, migrants, foreigners, refugees, or Muslims.
70;b6ee812b7e9d334e;e2ee4a2a39bddb02;156ba705d959b7a5;2018-09-02T15:37:13.000Z;"Tuuurlement, mijnheer @FranckenTheo  #begov @de_NVA #migrants #migrantcrisis #Belgie 
Francken: ""Natuurlijk is het niet fijn om opgesloten te zijn in een asielcentrum, maar dat is een keuze van de ouders"" https://vrt.be/vrtnws/nl.permalink.1535886178835/…";;;1.0;/petrodom###/petrodom###/petrodom/status/1036276869660913665###/FranckenTheo###/hashtag/begov?src=hashtag_click###/de_NVA###/hashtag/migrants?src=hashtag_click###/hashtag/migrantcrisis?src=hashtag_click###/hashtag/Belgie?src=hashtag_click###https://t.co/C9tfdqBHJz;migrantcrisis;2024-10-18 16_04_37.370274;0.000693894689903;0.000005726729796;0.000034584580135;0.000339267950039;0.000121637538541;0.000162423253641;0.000020576882889;1. Against immigration, migrants, foreigners, refugees, or Muslims.
71;9a7d5c3ac1ceeda0;30ece9c7ac1f460e;6e85b24216664312;2020-05-19T17:47:54.000Z;Even in de categorie ongemakkelijke waarheid. Bron is VN-rapport: Less than 3% of migrants who reached Italy were refugees' #migranten #migrantcrisis #mensenhandel #HumanTrafficking #graaicultuur https://dailymail.co.uk/news/article-4442910/Less-3-migrants-reached-Italy-refugees.html…;;1.0;;/EdwinDeMol###/EdwinDeMol###/EdwinDeMol/status/1262802171818622978###/hashtag/migranten?src=hashtag_click###/hashtag/migrantcrisis?src=hashtag_click###/hashtag/mensenhandel?src=hashtag_click###/hashtag/HumanTrafficking?src=hashtag_click###/hashtag/graaicultuur?src=hashtag_click###https://t.co/SCruRD8m7m;migrantcrisis;2024-10-18 16_04_37.370274;0.015301561914384;0.000060021829995;0.000017969152395;0.002276072977111;0.000488681602292;0.001550731714815;0.000347656226950;1. Against immigration, migrants, foreigners, refugees, or Muslims.
72;ff0c90664b18f9e9;0ca0a878b96d7d78;ee5a74375270564f;2018-07-01T05:32:21.000Z;Eindelijk goed nieuws! Nu doorzetten @markharbers er zijn ook wetenschappers onder hen die nu niet kunnen werken op hun niveau ivm diploma’s! #Migrantcrisis #vluchtelingen;;;;/syldebacker###/syldebacker###/syldebacker/status/1013294215005114368###/markharbers###/hashtag/Migrantcrisis?src=hashtag_click###/hashtag/vluchtelingen?src=hashtag_click;migrantcrisis;2024-10-18 16_04_37.370274;0.016040688380599;0.000021364970962;0.000003804970447;0.000033440930565;0.000021769796149;0.000257266801782;0.000003919150458;2. In support of immigration, migrants, foreigners, refugees, or Muslims.
73;;;;;This post is unavailable.;;;;;migrantcrisis;2024-10-18 16_04_37.370274;0.000118929085147;0.000000015512335;0.000000097311784;0.000661179888994;0.000003063055601;0.000033176205761;0.000041807754315;
74;;;;;This post is unavailable.;;;;;migrantcrisis;2024-10-18 16_04_37.370274;0.000118929085147;0.000000015512335;0.000000097311784;0.000661179888994;0.000003063055601;0.000033176205761;0.000041807754315;
75;786a4ef78925fff8;30ece9c7ac1f460e;6e85b24216664312;2020-03-01T19:51:42.000Z;"Met het toelaten van zulk tuig weet je  zeker dat de Europese Unie, maar ook Europa als geheel, een hele onzekere toekomst tegemoet gaat. “A better future?” Ja, door je eigen land opnieuw op te bouwen. 
#asieleisers #GreeceUnderAttack #Migranten #MigrantCrisis #Greece #Erdogan";;;1.0;/EdwinDeMol###/EdwinDeMol###/EdwinDeMol/status/1234204685961134086###/hashtag/asieleisers?src=hashtag_click###/hashtag/GreeceUnderAttack?src=hashtag_click###/hashtag/Migranten?src=hashtag_click###/hashtag/MigrantCrisis?src=hashtag_click###/hashtag/Greece?src=hashtag_click###/hashtag/Erdogan?src=hashtag_click;migrantcrisis;2024-10-18 16_04_37.370274;0.767517566680908;0.006203822791576;0.000002857702839;0.000072711009125;0.000020096069420;0.318144708871841;0.000326279259752;1. Against immigration, migrants, foreigners, refugees, or Muslims.
76;;;;;This post is unavailable.;;;;;migrantcrisis;2024-10-18 16_04_37.370274;0.000118929085147;0.000000015512335;0.000000097311784;0.000661179888994;0.000003063055601;0.000033176205761;0.000041807754315;
77;;;;;This post is unavailable.;;;;;migrantcrisis;2024-10-18 16_04_37.370274;0.000118929085147;0.000000015512335;0.000000097311784;0.000661179888994;0.000003063055601;0.000033176205761;0.000041807754315;
78;4d2d167541df7494;3cd3e48c60242cb5;7b994de3049a0980;2019-10-17T09:24:48.000Z;@FranckenTheo ik dacht dat je opkwam tegen transmigranten en voor onafhankelijk Vlaanderen fijn dat we die misconcepties kunnen laten vallen! #kanker #vivaLaGuardiacivil #Vlaanderen #TheoFrancken #migrantcrisis;;;;/JozefkeAmbt###/JozefkeAmbt###/JozefkeAmbt/status/1184762171802181632###/FranckenTheo###/hashtag/kanker?src=hashtag_click###/hashtag/vivaLaGuardiacivil?src=hashtag_click###/hashtag/Vlaanderen?src=hashtag_click###/hashtag/TheoFrancken?src=hashtag_click###/hashtag/migrantcrisis?src=hashtag_click;migrantcrisis;2024-10-18 16_04_37.370274;0.114287182688713;0.000043239590013;0.000010289945749;0.000040498915041;0.000006871078313;0.006950943730771;0.000006953782759;1. Against immigration, migrants, foreigners, refugees, or Muslims.
79;;;;;This post is unavailable.;;;;;migrantcrisis;2024-10-18 16_04_37.370274;0.000118929085147;0.000000015512335;0.000000097311784;0.000661179888994;0.000003063055601;0.000033176205761;0.000041807754315;
80;;;;;This post is unavailable.;;;;;migrantcrisis;2024-10-18 16_04_37.370274;0.000118929085147;0.000000015512335;0.000000097311784;0.000661179888994;0.000003063055601;0.000033176205761;0.000041807754315;
81;;;;;This post is unavailable.;;;;;migrantcrisis;2024-10-18 16_04_37.370274;0.000118929085147;0.000000015512335;0.000000097311784;0.000661179888994;0.000003063055601;0.000033176205761;0.000041807754315;
82;;;;;This post is unavailable.;;;;;migrantcrisis;2024-10-18 16_04_37.370274;0.000118929085147;0.000000015512335;0.000000097311784;0.000661179888994;0.000003063055601;0.000033176205761;0.000041807754315;
83;9bc7d5137ce7e435;e9a212ebcbadfaef;5b5fbc4888bde4ce;2021-11-27T08:59:53.000Z;Die “arme” gevluchte mensen. #MigrantCrisis #Migrationspolitik #IstandWithPoland;;;;/HietbrinkWilma###/HietbrinkWilma###/HietbrinkWilma/status/1464519336211664901###/hashtag/MigrantCrisis?src=hashtag_click###/hashtag/Migrationspolitik?src=hashtag_click###/hashtag/IstandWithPoland?src=hashtag_click;migrantcrisis;2024-10-18 16_04_37.370274;0.004347805399448;0.000008437898032;0.000000171624919;0.000052535866416;0.000002478659553;0.001445204368792;0.000013216279513;1. Against immigration, migrants, foreigners, refugees, or Muslims.
84;;;;;This post is unavailable.;;;;;migrantcrisis;2024-10-18 16_04_37.370274;0.000118929085147;0.000000015512335;0.000000097311784;0.000661179888994;0.000003063055601;0.000033176205761;0.000041807754315;
85;;;;;This post is unavailable.;;;;;migrantcrisis;2024-10-18 16_04_37.370274;0.000118929085147;0.000000015512335;0.000000097311784;0.000661179888994;0.000003063055601;0.000033176205761;0.000041807754315;
86;9c366e7728e6a444;ea72c79594296e45;d09aeb5ec90ef02c;2023-03-07T17:01:38.000Z;D66 is juist trots op de testosteronbommen uit de zandbak. En continu schaamteloos deze kansparels blijven verdedigen! #stemzeweg #NPO66 #censuur #remigratie #migrantcrisis #VVD66;;;;28;migrantcrisis;2024-10-18 16_04_37.370274;0.353839278221130;0.001456360449083;0.000162041003932;0.010222757235169;0.004660815931857;0.030839905142784;0.000105775980046;1. Against immigration, migrants, foreigners, refugees, or Muslims.
87;e020f197e91b6602;606cfc0382b97ba3;e787278e03e14a9f;2021-08-01T21:42:47.000Z;Leest u weer even mee ? Het houdt niet op ! #migrantcrisis;;;1.0;/Paradijsvogel2###/Paradijsvogel2###/Paradijsvogel2/status/1421949554841329664###/hashtag/migrantcrisis?src=hashtag_click;migrantcrisis;2024-10-18 16_04_37.370274;0.044270537793636;0.000157181100803;0.000005930350198;0.000075667645433;0.000114010144898;0.002241066424176;0.000052498206060;1. Against immigration, migrants, foreigners, refugees, or Muslims.
88;603bcc9ba901e084;27bc67289adeebe0;f0b8a8c400410492;2022-10-29T07:48:27.000Z;Wie kent het liedje nog 15 miljoen mensen. #migrantcrisis https://youtu.be/9k9ZNf_aJUM;;;;/Lexveldhuizen###/Lexveldhuizen###/Lexveldhuizen/status/1586263682635268096###/hashtag/migrantcrisis?src=hashtag_click###https://t.co/61JAYsZhMD;migrantcrisis;2024-10-18 16_04_37.370274;0.001283726072870;0.000000754450241;0.000000168856346;0.000117850184324;0.000028943988582;0.000732863263693;0.000008196346243;5. Is neutral.
89;53a26b2e33a5851b;8fde200208c4e9bc;83c3bf352d2e9471;2020-03-14T15:05:01.000Z;Onmiddellijk jullie vloot inzetten om deze slachtoffers van mensenhandel over te brengen naar #Turkije ... blijkt namelijk dat het #DNA daar immuun is voor #Covid_19 ... jullie hebben het materiaal en de contacten... #ArtsenzonderGrenzen #migrantcrisis #IStandWithGreece;;1.0;2.0;/RNCrypto74###/RNCrypto74###/RNCrypto74/status/1238843584289308672###/AzG_nl###/hashtag/Turkije?src=hashtag_click###/hashtag/DNA?src=hashtag_click###/hashtag/Covid_19?src=hashtag_click###/hashtag/ArtsenzonderGrenzen?src=hashtag_click###/hashtag/migrantcrisis?src=hashtag_click###/hashtag/IStandWithGreece?src=hashtag_click;migrantcrisis;2024-10-18 16_04_37.370274;0.075182795524597;0.008448590524495;0.000032130748878;0.002205176046118;0.000319871644024;0.192992091178894;0.000756093766540;1. Against immigration, migrants, foreigners, refugees, or Muslims.
90;f888009779a3ac0e;0f5e0cde310ca883;64065b2fc4117a46;2018-06-22T20:30:47.000Z;#MigrantCrisis Wat een oplichters. maar toch lukt t deze organisaties met hulp van ngo s migratiegeld binnen te harken.;;;;/paulavhulten###/paulavhulten###/paulavhulten/status/1010258822034788352###/hashtag/MigrantCrisis?src=hashtag_click;migrantcrisis;2024-10-18 16_04_37.370274;0.748936891555786;0.000322798499838;0.000164369659615;0.000440199451987;0.000064881234721;0.155058234930038;0.000559257925488;1. Against immigration, migrants, foreigners, refugees, or Muslims.
91;67da578a5a781be9;dd78a7f3c0eb8f8c;82a5b060cf6f1c0c;2022-01-23T10:23:09.000Z;Poolse hulpverleners: migrantencrisis Belarus nog niet voorbij https://telegraaf.nl/t/516120855/ via @telegraaf don't blame @Poland @LVinEU @lituaniaenecu  for the migrantcrisis. This was set up by Belarus, they are the bad boys. @BorderGroup;;;;/11Gerard###/11Gerard###/11Gerard/status/1485196396747804675###https://t.co/2jeD54Spz2###/telegraaf###/Poland###/LVinEU###/lituaniaenecu###/BorderGroup;migrantcrisis;2024-10-18 16_04_37.370274;0.026255082339048;0.000101075856946;0.000022103145966;0.000351314491127;0.000140773510793;0.003754060016945;0.000017206941266;5. Is neutral.
92;f4c62253bd42748f;c5753345f65416a3;d426e75bc6b6ac36;2018-06-24T16:55:09.000Z;"Blog op Zondag | Opvangcentra in Europa voor migranten zijn geen goed idee. Drie redenen. https://bit.ly/2lzZ6vz
#migranten #MigrantCrisis #EU #opvangcentra #MigrationEU";;1.0;1.0;/BlogopZondag###/BlogopZondag###/BlogopZondag/status/1010929330023739393###https://t.co/pX3OvNZx3F###/hashtag/migranten?src=hashtag_click###/hashtag/MigrantCrisis?src=hashtag_click###/hashtag/EU?src=hashtag_click###/hashtag/opvangcentra?src=hashtag_click###/hashtag/MigrationEU?src=hashtag_click;migrantcrisis;2024-10-18 16_04_37.370274;0.095592699944973;0.000083872218966;0.000002278152124;0.000131022548885;0.000187091078260;0.000810529454611;0.000011948016436;1. Against immigration, migrants, foreigners, refugees, or Muslims.
93;730c6762c8d890ea;b90db7f7679436cf;0824f8e85a25c935;2024-02-17T14:19:51.000Z;Fophef, helder woord. #migrantcrisis #vvd;;;;25;migrantcrisis;2024-10-18 16_04_37.370274;0.001875512418337;0.000008972588148;0.000003658266223;0.000005382245490;0.000004029463980;0.000095365343441;0.000017185637262;5. Is neutral.
94;199638b1870ab6e1;27cee47e5216de07;b48e1c41f2b25ee0;2018-07-04T09:01:44.000Z;'Parijs laat 200 migrantenkinderen op straat zwerven' /via @NOS ⁦@TF1⁩ #France #MigrantCrisis #lesenfants #mineur http://nos.nl/l/2239799;;;;/asnah_ramdajal###/asnah_ramdajal###/asnah_ramdajal/status/1014434072716771328###/NOS###/TF1###/hashtag/France?src=hashtag_click###/hashtag/MigrantCrisis?src=hashtag_click###/hashtag/lesenfants?src=hashtag_click###/hashtag/mineur?src=hashtag_click###https://t.co/YptR9g7IsV;migrantcrisis;2024-10-18 16_04_37.370274;0.031479910016060;0.000242259382503;0.000024335235139;0.001048544771038;0.005732964258641;0.013184060342610;0.000370079505956;5. Is neutral.
95;f5f9f8e9974c5637;606cfc0382b97ba3;e787278e03e14a9f;2023-03-29T22:24:44.000Z;"Zou Eric vd Burg nog wakker zijn ? Denk het niet , morgen weer n dag .
#migrantcrisis";;;;45;migrantcrisis;2024-10-18 16_04_37.370274;0.013163610361516;0.000441778392997;0.000017100051991;0.000053329717048;0.000031914143619;0.007783190812916;0.000022803606043;5. Is neutral.
96;fb394bd4313fc168;ea72c79594296e45;d09aeb5ec90ef02c;2022-10-18T22:31:13.000Z;"Juist. Maar als t eten op is en ze de iphone niet meer kunnen opladen, zullen ze vervolgens toch massaal naar de 'racistische' EU en vooral NL ""vluchten"". 
#ASIELSTOP #migrantcrisis
#asielcrisis #vluchtelingen #kansparels #gelukzoekers #stikstofprobleem #hypocrisie";;;;/PeterrMeterr###/PeterrMeterr###/PeterrMeterr/status/1582499570223054848###/margriet49###/Polska82###/PeterrMeterr/status/1582499570223054848/people###/hashtag/ASIELSTOP?src=hashtag_click###/hashtag/migrantcrisis?src=hashtag_click###/hashtag/asielcrisis?src=hashtag_click###/hashtag/vluchtelingen?src=hashtag_click###/hashtag/kansparels?src=hashtag_click###/hashtag/gelukzoekers?src=hashtag_click###/hashtag/stikstofprobleem?src=hashtag_click###/hashtag/hypocrisie?src=hashtag_click;migrantcrisis;2024-10-18 16_04_37.370274;0.180596008896828;0.000605949491728;0.000668476161081;0.000058402045397;0.000045629902161;0.012722942046821;0.000737219525035;1. Against immigration, migrants, foreigners, refugees, or Muslims.
97;bee7cb1035d0ed48;2ab90e2658518fe5;a693c9ac40648d05;2021-06-13T21:52:16.000Z;"Migrantensmokkel met medewerking van plaatselijke autoriteiten van Wit-Rusland, naar Litouwen.
Men bereidt zich in Litouwen voor op een noodsituatie en is een kamp aan het opbouwen.
#migrantcrisis #Belarus #Lithuania";;1.0;;/Solace92109577###/Solace92109577###/Solace92109577/status/1404194939303563267###/hashtag/migrantcrisis?src=hashtag_click###/hashtag/Belarus?src=hashtag_click###/hashtag/Lithuania?src=hashtag_click;migrantcrisis;2024-10-18 16_04_37.370274;0.062890119850636;0.000158435010235;0.000281314336462;0.000396328978240;0.000869079609401;0.018537439405918;0.000382239813916;5. Is neutral.
98;f11c79aeb8819616;606cfc0382b97ba3;e787278e03e14a9f;2021-08-01T08:21:42.000Z;En deze ‘boefjes’ migranten probeerden te ontsnappen ! #migrantcrisis;;;2.0;/Paradijsvogel2###/Paradijsvogel2###/Paradijsvogel2/status/1421747955942531089###/hashtag/migrantcrisis?src=hashtag_click;migrantcrisis;2024-10-18 16_04_37.370274;0.605175733566284;0.002271343721077;0.000017009493604;0.001168194808997;0.000165434626979;0.058837946504354;0.000229028213653;1. Against immigration, migrants, foreigners, refugees, or Muslims.
99;a613cf8f468dadee;30ece9c7ac1f460e;6e85b24216664312;2020-02-29T15:25:18.000Z;Het klinkt bijzonder maar het zou normaal moeten zijn dat een regeringsleider, zoals @sebastiankurz dat doet, de veiligheid en het welzijn van zijn inwoners vooropstelt. #migrants #MigrantCrisis #Turkije #migranten #migrantenkrise #kurz;;;1.0;/EdwinDeMol###/EdwinDeMol###/EdwinDeMol/status/1233775257619701768###/sebastiankurz###/hashtag/migrants?src=hashtag_click###/hashtag/MigrantCrisis?src=hashtag_click###/hashtag/Turkije?src=hashtag_click###/hashtag/migranten?src=hashtag_click###/hashtag/migrantenkrise?src=hashtag_click###/hashtag/kurz?src=hashtag_click;migrantcrisis;2024-10-18 16_04_37.370274;0.003209177171811;0.000008625039300;0.000027641086490;0.000012411863281;0.000031564850360;0.000410863605794;0.000011930766959;1. Against immigration, migrants, foreigners, refugees, or Muslims.
100;33aa282e88d3f7c3;26ecb4f131f7a083;ebc2f897b9b03fcf;2020-03-13T16:28:16.000Z;"#vluchtelingenkinderen in #Griekenland. Terwijl Duitsland, Frankrijk, Luxemburg, Portugal, Finland ""zijn bereid in totaal 2.500 minderjarigen over te laten komen"", Nederland ""zal zich daar niet bij aansluiten.""  #migrantcrisis #vluchtelingenkinderen";;;1.0;/2022_emm###/2022_emm###/2022_emm/status/1238502147538522114###/hashtag/vluchtelingenkinderen?src=hashtag_click###/hashtag/Griekenland?src=hashtag_click###/hashtag/migrantcrisis?src=hashtag_click###/hashtag/vluchtelingenkinderen?src=hashtag_click;migrantcrisis;2024-10-18 16_04_37.370274;0.003515775781125;0.000014999664927;0.000023753869755;0.001403268543072;0.004615031648427;0.001955465180799;0.000073262948717;5. Is neutral.
101;44975e8321cde82b;30ece9c7ac1f460e;6e85b24216664312;2021-05-29T21:31:01.000Z;Alarmfase 1, eigenlijk. #migrantencrisis #migrantcrisis #migranten #illegalen;;;;/EdwinDeMol###/EdwinDeMol###/EdwinDeMol/status/1398753771052744704###/hashtag/migrantencrisis?src=hashtag_click###/hashtag/migrantcrisis?src=hashtag_click###/hashtag/migranten?src=hashtag_click###/hashtag/illegalen?src=hashtag_click;migrantcrisis;2024-10-18 16_04_37.370274;0.040260989218950;0.000042064821173;0.000005934191449;0.000050097602070;0.000066267726652;0.000316182064125;0.000009241528460;1. Against immigration, migrants, foreigners, refugees, or Muslims.
102;96d279414260ee9d;606cfc0382b97ba3;e787278e03e14a9f;2021-08-01T13:01:32.000Z;Leest uw weer even mee ?  #migrantcrisis;;;;/Paradijsvogel2###/Paradijsvogel2###/Paradijsvogel2/status/1421818378466078731###/hashtag/migrantcrisis?src=hashtag_click;migrantcrisis;2024-10-18 16_04_37.370274;0.009690841659904;0.000026504667403;0.000015266328774;0.000147963699419;0.000074313466030;0.000358057033736;0.000035409564589;5. Is neutral.
103;;;;;This post is unavailable.;;;;;migrantcrisis;2024-10-18 16_04_37.370274;0.000118929085147;0.000000015512335;0.000000097311784;0.000661179888994;0.000003063055601;0.000033176205761;0.000041807754315;
104;;;;;This post is unavailable.;;;;;migrantcrisis;2024-10-18 16_04_37.370274;0.000118929085147;0.000000015512335;0.000000097311784;0.000661179888994;0.000003063055601;0.000033176205761;0.000041807754315;
105;e062c62299a63a86;606cfc0382b97ba3;e787278e03e14a9f;2023-07-16T21:05:21.000Z;Rutte : Ze komen via LIBIË . #asielinstroom migrantcrisis;;;;145;migrantcrisis;2024-10-18 16_04_37.370274;0.048801548779011;0.000047927049309;0.000001279435992;0.000162348471349;0.000060542817664;0.005742084700614;0.000153343804413;5. Is neutral.
106;;;;;This post is unavailable.;;;;;migrantcrisis;2024-10-18 16_04_37.370274;0.000118929085147;0.000000015512335;0.000000097311784;0.000661179888994;0.000003063055601;0.000033176205761;0.000041807754315;
107;;;;;This post is unavailable.;;;;;migrantcrisis;2024-10-18 16_04_37.370274;0.000118929085147;0.000000015512335;0.000000097311784;0.000661179888994;0.000003063055601;0.000033176205761;0.000041807754315;
108;022d8f144ef74cd1;b431949cdab713d7;95c62bc92dad6b9a;2024-07-04T07:55:02.000Z;Waarom stemmen kiezers #rechts, @PVVpers , @VVD of rechtser? Waarom is de #integratie mislukt, maar de #infiltratie in volle gang? Alles in 1 clip #Turen #segregatie #pvv #vvd #migrantcrisis;;;;23;migrantcrisis;2024-10-18 16_04_37.370274;0.062847204506397;0.002212917897850;0.000015204200281;0.000439117284259;0.000530223653186;0.008759900927544;0.008973072282970;1. Against immigration, migrants, foreigners, refugees, or Muslims.
109;;;;;This post is unavailable.;;;;;migrantcrisis;2024-10-18 16_04_37.370274;0.000118929085147;0.000000015512335;0.000000097311784;0.000661179888994;0.000003063055601;0.000033176205761;0.000041807754315;
110;;;;;This post is unavailable.;;;;;migrantcrisis;2024-10-18 16_04_37.370274;0.000118929085147;0.000000015512335;0.000000097311784;0.000661179888994;0.000003063055601;0.000033176205761;0.000041807754315;
111;75a631ecf90e805e;606cfc0382b97ba3;e787278e03e14a9f;2023-08-22T14:01:43.000Z;Het kàn dus wél , maar zij noemen het ook Illegale  Migranten !#migrantcrisis;;;1.0;113;migrantcrisis;2024-10-18 16_04_37.370274;0.017394140362740;0.000006031131306;0.000000902093518;0.000005950847481;0.000001604309659;0.000459825445432;0.000009477786989;1. Against immigration, migrants, foreigners, refugees, or Muslims.
112;;;;;This post is unavailable.;;;;;migrantcrisis;2024-10-18 16_04_37.370274;0.000118929085147;0.000000015512335;0.000000097311784;0.000661179888994;0.000003063055601;0.000033176205761;0.000041807754315;
113;;;;;This post is unavailable.;;;;;migrantcrisis;2024-10-18 16_04_37.370274;0.000133775422000;0.000000018962442;0.000000110097417;0.000708691077307;0.000004087185062;0.000038390920963;0.000040368275222;
114;;;;;This post is unavailable.;;;;;migrantcrisis;2024-10-18 16_04_37.370274;0.000118929085147;0.000000015512335;0.000000097311784;0.000661179888994;0.000003063055601;0.000033176205761;0.000041807754315;
115;;;;;This post is unavailable.;;;;;migrantcrisis;2024-10-18 16_04_37.370274;0.000118929085147;0.000000015512335;0.000000097311784;0.000661179888994;0.000003063055601;0.000033176205761;0.000041807754315;
116;;;;;This post is unavailable.;;;;;migrantcrisis;2024-10-18 16_04_37.370274;0.000120758631965;0.000000015473033;0.000000095923419;0.000657045340631;0.000003047194241;0.000032781201298;0.000040792296204;
117;;;;;This post is unavailable.;;;;;migrantcrisis;2024-10-18 16_04_37.370274;0.000118929085147;0.000000015512335;0.000000097311784;0.000661179888994;0.000003063055601;0.000033176205761;0.000041807754315;
118;563b1a95a8c2e68d;85456455686f3b48;ab042d189d94de07;2023-10-06T10:48:48.000Z;"Nou die schipper neemt vast ontslag bij die pendelboot 
#kansparels #migrantcrisis
@StemZeWegNL1 @StemZeWegNL Migranten proberen Nederlands schip te kapen dat hen net heeft gered";;;1.0;79;migrantcrisis;2024-10-18 16_04_37.370274;0.265848755836487;0.010932495817542;0.013041752390563;0.000605743378401;0.000781127542723;0.079792857170105;0.000221836889978;1. Against immigration, migrants, foreigners, refugees, or Muslims.
119;bdecbc6f087c5ede;30ece9c7ac1f460e;6e85b24216664312;2019-08-17T21:24:59.000Z;"""Unaccompanied minors"" . Wat een leugens, van begin tot eind. #Migrantcrisis #OpenArms";;1.0;1.0;/EdwinDeMol###/EdwinDeMol###/EdwinDeMol/status/1162837751684878336###/hashtag/Migrantcrisis?src=hashtag_click###/hashtag/OpenArms?src=hashtag_click;migrantcrisis;2024-10-18 16_04_37.370274;0.161062791943550;0.000005953214441;0.000003059616574;0.000844594440423;0.001275317044929;0.000395392358769;0.000020672472601;1. Against immigration, migrants, foreigners, refugees, or Muslims.
120;76746fd862c95133;2fd4d07bef02642d;ff61fa6f8110fc0e;2020-03-05T00:05:47.000Z;"Écht even filmpje kijken, @ChrisAalberts is hilarisch:

""Laan we nou niet moeilijk doen over die paar tienduizend mensen...
.. kijk, da's de andere kant van hetzelfde verhaal""

#GreeceUnderAttack #MigrantCrisis";1.0;5.0;3.0;/JanOoms9###/JanOoms9###/JanOoms9/status/1235355793215631361###/ChrisAalberts###/hashtag/GreeceUnderAttack?src=hashtag_click###/hashtag/MigrantCrisis?src=hashtag_click;migrantcrisis;2024-10-18 16_04_37.370274;0.020919850096107;0.000259379972704;0.000010090065189;0.000182967676665;0.000041158313252;0.011866286396980;0.000075028590800;5. Is neutral.
121;;;;;This post is unavailable.;;;;;migrantcrisis;2024-10-18 16_04_37.370274;0.000118929085147;0.000000015512335;0.000000097311784;0.000661179888994;0.000003063055601;0.000033176205761;0.000041807754315;
122;;;;;This post is unavailable.;;;;;migrantcrisis;2024-10-18 16_04_37.370274;0.000118929085147;0.000000015512335;0.000000097311784;0.000661179888994;0.000003063055601;0.000033176205761;0.000041807754315;
123;e572380fc77e7c9a;81f8f6dde88365f3;20011cde6912ac60;2022-05-16T12:55:36.000Z;"Dan moet het #COA DE DEUREN GESLOTEN HOUDEN.
BINNEN 2 WEKEN IS HET GESTOPT MET DE GROTE AANTALLEN. #migrantcrisis";;;1.0;/j_flamingo###/j_flamingo###/j_flamingo/status/1526184590158835713###/hashtag/COA?src=hashtag_click###/hashtag/migrantcrisis?src=hashtag_click;migrantcrisis;2024-10-18 16_04_37.370274;0.047936189919710;0.000158609604114;0.000084835141024;0.000021741372620;0.000040589620767;0.002899535465986;0.000012530079402;1. Against immigration, migrants, foreigners, refugees, or Muslims.
124;;;;;This post is unavailable.;;;;;migrantcrisis;2024-10-18 16_04_37.370274;0.000118929085147;0.000000015512335;0.000000097311784;0.000661179888994;0.000003063055601;0.000033176205761;0.000041807754315;
125;;;;;This post is unavailable.;;;;;migrantcrisis;2024-10-18 16_04_37.370274;0.000118929085147;0.000000015512335;0.000000097311784;0.000661179888994;0.000003063055601;0.000033176205761;0.000041807754315;
126;;;;;This post is unavailable.;;;;;migrantcrisis;2024-10-18 16_04_37.370274;0.000118929085147;0.000000015512335;0.000000097311784;0.000661179888994;0.000003063055601;0.000033176205761;0.000041807754315;
127;;;;;This post is unavailable.;;;;;migrantcrisis;2024-10-18 16_04_37.370274;0.000118929085147;0.000000015512335;0.000000097311784;0.000661179888994;0.000003063055601;0.000033176205761;0.000041807754315;
128;00f112bc78e2d4ee;30ece9c7ac1f460e;6e85b24216664312;2021-07-25T21:06:50.000Z;Goed dat de regering van Oostenrijk o.l.v. @sebastiankurz haar dure plicht serieus neemt, nl. het beschermen van de burgerbevolking. http://NU.nl https://nu.nl/buitenland/6147509/oostenrijk-stuurt-extra-militairen-naar-grenzen-om-migranten-tegen-te-houden.html… #migranten #illegalen #migrantcrisis #grensbewaking #oostenrijk #EU;;;;/EdwinDeMol###/EdwinDeMol###/EdwinDeMol/status/1419403794765557760###/sebastiankurz###https://t.co/WimpNEp2Jm###https://t.co/HR15srjtMN###/hashtag/migranten?src=hashtag_click###/hashtag/illegalen?src=hashtag_click###/hashtag/migrantcrisis?src=hashtag_click###/hashtag/grensbewaking?src=hashtag_click###/hashtag/oostenrijk?src=hashtag_click###/hashtag/EU?src=hashtag_click;migrantcrisis;2024-10-18 16_04_37.370274;0.054900329560041;0.000317833764711;0.000003120241217;0.000092218913778;0.000116684335808;0.006829955149442;0.000072460446972;1. Against immigration, migrants, foreigners, refugees, or Muslims.
129;c5711dd96769fed4;81f8f6dde88365f3;20011cde6912ac60;2022-12-14T17:53:03.000Z;"#nieuwsuur
@MinPres
@VVD_Europa
@D66_Europa
@geertwilderspvv
@Amsterdam
@EP_JA21
#migratie #asiel #migrantcrisis

Discussie over VN-migratiepact, scheurtjes al voor de ondertekening -";;;1.0;/j_flamingo###/j_flamingo###/j_flamingo/status/1603085673883439107###/hashtag/nieuwsuur?src=hashtag_click###/MinPres###/VVD_Europa###/d66_europa###/geertwilderspvv###/amsterdam###/EP_JA21###/hashtag/migratie?src=hashtag_click###/hashtag/asiel?src=hashtag_click###/hashtag/migrantcrisis?src=hashtag_click###https://t.co/fxGMCQG6Rt;migrantcrisis;2024-10-18 16_04_37.370274;0.022372914478183;0.000527690164745;0.000777383742388;0.000120083452202;0.000348333996953;0.015962304547429;0.001283008488826;5. Is neutral.
130;;;;;This post is unavailable.;;;;;migrantcrisis;2024-10-18 16_04_37.370274;0.000118929085147;0.000000015512335;0.000000097311784;0.000661179888994;0.000003063055601;0.000033176205761;0.000041807754315;
131;;;;;This post is unavailable.;;;;;migrantcrisis;2024-10-18 16_04_37.370274;0.000118929085147;0.000000015512335;0.000000097311784;0.000661179888994;0.000003063055601;0.000033176205761;0.000041807754315;
132;f01170704d1dbdca;a59b1da0739609cf;388701bafc266f67;2022-11-05T16:07:27.000Z;"Wow beginnen ze het eindelijk te zien? Of zijn er binnenkort weer verkiezingen @WBHoekstra ?
Dit is echt een Kabinet van list en bedrog.
#migrantcrisis #woningnood #vluchtelingen
https://telegraaf.nl/nieuws/334849718/cda-leider-hoekstra-huidige-instroom-migranten-is-niet-vol-te-houden…";;2.0;2.0;/antznl###/antznl###/antznl/status/1588925971700551680###/WBHoekstra###/hashtag/migrantcrisis?src=hashtag_click###/hashtag/woningnood?src=hashtag_click###/hashtag/vluchtelingen?src=hashtag_click###https://t.co/54fBOcV2Ne;migrantcrisis;2024-10-18 16_04_37.370274;0.164451360702515;0.000089575747552;0.000037961803173;0.000200179463718;0.000118589014164;0.002994951093569;0.000062051265559;1. Against immigration, migrants, foreigners, refugees, or Muslims.
133;325e524fe5bc1c2d;606cfc0382b97ba3;e787278e03e14a9f;2021-08-01T13:18:40.000Z;Meer dan 4OO migranten gered voor de Tunesische kust . #migrantcrisis;;;;/Paradijsvogel2###/Paradijsvogel2###/Paradijsvogel2/status/1421822692714500098###/hashtag/migrantcrisis?src=hashtag_click;migrantcrisis;2024-10-18 16_04_37.370274;0.002777379471809;0.000154491630383;0.000056248438341;0.000415105809225;0.000091691646958;0.006125459913164;0.000737744150683;5. Is neutral.
134;;;;;This post is unavailable.;;;;;migrantcrisis;2024-10-18 16_04_37.370274;0.000118929085147;0.000000015512335;0.000000097311784;0.000661179888994;0.000003063055601;0.000033176205761;0.000041807754315;
135;;;;;This post is unavailable.;;;;;migrantcrisis;2024-10-18 16_04_37.370274;0.000118929085147;0.000000015512335;0.000000097311784;0.000661179888994;0.000003063055601;0.000033176205761;0.000041807754315;
136;50841b5fbf606282;5338ee3335229270;9d861812acabf53f;2023-06-24T09:56:46.000Z;"Migratiedeal? In #Tunesië : ’Ik stop pas als ik miljonair ben’ 

De smokkelaar heeft slechts één regel: hij werkt niet met zwarte Afrikanen. „Die zijn shit. Ze luisteren niet en brengen ons in gevaar.”
#migrantcrisis
https://telegraaf.nl/nieuws/1099426470/migratiedeal-in-tunesie-lachen-smokkelaars-erom-ik-stop-pas-als-ik-miljonair-ben/?utm_source=t.co&utm_medium=referral&utm_campaign=twitter… #telegraafpremium via @Telegraaf";;;1.0;30;migrantcrisis;2024-10-18 16_04_37.370274;0.483479440212250;0.000182398260222;0.000138851508382;0.000278188730590;0.000076198768511;0.001949002384208;0.000009913003851;1. Against immigration, migrants, foreigners, refugees, or Muslims.
137;3f0c8419370081f2;818563ff197837a0;12d1d1c8187b4030;2022-11-09T19:45:40.000Z;#gemeente NIET GENOEG GELD VOOR  #migrantcrisis ? GRATIS IDEE: KOOP DE 500 RIJKSTE QUOTE VAN #NL IN #Nederland #nederlandisvol VERPLICHT #Kabinet :VRAAG 1 NIEUWE BELASTING WET.LAAT HEN BETALEN! EN IEDEREEN= VERCHRACHT: 30J, MOORDENAARS: LEVENSLANG GEVANGN. #Rechters #tweedekamer;;1.0;1.0;/Domijo###/Domijo###/Domijo/status/1590430441852370944###/hashtag/gemeente?src=hashtag_click###/hashtag/migrantcrisis?src=hashtag_click###/hashtag/NL?src=hashtag_click###/hashtag/Nederland?src=hashtag_click###/hashtag/nederlandisvol?src=hashtag_click###/hashtag/Kabinet?src=hashtag_click###/hashtag/Rechters?src=hashtag_click###/hashtag/tweedekamer?src=hashtag_click;migrantcrisis;2024-10-18 16_04_37.370274;0.757073283195496;0.335691750049591;0.004026300273836;0.000365168874850;0.000361795013305;0.796370029449463;0.001363914343528;1. Against immigration, migrants, foreigners, refugees, or Muslims.
138;;;;;This post is unavailable.;;;;;migrantcrisis;2024-10-18 16_04_37.370274;0.000118929085147;0.000000015512335;0.000000097311784;0.000661179888994;0.000003063055601;0.000033176205761;0.000041807754315;
139;;;;;This post is unavailable.;;;;;migrantcrisis;2024-10-18 16_04_37.370274;0.000118929085147;0.000000015512335;0.000000097311784;0.000661179888994;0.000003063055601;0.000033176205761;0.000041807754315;
140;;;;;This post is unavailable.;;;;;migrantcrisis;2024-10-18 16_04_37.370274;0.000118929085147;0.000000015512335;0.000000097311784;0.000661179888994;0.000003063055601;0.000033176205761;0.000041807754315;
141;;;;;This post is unavailable.;;;;;migrantcrisis;2024-10-18 16_04_37.370274;0.000118929085147;0.000000015512335;0.000000097311784;0.000661179888994;0.000003063055601;0.000033176205761;0.000041807754315;
142;8019634dfe5f21eb;43565cdbfee62fd9;f89439f3304778de;2022-09-23T08:22:37.000Z;"In Hannover moeten werknemers in de publieke sector bewijzen dat ze een ""migratieachtergrond"" hebben. Duitsers moeten worden uitgeselecteerd  en het aandeel migranten moet met  30 procent worden verhoogd, ongeacht de kwalificaties. #migrantcrisis #asielzoekers";;;;/EllyB53292373###/EllyB53292373###/EllyB53292373/status/1573226316932972548###/hashtag/migrantcrisis?src=hashtag_click###/hashtag/asielzoekers?src=hashtag_click;migrantcrisis;2024-10-18 16_04_37.370274;0.345806926488876;0.059478577226400;0.000036191737308;0.000085916217358;0.000053408657550;0.106653444468975;0.000240881636273;1. Against immigration, migrants, foreigners, refugees, or Muslims.
143;e0ca5a753224d3f0;c5753345f65416a3;d426e75bc6b6ac36;2018-08-17T22:37:00.000Z;.@guyverhofstadt @ManfredWeber  Er zijn stiekem heel veel  Europeanen met dezelfde opvatting...Hoofdtaak van iedere regering, dus ook #EU, is om eigen burgers te beschermen. Dat lukt nog niet erg...#migrantcrisis #Offenburg #wirschaffendas #migrantencrisis #migrantenkrise #Europa;;;;/BlogopZondag###/BlogopZondag###/BlogopZondag/status/1030584307264434176###/guyverhofstadt###/ManfredWeber###/hashtag/EU?src=hashtag_click###/hashtag/migrantcrisis?src=hashtag_click###/hashtag/Offenburg?src=hashtag_click###/hashtag/wirschaffendas?src=hashtag_click###/hashtag/migrantencrisis?src=hashtag_click###/hashtag/migrantenkrise?src=hashtag_click###/hashtag/Europa?src=hashtag_click;migrantcrisis;2024-10-18 16_04_37.370274;0.012414872646332;0.000028017249861;0.000004862706646;0.000049827740440;0.000016706790120;0.000465120829176;0.000017840509827;1. Against immigration, migrants, foreigners, refugees, or Muslims.
144;;;;;This post is unavailable.;;;;;migrantcrisis;2024-10-18 16_04_37.370274;0.000118929085147;0.000000015512335;0.000000097311784;0.000661179888994;0.000003063055601;0.000033176205761;0.000041807754315;
145;;;;;This post is unavailable.;;;;;migrantcrisis;2024-10-18 16_04_37.370274;0.000118929085147;0.000000015512335;0.000000097311784;0.000661179888994;0.000003063055601;0.000033176205761;0.000041807754315;
146;157eb75d1aa34189;569f1e6290922bbb;f3230e281fe30b0b;2020-03-26T10:38:48.000Z;@CharlesMichel @vonderleyen hebben een strikt geheime meeting...Italië werd door voorgangers ook niet geholpen tijdens #migrantcrisis ...moeten we helpen of niet...een communiqué wordt verwacht rond 1mei !!! Ze willen dit SNEL beslissen, geen tijd verliezen, go go go @EP_Belgium;;;;/FrankDePauw1###/FrankDePauw1###/FrankDePauw1/status/1243125242748338176###/CharlesMichel###/vonderleyen###/hashtag/migrantcrisis?src=hashtag_click;migrantcrisis;2024-10-18 16_04_37.370274;0.002635032869875;0.000214773841435;0.000006592318186;0.000083478524175;0.000014314607142;0.002551981480792;0.000012949761185;5. Is neutral.
147;d4104fba356df61f;8fde200208c4e9bc;83c3bf352d2e9471;2023-02-20T18:27:32.000Z;"Misschien es #airbnb proberen ... kwestie van geen onderlingen jaloezie te creeeren tussen de verschillende aanbieders van accomodaties in BXL..
@Nicole_demoor #vivaldi #Molenbeek #migrantcrisis
@PSofficiel
https://hln.be/brussel/politiek-zoekt-dringende-oplossing-voor-tentenkamp-in-molenbeek-situatie-is-te-onveilig~a37b04c0/…";1.0;;;39;migrantcrisis;2024-10-18 16_04_37.370274;0.001394796767272;0.000058733581682;0.000089575158199;0.000479943002574;0.000314358825563;0.000590839656070;0.000046595323511;5. Is neutral.
148;;;;;This post is unavailable.;;;;;migrantcrisis;2024-10-18 16_04_37.370274;0.000118929085147;0.000000015512335;0.000000097311784;0.000661179888994;0.000003063055601;0.000033176205761;0.000041807754315;
149;;;;;This post is unavailable.;;;;;migrantcrisis;2024-10-18 16_04_37.370274;0.000118929085147;0.000000015512335;0.000000097311784;0.000661179888994;0.000003063055601;0.000033176205761;0.000041807754315;
150;;;;;This post is unavailable.;;;;;migrantcrisis;2024-10-18 16_04_37.370274;0.000118929085147;0.000000015512335;0.000000097311784;0.000661179888994;0.000003063055601;0.000033176205761;0.000041807754315;
151;;;;;This post is unavailable.;;;;;migrantcrisis;2024-10-18 16_04_37.370274;0.000118929085147;0.000000015512335;0.000000097311784;0.000661179888994;0.000003063055601;0.000033176205761;0.000041807754315;
152;;;;;This post is unavailable.;;;;;migrantcrisis;2024-10-18 16_04_37.370274;0.000118929085147;0.000000015512335;0.000000097311784;0.000661179888994;0.000003063055601;0.000033176205761;0.000041807754315;
153;;;;;This post is unavailable.;;;;;migrantcrisis;2024-10-18 16_04_37.370274;0.000118929085147;0.000000015512335;0.000000097311784;0.000661179888994;0.000003063055601;0.000033176205761;0.000041807754315;
154;a16c1a2826d27cc5;c5753345f65416a3;d426e75bc6b6ac36;2018-06-24T17:32:33.000Z;Nog maar eens in de herhaling. Een blog uit 2015. Blog op zondag | 10 Oplossingsrichtingen voor de vluchtelingencrisi... http://edwindemol.blogspot.com/2015/08/10-oplossingsrichtingen-voor-de.html?spref=tw… #migrants #migratietop #MigrantCrisis #Macron #blog #Migranten #vluchtelingen #Merkel #EU #Europe;;;;/BlogopZondag###/BlogopZondag###/BlogopZondag/status/1010938742289453056###https://t.co/uPyyMUpad8###/hashtag/migrants?src=hashtag_click###/hashtag/migratietop?src=hashtag_click###/hashtag/MigrantCrisis?src=hashtag_click###/hashtag/Macron?src=hashtag_click###/hashtag/blog?src=hashtag_click###/hashtag/Migranten?src=hashtag_click###/hashtag/vluchtelingen?src=hashtag_click###/hashtag/Merkel?src=hashtag_click###/hashtag/EU?src=hashtag_click###/hashtag/Europe?src=hashtag_click;migrantcrisis;2024-10-18 16_04_37.370274;0.021664578467607;0.000066488384618;0.000006278767160;0.000127163017169;0.000135480077006;0.001557332347147;0.000127739695017;5. Is neutral.
155;fe9a7c0dbb04fa22;d6c0f022538ba98c;66bbd5b805809c94;2024-04-21T14:02:39.000Z;Migratiedeals kunnen mensonterende omstandigheden veroorzaken: overvolle kampen, geen onderdak en onvoldoende eten en water. Nederland moet nú stoppen met onderhandelen over mensenlevens. Teken de oproep! https://amnesty.nl/forms/dealbreakers… via @amnestynl #migration #migrants #migrantcrisis;;;;15;migrantcrisis;2024-10-18 16_04_37.370274;0.057884417474270;0.001558780902997;0.000162448661285;0.000042936753744;0.000008042960872;0.021702393889427;0.000035858771298;2. In support of immigration, migrants, foreigners, refugees, or Muslims.
156;;;;;This post is unavailable.;;;;;migrantcrisis;2024-10-18 16_04_37.370274;0.000118929085147;0.000000015512335;0.000000097311784;0.000661179888994;0.000003063055601;0.000033176205761;0.000041807754315;
157;;;;;This post is unavailable.;;;;;migrantcrisis;2024-10-18 16_04_37.370274;0.000118929085147;0.000000015512335;0.000000097311784;0.000661179888994;0.000003063055601;0.000033176205761;0.000041807754315;
158;;;;;This post is unavailable.;;;;;migrantcrisis;2024-10-18 16_04_37.370274;0.000118929085147;0.000000015512335;0.000000097311784;0.000661179888994;0.000003063055601;0.000033176205761;0.000041807754315;
159;;;;;This post is unavailable.;;;;;migrantcrisis;2024-10-18 16_04_37.370274;0.000118929085147;0.000000015512335;0.000000097311784;0.000661179888994;0.000003063055601;0.000033176205761;0.000041807754315;
160;553959eafb200d6a;a85e63d7a468b8d4;2539dbca1dc7c0fc;2020-07-17T20:21:13.000Z;"Gevluchte Duitser (#waldrambo #YvesRausch) na dagenlange klopjacht aangehouden. 
https://rd.nl/vandaag/buitenland/gevluchte-duitser-na-dagenlange-klopjacht-aangehouden-1.1680881…
#Oppenau #Deutschland
#MSM probeerden dit verhaal flink op te kloppen om zo af te leiden van de grote problemen in 't land (#migrantcrisis, #Economie, #werkloosheid, #Corona)";;;1.0;/Aethonaia###/Aethonaia###/Aethonaia/status/1284221640382058497###/hashtag/waldrambo?src=hashtag_click###/hashtag/YvesRausch?src=hashtag_click###https://t.co/dUDLk4OPoU###/hashtag/Oppenau?src=hashtag_click###/hashtag/Deutschland?src=hashtag_click###/hashtag/MSM?src=hashtag_click###/hashtag/migrantcrisis?src=hashtag_click###/hashtag/Economie?src=hashtag_click###/hashtag/werkloosheid?src=hashtag_click###/hashtag/Corona?src=hashtag_click;migrantcrisis;2024-10-18 16_04_37.370274;0.063534401357174;0.000086679901870;0.000011558397091;0.000112851281301;0.000031236922950;0.010030181147158;0.000211317805224;5. Is neutral.
161;;;;;This post is unavailable.;;;;;migrantcrisis;2024-10-18 16_04_37.370274;0.000118929085147;0.000000015512335;0.000000097311784;0.000661179888994;0.000003063055601;0.000033176205761;0.000041807754315;
162;;;;;This post is unavailable.;;;;;migrantcrisis;2024-10-18 16_04_37.370274;0.000120758631965;0.000000015473063;0.000000095923419;0.000657045340631;0.000003047197197;0.000032781234040;0.000040792296204;
163;;;;;This post is unavailable.;;;;;migrantcrisis;2024-10-18 16_04_37.370274;0.000118929085147;0.000000015512335;0.000000097311784;0.000661179888994;0.000003063055601;0.000033176205761;0.000041807754315;
164;;;;;This post is unavailable.;;;;;migrantcrisis;2024-10-18 16_04_37.370274;0.000118929085147;0.000000015512335;0.000000097311784;0.000661179888994;0.000003063055601;0.000033176205761;0.000041807754315;
165;;;;;This post is unavailable.;;;;;migrantcrisis;2024-10-18 16_04_37.370274;0.000118929085147;0.000000015512335;0.000000097311784;0.000661179888994;0.000003063055601;0.000033176205761;0.000041807754315;
166;;;;;This post is unavailable.;;;;;migrantcrisis;2024-10-18 16_04_37.370274;0.000118929085147;0.000000015512335;0.000000097311784;0.000661179888994;0.000003063055601;0.000033176205761;0.000041807754315;
167;;;;;This post is unavailable.;;;;;migrantcrisis;2024-10-18 16_04_37.370274;0.000118929085147;0.000000015512335;0.000000097311784;0.000661179888994;0.000003063055601;0.000033176205761;0.000041807754315;
168;;;;;This post is unavailable.;;;;;migrantcrisis;2024-10-18 16_04_37.370274;0.000118929085147;0.000000015512335;0.000000097311784;0.000661179888994;0.000003063055601;0.000033176205761;0.000041807754315;
169;c5c796f690dfec63;6884bd33cec15484;adb92a31d60991a8;2015-08-12T15:32:16.000Z;Oplossing voor die #migrantcrisis , zeg de migranten dat deze vrouw werd gezien in hun land van herkomst;;;;/PTRVDA###/PTRVDA###/PTRVDA/status/631488377028804608###/hashtag/migrantcrisis?src=hashtag_click;migrantcrisis;2024-10-18 16_04_37.370274;0.049569945782423;0.000580705469474;0.000017672360627;0.000028133314117;0.000008319203516;0.010332696139812;0.000011606601220;1. Against immigration, migrants, foreigners, refugees, or Muslims.
170;7110c1f41f7e9a70;4b2ea796adaf3428;e133130ee01b5bd6;2015-09-04T12:19:56.000Z;De Syriërs die we volgen, zojuist aangekomen in Athene #migrantcrisis;;1.0;;/CameraHan###/CameraHan###/CameraHan/status/639774896613126144###/hashtag/migrantcrisis?src=hashtag_click;migrantcrisis;2024-10-18 16_04_37.370274;0.004687739070505;0.000073325783887;0.000015532752514;0.000066700493335;0.000010518832823;0.002704511629418;0.000644632265903;5. Is neutral.
171;4df2880353194b6a;248d5aca4c5b5c39;9112aaae83c6998f;2015-09-06T15:54:54.000Z;#migrantcrisis in Brussels! #refugeeswelcome;;2.0;5.0;/dansobov###/dansobov###/dansobov/status/640553770691227648###/hashtag/migrantcrisis?src=hashtag_click###/hashtag/refugeeswelcome?src=hashtag_click;migrantcrisis;2024-10-18 16_04_37.370274;0.000327811401803;0.000005137866992;0.000001828357881;0.000076397467637;0.000003458959782;0.000073296279879;0.000000479277162;2. In support of immigration, migrants, foreigners, refugees, or Muslims.
172;;;;;This post is unavailable.;;;;;migrantcrisis;2024-10-18 16_04_37.370274;0.000118929085147;0.000000015512335;0.000000097311784;0.000661179888994;0.000003063055601;0.000033176205761;0.000041807754315;
173;;;;;This post is unavailable.;;;;;migrantcrisis;2024-10-18 16_04_37.370274;0.000118929085147;0.000000015512335;0.000000097311784;0.000661179888994;0.000003063055601;0.000033176205761;0.000041807754315;
174;;;;;This post is unavailable.;;;;;migrantcrisis;2024-10-18 16_04_37.370274;0.000118929085147;0.000000015512335;0.000000097311784;0.000661179888994;0.000003063055601;0.000033176205761;0.000041807754315;
175;;;;;This post is unavailable.;;;;;migrantcrisis;2024-10-18 16_04_37.370274;0.000118929085147;0.000000015512335;0.000000097311784;0.000661179888994;0.000003063055601;0.000033176205761;0.000041807754315;
176;549b220f97d1e2cb;c3a4a53ea2b4dd28;1250574dbc40530d;2015-09-16T15:45:16.000Z;"Terechte aanhalingstekens @demorgen. Geen sprake van stemmingmakerij. #not #migrantcrisis
https://youtube.com/watch?v=RfrpwAEMe0c…";;2.0;;/EliMellemans###/EliMellemans###/EliMellemans/status/644175224783683584###/demorgen###/hashtag/not?src=hashtag_click###/hashtag/migrantcrisis?src=hashtag_click###https://t.co/EguXUc3Ehw;migrantcrisis;2024-10-18 16_04_37.370274;0.011550910770893;0.000039393195038;0.000004297985015;0.000064135616412;0.000024946548365;0.000513624225277;0.000008226588761;5. Is neutral.
177;;;;;This post is unavailable.;;;;;migrantcrisis;2024-10-18 16_04_37.370274;0.000118929085147;0.000000015512335;0.000000097311784;0.000661179888994;0.000003063055601;0.000033176205761;0.000041807754315;
178;;;;;This post is unavailable.;;;;;migrantcrisis;2024-10-18 16_04_37.370274;0.000118929085147;0.000000015512335;0.000000097311784;0.000661179888994;0.000003063055601;0.000033176205761;0.000041807754315;
179;;;;;This post is unavailable.;;;;;migrantcrisis;2024-10-18 16_04_37.370274;0.000118929085147;0.000000015512335;0.000000097311784;0.000661179888994;0.000003063055601;0.000033176205761;0.000041807754315;
180;;;;;This post is unavailable.;;;;;migrantcrisis;2024-10-18 16_04_37.370274;0.000118929085147;0.000000015512335;0.000000097311784;0.000661179888994;0.000003063055601;0.000033176205761;0.000041807754315;
181;1967232bc7e19447;4d9b384444e8f53b;6fcc11f1bfbcffe1;2015-05-06T14:00:59.000Z;Cijfers uit Italië. Vorig jaar rond deze tijd 17 doden op zee. Nu 1700. #migrantcrisis https://youtu.be/W5STh-NM7-4;;;;/TakoRietveld###/TakoRietveld###/TakoRietveld/status/595951394508648449###/hashtag/migrantcrisis?src=hashtag_click###https://t.co/oQmEBC9Dcb;migrantcrisis;2024-10-18 16_04_37.370274;0.017455639317632;0.000063463703555;0.000066242835601;0.000056355496781;0.000109048618469;0.013825089670718;0.000265773269348;5. Is neutral.
182;;;;;This post is unavailable.;;;;;migrantcrisis;2024-10-18 16_04_37.370274;0.000118929085147;0.000000015512335;0.000000097311784;0.000661179888994;0.000003063055601;0.000033176205761;0.000041807754315;
183;;;;;This post is unavailable.;;;;;migrantcrisis;2024-10-18 16_04_37.370274;0.000118929085147;0.000000015512335;0.000000097311784;0.000661179888994;0.000003063055601;0.000033176205761;0.000041807754315;
184;d0ac3784dc90a2bf;4b2ea796adaf3428;e133130ee01b5bd6;2015-10-30T16:50:44.000Z;Vanavond in @Nieuwsuur! @stolkav #vluchtelingenstroom #vluchtelingen #migrantcrisis #Duitsland;;;;/CameraHan###/CameraHan###/CameraHan/status/660136766301687809###/Nieuwsuur###/stolkav###/hashtag/vluchtelingenstroom?src=hashtag_click###/hashtag/vluchtelingen?src=hashtag_click###/hashtag/migrantcrisis?src=hashtag_click###/hashtag/Duitsland?src=hashtag_click;migrantcrisis;2024-10-18 16_04_37.370274;0.010005779564381;0.000014653071048;0.000016423377019;0.000134772315505;0.000421872391598;0.006447176914662;0.000311651092488;5. Is neutral.
185;0f0bfcae9be2874d;730ef67f712637b1;73d1ea42334f26ac;2015-11-13T14:20:36.000Z;Drukke marktkraam Ter Apel,  doet 5 keer per week goede zaken aan hek aanmeldcentrum #migrantcrisis#eenvandaag;3.0;3.0;1.0;/harmvanatteveld###/harmvanatteveld###/harmvanatteveld/status/665172415480258560;migrantcrisis;2024-10-18 16_04_37.370274;0.000885134562850;0.000007530072708;0.000055535147112;0.000015733481632;0.000064588384703;0.002087075263262;0.000068064357038;5. Is neutral.
186;99e7d367e5553899;eb196efe2703852b;4c2cf4bcbcf770d3;2016-05-09T12:06:58.000Z;Nieuwe seizoen voor veerdienst Afrika -  Europa officieel geopend? #migrantcrisis @MSF_Sea;3.0;1.0;;/naald###/naald###/naald/status/729643826013409286###/hashtag/migrantcrisis?src=hashtag_click###/MSF_Sea;migrantcrisis;2024-10-18 16_04_37.370274;0.000532149395440;0.000037722111301;0.000014963119611;0.000502563547343;0.000125605394715;0.000515350198839;0.000087298554718;5. Is neutral.
187;10ebfaf72a6a1789;645b04eac9c440a4;930e396518a00563;2016-06-10T16:42:28.000Z;Merkel's #Europe #RegressiveLeft #SocialJustice #SocJus #FreeSpeech #Germany #SJW #MigrantCrisis... http://fb.me/2hXuLN5zM;;;;/BadIdeasVs###/BadIdeasVs###/BadIdeasVs/status/741309566005215232###/hashtag/Europe?src=hashtag_click###/hashtag/RegressiveLeft?src=hashtag_click###/hashtag/SocialJustice?src=hashtag_click###/hashtag/SocJus?src=hashtag_click###/hashtag/FreeSpeech?src=hashtag_click###/hashtag/Germany?src=hashtag_click###/hashtag/SJW?src=hashtag_click###/hashtag/MigrantCrisis?src=hashtag_click###https://t.co/rDvBZR3ONT;migrantcrisis;2024-10-18 16_04_37.370274;0.081633344292641;0.000026943313060;0.000000011559737;0.000090680550784;0.000011107733371;0.000407627521781;0.000008772190995;6. Other: unclear stance on immigration.
188;481570287c112056;6450099d6d06af65;43c51fa1190037b3;2015-09-09T16:48:03.000Z;Elke dag komen meer dan duizend vluchtelingen aan in #Lesbos. #vrtnieuws #MigrantCrisis;2.0;1.0;;/stevencraneTV###/stevencraneTV###/stevencraneTV/status/641654310284173313###/hashtag/Lesbos?src=hashtag_click###/hashtag/vrtnieuws?src=hashtag_click###/hashtag/MigrantCrisis?src=hashtag_click;migrantcrisis;2024-10-18 16_04_37.370274;0.001004379475489;0.000009848420632;0.000052227758715;0.000282931985566;0.000042529441998;0.002345200860873;0.000034824523027;5. Is neutral.
189;c26b537c9f3bba2d;6450099d6d06af65;43c51fa1190037b3;2015-09-08T17:09:40.000Z;Haven van Mytilini in #Lesbos: honderden vluchtelingen wachten op ferry naar Athene #vrtnieuws #migrantcrisis;1.0;1.0;1.0;/stevencraneTV###/stevencraneTV###/stevencraneTV/status/641297363584294912###/hashtag/Lesbos?src=hashtag_click###/hashtag/vrtnieuws?src=hashtag_click###/hashtag/migrantcrisis?src=hashtag_click;migrantcrisis;2024-10-18 16_04_37.370274;0.000859441701323;0.000058336416259;0.000252828060184;0.000380848534405;0.000371195725165;0.001127925235778;0.000210741156479;5. Is neutral.
190;f57f27c6b10aefaf;6450099d6d06af65;43c51fa1190037b3;2015-09-12T05:27:30.000Z;De vluchtelingen blijven marcheren naar Mytilene, soms tot 50 km. #Lesbos #vrtnieuws #MigrantCrisis;1.0;;;/stevencraneTV###/stevencraneTV###/stevencraneTV/status/642570208876593152###/hashtag/Lesbos?src=hashtag_click###/hashtag/vrtnieuws?src=hashtag_click###/hashtag/MigrantCrisis?src=hashtag_click;migrantcrisis;2024-10-18 16_04_37.370274;0.002742883283645;0.000034411434171;0.000015944708139;0.000300426676404;0.000055224085372;0.002606548834592;0.000033736774640;5. Is neutral.
191;599faa64f5dd5913;8f4d75b6c8ab495e;73dc5bda3e02cb96;2017-12-19T08:25:02.000Z;"#libya Navy ship ""Ibn Ouf"" rescuing #migrants - BRAVO ZULU #humansmuggling #migrantcrisis #togetherforrescue #NGO #seenotrettung #msf #frontex #europol #reuters #unhcr #ong #migranti #bbc #seawatchcrew #afp #EU #refugees #dpa #cnn";;1.0;;/rgowans###/rgowans###/rgowans/status/943034425318760448###/hashtag/libya?src=hashtag_click###/hashtag/migrants?src=hashtag_click###/hashtag/humansmuggling?src=hashtag_click###/hashtag/migrantcrisis?src=hashtag_click###/hashtag/togetherforrescue?src=hashtag_click###/hashtag/NGO?src=hashtag_click###/hashtag/seenotrettung?src=hashtag_click###/hashtag/msf?src=hashtag_click###/hashtag/frontex?src=hashtag_click###/hashtag/europol?src=hashtag_click###/hashtag/reuters?src=hashtag_click###/hashtag/unhcr?src=hashtag_click###/hashtag/ong?src=hashtag_click###/hashtag/migranti?src=hashtag_click###/hashtag/bbc?src=hashtag_click###/hashtag/seawatchcrew?src=hashtag_click###/hashtag/afp?src=hashtag_click###/hashtag/EU?src=hashtag_click###/hashtag/refugees?src=hashtag_click###/hashtag/dpa?src=hashtag_click###/hashtag/cnn?src=hashtag_click;migrantcrisis;2024-10-18 16_04_37.370274;0.000477469584439;0.000041540606617;0.000007546398137;0.000560067128390;0.000070750305895;0.000503027928062;0.000050663315051;2. In support of immigration, migrants, foreigners, refugees, or Muslims.
192;cfd8b97d555fa98f;645b04eac9c440a4;930e396518a00563;2017-01-22T09:56:05.000Z;"Typical Merkel 
#MigrantCrisis #Germeny #MEGA https://youtube.com/watch?v=M7EMl92iphU… @Kraut_and_Tea @scroweman";;2.0;3.0;/BadIdeasVs###/BadIdeasVs###/BadIdeasVs/status/823106957640765440###/hashtag/MigrantCrisis?src=hashtag_click###/hashtag/Germeny?src=hashtag_click###/hashtag/MEGA?src=hashtag_click###https://t.co/ghpOI34twi###/Kraut_and_Tea;migrantcrisis;2024-10-18 16_04_37.370274;0.252695381641388;0.000108773092506;0.000000345854659;0.000634127587546;0.000150604013470;0.001251799636520;0.000014972697500;6. Other: unclear stance on immigration.
193;4f4448b7067df981;6450099d6d06af65;43c51fa1190037b3;2015-09-12T05:27:00.000Z;Tientallen vluchtelingen marcheren naar Mytilene in #Lesbos. Onvermoeibaar, tot 50 km ver #vrtnieuws #migrantcrisis;;;1.0;/stevencraneTV###/stevencraneTV###/stevencraneTV/status/642570080270876672###/hashtag/Lesbos?src=hashtag_click###/hashtag/vrtnieuws?src=hashtag_click###/hashtag/migrantcrisis?src=hashtag_click;migrantcrisis;2024-10-18 16_04_37.370274;0.004285854753107;0.000047165056458;0.000157073547598;0.001009716303088;0.000082458311226;0.008251195773482;0.000058778688981;5. Is neutral.
194;c0fd01fdbbd08849;d7d04e98e501ed07;c1a0fa053f73f6f2;2016-03-07T19:13:40.000Z;#Erdogan heeft het spel keihard gespeeld met de #migrantcrisis en het #EU lidmaatschap krijgt hij nu cadeau. #EUtop;3.0;31.0;10.0;/Keutelt###/Keutelt###/Keutelt/status/706920769524252672###/hashtag/Erdogan?src=hashtag_click###/hashtag/migrantcrisis?src=hashtag_click###/hashtag/EU?src=hashtag_click###/hashtag/EUtop?src=hashtag_click;migrantcrisis;2024-10-18 16_04_37.370274;0.029303874820471;0.000129535677843;0.000012846804566;0.000196275839699;0.000024948047212;0.004453934729099;0.000086233791080;5. Is neutral.
195;0e8d7a90a903c98b;e040d5f8edabd7ee;b2e26a2d63858081;2015-09-19T17:12:20.000Z;Ik gooi schoonvader zijn gedacht maar eventjes in de groep. #migrantcrisis #begov @de_NVA;4.0;25.0;9.0;/GeertGooris###/GeertGooris###/GeertGooris/status/645284300418588672###/hashtag/migrantcrisis?src=hashtag_click###/hashtag/begov?src=hashtag_click###/de_NVA;migrantcrisis;2024-10-18 16_04_37.370274;0.249400362372398;0.001216124510393;0.000006347788712;0.000057718872995;0.000054794349126;0.132014378905296;0.000051430535677;6. Other: unclear stance on immigration.
196;5ff341a37642757e;668005a76c76c96b;d31dafad072c57e8;2015-10-20T05:55:36.000Z;Met brief aan asielzoekers probeert Dijkhoff hun verwachtingen te temperen #migrantcrisis http://bit.ly/1GQm9E3;3.0;4.0;1.0;/ewmagazinenl###/ewmagazinenl###/ewmagazinenl/status/656348018254442496###/hashtag/migrantcrisis?src=hashtag_click###https://t.co/oXGa32HIhw;migrantcrisis;2024-10-18 16_04_37.370274;0.006827096920460;0.000325742206769;0.000054656054999;0.000196988825337;0.000134228903334;0.004468882456422;0.000038226487959;5. Is neutral.
197;43e70e45fbba9733;6450099d6d06af65;43c51fa1190037b3;2015-09-06T06:19:03.000Z;Honderden vluchtelingen nemen gratis de trein naar München vanuit Westbahnhof Wenen #vrtnieuws #Wenen #migrantcrisis;;1.0;1.0;/stevencraneTV###/stevencraneTV###/stevencraneTV/status/640408853750919168###/hashtag/vrtnieuws?src=hashtag_click###/hashtag/Wenen?src=hashtag_click###/hashtag/migrantcrisis?src=hashtag_click;migrantcrisis;2024-10-18 16_04_37.370274;0.002683811122552;0.000033307034755;0.000242746100412;0.000468005164293;0.000158056573127;0.002157825278118;0.000381966761779;5. Is neutral.
198;a3eee29d46d3c615;6450099d6d06af65;43c51fa1190037b3;2015-08-27T14:23:49.000Z;Langs de spoorlijn op de grens tussen Servië en Hongarije passeren duizenden vluchtelingen #vrtnieuws #migrantcrisis;;;1.0;/stevencraneTV###/stevencraneTV###/stevencraneTV/status/636906970352644096###/hashtag/vrtnieuws?src=hashtag_click###/hashtag/migrantcrisis?src=hashtag_click;migrantcrisis;2024-10-18 16_04_37.370274;0.007382314186543;0.000090426430688;0.000532042642590;0.000438519986346;0.000299448729493;0.009516222402453;0.000502757320646;5. Is neutral.
1;6a5695b19f2122e3;e96e536bfed7d12a;59d2013510f52df9;2023-05-15T06:13:01.000Z;Uitstekend idee dit @StasJenV !? Zo draai je het verdienmodel van de mensensmokkelaars de nek om en dan stokt migratie vanzelf. Ietsom over na te denken toch!? #migrantcrisis;;;;9;migrantcrisis;2024-09-30 09_27_27.801576;0.108791477978229;0.002765034558252;0.000172852334799;0.000045652624976;0.000004703967988;0.043769866228104;0.000238612687099;1. Against immigration, migrants, foreigners, refugees, or Muslims.
2;b3b1312ccdcea55b;30de264b292732e5;6d2942f8760f3370;2023-01-26T22:13:55.000Z;"De beste grappen hoor je in verkiezingstijd
in 1 jaar 402.000 migranten zonder uitnodiging.
#verkiezingen #VVD #D66 #groenlinks #Politiek #migrantcrisis #Mensenhandel zonder Grenzen ( op andermans kosten ) #Politiek";;;;76;migrantcrisis;2024-09-30 09_27_27.801576;0.020132267847657;0.000053326108173;0.000014462745639;0.000924904481508;0.000078056524217;0.003248497843742;0.000097952834039;1. Against immigration, migrants, foreigners, refugees, or Muslims.
3;ea4e301f4c5c0f30;6da958ba3e5cb76c;93a969571e1d7c6d;2023-03-26T19:12:47.000Z;"Volle boot met #gelukszoekers onderweg Luilekkerland.
#ASIELSTOP #migrantcrisis";43.0;67.0;78.0;4K;migrantcrisis;2024-09-30 09_27_27.801576;0.002384479856118;0.000038576694351;0.000088939850684;0.000672064255923;0.000260375294602;0.000345456675859;0.000014890334569;1. Against immigration, migrants, foreigners, refugees, or Muslims.
4;48445a75892f070d;1934fec4d9309d32;a22310a113639dbb;2022-07-18T08:43:16.000Z;"Een paspoort kopen vind EU niet leuk.

Men moet namelijk afhankelijk zijn, jarenlang in de migratiemolen hangen, zodat alle migratiebaantjes intact blijven.

Zomaar een zak geld op tafel leggen, dat is veelste efficient!

#migrantcrisis #miljonairs";;;;/Democratikusje###/Democratikusje###/Democratikusje/status/1548951525141118980###/hashtag/migrantcrisis?src=hashtag_click###/hashtag/miljonairs?src=hashtag_click;migrantcrisis;2024-09-30 09_27_27.801576;0.085448749363422;0.000053530671721;0.000011912257833;0.000029692075259;0.000005044983482;0.000999555923045;0.000094048366009;1. Against immigration, migrants, foreigners, refugees, or Muslims.
5;20e4492af6ff8ad1;74607ab5486101c8;3f4b06727f5114f1;2024-08-26T12:05:33.000Z;"Opnieuw 301 illegale migranten aangekomen in Lampedusa op 8 boten 

Vandaag arriveerden 301 migranten in Lampedusa, terwijl er gisteren al 450 aankwamen. De korte termijn opvangcentra zijn inmiddels overvol. Een nieuwe migrantcrisis lijkt zich te ontwikkelen op Lampedusa";4.0;5.0;2.0;371;migrantcrisis;2024-09-30 09_27_27.801576;0.078819736838341;0.000735753739718;0.000207481512916;0.002849531592801;0.004227765370160;0.019401161000132;0.000215249863686;5. Is neutral.
6;f4c62253bd42748f;c5753345f65416a3;d426e75bc6b6ac36;2018-06-24T16:55:09.000Z;"Blog op Zondag | Opvangcentra in Europa voor migranten zijn geen goed idee. Drie redenen. https://bit.ly/2lzZ6vz
#migranten #MigrantCrisis #EU #opvangcentra #MigrationEU";;1.0;1.0;/BlogopZondag###/BlogopZondag###/BlogopZondag/status/1010929330023739393###https://t.co/pX3OvNZx3F###/hashtag/migranten?src=hashtag_click###/hashtag/MigrantCrisis?src=hashtag_click###/hashtag/EU?src=hashtag_click###/hashtag/opvangcentra?src=hashtag_click###/hashtag/MigrationEU?src=hashtag_click;migrantcrisis;2024-09-30 09_27_27.801576;0.095592699944973;0.000083872218966;0.000002278152124;0.000131022548885;0.000187091078260;0.000810529454611;0.000011948016436;1. Against immigration, migrants, foreigners, refugees, or Muslims.
7;e603f092707ac638;c5753345f65416a3;d426e75bc6b6ac36;2018-07-29T14:27:06.000Z;Blog op Zondag | Stop de (gewelddadige) asieleiser https://bit.ly/2v19t0g #Ceuta #asieleiser #migranten #EU #buitengrens #borderpatrol #Spanje #borderprotection #bordercontrol #migrantcrisis #EUmigrantcrisis;;3.0;3.0;/BlogopZondag###/BlogopZondag###/BlogopZondag/status/1023575648294658048###https://t.co/VxtpbvIozV###/hashtag/Ceuta?src=hashtag_click###/hashtag/asieleiser?src=hashtag_click###/hashtag/migranten?src=hashtag_click###/hashtag/EU?src=hashtag_click###/hashtag/buitengrens?src=hashtag_click###/hashtag/borderpatrol?src=hashtag_click###/hashtag/Spanje?src=hashtag_click###/hashtag/borderprotection?src=hashtag_click###/hashtag/bordercontrol?src=hashtag_click###/hashtag/migrantcrisis?src=hashtag_click###/hashtag/EUmigrantcrisis?src=hashtag_click;migrantcrisis;2024-09-30 09_27_27.801576;0.049288392066955;0.000510531303007;0.000078436467447;0.000298180966638;0.000046093624405;0.015070088207722;0.000108801941678;1. Against immigration, migrants, foreigners, refugees, or Muslims.
8;cb0b5059b8a4d694;3947eb5bdd00c1cb;07a7c39c709d04d1;2022-10-25T13:02:09.000Z;"Amper 25 km de EU-grens over. Kamp bij het Servische Sombor. Duizenden jonge mannen,
vooral uit Syrië, stranden hier. Volgende hindernis: het hek van Orbán #migrantcrisis";7.0;11.0;13.0;/tijnsadee###/tijnsadee###/tijnsadee/status/1584893076312817664###/hashtag/migrantcrisis?src=hashtag_click;migrantcrisis;2024-09-30 09_27_27.801576;0.003769404720515;0.000037152007280;0.000851715274621;0.000660121790133;0.000452414358733;0.003285614540800;0.000265500246314;5. Is neutral.
9;9f4e6bc65f0c49a3;ed5324cd4ee8b88f;2dc80c0a078bfdcd;2022-07-30T18:50:55.000Z;"Er móét gewoon een verdienmodel aan ten grondslag liggen getuige de vele tripjes tussen Libië en Italië van #NGO-schepen, die met volledig medeweten en goedkeuring van de #EuropeseUnie 1000-en #migranten Europa in smokkelen. 
#migrantcrisis #Immigration";3.0;55.0;54.0;/CoraWeg###/CoraWeg###/CoraWeg/status/1553453100287025156###/hashtag/NGO?src=hashtag_click###/hashtag/EuropeseUnie?src=hashtag_click###/hashtag/migranten?src=hashtag_click###/hashtag/migrantcrisis?src=hashtag_click###/hashtag/Immigration?src=hashtag_click;migrantcrisis;2024-09-30 09_27_27.801576;0.033936806023121;0.000047389577958;0.000032524054404;0.001304855919443;0.001452531432733;0.003652906510979;0.000094316710602;1. Against immigration, migrants, foreigners, refugees, or Muslims.
10;e3b62069719f83a6;d957b9f1c86f53a2;c45f83925c2b470b;2023-09-26T20:27:37.000Z;"Caarnaast, nogmaals #migrantcrisis is geen #vluchtelingencrisis.
#migranten, zelf zorgen voor onderdak, eten, etc. Moet iedere migrant. Dus huisje #opjebeurtwachten. #6160224test nooitvoorang";;;;10;migrantcrisis;2024-09-30 09_27_27.801576;0.060412019491196;0.000005234108357;0.000044208791223;0.000028746015232;0.000004275786068;0.000513187726028;0.000002962511189;1. Against immigration, migrants, foreigners, refugees, or Muslims.
11;c4ac8fde51ab3d2f;28fbc175ccf963db;5915afe945514a83;2021-08-27T21:31:25.000Z;"#Afghanistan #migrantcrisis 
Oef, wat een opluchting zeg !
#simplisme bij @vrtnws";;;2.0;/Belgonerd1###/Belgonerd1###/Belgonerd1/status/1431368780437929984###/hashtag/Afghanistan?src=hashtag_click###/hashtag/migrantcrisis?src=hashtag_click###/hashtag/simplisme?src=hashtag_click###/vrtnws;migrantcrisis;2024-09-30 09_27_27.801576;0.011305084452033;0.000006193373792;0.000071519745688;0.000194654188817;0.000074605522968;0.000812798738480;0.000085416926595;5. Is neutral.
12;6d495b658ccb36d6;f38fc9ea7ba75f04;dd00fc95aacb2c72;2020-08-14T18:57:22.000Z;"Inside Europe: Ten Years of Turmoil

It covers matters affecting the European Union, and in particular #Brexit, the #debtcrisis and the #migrantcrisis

Als je deze 3 crisissen uiteindelijk bekijkt, door de ogen van deze leiders, besef je dat Europa nog veel uitdagingen heeft.";1.0;;1.0;/KarlBoumans###/KarlBoumans###/KarlBoumans/status/1294347400472072192###/hashtag/Brexit?src=hashtag_click###/hashtag/debtcrisis?src=hashtag_click###/hashtag/migrantcrisis?src=hashtag_click;migrantcrisis;2024-09-30 09_27_27.801576;0.001297234324738;0.000000790602712;0.000000137253451;0.000097016367363;0.000012057387721;0.000127578634419;0.000038749542000;5. Is neutral.
13;e36a4bf37f0dce58;35c88f9b583366e5;2b3368832de6e0d0;2023-07-14T17:26:17.000Z;"#klaarmetRutte 
Hongarije heeft de oplossing gevonden voor de migrantcrisis : geen afgeronde asielprocedure, geen toegang tot de EU. Dit is het Hongaarse systeem en het werkt. Nu wil Brussel het vernietigen.! dit laat ik niet gebeuren  Orbán Viktor";3.0;33.0;48.0;1,6K;migrantcrisis;2024-09-30 09_27_27.801576;0.074231825768948;0.001509936177172;0.001013013999909;0.000059270172642;0.000037079727917;0.099818587303162;0.000858579820488;1. Against immigration, migrants, foreigners, refugees, or Muslims.
14;901cd4acf3e2355f;f1d80082eb97ede1;38c3d6f7860dda45;2023-02-18T09:04:04.000Z;Ik vraag mij elke dag af wanneer Nederland, en de rest van de wereld, massaal in opstand komt. Zijn de slapende schapen nog steeds in de meerderheid? #WEF #D666 #Rutte #kaag #Ohio #Ukraina #Epstein #Biden #migrantcrisis #boeren;2.0;3.0;16.0;664;migrantcrisis;2024-09-30 09_27_27.801576;0.410441726446152;0.062907792627811;0.000200057140319;0.002196847461164;0.000964916136581;0.379260212182999;0.000316642137477;6. Other: Criticizes government and global issues.
15;1eb2831714e0a0c7;0a277c42f331e1ac;cc7b7a3ae5c97d47;2023-07-14T15:57:35.000Z;Hongarije #migrantcrisis   heeft de oplossing: Geen afgeronde asiel procedure géén toegang tot de EU.;;3.0;3.0;103;migrantcrisis;2024-09-30 09_27_27.801576;0.061486888676882;0.000507664866745;0.000938215758651;0.000026544759749;0.000026743206035;0.026800176128745;0.002227390184999;1. Against immigration, migrants, foreigners, refugees, or Muslims.
16;be568eacb84aac7e;b7cde170f4d1b3bf;7e2c9d4c3686a57e;2021-07-21T21:25:34.000Z;Weer een paar mensen die het licht zien. Niet arbeidsmigratie faciliteren en  stimuleren, maar het verplaatsen van sectoren naar de landen waar wel arbeid is, is de oplossing! Goed voor iedereen, behalve voor uitbuitende en/of slechtbetalende ondernemers ! #migrantcrisis;5.0;6.0;16.0;/JacquesMonasch###/JacquesMonasch###/JacquesMonasch/status/1417958956857708549###/hashtag/migrantcrisis?src=hashtag_click;migrantcrisis;2024-09-30 09_27_27.801576;0.015322159044445;0.000788839592133;0.000024416782253;0.000042194307753;0.000003286137144;0.004442997742444;0.000062717255787;1. Against immigration, migrants, foreigners, refugees, or Muslims.
17;36e58c3aa5913270;cef678ad462ddafc;24d29350c6dbbcdc;2024-02-17T20:08:06.000Z;Je vergeet uitzetten! Nog beter: niet binnen laten! #rellen #DenHaag #migrantcrisis;;;3.0;870;migrantcrisis;2024-09-30 09_27_27.801576;0.133503824472427;0.000152335720486;0.000002102683311;0.000045745320676;0.000030211951525;0.005438787396997;0.000000981280209;1. Against immigration, migrants, foreigners, refugees, or Muslims.
18;9157eb9cde4730fb;008d3baa5195d527;e79a054808a459bd;2021-10-14T05:06:23.000Z;"Hmmmmm. Alles passeert de revu behalve statushouders die met voorang woningen krijgen. 
#woningnood #migrantcrisis";;;1.0;/alfred_silenus###/alfred_silenus###/alfred_silenus/status/1448515506399551488###/denieuwsbv###/poeetweet###/pieterderks###/hashtag/woningnood?src=hashtag_click###/hashtag/migrantcrisis?src=hashtag_click;migrantcrisis;2024-09-30 09_27_27.801576;0.003736767219380;0.000002381077365;0.000001256687028;0.000013641462829;0.000005437401796;0.000040613358578;0.000014041837858;1. Against immigration, migrants, foreigners, refugees, or Muslims.
19;cc0524d94eb058b3;44597143c123b7f1;2d832b60a168d460;2024-08-13T14:55:20.000Z;"Zijn de Westerse 'vrije' samenlevingen in een terminale staat of is de zaak nog te redden? #klimaathysterie #FreeSpeech #migrantcrisis #WEF etc... RT = 
@Kijkverder1";3.0;7.0;6.0;467;migrantcrisis;2024-09-30 09_27_27.801576;0.060721807181835;0.000797353917733;0.000001074817533;0.000094569506473;0.000005675221018;0.013749605976045;0.000500224065035;5. Is neutral.
20;;;;;This post is unavailable.;;;;;migrantcrisis;2024-09-30 09_27_27.801576;0.000118929085147;0.000000015512335;0.000000097311784;0.000661179888994;0.000003063055601;0.000033176205761;0.000041807754315;
21;;;;;This post is unavailable.;;;;;migrantcrisis;2024-09-30 09_27_27.801576;0.000118929085147;0.000000015512335;0.000000097311784;0.000661179888994;0.000003063055601;0.000033176205761;0.000041807754315;
22;;;;;This post is unavailable.;;;;;migrantcrisis;2024-09-30 09_27_27.801576;0.000118929085147;0.000000015512335;0.000000097311784;0.000661179888994;0.000003063055601;0.000033176205761;0.000041807754315;
23;;;;;This post is unavailable.;;;;;migrantcrisis;2024-09-30 09_27_27.801576;0.000118929085147;0.000000015512335;0.000000097311784;0.000661179888994;0.000003063055601;0.000033176205761;0.000041807754315;
24;;;;;This post is unavailable.;;;;;migrantcrisis;2024-09-30 09_27_27.801576;0.000118929085147;0.000000015512335;0.000000097311784;0.000661179888994;0.000003063055601;0.000033176205761;0.000041807754315;
25;;;;;This post is unavailable.;;;;;migrantcrisis;2024-09-30 09_27_27.801576;0.000118929085147;0.000000015512335;0.000000097311784;0.000661179888994;0.000003063055601;0.000033176205761;0.000041807754315;
26;29fc1326de342da1;28fbc175ccf963db;5915afe945514a83;2020-03-09T08:16:40.000Z;Aangezien uw logische suggestie een minimum aan moed en gezond verstand vergt,is ze niet aan  #Cowards als @eucopresident noch aan @EU_Commission van @vonderleyen @TimmermansEU besteed. Die #idiots zullen aan  #CriminalInChief #Erdogan juist méér toegevingen doen. #MigrantCrisis;1.0;;;/Belgonerd1###/Belgonerd1###/Belgonerd1/status/1236928880570753025###/DirkGerard###/hashtag/Cowards?src=hashtag_click###/eucopresident###/EU_Commission###/vonderleyen###/hashtag/idiots?src=hashtag_click###/hashtag/CriminalInChief?src=hashtag_click###/hashtag/Erdogan?src=hashtag_click###/hashtag/MigrantCrisis?src=hashtag_click;migrantcrisis;2024-09-30 09_27_27.801576;0.439433872699737;0.000107227308035;0.000019477325623;0.001047313213348;0.000156799840624;0.010013840161264;0.000061377475504;1. Against immigration, migrants, foreigners, refugees, or Muslims.
27;69f30239b0400cbb;28fbc175ccf963db;5915afe945514a83;2020-03-02T07:18:41.000Z;#MigrantCrisis #taxpayers Ik ken er alvast een aantal die geen moer om blanke #Europeans geven: @EU_Commission met @TimmermansEU en @vonderleyen, leden van de @EUCouncil en zeker de @eucopresident, @MeyremAlmaci @WouterDeVriendt @guyverhofstadt @kristofcalvo @BartSomers. @EU4BE;;;1.0;/Belgonerd1###/Belgonerd1###/Belgonerd1/status/1234377570399006722###/ivovd2###/me2_of3###/hashtag/MigrantCrisis?src=hashtag_click###/hashtag/taxpayers?src=hashtag_click###/hashtag/Europeans?src=hashtag_click###/EU_Commission###/vonderleyen###/EUCouncil###/eucopresident###/MeyremAlmaci###/guyverhofstadt###/kristofcalvo###/BartSomers###/EU4BE;migrantcrisis;2024-09-30 09_27_27.801576;0.189577564597130;0.000026578574762;0.005372708197683;0.000637435994577;0.000040169510612;0.000924558611587;0.000100991361251;1. Against immigration, migrants, foreigners, refugees, or Muslims.
28;f81bff0a42cee0a4;1d7b87193b0d6da8;55e047b5525c00d2;2021-11-10T13:58:25.000Z;"Misschien had die Duitse activiste beter aan de Wit-Russische kant van de grens kunnen gaan staan Gutmenschouwehoeren...

Alsjeblieft zeg, niet de hele wereld naar Europa slepen!
#grenzendicht #migrantcrisis #polandbelarus #PolandHoldTheLine";3.0;3.0;23.0;/PeterBeuker###/PeterBeuker###/PeterBeuker/status/1458433869493964802###/hashtag/grenzendicht?src=hashtag_click###/hashtag/migrantcrisis?src=hashtag_click###/hashtag/polandbelarus?src=hashtag_click###/hashtag/PolandHoldTheLine?src=hashtag_click;migrantcrisis;2024-09-30 09_27_27.801576;0.493081152439117;0.000253161939327;0.000019099968995;0.010953319258988;0.000899482809473;0.009327229112387;0.000019790837541;1. Against immigration, migrants, foreigners, refugees, or Muslims.
29;e03b205c8b9dd4cd;8e1456e0b8d3c21d;0bd9cb1abfc43224;2023-08-25T06:38:33.000Z;Wie zijn deze NGO’s? #asielindustrie #migrantcrisis #migranten #ASIELSTOP;1.0;2.0;3.0;460;migrantcrisis;2024-09-30 09_27_27.801576;0.017099250108004;0.000032265270420;0.000000608092762;0.000046977958846;0.000044645850721;0.000229026903980;0.000015409865227;1. Against immigration, migrants, foreigners, refugees, or Muslims.
30;;;;;This post is unavailable.;;;;;migrantcrisis;2024-09-30 09_27_27.801576;0.000118929085147;0.000000015512335;0.000000097311784;0.000661179888994;0.000003063055601;0.000033176205761;0.000041807754315;
31;;;;;This post is unavailable.;;;;;migrantcrisis;2024-09-30 09_27_27.801576;0.000118929085147;0.000000015512335;0.000000097311784;0.000661179888994;0.000003063055601;0.000033176205761;0.000041807754315;
32;;;;;This post is unavailable.;;;;;migrantcrisis;2024-09-30 09_27_27.801576;0.000118929085147;0.000000015512335;0.000000097311784;0.000661179888994;0.000003063055601;0.000033176205761;0.000041807754315;
33;;;;;This post is unavailable.;;;;;migrantcrisis;2024-09-30 09_27_27.801576;0.000118929085147;0.000000015512335;0.000000097311784;0.000661179888994;0.000003063055601;0.000033176205761;0.000041807754315;
34;;;;;This post is unavailable.;;;;;migrantcrisis;2024-09-30 09_27_27.801576;0.000118929085147;0.000000015512335;0.000000097311784;0.000661179888994;0.000003063055601;0.000033176205761;0.000041807754315;
35;;;;;This post is unavailable.;;;;;migrantcrisis;2024-09-30 09_27_27.801576;0.000118929085147;0.000000015512335;0.000000097311784;0.000661179888994;0.000003063055601;0.000033176205761;0.000041807754315;
36;;;;;This post is unavailable.;;;;;migrantcrisis;2024-09-30 09_27_27.801576;0.000118929085147;0.000000015512335;0.000000097311784;0.000661179888994;0.000003063055601;0.000033176205761;0.000041807754315;
37;;;;;This post is unavailable.;;;;;migrantcrisis;2024-09-30 09_27_27.801576;0.000118929085147;0.000000015512335;0.000000097311784;0.000661179888994;0.000003063055601;0.000033176205761;0.000041807754315;
38;f7b7da8c56735f87;b6a343454acb9c76;6ca4e18e1fa7d34d;2022-06-09T14:39:26.000Z;Er zijn vast wel wat lege mega stallen te gebruiken van boeren die weg getreiterd zijn door de overheid om de gelukzoekers op te vangen  #grenzendicht #migrantcrisis #nexit;;;;/ArtEenhoorn###/ArtEenhoorn###/ArtEenhoorn/status/1534908029442850817###/RTLnieuws###/hashtag/grenzendicht?src=hashtag_click###/hashtag/migrantcrisis?src=hashtag_click###/hashtag/migrantcrisis?src=hashtag_click###/hashtag/nexit?src=hashtag_click;migrantcrisis;2024-09-30 09_27_27.801576;0.049386501312256;0.000078019395005;0.000428816856583;0.000685017905198;0.000049503400078;0.014103757217526;0.000246280978899;1. Against immigration, migrants, foreigners, refugees, or Muslims.
39;7cd0bd96f380953c;28fbc175ccf963db;5915afe945514a83;2021-11-16T14:20:23.000Z;Het is alweer pijnlijk tekenend voor de zwakte van @EU_Commission @vonderleyen @eucopresident dat #Merkel met #Loekasjenko heeft moeten bellen i.v.m. deze #migrantcrisis.;;;1.0;/Belgonerd1###/Belgonerd1###/Belgonerd1/status/1460613723375161344###/HLN_BE###/EU_Commission###/vonderleyen###/eucopresident###/hashtag/Merkel?src=hashtag_click###/hashtag/Loekasjenko?src=hashtag_click###/hashtag/migrantcrisis?src=hashtag_click;migrantcrisis;2024-09-30 09_27_27.801576;0.053673923015594;0.000003231835763;0.000689761422109;0.000067556669819;0.000038920494262;0.002708377549425;0.000077412660175;5. Is neutral.
40;;;;;This post is unavailable.;;;;;migrantcrisis;2024-09-30 09_27_27.801576;0.000118929085147;0.000000015512335;0.000000097311784;0.000661179888994;0.000003063055601;0.000033176205761;0.000041807754315;
41;;;;;This post is unavailable.;;;;;migrantcrisis;2024-09-30 09_27_27.801576;0.000118929085147;0.000000015512335;0.000000097311784;0.000661179888994;0.000003063055601;0.000033176205761;0.000041807754315;
42;;;;;This post is unavailable.;;;;;migrantcrisis;2024-09-30 09_27_27.801576;0.000118929085147;0.000000015512335;0.000000097311784;0.000661179888994;0.000003063055601;0.000033176205761;0.000041807754315;
43;;;;;This post is unavailable.;;;;;migrantcrisis;2024-09-30 09_27_27.801576;0.000118929085147;0.000000015512335;0.000000097311784;0.000661179888994;0.000003063055601;0.000033176205761;0.000041807754315;
44;c66ca19d259ef363;28fbc175ccf963db;5915afe945514a83;2020-08-28T09:09:06.000Z;"#criminals #migrantcrisis
@catmoureaux stond erbij en keek ernaar.
https://bruzz.be/samenleving/doodsbange-bewoonster-sippelbergwijk-wil-van-hangjongeren-hier-wet-2020-08-27…";;;;/Belgonerd1###/Belgonerd1###/Belgonerd1/status/1299272788096749569###/hashtag/criminals?src=hashtag_click###/hashtag/migrantcrisis?src=hashtag_click###/catmoureaux###https://t.co/AL8AHrJERB;migrantcrisis;2024-09-30 09_27_27.801576;0.100158341228962;0.000723653822206;0.000415126152802;0.000161580610438;0.000064926302002;0.007173922844231;0.000103759382910;1. Against immigration, migrants, foreigners, refugees, or Muslims.
45;c3a78ee2ea8c2fdf;9be0c52ff0437319;ac8b50c67e27202a;2020-03-06T15:08:18.000Z;850 miljoen mensen die honger hebben en te zwak of arm zijn om naar de Europese grenzen te lopen. #MigrantCrisis #Migranten;;;2.0;/ReneZalm###/ReneZalm###/ReneZalm/status/1235945306291871744###/LodewijkA###/hashtag/MigrantCrisis?src=hashtag_click###/hashtag/Migranten?src=hashtag_click;migrantcrisis;2024-09-30 09_27_27.801576;0.019915148615837;0.000018457531041;0.000166013443959;0.000445421756012;0.000065462576458;0.001183309708722;0.000026414332751;5. Is neutral.
46;;;;;This post is unavailable.;;;;;migrantcrisis;2024-09-30 09_27_27.801576;0.000118929085147;0.000000015512335;0.000000097311784;0.000661179888994;0.000003063055601;0.000033176205761;0.000041807754315;
47;;;;;This post is unavailable.;;;;;migrantcrisis;2024-09-30 09_27_27.801576;0.000118929085147;0.000000015512335;0.000000097311784;0.000661179888994;0.000003063055601;0.000033176205761;0.000041807754315;
48;;;;;This post is unavailable.;;;;;migrantcrisis;2024-09-30 09_27_27.801576;0.000118929085147;0.000000015512335;0.000000097311784;0.000661179888994;0.000003063055601;0.000033176205761;0.000041807754315;
49;;;;;This post is unavailable.;;;;;migrantcrisis;2024-09-30 09_27_27.801576;0.000118929085147;0.000000015512335;0.000000097311784;0.000661179888994;0.000003063055601;0.000033176205761;0.000041807754315;
50;;;;;This post is unavailable.;;;;;migrantcrisis;2024-09-30 09_27_27.801576;0.000118929085147;0.000000015512335;0.000000097311784;0.000661179888994;0.000003063055601;0.000033176205761;0.000041807754315;
51;;;;;This post is unavailable.;;;;;migrantcrisis;2024-09-30 09_27_27.801576;0.000118929085147;0.000000015512335;0.000000097311784;0.000661179888994;0.000003063055601;0.000033176205761;0.000041807754315;
52;;;;;This post is unavailable.;;;;;migrantcrisis;2024-09-30 09_27_27.801576;0.000118929085147;0.000000015512335;0.000000097311784;0.000661179888994;0.000003063055601;0.000033176205761;0.000041807754315;
53;;;;;This post is unavailable.;;;;;migrantcrisis;2024-09-30 09_27_27.801576;0.000118929085147;0.000000015512335;0.000000097311784;0.000661179888994;0.000003063055601;0.000033176205761;0.000041807754315;
54;e020f197e91b6602;606cfc0382b97ba3;e787278e03e14a9f;2021-08-01T21:42:47.000Z;Leest u weer even mee ? Het houdt niet op ! #migrantcrisis;;;1.0;/Paradijsvogel2###/Paradijsvogel2###/Paradijsvogel2/status/1421949554841329664###/hashtag/migrantcrisis?src=hashtag_click;migrantcrisis;2024-09-30 09_27_27.801576;0.044270537793636;0.000157181100803;0.000005930350198;0.000075667645433;0.000114010144898;0.002241066424176;0.000052498206060;1. Against immigration, migrants, foreigners, refugees, or Muslims.
55;02c193e18c564c78;afa7b3d0ac082475;808f768ee705142a;2022-08-29T09:04:31.000Z;@D66  en @VVD  zeggen kom maar hoor wij hebben plek zat! #migrantcrisis  ‘Monstermoesson’ in Pakistan: 33 miljoen mensen op de vlucht https://ad.nl/buitenland/monstermoesson-in-pakistan-33-miljoen-mensen-op-de-vlucht~a7729c1af/?utm_source=twitter&utm_medium=social&utm_campaign=socialsharing_web…;;;;/hetdieptepunt###/hetdieptepunt###/hetdieptepunt/status/1564177163825340416###/D66###/VVD###/hashtag/migrantcrisis?src=hashtag_click###https://t.co/zegkbruBuB;migrantcrisis;2024-09-30 09_27_27.801576;0.016697490587830;0.000465256976895;0.000023214139219;0.000137800132507;0.000045445431169;0.015969181433320;0.000328321213601;1. Against immigration, migrants, foreigners, refugees, or Muslims.
56;9233f5aa89389eb2;e2ee4a2a39bddb02;156ba705d959b7a5;2018-08-19T11:25:12.000Z;"CD&V'er Hendrik Bogaert pleit voor versnelde uitbreiding gesloten centra
@cdenv @hendrikbogaert
#migrants #Belgie #migrantcrisis
https://demorgen.be/politiek/cd-v-er-hendrik-bogaert-pleit-voor-versnelde-uitbreiding-gesloten-centra-b58b8c8f/…";;;;/petrodom###/petrodom###/petrodom/status/1031140017454891008###/cdenv###/hendrikbogaert###/hashtag/migrants?src=hashtag_click###/hashtag/Belgie?src=hashtag_click###/hashtag/migrantcrisis?src=hashtag_click###https://t.co/T9hqz8ehU1;migrantcrisis;2024-09-30 09_27_27.801576;0.002140609547496;0.000068221481342;0.000002541977892;0.000086654436018;0.000039547103370;0.000315694749588;0.000009971201507;1. Against immigration, migrants, foreigners, refugees, or Muslims.
57;;;;;This post is unavailable.;;;;;migrantcrisis;2024-09-30 09_27_27.801576;0.000118929085147;0.000000015512335;0.000000097311784;0.000661179888994;0.000003063055601;0.000033176205761;0.000041807754315;
58;;;;;This post is unavailable.;;;;;migrantcrisis;2024-09-30 09_27_27.801576;0.000118929085147;0.000000015512335;0.000000097311784;0.000661179888994;0.000003063055601;0.000033176205761;0.000041807754315;
59;;;;;This post is unavailable.;;;;;migrantcrisis;2024-09-30 09_27_27.801576;0.000118929085147;0.000000015512335;0.000000097311784;0.000661179888994;0.000003063055601;0.000033176205761;0.000041807754315;
60;;;;;This post is unavailable.;;;;;migrantcrisis;2024-09-30 09_27_27.801576;0.000118929085147;0.000000015512335;0.000000097311784;0.000661179888994;0.000003063055601;0.000033176205761;0.000041807754315;
61;;;;;This post is unavailable.;;;;;migrantcrisis;2024-09-30 09_27_27.801576;0.000118929085147;0.000000015512335;0.000000097311784;0.000661179888994;0.000003063055601;0.000033176205761;0.000041807754315;
62;;;;;This post is unavailable.;;;;;migrantcrisis;2024-09-30 09_27_27.801576;0.000118929085147;0.000000015512335;0.000000097311784;0.000661179888994;0.000003063055601;0.000033176205761;0.000041807754315;
63;;;;;This post is unavailable.;;;;;migrantcrisis;2024-09-30 09_27_27.801576;0.000118929085147;0.000000015512335;0.000000097311784;0.000661179888994;0.000003063055601;0.000033176205761;0.000041807754315;
64;;;;;This post is unavailable.;;;;;migrantcrisis;2024-09-30 09_27_27.801576;0.000118929085147;0.000000015512335;0.000000097311784;0.000661179888994;0.000003063055601;0.000033176205761;0.000041807754315;
65;;;;;This post is unavailable.;;;;;migrantcrisis;2024-09-30 09_27_27.801576;0.000118929085147;0.000000015512335;0.000000097311784;0.000661179888994;0.000003063055601;0.000033176205761;0.000041807754315;
66;;;;;This post is unavailable.;;;;;migrantcrisis;2024-09-30 09_27_27.801576;0.000118929085147;0.000000015512335;0.000000097311784;0.000661179888994;0.000003063055601;0.000033176205761;0.000041807754315;
67;;;;;This post is unavailable.;;;;;migrantcrisis;2024-09-30 09_27_27.801576;0.000118929085147;0.000000015512335;0.000000097311784;0.000661179888994;0.000003063055601;0.000033176205761;0.000041807754315;
68;;;;;This post is unavailable.;;;;;migrantcrisis;2024-09-30 09_27_27.801576;0.000118929085147;0.000000015512335;0.000000097311784;0.000661179888994;0.000003063055601;0.000033176205761;0.000041807754315;
69;ff6dd3092014f550;b542767e17237470;c9823a769263a068;2022-08-10T14:33:13.000Z;Deze Haagse idioten helpen ons land naar de kloten: @markrutte @SigridKaag @WBHoekstra @TjeerdD66 @RobJetten @jpaternotte #RutteMoetWeg #stopmigratie #migrantcrisis;;;1.0;/LawWarrier###/LawWarrier###/LawWarrier/status/1557374512584441858###/Gerard1945X###/markrutte###/SigridKaag###/WBHoekstra###/TjeerdD66###/RobJetten###/jpaternotte###/hashtag/RutteMoetWeg?src=hashtag_click###/hashtag/stopmigratie?src=hashtag_click###/hashtag/migrantcrisis?src=hashtag_click;migrantcrisis;2024-09-30 09_27_27.801576;0.649303495883942;0.000645947409794;0.000011496000297;0.000012274600522;0.000003449511723;0.023323843255639;0.000044350461394;1. Against immigration, migrants, foreigners, refugees, or Muslims.
70;ce6b85348fb16ab5;b542767e17237470;c9823a769263a068;2022-08-29T07:39:52.000Z;"Zij liggen in het gras; in Brussel liggen ze op steen en niemand maakt zich daar druk over. #migrantcrisis";;;;/LawWarrier###/LawWarrier###/LawWarrier/status/1564155862582714368###/NUnl###/hashtag/migrantcrisis?src=hashtag_click;migrantcrisis;2024-09-30 09_27_27.801576;0.154905423521995;0.000041110695747;0.000032196141547;0.000050361868489;0.000016261663404;0.007156569045037;0.000271428783890;1. Against immigration, migrants, foreigners, refugees, or Muslims.
71;f11c79aeb8819616;606cfc0382b97ba3;e787278e03e14a9f;2021-08-01T08:21:42.000Z;En deze ‘boefjes’ migranten probeerden te ontsnappen ! #migrantcrisis;;;2.0;/Paradijsvogel2###/Paradijsvogel2###/Paradijsvogel2/status/1421747955942531089###/hashtag/migrantcrisis?src=hashtag_click;migrantcrisis;2024-09-30 09_27_27.801576;0.605175733566284;0.002271343721077;0.000017009493604;0.001168194808997;0.000165434626979;0.058837946504354;0.000229028213653;1. Against immigration, migrants, foreigners, refugees, or Muslims.
72;;;;;This post is unavailable.;;;;;migrantcrisis;2024-09-30 09_27_27.801576;0.000118929085147;0.000000015512335;0.000000097311784;0.000661179888994;0.000003063055601;0.000033176205761;0.000041807754315;
73;;;;;This post is unavailable.;;;;;migrantcrisis;2024-09-30 09_27_27.801576;0.000118929085147;0.000000015512335;0.000000097311784;0.000661179888994;0.000003063055601;0.000033176205761;0.000041807754315;
74;76746fd862c95133;2fd4d07bef02642d;ff61fa6f8110fc0e;2020-03-05T00:05:47.000Z;"Écht even filmpje kijken, @ChrisAalberts is hilarisch:

""Laan we nou niet moeilijk doen over die paar tienduizend mensen...
.. kijk, da's de andere kant van hetzelfde verhaal""

#GreeceUnderAttack #MigrantCrisis";1.0;5.0;3.0;/JanOoms9###/JanOoms9###/JanOoms9/status/1235355793215631361###/ChrisAalberts###/hashtag/GreeceUnderAttack?src=hashtag_click###/hashtag/MigrantCrisis?src=hashtag_click;migrantcrisis;2024-09-30 09_27_27.801576;0.020919850096107;0.000259379972704;0.000010090065189;0.000182967676665;0.000041158313252;0.011866286396980;0.000075028590800;5. Is neutral.
75;;;;;This post is unavailable.;;;;;migrantcrisis;2024-09-30 09_27_27.801576;0.000118929085147;0.000000015512335;0.000000097311784;0.000661179888994;0.000003063055601;0.000033176205761;0.000041807754315;
76;;;;;This post is unavailable.;;;;;migrantcrisis;2024-09-30 09_27_27.801576;0.000118929085147;0.000000015512335;0.000000097311784;0.000661179888994;0.000003063055601;0.000033176205761;0.000041807754315;
77;e572380fc77e7c9a;81f8f6dde88365f3;20011cde6912ac60;2022-05-16T12:55:36.000Z;"Dan moet het #COA DE DEUREN GESLOTEN HOUDEN.
BINNEN 2 WEKEN IS HET GESTOPT MET DE GROTE AANTALLEN. #migrantcrisis";;;1.0;/j_flamingo###/j_flamingo###/j_flamingo/status/1526184590158835713###/hashtag/COA?src=hashtag_click###/hashtag/migrantcrisis?src=hashtag_click;migrantcrisis;2024-09-30 09_27_27.801576;0.047936189919710;0.000158609604114;0.000084835141024;0.000021741372620;0.000040589620767;0.002899535465986;0.000012530079402;1. Against immigration, migrants, foreigners, refugees, or Muslims.
78;;;;;This post is unavailable.;;;;;migrantcrisis;2024-09-30 09_27_27.801576;0.000118929085147;0.000000015512335;0.000000097311784;0.000661179888994;0.000003063055601;0.000033176205761;0.000041807754315;
79;;;;;This post is unavailable.;;;;;migrantcrisis;2024-09-30 09_27_27.801576;0.000118929085147;0.000000015512335;0.000000097311784;0.000661179888994;0.000003063055601;0.000033176205761;0.000041807754315;
80;75a631ecf90e805e;606cfc0382b97ba3;e787278e03e14a9f;2023-08-22T14:01:43.000Z;Het kàn dus wél , maar zij noemen het ook Illegale  Migranten !#migrantcrisis;;;1.0;109;migrantcrisis;2024-09-30 09_27_27.801576;0.017394140362740;0.000006031131306;0.000000902093518;0.000005950847481;0.000001604309659;0.000459825445432;0.000009477786989;1. Against immigration, migrants, foreigners, refugees, or Muslims.
81;f5f9f8e9974c5637;606cfc0382b97ba3;e787278e03e14a9f;2023-03-29T22:24:44.000Z;"Zou Eric vd Burg nog wakker zijn ? Denk het niet , morgen weer n dag .
#migrantcrisis";;;;38;migrantcrisis;2024-09-30 09_27_27.801576;0.013163610361516;0.000441778392997;0.000017100051991;0.000053329717048;0.000031914143619;0.007783190812916;0.000022803606043;5. Is neutral.
82;;;;;This post is unavailable.;;;;;migrantcrisis;2024-09-30 09_27_27.801576;0.000118929085147;0.000000015512335;0.000000097311784;0.000661179888994;0.000003063055601;0.000033176205761;0.000041807754315;
83;;;;;This post is unavailable.;;;;;migrantcrisis;2024-09-30 09_27_27.801576;0.000118929085147;0.000000015512335;0.000000097311784;0.000661179888994;0.000003063055601;0.000033176205761;0.000041807754315;
84;96d279414260ee9d;606cfc0382b97ba3;e787278e03e14a9f;2021-08-01T13:01:32.000Z;Leest uw weer even mee ?  #migrantcrisis;;;;/Paradijsvogel2###/Paradijsvogel2###/Paradijsvogel2/status/1421818378466078731###/hashtag/migrantcrisis?src=hashtag_click;migrantcrisis;2024-09-30 09_27_27.801576;0.009690841659904;0.000026504667403;0.000015266328774;0.000147963699419;0.000074313466030;0.000358057033736;0.000035409564589;5. Is neutral.
85;;;;;This post is unavailable.;;;;;migrantcrisis;2024-09-30 09_27_27.801576;0.000118929085147;0.000000015512335;0.000000097311784;0.000661179888994;0.000003063055601;0.000033176205761;0.000041807754315;
86;;;;;This post is unavailable.;;;;;migrantcrisis;2024-09-30 09_27_27.801576;0.000118929085147;0.000000015512335;0.000000097311784;0.000661179888994;0.000003063055601;0.000033176205761;0.000041807754315;
87;e062c62299a63a86;606cfc0382b97ba3;e787278e03e14a9f;2023-07-16T21:05:21.000Z;Rutte : Ze komen via LIBIË . #asielinstroom migrantcrisis;;;;141;migrantcrisis;2024-09-30 09_27_27.801576;0.048801548779011;0.000047927049309;0.000001279435992;0.000162348471349;0.000060542817664;0.005742084700614;0.000153343804413;5. Is neutral.
88;c3e157a8b102685a;2fd4d07bef02642d;ff61fa6f8110fc0e;2024-08-04T13:02:54.000Z;"De Nederlandse journalistiek heeft al grotendeels gecapituleerd, of zit in een verknipte groupthink gevangen.

#migrantcrisis";;1.0;20.0;891;migrantcrisis;2024-09-30 09_27_27.801576;0.207384511828422;0.000472033018013;0.000496646272950;0.000180467119208;0.000264640984824;0.005588292609900;0.001159076229669;6. Other: Criticizes Dutch journalism's groupthink.
89;325e524fe5bc1c2d;606cfc0382b97ba3;e787278e03e14a9f;2021-08-01T13:18:40.000Z;Meer dan 4OO migranten gered voor de Tunesische kust . #migrantcrisis;;;;/Paradijsvogel2###/Paradijsvogel2###/Paradijsvogel2/status/1421822692714500098###/hashtag/migrantcrisis?src=hashtag_click;migrantcrisis;2024-09-30 09_27_27.801576;0.002777379471809;0.000154491630383;0.000056248438341;0.000415105809225;0.000091691646958;0.006125459913164;0.000737744150683;5. Is neutral.
90;;;;;This post is unavailable.;;;;;migrantcrisis;2024-09-30 09_27_27.801576;0.000118929085147;0.000000015512335;0.000000097311784;0.000661179888994;0.000003063055601;0.000033176205761;0.000041807754315;
91;;;;;This post is unavailable.;;;;;migrantcrisis;2024-09-30 09_27_27.801576;0.000118929085147;0.000000015512335;0.000000097311784;0.000661179888994;0.000003063055601;0.000033176205761;0.000041807754315;
92;c2669ddfc345c8d8;4733db3c189c8aa4;27d2ec383950752b;2021-09-13T16:42:20.000Z;"Mega woningen tekort, onhoudbare druk op de zorg. Tekort aan sociale voorzieningen. Ons land kan de grote instroom aan mensen helemaal niet aan. 
#migrantcrisis #migratienoodtoestand #VVD";;1.0;1.0;/VdhurkL###/VdhurkL###/VdhurkL/status/1437456622239027208###/hashtag/migrantcrisis?src=hashtag_click###/hashtag/migratienoodtoestand?src=hashtag_click###/hashtag/VVD?src=hashtag_click;migrantcrisis;2024-09-30 09_27_27.801576;0.047248601913452;0.000074199604569;0.000094285685918;0.000009397297617;0.000043030253437;0.001132901292294;0.000130884945975;1. Against immigration, migrants, foreigners, refugees, or Muslims.
93;;;;;This post is unavailable.;;;;;migrantcrisis;2024-09-30 09_27_27.801576;0.000118929085147;0.000000015512335;0.000000097311784;0.000661179888994;0.000003063055601;0.000033176205761;0.000041807754315;
94;;;;;This post is unavailable.;;;;;migrantcrisis;2024-09-30 09_27_27.801576;0.000118929085147;0.000000015512335;0.000000097311784;0.000661179888994;0.000003063055601;0.000033176205761;0.000041807754315;
95;53a26b2e33a5851b;8fde200208c4e9bc;83c3bf352d2e9471;2020-03-14T15:05:01.000Z;Onmiddellijk jullie vloot inzetten om deze slachtoffers van mensenhandel over te brengen naar #Turkije ... blijkt namelijk dat het #DNA daar immuun is voor #Covid_19 ... jullie hebben het materiaal en de contacten... #ArtsenzonderGrenzen #migrantcrisis #IStandWithGreece;;1.0;2.0;/RNCrypto74###/RNCrypto74###/RNCrypto74/status/1238843584289308672###/AzG_nl###/hashtag/Turkije?src=hashtag_click###/hashtag/DNA?src=hashtag_click###/hashtag/Covid_19?src=hashtag_click###/hashtag/ArtsenzonderGrenzen?src=hashtag_click###/hashtag/migrantcrisis?src=hashtag_click###/hashtag/IStandWithGreece?src=hashtag_click;migrantcrisis;2024-09-30 09_27_27.801576;0.075182795524597;0.008448590524495;0.000032130748878;0.002205176046118;0.000319871644024;0.192992091178894;0.000756093766540;1. Against immigration, migrants, foreigners, refugees, or Muslims.
96;157eb75d1aa34189;569f1e6290922bbb;f3230e281fe30b0b;2020-03-26T10:38:48.000Z;@CharlesMichel @vonderleyen hebben een strikt geheime meeting...Italië werd door voorgangers ook niet geholpen tijdens #migrantcrisis ...moeten we helpen of niet...een communiqué wordt verwacht rond 1mei !!! Ze willen dit SNEL beslissen, geen tijd verliezen, go go go @EP_Belgium;;;;/FrankDePauw1###/FrankDePauw1###/FrankDePauw1/status/1243125242748338176###/CharlesMichel###/vonderleyen###/hashtag/migrantcrisis?src=hashtag_click;migrantcrisis;2024-09-30 09_27_27.801576;0.002635032869875;0.000214773841435;0.000006592318186;0.000083478524175;0.000014314607142;0.002551981480792;0.000012949761185;5. Is neutral.
97;7c0368f3e3d75ef5;42e546fddcccc9c2;4421cbcb4a93c5ef;2023-10-04T10:50:14.000Z;Volgens mij gaan er veel slachtoffers vallen door het massaal binnenbrengen van misdadigers die nu al dagelijks het nieuws halen ! #migrantcrisis;;;3.0;36;migrantcrisis;2024-09-30 09_27_27.801576;0.269722223281860;0.002067184075713;0.000102633923234;0.000181288400199;0.000119787124277;0.262545466423035;0.000697606126778;1. Against immigration, migrants, foreigners, refugees, or Muslims.
98;603bcc9ba901e084;27bc67289adeebe0;f0b8a8c400410492;2022-10-29T07:48:27.000Z;Wie kent het liedje nog 15 miljoen mensen. #migrantcrisis https://youtu.be/9k9ZNf_aJUM;;;;/Lexveldhuizen###/Lexveldhuizen###/Lexveldhuizen/status/1586263682635268096###/hashtag/migrantcrisis?src=hashtag_click###https://t.co/61JAYsZhMD;migrantcrisis;2024-09-30 09_27_27.801576;0.001283726072870;0.000000754450241;0.000000168856346;0.000117850184324;0.000028943988582;0.000732863263693;0.000008196346243;5. Is neutral.
99;f888009779a3ac0e;0f5e0cde310ca883;64065b2fc4117a46;2018-06-22T20:30:47.000Z;#MigrantCrisis Wat een oplichters. maar toch lukt t deze organisaties met hulp van ngo s migratiegeld binnen te harken.;;;;/paulavhulten###/paulavhulten###/paulavhulten/status/1010258822034788352###/hashtag/MigrantCrisis?src=hashtag_click;migrantcrisis;2024-09-30 09_27_27.801576;0.748936891555786;0.000322798499838;0.000164369659615;0.000440199451987;0.000064881234721;0.155058234930038;0.000559257925488;1. Against immigration, migrants, foreigners, refugees, or Muslims.
100;976d2f14b43ba9f6;706ccf4e6206c27b;1208521a34a192ef;2019-10-21T06:29:17.000Z;Sophie in 't Geld: Ik zou d'r geloven als het EU beleid qua buitengrenzen niet zo lek was. Voor de migrantcrisis hadden ze er überhaupt nooit over nagedacht. Nu moeten we een arm moslimland inlijven. Veel plezier.;;;;/PietervanderMe2###/PietervanderMe2###/PietervanderMe2/status/1186167553980325890###/superjan;migrantcrisis;2024-09-30 09_27_27.801576;0.428517818450928;0.001588471583091;0.000013142101125;0.001317511079833;0.001081600436009;0.858249604701996;0.006663592066616;1. Against immigration, migrants, foreigners, refugees, or Muslims.
101;;;;;This post is unavailable.;;;;;migrantcrisis;2024-09-30 09_27_27.801576;0.000118929085147;0.000000015512335;0.000000097311784;0.000661179888994;0.000003063055601;0.000033176205761;0.000041807754315;
102;;;;;This post is unavailable.;;;;;migrantcrisis;2024-09-30 09_27_27.801576;0.000118929085147;0.000000015512335;0.000000097311784;0.000661179888994;0.000003063055601;0.000033176205761;0.000041807754315;
103;;;;;This post is unavailable.;;;;;migrantcrisis;2024-09-30 09_27_27.801576;0.000118929085147;0.000000015512335;0.000000097311784;0.000661179888994;0.000003063055601;0.000033176205761;0.000041807754315;
104;;;;;This post is unavailable.;;;;;migrantcrisis;2024-09-30 09_27_27.801576;0.000118929085147;0.000000015512335;0.000000097311784;0.000661179888994;0.000003063055601;0.000033176205761;0.000041807754315;
105;b316e7eaf9bbbb14;244cfe4e5bde16f2;57539ddb120ee5e6;2021-05-30T14:32:26.000Z;De zegeningen van #migratie Moordcijfer #Zweden hoger dan meeste andere Europese landen: ‘Geen ander land heeft zo’n stijging meeg... https://volkskrant.nl/ts-b42e3b1f via @volkskrant #europa #sweden #migrantcrisis #drugs #gangs #murder;;;;/MrTops17###/MrTops17###/MrTops17/status/1399010820927938564###/hashtag/migratie?src=hashtag_click###/hashtag/Zweden?src=hashtag_click###https://t.co/WMxRNvuRGk###/volkskrant###/hashtag/europa?src=hashtag_click###/hashtag/sweden?src=hashtag_click###/hashtag/migrantcrisis?src=hashtag_click###/hashtag/drugs?src=hashtag_click###/hashtag/gangs?src=hashtag_click###/hashtag/murder?src=hashtag_click;migrantcrisis;2024-09-30 09_27_27.801576;0.049718778580427;0.000336310273269;0.001314072404057;0.000300761690596;0.000145397250890;0.051955278962851;0.001538357231766;1. Against immigration, migrants, foreigners, refugees, or Muslims.
106;730c6762c8d890ea;b90db7f7679436cf;0824f8e85a25c935;2024-02-17T14:19:51.000Z;Fophef, helder woord. #migrantcrisis #vvd;;;;17;migrantcrisis;2024-09-30 09_27_27.801576;0.001875512418337;0.000008972588148;0.000003658266223;0.000005382245490;0.000004029463980;0.000095365343441;0.000017185637262;5. Is neutral.
107;be479e861ffa690d;d8b877d977aeaecf;b8c1738b8649ed7e;2020-03-01T01:28:54.000Z;"Of alle toekomstige doden door een #coronavirusNederland #Coronavid19  of #Migrant #MigrantCrisis komt maakt geen tyfus uit  
@MinPres en de rest van die zooi in den haag doet er toch geen pleuris aan   bedoel grenzen bewaken is al een probleem...#boontjekomtomzeloontje";;;;/Je_MoederT###/Je_MoederT###/Je_MoederT/status/1233927159917531137###/hashtag/coronavirusNederland?src=hashtag_click###/hashtag/Coronavid19?src=hashtag_click###/hashtag/Migrant?src=hashtag_click###/hashtag/MigrantCrisis?src=hashtag_click###/MinPres###/hashtag/boontjekomtomzeloontje?src=hashtag_click;migrantcrisis;2024-09-30 09_27_27.801576;0.739993274211884;0.001936578424647;0.000064219464548;0.000020890731321;0.000015971110770;0.152401581406593;0.000005665589924;1. Against immigration, migrants, foreigners, refugees, or Muslims.
108;f01170704d1dbdca;a59b1da0739609cf;388701bafc266f67;2022-11-05T16:07:27.000Z;"Wow beginnen ze het eindelijk te zien? Of zijn er binnenkort weer verkiezingen @WBHoekstra ?
Dit is echt een Kabinet van list en bedrog.
#migrantcrisis #woningnood #vluchtelingen
https://telegraaf.nl/nieuws/334849718/cda-leider-hoekstra-huidige-instroom-migranten-is-niet-vol-te-houden…";;2.0;2.0;/antznl###/antznl###/antznl/status/1588925971700551680###/WBHoekstra###/hashtag/migrantcrisis?src=hashtag_click###/hashtag/woningnood?src=hashtag_click###/hashtag/vluchtelingen?src=hashtag_click###https://t.co/54fBOcV2Ne;migrantcrisis;2024-09-30 09_27_27.801576;0.164451360702515;0.000089575747552;0.000037961803173;0.000200179463718;0.000118589014164;0.002994951093569;0.000062051265559;1. Against immigration, migrants, foreigners, refugees, or Muslims.
109;83985646b91d35a3;42e546fddcccc9c2;4421cbcb4a93c5ef;2023-09-17T12:29:05.000Z;Sommigen, de meesten slagen op de vlucht om hier hetzelfde te doen waarvoor ze gevlucht zijn … #migrantcrisis;;;2.0;24;migrantcrisis;2024-09-30 09_27_27.801576;0.026722351089120;0.000019268045435;0.000250966317253;0.000075832555012;0.000024032215151;0.005215044599026;0.000310969335260;1. Against immigration, migrants, foreigners, refugees, or Muslims.
110;;;;;This post is unavailable.;;;;;migrantcrisis;2024-09-30 09_27_27.801576;0.000118929085147;0.000000015512335;0.000000097311784;0.000661179888994;0.000003063055601;0.000033176205761;0.000041807754315;
111;;;;;This post is unavailable.;;;;;migrantcrisis;2024-09-30 09_27_27.801576;0.000118929085147;0.000000015512335;0.000000097311784;0.000661179888994;0.000003063055601;0.000033176205761;0.000041807754315;
112;a16c1a2826d27cc5;c5753345f65416a3;d426e75bc6b6ac36;2018-06-24T17:32:33.000Z;Nog maar eens in de herhaling. Een blog uit 2015. Blog op zondag | 10 Oplossingsrichtingen voor de vluchtelingencrisi... http://edwindemol.blogspot.com/2015/08/10-oplossingsrichtingen-voor-de.html?spref=tw… #migrants #migratietop #MigrantCrisis #Macron #blog #Migranten #vluchtelingen #Merkel #EU #Europe;;;;/BlogopZondag###/BlogopZondag###/BlogopZondag/status/1010938742289453056###https://t.co/uPyyMUpad8###/hashtag/migrants?src=hashtag_click###/hashtag/migratietop?src=hashtag_click###/hashtag/MigrantCrisis?src=hashtag_click###/hashtag/Macron?src=hashtag_click###/hashtag/blog?src=hashtag_click###/hashtag/Migranten?src=hashtag_click###/hashtag/vluchtelingen?src=hashtag_click###/hashtag/Merkel?src=hashtag_click###/hashtag/EU?src=hashtag_click###/hashtag/Europe?src=hashtag_click;migrantcrisis;2024-09-30 09_27_27.801576;0.021664578467607;0.000066488384618;0.000006278767160;0.000127163017169;0.000135480077006;0.001557332347147;0.000127739695017;5. Is neutral.
113;9bc7d5137ce7e435;e9a212ebcbadfaef;5b5fbc4888bde4ce;2021-11-27T08:59:53.000Z;Die “arme” gevluchte mensen. #MigrantCrisis #Migrationspolitik #IstandWithPoland;;;;/HietbrinkWilma###/HietbrinkWilma###/HietbrinkWilma/status/1464519336211664901###/hashtag/MigrantCrisis?src=hashtag_click###/hashtag/Migrationspolitik?src=hashtag_click###/hashtag/IstandWithPoland?src=hashtag_click;migrantcrisis;2024-09-30 09_27_27.801576;0.004347805399448;0.000008437898032;0.000000171624919;0.000052535866416;0.000002478659553;0.001445204368792;0.000013216279513;1. Against immigration, migrants, foreigners, refugees, or Muslims.
114;50841b5fbf606282;5338ee3335229270;9d861812acabf53f;2023-06-24T09:56:46.000Z;"Migratiedeal? In #Tunesië : ’Ik stop pas als ik miljonair ben’ 

De smokkelaar heeft slechts één regel: hij werkt niet met zwarte Afrikanen. „Die zijn shit. Ze luisteren niet en brengen ons in gevaar.”
#migrantcrisis
https://telegraaf.nl/nieuws/1099426470/migratiedeal-in-tunesie-lachen-smokkelaars-erom-ik-stop-pas-als-ik-miljonair-ben/?utm_source=t.co&utm_medium=referral&utm_campaign=twitter… #telegraafpremium via @Telegraaf";;;1.0;22;migrantcrisis;2024-09-30 09_27_27.801576;0.483479440212250;0.000182398260222;0.000138851508382;0.000278188730590;0.000076198768511;0.001949002384208;0.000009913003851;1. Against immigration, migrants, foreigners, refugees, or Muslims.
115;b407c2e736c85206;3b4f737df54b1dc7;06e32dc9ec1bb85e;2022-12-05T17:27:09.000Z;"Zonder migratierem ontspoort Nederland. Dat zie je nu toch al? Onze huisvestingstekort en social voorzieningen worden onhoudbaar.
#migrantcrisis @D66";;;;/MrPerfect1008###/MrPerfect1008###/MrPerfect1008/status/1599817667413934080###/jpaternotte###/hashtag/migrantcrisis?src=hashtag_click###/D66;migrantcrisis;2024-09-30 09_27_27.801576;0.051185321062803;0.000079543118773;0.000007205489510;0.000018292686946;0.000022241092665;0.001531536690891;0.000025806670237;1. Against immigration, migrants, foreigners, refugees, or Muslims.
116;;;;;This post is unavailable.;;;;;migrantcrisis;2024-09-30 09_27_27.801576;0.000118929085147;0.000000015512335;0.000000097311784;0.000661179888994;0.000003063055601;0.000033176205761;0.000041807754315;
117;;;;;This post is unavailable.;;;;;migrantcrisis;2024-09-30 09_27_27.801576;0.000118929085147;0.000000015512335;0.000000097311784;0.000661179888994;0.000003063055601;0.000033176205761;0.000041807754315;
118;f323e67f044025c0;017351b0366c2582;969b0d4029b3312f;2021-08-24T15:57:04.000Z;"Hoeveel tolken, ambassademedewerkers en andere dienstverleners had Nederland in Afghanistan in dienst denkt u?
#Afghanistan
#migrantcrisis 
##toekomstkiezen  @geertwilderspvv";;;;/Prikkeldraaad###/Prikkeldraaad###/Prikkeldraaad/status/1430197474015256580###/hashtag/Afghanistan?src=hashtag_click###/hashtag/migrantcrisis?src=hashtag_click###/hashtag/toekomstkiezen?src=hashtag_click###/geertwilderspvv;migrantcrisis;2024-09-30 09_27_27.801576;0.006541399750859;0.001418206724338;0.000008578421330;0.000138274786877;0.000099363896879;0.001807380351238;0.000091613779659;5. Is neutral.
119;563b1a95a8c2e68d;85456455686f3b48;ab042d189d94de07;2023-10-06T10:48:48.000Z;"Nou die schipper neemt vast ontslag bij die pendelboot 
#kansparels #migrantcrisis
@StemZeWegNL1 @StemZeWegNL Migranten proberen Nederlands schip te kapen dat hen net heeft gered";;;1.0;71;migrantcrisis;2024-09-30 09_27_27.801576;0.265848755836487;0.010932495817542;0.013041752390563;0.000605743378401;0.000781127542723;0.079792857170105;0.000221836889978;1. Against immigration, migrants, foreigners, refugees, or Muslims.
120;c5711dd96769fed4;81f8f6dde88365f3;20011cde6912ac60;2022-12-14T17:53:03.000Z;"#nieuwsuur
@MinPres
@VVD_Europa
@D66_Europa
@geertwilderspvv
@Amsterdam
@EP_JA21
#migratie #asiel #migrantcrisis

Discussie over VN-migratiepact, scheurtjes al voor de ondertekening -";;;1.0;/j_flamingo###/j_flamingo###/j_flamingo/status/1603085673883439107###/hashtag/nieuwsuur?src=hashtag_click###/MinPres###/VVD_Europa###/D66_Europa###/geertwilderspvv###/Amsterdam###/EP_JA21###/hashtag/migratie?src=hashtag_click###/hashtag/asiel?src=hashtag_click###/hashtag/migrantcrisis?src=hashtag_click###https://t.co/fxGMCQG6Rt;migrantcrisis;2024-09-30 09_27_27.801576;0.022372914478183;0.000527690164745;0.000777383742388;0.000120083452202;0.000348333996953;0.015962304547429;0.001283008488826;5. Is neutral.
121;063550bdfed8e35b;20526387bce5cbce;0a42c88d276fdbf6;2023-07-28T09:38:21.000Z;"https://thesun.co.uk/news/politics/23220762/suella-braverman-buys-hundreds-of-tents/?utm_medium=browser_notifications&utm_source=pushly&utm_campaign=HK-pushly… (July 28, 2023; 15:40 HKT) #MIGRANTCRISIS #BRITAIN";;;;8;migrantcrisis;2024-09-30 09_27_27.801576;0.001355493906885;0.000119297539641;0.000009975490684;0.000092951078841;0.000028521966669;0.000720968935639;0.000068445966463;6. Other: Link without expressed sentiment.
122;a7cc6928401dc2bf;20526387bce5cbce;0a42c88d276fdbf6;2023-07-18T09:28:35.000Z;"https://thesun.co.uk/news/politics/23088163/bibby-stockholm-arrives-in-dorset/?utm_medium=browser_notifications&utm_source=pushly&utm_campaign=HK-pushly… (July 18, 2023; 16:30 HKT) #MIGRANTCRISIS #ENGLAND";;;;14;migrantcrisis;2024-09-30 09_27_27.801576;0.001944455085322;0.000054183030443;0.000002931973313;0.000167991500348;0.000062836807047;0.000904465327039;0.000090714987891;6. Other: link without expressed sentiment.
123;44975e8321cde82b;30ece9c7ac1f460e;6e85b24216664312;2021-05-29T21:31:01.000Z;Alarmfase 1, eigenlijk. #migrantencrisis #migrantcrisis #migranten #illegalen;;;;/EdwinDeMol###/EdwinDeMol###/EdwinDeMol/status/1398753771052744704###/hashtag/migrantencrisis?src=hashtag_click###/hashtag/migrantcrisis?src=hashtag_click###/hashtag/migranten?src=hashtag_click###/hashtag/illegalen?src=hashtag_click;migrantcrisis;2024-09-30 09_27_27.801576;0.040260989218950;0.000042064821173;0.000005934191449;0.000050097602070;0.000066267726652;0.000316182064125;0.000009241528460;1. Against immigration, migrants, foreigners, refugees, or Muslims.
124;d4104fba356df61f;8fde200208c4e9bc;83c3bf352d2e9471;2023-02-20T18:27:32.000Z;"Misschien es #airbnb proberen ... kwestie van geen onderlingen jaloezie te creeeren tussen de verschillende aanbieders van accomodaties in BXL..
@Nicole_demoor #vivaldi #Molenbeek #migrantcrisis
@PSofficiel
https://hln.be/brussel/politiek-zoekt-dringende-oplossing-voor-tentenkamp-in-molenbeek-situatie-is-te-onveilig~a37b04c0/…";1.0;;;35;migrantcrisis;2024-09-30 09_27_27.801576;0.001394796767272;0.000058733581682;0.000089575158199;0.000479943002574;0.000314358825563;0.000590839656070;0.000046595323511;5. Is neutral.
125;a1cded2afbe9c8ce;d35846b9254b035a;4060b4e73ccd44c0;2022-11-03T10:07:42.000Z;Het begin is er @markrutte nu wij nog!! #migrantcrisis #asielinstroom;;3.0;3.0;/GKLASSEZUNA###/GKLASSEZUNA###/GKLASSEZUNA/status/1588110664475840513###/markrutte###/hashtag/migrantcrisis?src=hashtag_click###/hashtag/asielinstroom?src=hashtag_click;migrantcrisis;2024-09-30 09_27_27.801576;0.009187002666295;0.000025226623620;0.000003616522463;0.000014353523511;0.000056364264310;0.000998950446956;0.000023527227313;5. Is neutral.
126;;;;;This post is unavailable.;;;;;migrantcrisis;2024-09-30 09_27_27.801576;0.000118929085147;0.000000015512335;0.000000097311784;0.000661179888994;0.000003063055601;0.000033176205761;0.000041807754315;
127;;;;;This post is unavailable.;;;;;migrantcrisis;2024-09-30 09_27_27.801576;0.000118929085147;0.000000015512335;0.000000097311784;0.000661179888994;0.000003063055601;0.000033176205761;0.000041807754315;
128;;;;;This post is unavailable.;;;;;migrantcrisis;2024-09-30 09_27_27.801576;0.000118929085147;0.000000015512335;0.000000097311784;0.000661179888994;0.000003063055601;0.000033176205761;0.000041807754315;
129;;;;;This post is unavailable.;;;;;migrantcrisis;2024-09-30 09_27_27.801576;0.000118929085147;0.000000015512335;0.000000097311784;0.000661179888994;0.000003063055601;0.000033176205761;0.000041807754315;
130;;;;;This post is unavailable.;;;;;migrantcrisis;2024-09-30 09_27_27.801576;0.000118929085147;0.000000015512335;0.000000097311784;0.000661179888994;0.000003063055601;0.000033176205761;0.000041807754315;
131;;;;;This post is unavailable.;;;;;migrantcrisis;2024-09-30 09_27_27.801576;0.000118929085147;0.000000015512335;0.000000097311784;0.000661179888994;0.000003063055601;0.000033176205761;0.000041807754315;
132;e46675edcd3dba71;c32958e78a266db8;7e88a5ac2d051998;2022-02-08T12:55:11.000Z;"PAAP OF AAP !!
#migrantworkers
#MigrantCrisis
#Delhi
#ArvindKejriwal";;;;/IamVishnu_Singh###/IamVishnu_Singh###/IamVishnu_Singh/status/1491032863365791746###/hashtag/migrantworkers?src=hashtag_click###/hashtag/MigrantCrisis?src=hashtag_click###/hashtag/Delhi?src=hashtag_click###/hashtag/ArvindKejriwal?src=hashtag_click;migrantcrisis;2024-09-30 09_27_27.801576;0.000204265073989;0.000003527672334;0.000001112465270;0.000007634624126;0.000003384793445;0.000029283290132;0.000005591687113;6. Other: unclear stance on immigration.
133;;;;;This post is unavailable.;;;;;migrantcrisis;2024-09-30 09_27_27.801576;0.000118929085147;0.000000015512335;0.000000097311784;0.000661179888994;0.000003063055601;0.000033176205761;0.000041807754315;
134;;;;;This post is unavailable.;;;;;migrantcrisis;2024-09-30 09_27_27.801576;0.000118929085147;0.000000015512335;0.000000097311784;0.000661179888994;0.000003063055601;0.000033176205761;0.000041807754315;
135;1dc4c355acd503d6;20526387bce5cbce;0a42c88d276fdbf6;2023-07-27T06:20:03.000Z;"https://english.alarabiya.net/News/north-africa/2023/07/26/Bodies-of-901-drowned-migrants-recovered-off-Tunisian-coast-between-January-and-July-… (July 27, 2023; 12:00 HKT) #MIGRANTCRISIS #MIGRANTS #TUNISIA";;;;6;migrantcrisis;2024-09-30 09_27_27.801576;0.000169948049006;0.000416750262957;0.000014230298802;0.000131317225168;0.000077248951129;0.022458363324404;0.003298654220998;5. Is neutral.
136;;;;;This post is unavailable.;;;;;migrantcrisis;2024-09-30 09_27_27.801576;0.000118929085147;0.000000015512335;0.000000097311784;0.000661179888994;0.000003063055601;0.000033176205761;0.000041807754315;
137;;;;;This post is unavailable.;;;;;migrantcrisis;2024-09-30 09_27_27.801576;0.000118929085147;0.000000015512335;0.000000097311784;0.000661179888994;0.000003063055601;0.000033176205761;0.000041807754315;
138;5887092a43d55d20;718df065be404bc5;476bd9c958f02c8e;2023-08-08T20:43:54.000Z;"Open Borders Altruism.

#NYC #MigrantCrisis #Migrants #Jews #Brooklyn #NewYork #Manhattan #WakeUp";;;1.0;214;migrantcrisis;2024-09-30 09_27_27.801576;0.002659989055246;0.000009945578313;0.000000416402827;0.000009023939128;0.000000691421860;0.000080067613453;0.000001982463345;6. Other: unclear stance on immigration.
139;8019634dfe5f21eb;43565cdbfee62fd9;f89439f3304778de;2022-09-23T08:22:37.000Z;"In Hannover moeten werknemers in de publieke sector bewijzen dat ze een ""migratieachtergrond"" hebben. Duitsers moeten worden uitgeselecteerd  en het aandeel migranten moet met  30 procent worden verhoogd, ongeacht de kwalificaties. #migrantcrisis #asielzoekers";;;;/EllyB53292373###/EllyB53292373###/EllyB53292373/status/1573226316932972548###/hashtag/migrantcrisis?src=hashtag_click###/hashtag/asielzoekers?src=hashtag_click;migrantcrisis;2024-09-30 09_27_27.801576;0.345806926488876;0.059478577226400;0.000036191737308;0.000085916217358;0.000053408657550;0.106653444468975;0.000240881636273;1. Against immigration, migrants, foreigners, refugees, or Muslims.
140;77d4d70d852f373e;3b34dfe745a312b4;c4a6ab1c0e6e3461;2020-03-15T08:44:00.000Z;Om over de #migrantcrisis maar weer eens te zwijgen @PeterRdeV;;;;/mata4freedom###/mata4freedom###/mata4freedom/status/1239110083260317696###/PRDVFoundation###/PeterRdeV###/hashtag/migrantcrisis?src=hashtag_click###/PeterRdeV;migrantcrisis;2024-09-30 09_27_27.801576;0.176658034324646;0.000006623145509;0.000028383366953;0.000083624887338;0.000046430453949;0.001209267647937;0.000024234885132;5. Is neutral.
141;18b0080fca4a6576;bbda717a969cd343;d93d01dad2c67247;2022-06-30T05:31:56.000Z;"Wanneer luisteren jullie dan naar de mensen?
Met de #toeslagenaffaire? Het #aardbeving dossier? De afgelopen twee jaar tijdens de #Corona toestand? Of ooit over de #migrantcrisis?
Jullie zijn doof en blind voor elk ander argument en doen altijd wat jullie en de EU willen.";;;;/WillemB71###/WillemB71###/WillemB71/status/1542380392707248128###/WBHoekstra###/hashtag/toeslagenaffaire?src=hashtag_click###/hashtag/aardbeving?src=hashtag_click###/hashtag/Corona?src=hashtag_click###/hashtag/migrantcrisis?src=hashtag_click;migrantcrisis;2024-09-30 09_27_27.801576;0.378688991069794;0.000008041196452;0.000003789608627;0.000163196047651;0.000068688685133;0.036176554858684;0.000021453724912;1. Against immigration, migrants, foreigners, refugees, or Muslims.
142;ed802765645bbf6c;e41a57a1bf0f2ab8;a5061a72db58cc9d;2022-09-11T18:08:10.000Z;"Dus... als je tegen geweld bent... ben je radicaal -rechts! Omdat het om migranten gaat...
Wat een bullshit!!#asielcrisis #asielzoekers #migrantcrisis Onvrede over geweld en criminaliteit duwt veel Zweden richting radicaal-rechts https://nrc.nl/nieuws/2022/09/10/elke-zweedse-stad-heeft-wel-een-arby-a4141412…";;;1.0;/RaymondBartens###/RaymondBartens###/RaymondBartens/status/1569025018926956545###/hashtag/asielcrisis?src=hashtag_click###/hashtag/asielzoekers?src=hashtag_click###/hashtag/migrantcrisis?src=hashtag_click###https://t.co/F77gqM2XrR;migrantcrisis;2024-09-30 09_27_27.801576;0.293759435415268;0.000054991858633;0.000578123668674;0.000096401541668;0.000036454366636;0.117734916508198;0.000252312020166;1. Against immigration, migrants, foreigners, refugees, or Muslims.
143;;;;;This post is unavailable.;;;;;migrantcrisis;2024-09-30 09_27_27.801576;0.000118929085147;0.000000015512335;0.000000097311784;0.000661179888994;0.000003063055601;0.000033176205761;0.000041807754315;
144;;;;;This post is unavailable.;;;;;migrantcrisis;2024-09-30 09_27_27.801576;0.000118929085147;0.000000015512335;0.000000097311784;0.000661179888994;0.000003063055601;0.000033176205761;0.000041807754315;
145;;;;;This post is unavailable.;;;;;migrantcrisis;2024-09-30 09_27_27.801576;0.000118929085147;0.000000015512335;0.000000097311784;0.000661179888994;0.000003063055601;0.000033176205761;0.000041807754315;
146;;;;;This post is unavailable.;;;;;migrantcrisis;2024-09-30 09_27_27.801576;0.000118929085147;0.000000015512335;0.000000097311784;0.000661179888994;0.000003063055601;0.000033176205761;0.000041807754315;
147;;;;;This post is unavailable.;;;;;migrantcrisis;2024-09-30 09_27_27.801576;0.000118929085147;0.000000015512335;0.000000097311784;0.000661179888994;0.000003063055601;0.000033176205761;0.000041807754315;
148;;;;;This post is unavailable.;;;;;migrantcrisis;2024-09-30 09_27_27.801576;0.000118929085147;0.000000015512335;0.000000097311784;0.000661179888994;0.000003063055601;0.000033176205761;0.000041807754315;
149;;;;;This post is unavailable.;;;;;migrantcrisis;2024-09-30 09_27_27.801576;0.000118929085147;0.000000015512335;0.000000097311784;0.000661179888994;0.000003063055601;0.000033176205761;0.000041807754315;
150;;;;;This post is unavailable.;;;;;migrantcrisis;2024-09-30 09_27_27.801576;0.000118929085147;0.000000015512335;0.000000097311784;0.000661179888994;0.000003063055601;0.000033176205761;0.000041807754315;
151;910cce765d0a605a;c41cfa88daa6acca;8adf88c2e4a5be33;2019-10-13T18:32:18.000Z;"Het heeft alleen geen reet zin! 

De EU komt niet in beweging. Spreekt alleen foei uit en gaan weer over tot de orde vd dag. Slappe hap!! 

EU had al veel eerder in moeten grijpen en de woorden van Trump destijds serieus moeten nemen.

#migrantcrisis
#ErdoganWarCriminal";;;1.0;/cedonulli0###/cedonulli0###/cedonulli0/status/1183450405088497666###/AfshinEllian1###/MalikAzmani###/hashtag/migrantcrisis?src=hashtag_click###/hashtag/ErdoganWarCriminal?src=hashtag_click;migrantcrisis;2024-09-30 09_27_27.801576;0.255322545766830;0.001741185900755;0.000002852137868;0.000962294230703;0.000061161699705;0.082195125520229;0.000079764460679;1. Against immigration, migrants, foreigners, refugees, or Muslims.
152;4d2d167541df7494;3cd3e48c60242cb5;7b994de3049a0980;2019-10-17T09:24:48.000Z;@FranckenTheo ik dacht dat je opkwam tegen transmigranten en voor onafhankelijk Vlaanderen fijn dat we die misconcepties kunnen laten vallen! #kanker #vivaLaGuardiacivil #Vlaanderen #TheoFrancken #migrantcrisis;;;;/JozefkeAmbt###/JozefkeAmbt###/JozefkeAmbt/status/1184762171802181632###/FranckenTheo###/hashtag/kanker?src=hashtag_click###/hashtag/vivaLaGuardiacivil?src=hashtag_click###/hashtag/Vlaanderen?src=hashtag_click###/hashtag/TheoFrancken?src=hashtag_click###/hashtag/migrantcrisis?src=hashtag_click;migrantcrisis;2024-09-30 09_27_27.801576;0.114287182688713;0.000043239590013;0.000010289945749;0.000040498915041;0.000006871078313;0.006950943730771;0.000006953782759;1. Against immigration, migrants, foreigners, refugees, or Muslims.
153;;;;;This post is unavailable.;;;;;migrantcrisis;2024-09-30 09_27_27.801576;0.000118929085147;0.000000015512335;0.000000097311784;0.000661179888994;0.000003063055601;0.000033176205761;0.000041807754315;
154;;;;;This post is unavailable.;;;;;migrantcrisis;2024-09-30 09_27_27.801576;0.000118929085147;0.000000015512335;0.000000097311784;0.000661179888994;0.000003063055601;0.000033176205761;0.000041807754315;
155;;;;;This post is unavailable.;;;;;migrantcrisis;2024-09-30 09_27_27.801576;0.000118929085147;0.000000015512335;0.000000097311784;0.000661179888994;0.000003063055601;0.000033176205761;0.000041807754315;
156;;;;;This post is unavailable.;;;;;migrantcrisis;2024-09-30 09_27_27.801576;0.000118929085147;0.000000015512335;0.000000097311784;0.000661179888994;0.000003063055601;0.000033176205761;0.000041807754315;
157;;;;;This post is unavailable.;;;;;migrantcrisis;2024-09-30 09_27_27.801576;0.000118929085147;0.000000015512335;0.000000097311784;0.000661179888994;0.000003063055601;0.000033176205761;0.000041807754315;
158;;;;;This post is unavailable.;;;;;migrantcrisis;2024-09-30 09_27_27.801576;0.000118929085147;0.000000015512335;0.000000097311784;0.000661179888994;0.000003063055601;0.000033176205761;0.000041807754315;
159;e1a8150169e4bf65;8f4d75b6c8ab495e;73dc5bda3e02cb96;2019-02-27T09:37:40.000Z;"De zogenaamde ""Smokkelaar Express"" #GolfoAzzurro voorbereiden om weer uit te varen ... #NoMoreDeathsAtSea #Migrantcrisis #Humansmuggling #Frontex #Europol @NLambLib @CvNieuwenhuizen @SvVeldhoven @KarlijnRensink @MvanToorenburg @MalikAzmani @LWegewijs @NatashaBertaud @MajaEUspox";2.0;4.0;6.0;/rgowans###/rgowans###/rgowans/status/1100691425816166400###/rgowans###/hashtag/GolfoAzzurro?src=hashtag_click###/hashtag/NoMoreDeathsAtSea?src=hashtag_click###/hashtag/Migrantcrisis?src=hashtag_click###/hashtag/Humansmuggling?src=hashtag_click###/hashtag/Frontex?src=hashtag_click###/hashtag/Europol?src=hashtag_click###/NLambLib###/CvNieuwenhuizen###/SvVeldhoven###/KarlijnRensink###/MvanToorenburg###/MalikAzmani###/LWegewijs###/NatashaBertaud###/MajaEUspox;migrantcrisis;2024-09-30 09_27_27.801576;0.000514594255947;0.000060822552769;0.000211685648537;0.000220682282816;0.000263759866357;0.003406291594729;0.000027540338124;5. Is neutral.
160;;;;;This post is unavailable.;;;;;migrantcrisis;2024-09-30 09_27_27.801576;0.000118929085147;0.000000015512335;0.000000097311784;0.000661179888994;0.000003063055601;0.000033176205761;0.000041807754315;
161;;;;;This post is unavailable.;;;;;migrantcrisis;2024-09-30 09_27_27.801576;0.000118929085147;0.000000015512335;0.000000097311784;0.000661179888994;0.000003063055601;0.000033176205761;0.000041807754315;
162;bdecbc6f087c5ede;30ece9c7ac1f460e;6e85b24216664312;2019-08-17T21:24:59.000Z;"""Unaccompanied minors"" . Wat een leugens, van begin tot eind. #Migrantcrisis #OpenArms";;1.0;1.0;/EdwinDeMol###/EdwinDeMol###/EdwinDeMol/status/1162837751684878336###/hashtag/Migrantcrisis?src=hashtag_click###/hashtag/OpenArms?src=hashtag_click;migrantcrisis;2024-09-30 09_27_27.801576;0.161062791943550;0.000005953214441;0.000003059616574;0.000844594440423;0.001275317044929;0.000395392358769;0.000020672472601;1. Against immigration, migrants, foreigners, refugees, or Muslims.
163;786a4ef78925fff8;30ece9c7ac1f460e;6e85b24216664312;2020-03-01T19:51:42.000Z;"Met het toelaten van zulk tuig weet je  zeker dat de Europese Unie, maar ook Europa als geheel, een hele onzekere toekomst tegemoet gaat. “A better future?” Ja, door je eigen land opnieuw op te bouwen. 
#asieleisers #GreeceUnderAttack #Migranten #MigrantCrisis #Greece #Erdogan";;;1.0;/EdwinDeMol###/EdwinDeMol###/EdwinDeMol/status/1234204685961134086###/hashtag/asieleisers?src=hashtag_click###/hashtag/GreeceUnderAttack?src=hashtag_click###/hashtag/Migranten?src=hashtag_click###/hashtag/MigrantCrisis?src=hashtag_click###/hashtag/Greece?src=hashtag_click###/hashtag/Erdogan?src=hashtag_click;migrantcrisis;2024-09-30 09_27_27.801576;0.767582416534424;0.006197323091328;0.000002803448524;0.000070359594247;0.000019042969143;0.316165357828140;0.000321656960295;1. Against immigration, migrants, foreigners, refugees, or Muslims.
164;c96c9a2fdfb39ac8;fcbc16f6db2bcb04;73301691d62d680a;2020-08-23T19:45:43.000Z;"#migration
#migrantcrisis
#immigrazione
#immigrati
#Immigrants
#Marokkanenprobleem 

FVD presenteert: ""De Prijs van Diversiteit"" https://youtu.be/agru78oVa7Y via @YouTube";;;;/Lucas1248421###/Lucas1248421###/Lucas1248421/status/1297621056757301248###/hashtag/migration?src=hashtag_click###/hashtag/migrantcrisis?src=hashtag_click###/hashtag/immigrazione?src=hashtag_click###/hashtag/immigrati?src=hashtag_click###/hashtag/Immigrants?src=hashtag_click###/hashtag/Marokkanenprobleem?src=hashtag_click###https://t.co/trYHoq4far###/YouTube;migrantcrisis;2024-09-30 09_27_27.801576;0.033192027360201;0.000201774368179;0.000000999453505;0.000249241304118;0.000023522719857;0.002553342608735;0.000150005231262;1. Against immigration, migrants, foreigners, refugees, or Muslims.
165;;;;;This post is unavailable.;;;;;migrantcrisis;2024-09-30 09_27_27.801576;0.000118929085147;0.000000015512335;0.000000097311784;0.000661179888994;0.000003063055601;0.000033176205761;0.000041807754315;
166;;;;;This post is unavailable.;;;;;migrantcrisis;2024-09-30 09_27_27.801576;0.000118929085147;0.000000015512335;0.000000097311784;0.000661179888994;0.000003063055601;0.000033176205761;0.000041807754315;
167;2471ad1911ac2e67;fcbc16f6db2bcb04;73301691d62d680a;2020-08-20T04:40:23.000Z;"#migrantcrisis
#Marokkanenprobleem
#zwartepiet 

FVD presenteert: ""De Prijs van Diversiteit"" https://youtu.be/FQJXwnRm4Qw via @YouTube";;;;/Lucas1248421###/Lucas1248421###/Lucas1248421/status/1296306059074777088###/hashtag/migrantcrisis?src=hashtag_click###/hashtag/Marokkanenprobleem?src=hashtag_click###/hashtag/zwartepiet?src=hashtag_click###https://t.co/ToTr20xkAk###/YouTube;migrantcrisis;2024-09-30 09_27_27.801576;0.133756950497627;0.000721750780940;0.000000535025777;0.000343158317264;0.000089385888714;0.004710764158517;0.000242520778556;1. Against immigration, migrants, foreigners, refugees, or Muslims.
168;a613cf8f468dadee;30ece9c7ac1f460e;6e85b24216664312;2020-02-29T15:25:18.000Z;Het klinkt bijzonder maar het zou normaal moeten zijn dat een regeringsleider, zoals @sebastiankurz dat doet, de veiligheid en het welzijn van zijn inwoners vooropstelt. #migrants #MigrantCrisis #Turkije #migranten #migrantenkrise #kurz;;;1.0;/EdwinDeMol###/EdwinDeMol###/EdwinDeMol/status/1233775257619701768###/sebastiankurz###/hashtag/migrants?src=hashtag_click###/hashtag/MigrantCrisis?src=hashtag_click###/hashtag/Turkije?src=hashtag_click###/hashtag/migranten?src=hashtag_click###/hashtag/migrantenkrise?src=hashtag_click###/hashtag/kurz?src=hashtag_click;migrantcrisis;2024-09-30 09_27_27.801576;0.003209177171811;0.000008625039300;0.000027641086490;0.000012411863281;0.000031564850360;0.000410863605794;0.000011930766959;1. Against immigration, migrants, foreigners, refugees, or Muslims.
169;;;;;This post is unavailable.;;;;;migrantcrisis;2024-09-30 09_27_27.801576;0.000118929085147;0.000000015512335;0.000000097311784;0.000661179888994;0.000003063055601;0.000033176205761;0.000041807754315;
170;;;;;This post is unavailable.;;;;;migrantcrisis;2024-09-30 09_27_27.801576;0.000118929085147;0.000000015512335;0.000000097311784;0.000661179888994;0.000003063055601;0.000033176205761;0.000041807754315;
171;9a7d5c3ac1ceeda0;30ece9c7ac1f460e;6e85b24216664312;2020-05-19T17:47:54.000Z;Even in de categorie ongemakkelijke waarheid. Bron is VN-rapport: Less than 3% of migrants who reached Italy were refugees' #migranten #migrantcrisis #mensenhandel #HumanTrafficking #graaicultuur https://dailymail.co.uk/news/article-4442910/Less-3-migrants-reached-Italy-refugees.html…;;1.0;;/EdwinDeMol###/EdwinDeMol###/EdwinDeMol/status/1262802171818622978###/hashtag/migranten?src=hashtag_click###/hashtag/migrantcrisis?src=hashtag_click###/hashtag/mensenhandel?src=hashtag_click###/hashtag/HumanTrafficking?src=hashtag_click###/hashtag/graaicultuur?src=hashtag_click###https://t.co/SCruRD8m7m;migrantcrisis;2024-09-30 09_27_27.801576;0.015301561914384;0.000060021829995;0.000017969152395;0.002276072977111;0.000488681602292;0.001550731714815;0.000347656226950;1. Against immigration, migrants, foreigners, refugees, or Muslims.
172;ff0c90664b18f9e9;0ca0a878b96d7d78;ee5a74375270564f;2018-07-01T05:32:21.000Z;Eindelijk goed nieuws! Nu doorzetten @markharbers er zijn ook wetenschappers onder hen die nu niet kunnen werken op hun niveau ivm diploma’s! #Migrantcrisis #vluchtelingen;;;;/syldebacker###/syldebacker###/syldebacker/status/1013294215005114368###/markharbers###/hashtag/Migrantcrisis?src=hashtag_click###/hashtag/vluchtelingen?src=hashtag_click;migrantcrisis;2024-09-30 09_27_27.801576;0.016040688380599;0.000021364970962;0.000003804970447;0.000033440930565;0.000021769796149;0.000257266801782;0.000003919150458;2. In support of immigration, migrants, foreigners, refugees, or Muslims.
173;022d8f144ef74cd1;b431949cdab713d7;95c62bc92dad6b9a;2024-07-04T07:55:02.000Z;Waarom stemmen kiezers #rechts, @PVVpers , @VVD of rechtser? Waarom is de #integratie mislukt, maar de #infiltratie in volle gang? Alles in 1 clip #Turen #segregatie #pvv #vvd #migrantcrisis;;;;19;migrantcrisis;2024-09-30 09_27_27.801576;0.062847204506397;0.002212917897850;0.000015204200281;0.000439117284259;0.000530223653186;0.008759900927544;0.008973072282970;1. Against immigration, migrants, foreigners, refugees, or Muslims.
174;33aa282e88d3f7c3;26ecb4f131f7a083;ebc2f897b9b03fcf;2020-03-13T16:28:16.000Z;"#vluchtelingenkinderen in #Griekenland. Terwijl Duitsland, Frankrijk, Luxemburg, Portugal, Finland ""zijn bereid in totaal 2.500 minderjarigen over te laten komen"", Nederland ""zal zich daar niet bij aansluiten.""  #migrantcrisis #vluchtelingenkinderen";;;1.0;/2022_emm###/2022_emm###/2022_emm/status/1238502147538522114###/hashtag/vluchtelingenkinderen?src=hashtag_click###/hashtag/Griekenland?src=hashtag_click###/hashtag/migrantcrisis?src=hashtag_click###/hashtag/vluchtelingenkinderen?src=hashtag_click;migrantcrisis;2024-09-30 09_27_27.801576;0.003515775781125;0.000014999664927;0.000023753869755;0.001403268543072;0.004615031648427;0.001955465180799;0.000073262948717;5. Is neutral.
175;9ba2aa911a76b027;27bc67289adeebe0;f0b8a8c400410492;2022-08-26T11:16:47.000Z;alsof migratie geen EU probleem is, bij welke grens gaat u ze echt tegen houden. #migrantcrisis;;;;/Lexveldhuizen###/Lexveldhuizen###/Lexveldhuizen/status/1563123286124285953###/j_postma###/hashtag/migrantcrisis?src=hashtag_click;migrantcrisis;2024-09-30 09_27_27.801576;0.023168124258518;0.000075335723523;0.000003803214440;0.000059188561863;0.000016071600839;0.003036605194211;0.000024192766432;1. Against immigration, migrants, foreigners, refugees, or Muslims.
176;962093933fdd9ebe;72be434f34d72495;199de37cf751daaf;2022-10-11T13:15:48.000Z;"(ENG ) Opiniestuk van onze fractievoorzitter @ortjens over de ""migrantencrisis"", maar wiens crisis is dit nu eigenlijk?

(ENG) Opinion piece by our party leader @ortjens on the ""migrantcrisis"", but whose crisis is this really?";;;1.0;/VoltMaastricht###/VoltMaastricht###/VoltMaastricht/status/1579823078389207040###/ortjens###/ortjens###https://t.co/5Skj8n2sCK;migrantcrisis;2024-09-30 09_27_27.801576;0.002289759926498;0.000000617147180;0.000012409282135;0.000021242502044;0.000019664394131;0.000067740533268;0.000005465897630;5. Is neutral.
177;46ca89c67dcd5eef;30ece9c7ac1f460e;6e85b24216664312;2018-12-12T19:17:31.000Z;Dat bedrag als vast schadevergoedingsbedrag per  slachtoffer van moslimterrorisme. Lijkt me een beter idee. Te beginnen in Straatsburg...#migrantenkrise #migrantencrisis #Straatsburg #moslimterrorisme #Strasbourg #migrantcrisis #radical #godsdienstwaanzin #jihad #veiligheid;;;1.0;/EdwinDeMol###/EdwinDeMol###/EdwinDeMol/status/1072933483381702656###/trias_politica###/telegraaf###/hashtag/migrantenkrise?src=hashtag_click###/hashtag/migrantencrisis?src=hashtag_click###/hashtag/Straatsburg?src=hashtag_click###/hashtag/moslimterrorisme?src=hashtag_click###/hashtag/Strasbourg?src=hashtag_click###/hashtag/migrantcrisis?src=hashtag_click###/hashtag/radical?src=hashtag_click###/hashtag/godsdienstwaanzin?src=hashtag_click###/hashtag/jihad?src=hashtag_click###/hashtag/veiligheid?src=hashtag_click;migrantcrisis;2024-09-30 09_27_27.801576;0.403242677450180;0.002814363921061;0.000051165006880;0.000086891843239;0.000036615998397;0.099383562803268;0.000415734655689;1. Against immigration, migrants, foreigners, refugees, or Muslims.
178;9c366e7728e6a444;ea72c79594296e45;d09aeb5ec90ef02c;2023-03-07T17:01:38.000Z;D66 is juist trots op de testosteronbommen uit de zandbak. En continu schaamteloos deze kansparels blijven verdedigen! #stemzeweg #NPO66 #censuur #remigratie #migrantcrisis #VVD66;;;;22;migrantcrisis;2024-09-30 09_27_27.801576;0.353839278221130;0.001456360449083;0.000162041003932;0.010222757235169;0.004660815931857;0.030839905142784;0.000105775980046;1. Against immigration, migrants, foreigners, refugees, or Muslims.
179;255b768fad47ed1c;137f0849289f815e;6078cfc929b73778;2019-01-24T12:36:02.000Z;"A L L E S    I E S     G R A T I E S    I N    N E D E R L A N D.

Dat heet  segmenteren of doelgroep kiezen.

#Migranten
#Migrantcrisis";;;;/cor_badstof###/cor_badstof###/cor_badstof/status/1088415125231620103###/hashtag/Migranten?src=hashtag_click###/hashtag/Migrantcrisis?src=hashtag_click;migrantcrisis;2024-09-30 09_27_27.801576;0.214908599853516;0.002394081559032;0.000077144337411;0.000149272396811;0.000122644400108;0.005092867184430;0.001086210366338;1. Against immigration, migrants, foreigners, refugees, or Muslims.
180;bee7cb1035d0ed48;2ab90e2658518fe5;a693c9ac40648d05;2021-06-13T21:52:16.000Z;"Migrantensmokkel met medewerking van plaatselijke autoriteiten van Wit-Rusland, naar Litouwen.
Men bereidt zich in Litouwen voor op een noodsituatie en is een kamp aan het opbouwen.
#migrantcrisis #Belarus #Lithuania";;1.0;;/Solace92109577###/Solace92109577###/Solace92109577/status/1404194939303563267###/hashtag/migrantcrisis?src=hashtag_click###/hashtag/Belarus?src=hashtag_click###/hashtag/Lithuania?src=hashtag_click;migrantcrisis;2024-09-30 09_27_27.801576;0.062890119850636;0.000158435010235;0.000281314336462;0.000396328978240;0.000869079609401;0.018537439405918;0.000382239813916;5. Is neutral.
181;fe9a7c0dbb04fa22;d6c0f022538ba98c;66bbd5b805809c94;2024-04-21T14:02:39.000Z;Migratiedeals kunnen mensonterende omstandigheden veroorzaken: overvolle kampen, geen onderdak en onvoldoende eten en water. Nederland moet nú stoppen met onderhandelen over mensenlevens. Teken de oproep! https://amnesty.nl/forms/dealbreakers… via @amnestynl #migration #migrants #migrantcrisis;;;;10;migrantcrisis;2024-09-30 09_27_27.801576;0.057884417474270;0.001558780902997;0.000162448661285;0.000042936753744;0.000008042960872;0.021702393889427;0.000035858771298;2. In support of immigration, migrants, foreigners, refugees, or Muslims.
182;e0ca5a753224d3f0;c5753345f65416a3;d426e75bc6b6ac36;2018-08-17T22:37:00.000Z;.@guyverhofstadt @ManfredWeber  Er zijn stiekem heel veel  Europeanen met dezelfde opvatting...Hoofdtaak van iedere regering, dus ook #EU, is om eigen burgers te beschermen. Dat lukt nog niet erg...#migrantcrisis #Offenburg #wirschaffendas #migrantencrisis #migrantenkrise #Europa;;;;/BlogopZondag###/BlogopZondag###/BlogopZondag/status/1030584307264434176###/guyverhofstadt###/ManfredWeber###/hashtag/EU?src=hashtag_click###/hashtag/migrantcrisis?src=hashtag_click###/hashtag/Offenburg?src=hashtag_click###/hashtag/wirschaffendas?src=hashtag_click###/hashtag/migrantencrisis?src=hashtag_click###/hashtag/migrantenkrise?src=hashtag_click###/hashtag/Europa?src=hashtag_click;migrantcrisis;2024-09-30 09_27_27.801576;0.012414872646332;0.000028017249861;0.000004862706646;0.000049827740440;0.000016706790120;0.000465120829176;0.000017840509827;1. Against immigration, migrants, foreigners, refugees, or Muslims.
183;00f112bc78e2d4ee;30ece9c7ac1f460e;6e85b24216664312;2021-07-25T21:06:50.000Z;Goed dat de regering van Oostenrijk o.l.v. @sebastiankurz haar dure plicht serieus neemt, nl. het beschermen van de burgerbevolking. http://NU.nl https://nu.nl/buitenland/6147509/oostenrijk-stuurt-extra-militairen-naar-grenzen-om-migranten-tegen-te-houden.html… #migranten #illegalen #migrantcrisis #grensbewaking #oostenrijk #EU;;;;/EdwinDeMol###/EdwinDeMol###/EdwinDeMol/status/1419403794765557760###/sebastiankurz###https://t.co/WimpNEp2Jm###https://t.co/HR15srjtMN###/hashtag/migranten?src=hashtag_click###/hashtag/illegalen?src=hashtag_click###/hashtag/migrantcrisis?src=hashtag_click###/hashtag/grensbewaking?src=hashtag_click###/hashtag/oostenrijk?src=hashtag_click###/hashtag/EU?src=hashtag_click;migrantcrisis;2024-09-30 09_27_27.801576;0.054900329560041;0.000317833764711;0.000003120241217;0.000092218913778;0.000116684335808;0.006829955149442;0.000072460446972;1. Against immigration, migrants, foreigners, refugees, or Muslims.
184;859be93e87c9bf64;e2ee4a2a39bddb02;156ba705d959b7a5;2018-02-15T18:37:47.000Z;"Juridische strijd rond uitzetting Sudanese migranten gaat gewoon door.
@FranckenTheo #begov @de_NVA
#migrants #MigrantCrisis #Belgie
https://demorgen.be/binnenland/juridische-strijd-rond-uitzetting-sudanese-migranten-gaat-gewoon-door-b7a1b94b/…";;;;/petrodom###/petrodom###/petrodom/status/964207124472582144###/FranckenTheo###/hashtag/begov?src=hashtag_click###/de_NVA###/hashtag/migrants?src=hashtag_click###/hashtag/MigrantCrisis?src=hashtag_click###/hashtag/Belgie?src=hashtag_click###https://t.co/LdIaFknosA;migrantcrisis;2024-09-30 09_27_27.801576;0.009147009812295;0.000031258947274;0.000002214393589;0.000094337221526;0.000019006158254;0.005481704603881;0.000039416529034;5. Is neutral.
185;0e8d7a90a903c98b;e040d5f8edabd7ee;b2e26a2d63858081;2015-09-19T17:12:20.000Z;Ik gooi schoonvader zijn gedacht maar eventjes in de groep. #migrantcrisis #begov @de_NVA;4.0;25.0;9.0;/GeertGooris###/GeertGooris###/GeertGooris/status/645284300418588672###/hashtag/migrantcrisis?src=hashtag_click###/hashtag/begov?src=hashtag_click###/de_NVA;migrantcrisis;2024-09-30 09_27_27.801576;0.249400362372398;0.001216124510393;0.000006347788712;0.000057718872995;0.000054794349126;0.132014378905296;0.000051430535677;6. Other: unclear stance on immigration.
186;c5c796f690dfec63;6884bd33cec15484;adb92a31d60991a8;2015-08-12T15:32:16.000Z;Oplossing voor die #migrantcrisis , zeg de migranten dat deze vrouw werd gezien in hun land van herkomst;;;;/PTRVDA###/PTRVDA###/PTRVDA/status/631488377028804608###/hashtag/migrantcrisis?src=hashtag_click;migrantcrisis;2024-09-30 09_27_27.801576;0.049569945782423;0.000580705469474;0.000017672360627;0.000028133314117;0.000008319203516;0.010332696139812;0.000011606601220;1. Against immigration, migrants, foreigners, refugees, or Muslims.
187;7110c1f41f7e9a70;4b2ea796adaf3428;e133130ee01b5bd6;2015-09-04T12:19:56.000Z;De Syriërs die we volgen, zojuist aangekomen in Athene #migrantcrisis;;1.0;;/CameraHan###/CameraHan###/CameraHan/status/639774896613126144###/hashtag/migrantcrisis?src=hashtag_click;migrantcrisis;2024-09-30 09_27_27.801576;0.004687739070505;0.000073325783887;0.000015532752514;0.000066700493335;0.000010518832823;0.002704511629418;0.000644632265903;5. Is neutral.
188;df433a815a955940;57f0bdc43423339d;697560432cd22772;2016-04-12T18:45:32.000Z;"En nu springen! 
Wat een kolossale fouten maakt Merkel #Oekraine #migrantcrisis #EUTurkeyDeal";;4.0;2.0;/jangajentaan###/jangajentaan###/jangajentaan/status/719959654646865922###/hashtag/Oekraine?src=hashtag_click###/hashtag/migrantcrisis?src=hashtag_click###/hashtag/EUTurkeyDeal?src=hashtag_click;migrantcrisis;2024-09-30 09_27_27.801576;0.210104748606682;0.000013915262571;0.000005350907941;0.000334316515364;0.000361848302418;0.002810263773426;0.000018609158360;1. Against immigration, migrants, foreigners, refugees, or Muslims.
189;5ff341a37642757e;668005a76c76c96b;d31dafad072c57e8;2015-10-20T05:55:36.000Z;Met brief aan asielzoekers probeert Dijkhoff hun verwachtingen te temperen #migrantcrisis http://bit.ly/1GQm9E3;3.0;4.0;1.0;/ewmagazinenl###/ewmagazinenl###/ewmagazinenl/status/656348018254442496###/hashtag/migrantcrisis?src=hashtag_click###https://t.co/oXGa32HIhw;migrantcrisis;2024-09-30 09_27_27.801576;0.006827096920460;0.000325742206769;0.000054656054999;0.000196988825337;0.000134228903334;0.004468882456422;0.000038226487959;5. Is neutral.
190;99e7d367e5553899;eb196efe2703852b;4c2cf4bcbcf770d3;2016-05-09T12:06:58.000Z;Nieuwe seizoen voor veerdienst Afrika -  Europa officieel geopend? #migrantcrisis @MSF_Sea;3.0;1.0;;/naald###/naald###/naald/status/729643826013409286###/hashtag/migrantcrisis?src=hashtag_click###/MSF_Sea;migrantcrisis;2024-09-30 09_27_27.801576;0.000532149395440;0.000037722111301;0.000014963119611;0.000502563547343;0.000125605394715;0.000515350198839;0.000087298554718;5. Is neutral.
191;c0fd01fdbbd08849;d7d04e98e501ed07;c1a0fa053f73f6f2;2016-03-07T19:13:40.000Z;#Erdogan heeft het spel keihard gespeeld met de #migrantcrisis en het #EU lidmaatschap krijgt hij nu cadeau. #EUtop;3.0;30.0;11.0;/Keutelt###/Keutelt###/Keutelt/status/706920769524252672###/hashtag/Erdogan?src=hashtag_click###/hashtag/migrantcrisis?src=hashtag_click###/hashtag/EU?src=hashtag_click###/hashtag/EUtop?src=hashtag_click;migrantcrisis;2024-09-30 09_27_27.801576;0.029303874820471;0.000129535677843;0.000012846804566;0.000196275839699;0.000024948047212;0.004453934729099;0.000086233791080;5. Is neutral.
192;0f0bfcae9be2874d;730ef67f712637b1;73d1ea42334f26ac;2015-11-13T14:20:36.000Z;Drukke marktkraam Ter Apel,  doet 5 keer per week goede zaken aan hek aanmeldcentrum #migrantcrisis#eenvandaag;3.0;3.0;1.0;/harmvanatteveld###/harmvanatteveld###/harmvanatteveld/status/665172415480258560;migrantcrisis;2024-09-30 09_27_27.801576;0.000885134562850;0.000007530072708;0.000055535147112;0.000015733481632;0.000064588384703;0.002087075263262;0.000068064357038;5. Is neutral.
193;549b220f97d1e2cb;c3a4a53ea2b4dd28;1250574dbc40530d;2015-09-16T15:45:16.000Z;"Terechte aanhalingstekens @demorgen. Geen sprake van stemmingmakerij. #not #migrantcrisis
https://youtube.com/watch?v=RfrpwAEMe0c…";;2.0;;/EliMellemans###/EliMellemans###/EliMellemans/status/644175224783683584###/demorgen###/hashtag/not?src=hashtag_click###/hashtag/migrantcrisis?src=hashtag_click###https://t.co/EguXUc3Ehw;migrantcrisis;2024-09-30 09_27_27.801576;0.011550910770893;0.000039393195038;0.000004297985015;0.000064135616412;0.000024946548365;0.000513624225277;0.000008226588761;5. Is neutral.
194;f57f27c6b10aefaf;6450099d6d06af65;43c51fa1190037b3;2015-09-12T05:27:30.000Z;De vluchtelingen blijven marcheren naar Mytilene, soms tot 50 km. #Lesbos #vrtnieuws #MigrantCrisis;1.0;;;/stevencraneTV###/stevencraneTV###/stevencraneTV/status/642570208876593152###/hashtag/Lesbos?src=hashtag_click###/hashtag/vrtnieuws?src=hashtag_click###/hashtag/MigrantCrisis?src=hashtag_click;migrantcrisis;2024-09-30 09_27_27.801576;0.002742883283645;0.000034411434171;0.000015944708139;0.000300426676404;0.000055224085372;0.002606548834592;0.000033736774640;5. Is neutral.
195;c26b537c9f3bba2d;6450099d6d06af65;43c51fa1190037b3;2015-09-08T17:09:40.000Z;Haven van Mytilini in #Lesbos: honderden vluchtelingen wachten op ferry naar Athene #vrtnieuws #migrantcrisis;1.0;1.0;1.0;/stevencraneTV###/stevencraneTV###/stevencraneTV/status/641297363584294912###/hashtag/Lesbos?src=hashtag_click###/hashtag/vrtnieuws?src=hashtag_click###/hashtag/migrantcrisis?src=hashtag_click;migrantcrisis;2024-09-30 09_27_27.801576;0.000859441701323;0.000058336416259;0.000252828060184;0.000380848534405;0.000371195725165;0.001127925235778;0.000210741156479;5. Is neutral.
196;4f4448b7067df981;6450099d6d06af65;43c51fa1190037b3;2015-09-12T05:27:00.000Z;Tientallen vluchtelingen marcheren naar Mytilene in #Lesbos. Onvermoeibaar, tot 50 km ver #vrtnieuws #migrantcrisis;;;1.0;/stevencraneTV###/stevencraneTV###/stevencraneTV/status/642570080270876672###/hashtag/Lesbos?src=hashtag_click###/hashtag/vrtnieuws?src=hashtag_click###/hashtag/migrantcrisis?src=hashtag_click;migrantcrisis;2024-09-30 09_27_27.801576;0.004285854753107;0.000047165056458;0.000157073547598;0.001009716303088;0.000082458311226;0.008251195773482;0.000058778688981;5. Is neutral.
197;10ebfaf72a6a1789;645b04eac9c440a4;930e396518a00563;2016-06-10T16:42:28.000Z;Merkel's #Europe #RegressiveLeft #SocialJustice #SocJus #FreeSpeech #Germany #SJW #MigrantCrisis... http://fb.me/2hXuLN5zM;;;;/BadIdeasVs###/BadIdeasVs###/BadIdeasVs/status/741309566005215232###/hashtag/Europe?src=hashtag_click###/hashtag/RegressiveLeft?src=hashtag_click###/hashtag/SocialJustice?src=hashtag_click###/hashtag/SocJus?src=hashtag_click###/hashtag/FreeSpeech?src=hashtag_click###/hashtag/Germany?src=hashtag_click###/hashtag/SJW?src=hashtag_click###/hashtag/MigrantCrisis?src=hashtag_click###https://t.co/rDvBZR3ONT;migrantcrisis;2024-09-30 09_27_27.801576;0.081633344292641;0.000026943313060;0.000000011559737;0.000090680550784;0.000011107733371;0.000407627521781;0.000008772190995;6. Other: unclear stance on immigration.
198;481570287c112056;6450099d6d06af65;43c51fa1190037b3;2015-09-09T16:48:03.000Z;Elke dag komen meer dan duizend vluchtelingen aan in #Lesbos. #vrtnieuws #MigrantCrisis;2.0;1.0;;/stevencraneTV###/stevencraneTV###/stevencraneTV/status/641654310284173313###/hashtag/Lesbos?src=hashtag_click###/hashtag/vrtnieuws?src=hashtag_click###/hashtag/MigrantCrisis?src=hashtag_click;migrantcrisis;2024-09-30 09_27_27.801576;0.001004379475489;0.000009848420632;0.000052227758715;0.000282931985566;0.000042529441998;0.002345200860873;0.000034824523027;5. Is neutral.
199;d0ac3784dc90a2bf;4b2ea796adaf3428;e133130ee01b5bd6;2015-10-30T16:50:44.000Z;Vanavond in @Nieuwsuur! @stolkav #vluchtelingenstroom #vluchtelingen #migrantcrisis #Duitsland;;;;/CameraHan###/CameraHan###/CameraHan/status/660136766301687809###/Nieuwsuur###/stolkav###/hashtag/vluchtelingenstroom?src=hashtag_click###/hashtag/vluchtelingen?src=hashtag_click###/hashtag/migrantcrisis?src=hashtag_click###/hashtag/Duitsland?src=hashtag_click;migrantcrisis;2024-09-30 09_27_27.801576;0.010005779564381;0.000014653071048;0.000016423377019;0.000134772315505;0.000421872391598;0.006447176914662;0.000311651092488;5. Is neutral.
200;cfd8b97d555fa98f;645b04eac9c440a4;930e396518a00563;2017-01-22T09:56:05.000Z;"Typical Merkel 
#MigrantCrisis #Germeny #MEGA https://youtube.com/watch?v=M7EMl92iphU… @Kraut_and_Tea @scroweman";;2.0;3.0;/BadIdeasVs###/BadIdeasVs###/BadIdeasVs/status/823106957640765440###/hashtag/MigrantCrisis?src=hashtag_click###/hashtag/Germeny?src=hashtag_click###/hashtag/MEGA?src=hashtag_click###https://t.co/ghpOI34twi###/Kraut_and_Tea;migrantcrisis;2024-09-30 09_27_27.801576;0.252695381641388;0.000108773092506;0.000000345854659;0.000634127587546;0.000150604013470;0.001251799636520;0.000014972697500;6. Other: unclear stance on immigration.
201;447a7272634fc790;62fe2998899b04c3;007e5b147ca986b9;2016-03-10T12:09:48.000Z;"Oef #pijnlijk ingezonden brief: 
""Turken zijn #mensensmokkelaars""

#VK
http://geenstijl.nl/mt/archieven/2016/03/hallo_sunweb_we_willen_graag_die_alinkloesif_antalya_even_omboeken.html…
#migrantcrisis #EU";1.0;4.0;3.0;/Seccie###/Seccie###/Seccie/status/707901263770468353###/hashtag/pijnlijk?src=hashtag_click###/hashtag/mensensmokkelaars?src=hashtag_click###/hashtag/VK?src=hashtag_click###https://t.co/nQhnRgqpwA###/hashtag/migrantcrisis?src=hashtag_click###/hashtag/EU?src=hashtag_click;migrantcrisis;2024-09-30 09_27_27.801576;0.688899278640747;0.000288071227260;0.000406499457313;0.001502404338680;0.000195206594071;0.003251184010878;0.000215313091758;1. Against immigration, migrants, foreigners, refugees, or Muslims.
202;599faa64f5dd5913;8f4d75b6c8ab495e;73dc5bda3e02cb96;2017-12-19T08:25:02.000Z;"#libya Navy ship ""Ibn Ouf"" rescuing #migrants - BRAVO ZULU #humansmuggling #migrantcrisis #togetherforrescue #NGO #seenotrettung #msf #frontex #europol #reuters #unhcr #ong #migranti #bbc #seawatchcrew #afp #EU #refugees #dpa #cnn";;1.0;;/rgowans###/rgowans###/rgowans/status/943034425318760448###/hashtag/libya?src=hashtag_click###/hashtag/migrants?src=hashtag_click###/hashtag/humansmuggling?src=hashtag_click###/hashtag/migrantcrisis?src=hashtag_click###/hashtag/togetherforrescue?src=hashtag_click###/hashtag/NGO?src=hashtag_click###/hashtag/seenotrettung?src=hashtag_click###/hashtag/msf?src=hashtag_click###/hashtag/frontex?src=hashtag_click###/hashtag/europol?src=hashtag_click###/hashtag/reuters?src=hashtag_click###/hashtag/unhcr?src=hashtag_click###/hashtag/ong?src=hashtag_click###/hashtag/migranti?src=hashtag_click###/hashtag/bbc?src=hashtag_click###/hashtag/seawatchcrew?src=hashtag_click###/hashtag/afp?src=hashtag_click###/hashtag/EU?src=hashtag_click###/hashtag/refugees?src=hashtag_click###/hashtag/dpa?src=hashtag_click###/hashtag/cnn?src=hashtag_click;migrantcrisis;2024-09-30 09_27_27.801576;0.000477469584439;0.000041540606617;0.000007546398137;0.000560067128390;0.000070750305895;0.000503027928062;0.000050663315051;2. In support of immigration, migrants, foreigners, refugees, or Muslims.
203;4df2880353194b6a;248d5aca4c5b5c39;9112aaae83c6998f;2015-09-06T15:54:54.000Z;#migrantcrisis in Brussels! #refugeeswelcome;;2.0;5.0;/dansobov###/dansobov###/dansobov/status/640553770691227648###/hashtag/migrantcrisis?src=hashtag_click###/hashtag/refugeeswelcome?src=hashtag_click;migrantcrisis;2024-09-30 09_27_27.801576;0.000327811401803;0.000005137866992;0.000001828357881;0.000076397467637;0.000003458959782;0.000073296279879;0.000000479277162;2. In support of immigration, migrants, foreigners, refugees, or Muslims.
204;a3eee29d46d3c615;6450099d6d06af65;43c51fa1190037b3;2015-08-27T14:23:49.000Z;Langs de spoorlijn op de grens tussen Servië en Hongarije passeren duizenden vluchtelingen #vrtnieuws #migrantcrisis;;;1.0;/stevencraneTV###/stevencraneTV###/stevencraneTV/status/636906970352644096###/hashtag/vrtnieuws?src=hashtag_click###/hashtag/migrantcrisis?src=hashtag_click;migrantcrisis;2024-09-30 09_27_27.801576;0.007382314186543;0.000090426430688;0.000532042642590;0.000438519986346;0.000299448729493;0.009516222402453;0.000502757320646;5. Is neutral.
205;dbe7d07252abc63f;19552386dbb01053;fa2133aa633fa854;2018-03-02T02:31:42.000Z;Stockbroker Dirk Müller on Merkel’s disgusting comments about the food bank in #Essen. http://infiniteunknown.net/2018/03/01/stockbroker-dirk-muller-on-merkels-disgusting-comments-about-the-food-bank-in-essen/#.Wpi3ezOevSs.twitter… #migrantcrisis;;1.0;;/SecretNews###/SecretNews###/SecretNews/status/969399822120882176###/hashtag/Essen?src=hashtag_click###https://t.co/EnOT3ewKhR###/hashtag/migrantcrisis?src=hashtag_click;migrantcrisis;2024-09-30 09_27_27.801576;0.022358087822795;0.000000694853952;0.000001532403076;0.000115080219985;0.000006427448625;0.000176296918653;0.000048946156312;6. Other: Criticizes Merkel's comments on food bank.
206;67da578a5a781be9;dd78a7f3c0eb8f8c;82a5b060cf6f1c0c;2022-01-23T10:23:09.000Z;Poolse hulpverleners: migrantencrisis Belarus nog niet voorbij https://telegraaf.nl/t/516120855/ via @telegraaf don't blame @Poland @LVinEU @lituaniaenecu  for the migrantcrisis. This was set up by Belarus, they are the bad boys. @BorderGroup;;;;/11Gerard###/11Gerard###/11Gerard/status/1485196396747804675###https://t.co/2jeD54Spz2###/telegraaf###/Poland###/LVinEU###/lituaniaenecu###/BorderGroup;migrantcrisis;2024-09-30 09_27_27.801576;0.026255082339048;0.000101075856946;0.000022103145966;0.000351314491127;0.000140773510793;0.003754060016945;0.000017206941266;5. Is neutral.
207;b6ee812b7e9d334e;e2ee4a2a39bddb02;156ba705d959b7a5;2018-09-02T15:37:13.000Z;"Tuuurlement, mijnheer @FranckenTheo  #begov @de_NVA #migrants #migrantcrisis #Belgie 
Francken: ""Natuurlijk is het niet fijn om opgesloten te zijn in een asielcentrum, maar dat is een keuze van de ouders"" https://vrt.be/vrtnws/nl.permalink.1535886178835/…";;;1.0;/petrodom###/petrodom###/petrodom/status/1036276869660913665###/FranckenTheo###/hashtag/begov?src=hashtag_click###/de_NVA###/hashtag/migrants?src=hashtag_click###/hashtag/migrantcrisis?src=hashtag_click###/hashtag/Belgie?src=hashtag_click###https://t.co/C9tfdqBHJz;migrantcrisis;2024-09-30 09_27_27.801576;0.000693894689903;0.000005726729796;0.000034584580135;0.000339267950039;0.000121637538541;0.000162423253641;0.000020576882889;1. Against immigration, migrants, foreigners, refugees, or Muslims.
208;fb394bd4313fc168;ea72c79594296e45;d09aeb5ec90ef02c;2022-10-18T22:31:13.000Z;"Juist. Maar als t eten op is en ze de iphone niet meer kunnen opladen, zullen ze vervolgens toch massaal naar de 'racistische' EU en vooral NL ""vluchten"". 
#ASIELSTOP #migrantcrisis
#asielcrisis #vluchtelingen #kansparels #gelukzoekers #stikstofprobleem #hypocrisie";;;;/PeterrMeterr###/PeterrMeterr###/PeterrMeterr/status/1582499570223054848###/margriet49###/Polska82###/PeterrMeterr/status/1582499570223054848/people###/hashtag/ASIELSTOP?src=hashtag_click###/hashtag/migrantcrisis?src=hashtag_click###/hashtag/asielcrisis?src=hashtag_click###/hashtag/vluchtelingen?src=hashtag_click###/hashtag/kansparels?src=hashtag_click###/hashtag/gelukzoekers?src=hashtag_click###/hashtag/stikstofprobleem?src=hashtag_click###/hashtag/hypocrisie?src=hashtag_click;migrantcrisis;2024-09-30 09_27_27.801576;0.180596008896828;0.000605949491728;0.000668476161081;0.000058402045397;0.000045629902161;0.012722942046821;0.000737219525035;1. Against immigration, migrants, foreigners, refugees, or Muslims.
209;199638b1870ab6e1;27cee47e5216de07;b48e1c41f2b25ee0;2018-07-04T09:01:44.000Z;'Parijs laat 200 migrantenkinderen op straat zwerven' /via @NOS ⁦@TF1⁩ #France #MigrantCrisis #lesenfants #mineur http://nos.nl/l/2239799;;;;/asnah_ramdajal###/asnah_ramdajal###/asnah_ramdajal/status/1014434072716771328###/NOS###/TF1###/hashtag/France?src=hashtag_click###/hashtag/MigrantCrisis?src=hashtag_click###/hashtag/lesenfants?src=hashtag_click###/hashtag/mineur?src=hashtag_click###https://t.co/YptR9g7IsV;migrantcrisis;2024-09-30 09_27_27.801576;0.031479910016060;0.000242259382503;0.000024335235139;0.001048544771038;0.005732964258641;0.013184060342610;0.000370079505956;5. Is neutral.
210;3f0c8419370081f2;818563ff197837a0;12d1d1c8187b4030;2022-11-09T19:45:40.000Z;#gemeente NIET GENOEG GELD VOOR  #migrantcrisis ? GRATIS IDEE: KOOP DE 500 RIJKSTE QUOTE VAN #NL IN #Nederland #nederlandisvol VERPLICHT #Kabinet :VRAAG 1 NIEUWE BELASTING WET.LAAT HEN BETALEN! EN IEDEREEN= VERCHRACHT: 30J, MOORDENAARS: LEVENSLANG GEVANGN. #Rechters #tweedekamer;;1.0;1.0;/Domijo###/Domijo###/Domijo/status/1590430441852370944###/hashtag/gemeente?src=hashtag_click###/hashtag/migrantcrisis?src=hashtag_click###/hashtag/NL?src=hashtag_click###/hashtag/Nederland?src=hashtag_click###/hashtag/nederlandisvol?src=hashtag_click###/hashtag/Kabinet?src=hashtag_click###/hashtag/Rechters?src=hashtag_click###/hashtag/tweedekamer?src=hashtag_click;migrantcrisis;2024-09-30 09_27_27.801576;0.757073283195496;0.335691750049591;0.004026300273836;0.000365168874850;0.000361795013305;0.796370029449463;0.001363914343528;1. Against immigration, migrants, foreigners, refugees, or Muslims.
211;d1fe59593a77e310;1988b37692ae5f1c;248fd93b4d5581f6;2020-08-13T14:36:33.000Z;Denk u dat we nog mogen kiezen maart 2021?  #weglopers #tweedekamer #D66 heeft een tijdje geleden het eerst ballonnetje al opgelaten. #CoronaCrisis is permanent, #migrantcrisis  is permanent, zelf als #Wilders minister-president word, gaat het tij niet keren. wen er maar aan.;;1.0;1.0;/StefanBreugem###/StefanBreugem###/StefanBreugem/status/1293919373099520001###/Frija_Sims###/geertwilderspvv###/hashtag/weglopers?src=hashtag_click###/hashtag/tweedekamer?src=hashtag_click###/hashtag/D66?src=hashtag_click###/hashtag/CoronaCrisis?src=hashtag_click###/hashtag/migrantcrisis?src=hashtag_click###/hashtag/Wilders?src=hashtag_click;migrantcrisis;2024-09-30 09_27_27.801576;0.070875212550163;0.000517130480148;0.000307129317662;0.000061784317950;0.000092574693554;0.031168906018138;0.000228039381909;1. Against immigration, migrants, foreigners, refugees, or Muslims.
212;553959eafb200d6a;a85e63d7a468b8d4;2539dbca1dc7c0fc;2020-07-17T20:21:13.000Z;"Gevluchte Duitser (#waldrambo #YvesRausch) na dagenlange klopjacht aangehouden. 
https://rd.nl/vandaag/buitenland/gevluchte-duitser-na-dagenlange-klopjacht-aangehouden-1.1680881…
#Oppenau #Deutschland
#MSM probeerden dit verhaal flink op te kloppen om zo af te leiden van de grote problemen in 't land (#migrantcrisis, #Economie, #werkloosheid, #Corona)";;;1.0;/Aethonaia###/Aethonaia###/Aethonaia/status/1284221640382058497###/hashtag/waldrambo?src=hashtag_click###/hashtag/YvesRausch?src=hashtag_click###https://t.co/dUDLk4OPoU###/hashtag/Oppenau?src=hashtag_click###/hashtag/Deutschland?src=hashtag_click###/hashtag/MSM?src=hashtag_click###/hashtag/migrantcrisis?src=hashtag_click###/hashtag/Economie?src=hashtag_click###/hashtag/werkloosheid?src=hashtag_click###/hashtag/Corona?src=hashtag_click;migrantcrisis;2024-09-30 09_27_27.801576;0.063534401357174;0.000086679901870;0.000011558397091;0.000112851281301;0.000031236922950;0.010030181147158;0.000211317805224;5. Is neutral.
213;f0ce374ae5904834;a85e63d7a468b8d4;2539dbca1dc7c0fc;2019-09-14T08:47:37.000Z;"#MigrantCrisis: Hundreds More Land on #Greek Islands
https://europe.infowars.com/another-427-migrants-land-on-greek-islands-as-crisis-escalates/…
Dacht je dat de migrantencrisis voorbij was? Als ik jou was dan zou ik snel wakker worden, want die crisis gaat nu pas ècht beginnen. Griekse eilanden lopen snel vol. #EU programmeert snel noodsituatie!";;;;/Aethonaia###/Aethonaia###/Aethonaia/status/1172794014401204224###/hashtag/MigrantCrisis?src=hashtag_click###/hashtag/Greek?src=hashtag_click###https://t.co/YodJKKAV0o###/hashtag/EU?src=hashtag_click;migrantcrisis;2024-09-30 09_27_27.801576;0.086253337562084;0.002370530273765;0.000003571721209;0.000661612313706;0.000099717661215;0.124912053346634;0.001100104069337;1. Against immigration, migrants, foreigners, refugees, or Muslims.
214;;;;;This post is unavailable.;;;;;migrantcrisis;2024-09-30 09_27_27.801576;0.000118929085147;0.000000015512335;0.000000097311784;0.000661179888994;0.000003063055601;0.000033176205761;0.000041807754315;
215;;;;;This post is unavailable.;;;;;migrantcrisis;2024-09-30 09_27_27.801576;0.000118929085147;0.000000015512335;0.000000097311784;0.000661179888994;0.000003063055601;0.000033176205761;0.000041807754315;
216;06d7f29478a2e797;a85e63d7a468b8d4;2539dbca1dc7c0fc;2020-03-05T00:09:30.000Z;"Zo zien we de aanslagen van RECHTS vs LINKS + #Muslims eens in perspectief ..... 
#Duitsland #Germany #Germanistan #Merkel #Migrants #Crimes #MigrantCrisis #MSM #Luegenpresse #GroKo";;1.0;;/Aethonaia###/Aethonaia###/Aethonaia/status/1235356728226648066###/hashtag/Muslims?src=hashtag_click###/hashtag/Duitsland?src=hashtag_click###/hashtag/Germany?src=hashtag_click###/hashtag/Germanistan?src=hashtag_click###/hashtag/Merkel?src=hashtag_click###/hashtag/Migrants?src=hashtag_click###/hashtag/Crimes?src=hashtag_click###/hashtag/MigrantCrisis?src=hashtag_click###/hashtag/MSM?src=hashtag_click###/hashtag/Luegenpresse?src=hashtag_click###/hashtag/GroKo?src=hashtag_click;migrantcrisis;2024-09-30 09_27_27.801576;0.531328856945038;0.008202311582863;0.000005251948096;0.000558178464416;0.000526076240931;0.265777736902237;0.000722873199265;1. Against immigration, migrants, foreigners, refugees, or Muslims.
217;;;;;This post is unavailable.;;;;;migrantcrisis;2024-09-30 09_27_27.801576;0.000118929085147;0.000000015512335;0.000000097311784;0.000661179888994;0.000003063055601;0.000033176205761;0.000041807754315;
218;;;;;This post is unavailable.;;;;;migrantcrisis;2024-09-30 09_27_27.801576;0.000118929085147;0.000000015512335;0.000000097311784;0.000661179888994;0.000003063055601;0.000033176205761;0.000041807754315;
219;;;;;This post is unavailable.;;;;;migrantcrisis;2024-09-30 09_27_27.801576;0.000118929085147;0.000000015512335;0.000000097311784;0.000661179888994;0.000003063055601;0.000033176205761;0.000041807754315;
220;;;;;This post is unavailable.;;;;;migrantcrisis;2024-09-30 09_27_27.801576;0.000118929085147;0.000000015512335;0.000000097311784;0.000661179888994;0.000003063055601;0.000033176205761;0.000041807754315;
221;;;;;This post is unavailable.;;;;;migrantcrisis;2024-09-30 09_27_27.801576;0.000118929085147;0.000000015512335;0.000000097311784;0.000661179888994;0.000003063055601;0.000033176205761;0.000041807754315;
222;;;;;This post is unavailable.;;;;;migrantcrisis;2024-09-30 09_27_27.801576;0.000118929085147;0.000000015512335;0.000000097311784;0.000661179888994;0.000003063055601;0.000033176205761;0.000041807754315;
223;;;;;This post is unavailable.;;;;;migrantcrisis;2024-09-30 09_27_27.801576;0.000118929085147;0.000000015512335;0.000000097311784;0.000661179888994;0.000003063055601;0.000033176205761;0.000041807754315;
224;;;;;This post is unavailable.;;;;;migrantcrisis;2024-09-30 09_27_27.801576;0.000118929085147;0.000000015512335;0.000000097311784;0.000661179888994;0.000003063055601;0.000033176205761;0.000041807754315;
225;;;;;This post is unavailable.;;;;;migrantcrisis;2024-09-30 09_27_27.801576;0.000118929085147;0.000000015512335;0.000000097311784;0.000661179888994;0.000003063055601;0.000033176205761;0.000041807754315;
226;;;;;This post is unavailable.;;;;;migrantcrisis;2024-09-30 09_27_27.801576;0.000118929085147;0.000000015512335;0.000000097311784;0.000661179888994;0.000003063055601;0.000033176205761;0.000041807754315;
227;;;;;This post is unavailable.;;;;;migrantcrisis;2024-09-30 09_27_27.801576;0.000118929085147;0.000000015512335;0.000000097311784;0.000661179888994;0.000003063055601;0.000033176205761;0.000041807754315;
228;;;;;This post is unavailable.;;;;;migrantcrisis;2024-09-30 09_27_27.801576;0.000118929085147;0.000000015512335;0.000000097311784;0.000661179888994;0.000003063055601;0.000033176205761;0.000041807754315;
229;;;;;This post is unavailable.;;;;;migrantcrisis;2024-09-30 09_27_27.801576;0.000118929085147;0.000000015512335;0.000000097311784;0.000661179888994;0.000003063055601;0.000033176205761;0.000041807754315;
230;;;;;This post is unavailable.;;;;;migrantcrisis;2024-09-30 09_27_27.801576;0.000118929085147;0.000000015512335;0.000000097311784;0.000661179888994;0.000003063055601;0.000033176205761;0.000041807754315;
231;;;;;This post is unavailable.;;;;;migrantcrisis;2024-09-30 09_27_27.801576;0.000118929085147;0.000000015512335;0.000000097311784;0.000661179888994;0.000003063055601;0.000033176205761;0.000041807754315;
232;;;;;This post is unavailable.;;;;;migrantcrisis;2024-09-30 09_27_27.801576;0.000118929085147;0.000000015512335;0.000000097311784;0.000661179888994;0.000003063055601;0.000033176205761;0.000041807754315;
233;;;;;This post is unavailable.;;;;;migrantcrisis;2024-09-30 09_27_27.801576;0.000118929085147;0.000000015512335;0.000000097311784;0.000661179888994;0.000003063055601;0.000033176205761;0.000041807754315;
234;;;;;This post is unavailable.;;;;;migrantcrisis;2024-09-30 09_27_27.801576;0.000118929085147;0.000000015512335;0.000000097311784;0.000661179888994;0.000003063055601;0.000033176205761;0.000041807754315;
235;;;;;This post is unavailable.;;;;;migrantcrisis;2024-09-30 09_27_27.801576;0.000118929085147;0.000000015512335;0.000000097311784;0.000661179888994;0.000003063055601;0.000033176205761;0.000041807754315;
236;;;;;This post is unavailable.;;;;;migrantcrisis;2024-09-30 09_27_27.801576;0.000118929085147;0.000000015512335;0.000000097311784;0.000661179888994;0.000003063055601;0.000033176205761;0.000041807754315;
237;;;;;This post is unavailable.;;;;;migrantcrisis;2024-09-30 09_27_27.801576;0.000118929085147;0.000000015512335;0.000000097311784;0.000661179888994;0.000003063055601;0.000033176205761;0.000041807754315;
238;;;;;This post is unavailable.;;;;;migrantcrisis;2024-09-30 09_27_27.801576;0.000118929085147;0.000000015512335;0.000000097311784;0.000661179888994;0.000003063055601;0.000033176205761;0.000041807754315;
239;;;;;This post is unavailable.;;;;;migrantcrisis;2024-09-30 09_27_27.801576;0.000118929085147;0.000000015512335;0.000000097311784;0.000661179888994;0.000003063055601;0.000033176205761;0.000041807754315;
240;;;;;This post is unavailable.;;;;;migrantcrisis;2024-09-30 09_27_27.801576;0.000118929085147;0.000000015512335;0.000000097311784;0.000661179888994;0.000003063055601;0.000033176205761;0.000041807754315;
241;;;;;This post is unavailable.;;;;;migrantcrisis;2024-09-30 09_27_27.801576;0.000118929085147;0.000000015512335;0.000000097311784;0.000661179888994;0.000003063055601;0.000033176205761;0.000041807754315;
242;;;;;This post is unavailable.;;;;;migrantcrisis;2024-09-30 09_27_27.801576;0.000118929085147;0.000000015512335;0.000000097311784;0.000661179888994;0.000003063055601;0.000033176205761;0.000041807754315;
243;;;;;This post is unavailable.;;;;;migrantcrisis;2024-09-30 09_27_27.801576;0.000118929085147;0.000000015512335;0.000000097311784;0.000661179888994;0.000003063055601;0.000033176205761;0.000041807754315;
244;;;;;This post is unavailable.;;;;;migrantcrisis;2024-09-30 09_27_27.801576;0.000118929085147;0.000000015512335;0.000000097311784;0.000661179888994;0.000003063055601;0.000033176205761;0.000041807754315;
245;;;;;This post is unavailable.;;;;;migrantcrisis;2024-09-30 09_27_27.801576;0.000118929085147;0.000000015512335;0.000000097311784;0.000661179888994;0.000003063055601;0.000033176205761;0.000041807754315;
246;;;;;This post is unavailable.;;;;;migrantcrisis;2024-09-30 09_27_27.801576;0.000118929085147;0.000000015512335;0.000000097311784;0.000661179888994;0.000003063055601;0.000033176205761;0.000041807754315;
247;;;;;This post is unavailable.;;;;;migrantcrisis;2024-09-30 09_27_27.801576;0.000118929085147;0.000000015512335;0.000000097311784;0.000661179888994;0.000003063055601;0.000033176205761;0.000041807754315;
248;;;;;This post is unavailable.;;;;;migrantcrisis;2024-09-30 09_27_27.801576;0.000118929085147;0.000000015512335;0.000000097311784;0.000661179888994;0.000003063055601;0.000033176205761;0.000041807754315;
249;;;;;This post is unavailable.;;;;;migrantcrisis;2024-09-30 09_27_27.801576;0.000118929085147;0.000000015512335;0.000000097311784;0.000661179888994;0.000003063055601;0.000033176205761;0.000041807754315;
250;;;;;This post is unavailable.;;;;;migrantcrisis;2024-09-30 09_27_27.801576;0.000118929085147;0.000000015512335;0.000000097311784;0.000661179888994;0.000003063055601;0.000033176205761;0.000041807754315;
251;;;;;This post is unavailable.;;;;;migrantcrisis;2024-09-30 09_27_27.801576;0.000118929085147;0.000000015512335;0.000000097311784;0.000661179888994;0.000003063055601;0.000033176205761;0.000041807754315;
252;;;;;This post is unavailable.;;;;;migrantcrisis;2024-09-30 09_27_27.801576;0.000118929085147;0.000000015512335;0.000000097311784;0.000661179888994;0.000003063055601;0.000033176205761;0.000041807754315;
253;;;;;This post is unavailable.;;;;;migrantcrisis;2024-09-30 09_27_27.801576;0.000118929085147;0.000000015512335;0.000000097311784;0.000661179888994;0.000003063055601;0.000033176205761;0.000041807754315;
254;;;;;This post is unavailable.;;;;;migrantcrisis;2024-09-30 09_27_27.801576;0.000118929085147;0.000000015512335;0.000000097311784;0.000661179888994;0.000003063055601;0.000033176205761;0.000041807754315;
255;;;;;This post is unavailable.;;;;;migrantcrisis;2024-09-30 09_27_27.801576;0.000118929085147;0.000000015512335;0.000000097311784;0.000661179888994;0.000003063055601;0.000033176205761;0.000041807754315;
256;;;;;This post is unavailable.;;;;;migrantcrisis;2024-09-30 09_27_27.801576;0.000118929085147;0.000000015512335;0.000000097311784;0.000661179888994;0.000003063055601;0.000033176205761;0.000041807754315;
1;6a5695b19f2122e3;e96e536bfed7d12a;59d2013510f52df9;2023-05-15T06:13:01.000Z;Uitstekend idee dit @StasJenV !? Zo draai je het verdienmodel van de mensensmokkelaars de nek om en dan stokt migratie vanzelf. Ietsom over na te denken toch!? #migrantcrisis;;;;8;migrantcrisis;2024-09-29 11_48_53.139293;0.108791477978229;0.002765034558252;0.000172852334799;0.000045652624976;0.000004703967988;0.043769866228104;0.000238612687099;1. Against immigration, migrants, foreigners, refugees, or Muslims.
2;48445a75892f070d;1934fec4d9309d32;a22310a113639dbb;2022-07-18T08:43:16.000Z;"Een paspoort kopen vind EU niet leuk.

Men moet namelijk afhankelijk zijn, jarenlang in de migratiemolen hangen, zodat alle migratiebaantjes intact blijven.

Zomaar een zak geld op tafel leggen, dat is veelste efficient!

#migrantcrisis #miljonairs";;;;/Democratikusje###/Democratikusje###/Democratikusje/status/1548951525141118980###/hashtag/migrantcrisis?src=hashtag_click###/hashtag/miljonairs?src=hashtag_click;migrantcrisis;2024-09-29 11_48_53.139293;0.085448749363422;0.000053530671721;0.000011912257833;0.000029692075259;0.000005044983482;0.000999555923045;0.000094048366009;1. Against immigration, migrants, foreigners, refugees, or Muslims.
3;ea4e301f4c5c0f30;6da958ba3e5cb76c;93a969571e1d7c6d;2023-03-26T19:12:47.000Z;"Volle boot met #gelukszoekers onderweg Luilekkerland.
#ASIELSTOP #migrantcrisis";43.0;67.0;78.0;4K;migrantcrisis;2024-09-29 11_48_53.139293;0.002384479856118;0.000038576694351;0.000088939850684;0.000672064255923;0.000260375294602;0.000345456675859;0.000014890334569;1. Against immigration, migrants, foreigners, refugees, or Muslims.
4;cb0b5059b8a4d694;3947eb5bdd00c1cb;07a7c39c709d04d1;2022-10-25T13:02:09.000Z;"Amper 25 km de EU-grens over. Kamp bij het Servische Sombor. Duizenden jonge mannen,
vooral uit Syrië, stranden hier. Volgende hindernis: het hek van Orbán #migrantcrisis";7.0;11.0;13.0;/tijnsadee###/tijnsadee###/tijnsadee/status/1584893076312817664###/hashtag/migrantcrisis?src=hashtag_click;migrantcrisis;2024-09-29 11_48_53.139293;0.003769404720515;0.000037152007280;0.000851715274621;0.000660121790133;0.000452414358733;0.003285614540800;0.000265500246314;5. Is neutral.
5;20e4492af6ff8ad1;74607ab5486101c8;3f4b06727f5114f1;2024-08-26T12:05:33.000Z;"Opnieuw 301 illegale migranten aangekomen in Lampedusa op 8 boten 

Vandaag arriveerden 301 migranten in Lampedusa, terwijl er gisteren al 450 aankwamen. De korte termijn opvangcentra zijn inmiddels overvol. Een nieuwe migrantcrisis lijkt zich te ontwikkelen op Lampedusa";4.0;5.0;2.0;370;migrantcrisis;2024-09-29 11_48_53.139293;0.078819736838341;0.000735753739718;0.000207481512916;0.002849531592801;0.004227765370160;0.019401161000132;0.000215249863686;5. Is neutral.
6;9f4e6bc65f0c49a3;ed5324cd4ee8b88f;2dc80c0a078bfdcd;2022-07-30T18:50:55.000Z;"Er móét gewoon een verdienmodel aan ten grondslag liggen getuige de vele tripjes tussen Libië en Italië van #NGO-schepen, die met volledig medeweten en goedkeuring van de #EuropeseUnie 1000-en #migranten Europa in smokkelen. 
#migrantcrisis #Immigration";3.0;55.0;54.0;/CoraWeg###/CoraWeg###/CoraWeg/status/1553453100287025156###/hashtag/NGO?src=hashtag_click###/hashtag/EuropeseUnie?src=hashtag_click###/hashtag/migranten?src=hashtag_click###/hashtag/migrantcrisis?src=hashtag_click###/hashtag/Immigration?src=hashtag_click;migrantcrisis;2024-09-29 11_48_53.139293;0.033936806023121;0.000047389577958;0.000032524054404;0.001304855919443;0.001452531432733;0.003652906510979;0.000094316710602;1. Against immigration, migrants, foreigners, refugees, or Muslims.
7;e3b62069719f83a6;d957b9f1c86f53a2;c45f83925c2b470b;2023-09-26T20:27:37.000Z;"Caarnaast, nogmaals #migrantcrisis is geen #vluchtelingencrisis.
#migranten, zelf zorgen voor onderdak, eten, etc. Moet iedere migrant. Dus huisje #opjebeurtwachten. #6160224test nooitvoorang";;;;9;migrantcrisis;2024-09-29 11_48_53.139293;0.060412019491196;0.000005234108357;0.000044208791223;0.000028746015232;0.000004275786068;0.000513187726028;0.000002962511189;1. Against immigration, migrants, foreigners, refugees, or Muslims.
8;be568eacb84aac7e;b7cde170f4d1b3bf;7e2c9d4c3686a57e;2021-07-21T21:25:34.000Z;Weer een paar mensen die het licht zien. Niet arbeidsmigratie faciliteren en  stimuleren, maar het verplaatsen van sectoren naar de landen waar wel arbeid is, is de oplossing! Goed voor iedereen, behalve voor uitbuitende en/of slechtbetalende ondernemers ! #migrantcrisis;5.0;6.0;16.0;/JacquesMonasch###/JacquesMonasch###/JacquesMonasch/status/1417958956857708549###/hashtag/migrantcrisis?src=hashtag_click;migrantcrisis;2024-09-29 11_48_53.139293;0.015322159044445;0.000788839592133;0.000024416782253;0.000042194307753;0.000003286137144;0.004442997742444;0.000062717255787;1. Against immigration, migrants, foreigners, refugees, or Muslims.
9;b3b1312ccdcea55b;30de264b292732e5;6d2942f8760f3370;2023-01-26T22:13:55.000Z;"De beste grappen hoor je in verkiezingstijd
in 1 jaar 402.000 migranten zonder uitnodiging.
#verkiezingen #VVD #D66 #groenlinks #Politiek #migrantcrisis #Mensenhandel zonder Grenzen ( op andermans kosten ) #Politiek";;;;75;migrantcrisis;2024-09-29 11_48_53.139293;0.020132267847657;0.000053326108173;0.000014462745639;0.000924904481508;0.000078056524217;0.003248497843742;0.000097952834039;1. Against immigration, migrants, foreigners, refugees, or Muslims.
10;e36a4bf37f0dce58;35c88f9b583366e5;2b3368832de6e0d0;2023-07-14T17:26:17.000Z;"#klaarmetRutte 
Hongarije heeft de oplossing gevonden voor de migrantcrisis : geen afgeronde asielprocedure, geen toegang tot de EU. Dit is het Hongaarse systeem en het werkt. Nu wil Brussel het vernietigen.! dit laat ik niet gebeuren  Orbán Viktor";3.0;33.0;48.0;1,6K;migrantcrisis;2024-09-29 11_48_53.139293;0.074231825768948;0.001509936177172;0.001013013999909;0.000059270172642;0.000037079727917;0.099818587303162;0.000858579820488;1. Against immigration, migrants, foreigners, refugees, or Muslims.
11;9157eb9cde4730fb;008d3baa5195d527;e79a054808a459bd;2021-10-14T05:06:23.000Z;"Hmmmmm. Alles passeert de revu behalve statushouders die met voorang woningen krijgen. 
#woningnood #migrantcrisis";;;1.0;/alfred_silenus###/alfred_silenus###/alfred_silenus/status/1448515506399551488###/denieuwsbv###/poeetweet###/pieterderks###/hashtag/woningnood?src=hashtag_click###/hashtag/migrantcrisis?src=hashtag_click;migrantcrisis;2024-09-29 11_48_53.139293;0.003736767219380;0.000002381077365;0.000001256687028;0.000013641462829;0.000005437401796;0.000040613358578;0.000014041837858;1. Against immigration, migrants, foreigners, refugees, or Muslims.
12;e603f092707ac638;c5753345f65416a3;d426e75bc6b6ac36;2018-07-29T14:27:06.000Z;Blog op Zondag | Stop de (gewelddadige) asieleiser https://bit.ly/2v19t0g #Ceuta #asieleiser #migranten #EU #buitengrens #borderpatrol #Spanje #borderprotection #bordercontrol #migrantcrisis #EUmigrantcrisis;;3.0;3.0;/BlogopZondag###/BlogopZondag###/BlogopZondag/status/1023575648294658048###https://t.co/VxtpbvIozV###/hashtag/Ceuta?src=hashtag_click###/hashtag/asieleiser?src=hashtag_click###/hashtag/migranten?src=hashtag_click###/hashtag/EU?src=hashtag_click###/hashtag/buitengrens?src=hashtag_click###/hashtag/borderpatrol?src=hashtag_click###/hashtag/Spanje?src=hashtag_click###/hashtag/borderprotection?src=hashtag_click###/hashtag/bordercontrol?src=hashtag_click###/hashtag/migrantcrisis?src=hashtag_click###/hashtag/EUmigrantcrisis?src=hashtag_click;migrantcrisis;2024-09-29 11_48_53.139293;0.049288392066955;0.000510531303007;0.000078436467447;0.000298180966638;0.000046093624405;0.015070088207722;0.000108801941678;1. Against immigration, migrants, foreigners, refugees, or Muslims.
13;f4c62253bd42748f;c5753345f65416a3;d426e75bc6b6ac36;2018-06-24T16:55:09.000Z;"Blog op Zondag | Opvangcentra in Europa voor migranten zijn geen goed idee. Drie redenen. https://bit.ly/2lzZ6vz
#migranten #MigrantCrisis #EU #opvangcentra #MigrationEU";;1.0;1.0;/BlogopZondag###/BlogopZondag###/BlogopZondag/status/1010929330023739393###https://t.co/pX3OvNZx3F###/hashtag/migranten?src=hashtag_click###/hashtag/MigrantCrisis?src=hashtag_click###/hashtag/EU?src=hashtag_click###/hashtag/opvangcentra?src=hashtag_click###/hashtag/MigrationEU?src=hashtag_click;migrantcrisis;2024-09-29 11_48_53.139293;0.095592699944973;0.000083872218966;0.000002278152124;0.000131022548885;0.000187091078260;0.000810529454611;0.000011948016436;1. Against immigration, migrants, foreigners, refugees, or Muslims.
14;6d495b658ccb36d6;f38fc9ea7ba75f04;dd00fc95aacb2c72;2020-08-14T18:57:22.000Z;"Inside Europe: Ten Years of Turmoil

It covers matters affecting the European Union, and in particular #Brexit, the #debtcrisis and the #migrantcrisis

Als je deze 3 crisissen uiteindelijk bekijkt, door de ogen van deze leiders, besef je dat Europa nog veel uitdagingen heeft.";1.0;;1.0;/KarlBoumans###/KarlBoumans###/KarlBoumans/status/1294347400472072192###/hashtag/Brexit?src=hashtag_click###/hashtag/debtcrisis?src=hashtag_click###/hashtag/migrantcrisis?src=hashtag_click;migrantcrisis;2024-09-29 11_48_53.139293;0.001297234324738;0.000000790602712;0.000000137253451;0.000097016367363;0.000012057387721;0.000127578634419;0.000038749542000;5. Is neutral.
15;36e58c3aa5913270;cef678ad462ddafc;24d29350c6dbbcdc;2024-02-17T20:08:06.000Z;Je vergeet uitzetten! Nog beter: niet binnen laten! #rellen #DenHaag #migrantcrisis;;;3.0;869;migrantcrisis;2024-09-29 11_48_53.139293;0.133503824472427;0.000152335720486;0.000002102683311;0.000045745320676;0.000030211951525;0.005438787396997;0.000000981280209;1. Against immigration, migrants, foreigners, refugees, or Muslims.
16;;;;;This post is unavailable.;;;;;migrantcrisis;2024-09-29 11_48_53.139293;0.000118929085147;0.000000015512335;0.000000097311784;0.000661179888994;0.000003063055601;0.000033176205761;0.000041807754315;
17;;;;;This post is unavailable.;;;;;migrantcrisis;2024-09-29 11_48_53.139293;0.000118929085147;0.000000015512335;0.000000097311784;0.000661179888994;0.000003063055601;0.000033176205761;0.000041807754315;
18;cc0524d94eb058b3;44597143c123b7f1;2d832b60a168d460;2024-08-13T14:55:20.000Z;"Zijn de Westerse 'vrije' samenlevingen in een terminale staat of is de zaak nog te redden? #klimaathysterie #FreeSpeech #migrantcrisis #WEF etc... RT = 
@Kijkverder1";3.0;7.0;6.0;466;migrantcrisis;2024-09-29 11_48_53.139293;0.060721807181835;0.000797353917733;0.000001074817533;0.000094569506473;0.000005675221018;0.013749605976045;0.000500224065035;5. Is neutral.
19;;;;;This post is unavailable.;;;;;migrantcrisis;2024-09-29 11_48_53.139293;0.000118929085147;0.000000015512335;0.000000097311784;0.000661179888994;0.000003063055601;0.000033176205761;0.000041807754315;
20;;;;;This post is unavailable.;;;;;migrantcrisis;2024-09-29 11_48_53.139293;0.000118929085147;0.000000015512335;0.000000097311784;0.000661179888994;0.000003063055601;0.000033176205761;0.000041807754315;
21;;;;;This post is unavailable.;;;;;migrantcrisis;2024-09-29 11_48_53.139293;0.000118929085147;0.000000015512335;0.000000097311784;0.000661179888994;0.000003063055601;0.000033176205761;0.000041807754315;
22;;;;;This post is unavailable.;;;;;migrantcrisis;2024-09-29 11_48_53.139293;0.000118929085147;0.000000015512335;0.000000097311784;0.000661179888994;0.000003063055601;0.000033176205761;0.000041807754315;
23;901cd4acf3e2355f;f1d80082eb97ede1;38c3d6f7860dda45;2023-02-18T09:04:04.000Z;Ik vraag mij elke dag af wanneer Nederland, en de rest van de wereld, massaal in opstand komt. Zijn de slapende schapen nog steeds in de meerderheid? #WEF #D666 #Rutte #kaag #Ohio #Ukraina #Epstein #Biden #migrantcrisis #boeren;2.0;3.0;16.0;663;migrantcrisis;2024-09-29 11_48_53.139293;0.410441726446152;0.062907792627811;0.000200057140319;0.002196847461164;0.000964916136581;0.379260212182999;0.000316642137477;6. Other: Criticizes government and global issues.
24;1eb2831714e0a0c7;0a277c42f331e1ac;cc7b7a3ae5c97d47;2023-07-14T15:57:35.000Z;Hongarije #migrantcrisis   heeft de oplossing: Geen afgeronde asiel procedure géén toegang tot de EU.;;3.0;3.0;102;migrantcrisis;2024-09-29 11_48_53.139293;0.061486888676882;0.000507664866745;0.000938215758651;0.000026544759749;0.000026743206035;0.026800176128745;0.002227390184999;1. Against immigration, migrants, foreigners, refugees, or Muslims.
25;;;;;This post is unavailable.;;;;;migrantcrisis;2024-09-29 11_48_53.139293;0.000118929085147;0.000000015512335;0.000000097311784;0.000661179888994;0.000003063055601;0.000033176205761;0.000041807754315;
26;;;;;This post is unavailable.;;;;;migrantcrisis;2024-09-29 11_48_53.139293;0.000118929085147;0.000000015512335;0.000000097311784;0.000661179888994;0.000003063055601;0.000033176205761;0.000041807754315;
27;;;;;This post is unavailable.;;;;;migrantcrisis;2024-09-29 11_48_53.139293;0.000118929085147;0.000000015512335;0.000000097311784;0.000661179888994;0.000003063055601;0.000033176205761;0.000041807754315;
28;;;;;This post is unavailable.;;;;;migrantcrisis;2024-09-29 11_48_53.139293;0.000120056887681;0.000000015283494;0.000000097800964;0.000657855824102;0.000003010128239;0.000033245440136;0.000041408227844;
29;;;;;This post is unavailable.;;;;;migrantcrisis;2024-09-29 11_48_53.139293;0.000118929085147;0.000000015512335;0.000000097311784;0.000661179888994;0.000003063055601;0.000033176205761;0.000041807754315;
30;;;;;This post is unavailable.;;;;;migrantcrisis;2024-09-29 11_48_53.139293;0.000118929085147;0.000000015512335;0.000000097311784;0.000661179888994;0.000003063055601;0.000033176205761;0.000041807754315;
31;;;;;This post is unavailable.;;;;;migrantcrisis;2024-09-29 11_48_53.139293;0.000118929085147;0.000000015512335;0.000000097311784;0.000661179888994;0.000003063055601;0.000033176205761;0.000041807754315;
32;;;;;This post is unavailable.;;;;;migrantcrisis;2024-09-29 11_48_53.139293;0.000118929085147;0.000000015512335;0.000000097311784;0.000661179888994;0.000003063055601;0.000033176205761;0.000041807754315;
33;;;;;This post is unavailable.;;;;;migrantcrisis;2024-09-29 11_48_53.139293;0.000118929085147;0.000000015512335;0.000000097311784;0.000661179888994;0.000003063055601;0.000033176205761;0.000041807754315;
34;;;;;This post is unavailable.;;;;;migrantcrisis;2024-09-29 11_48_53.139293;0.000118929085147;0.000000015512335;0.000000097311784;0.000661179888994;0.000003063055601;0.000033176205761;0.000041807754315;
35;;;;;This post is unavailable.;;;;;migrantcrisis;2024-09-29 11_48_53.139293;0.000118929085147;0.000000015512335;0.000000097311784;0.000661179888994;0.000003063055601;0.000033176205761;0.000041807754315;
36;;;;;This post is unavailable.;;;;;migrantcrisis;2024-09-29 11_48_53.139293;0.000118929085147;0.000000015512335;0.000000097311784;0.000661179888994;0.000003063055601;0.000033176205761;0.000041807754315;
37;;;;;This post is unavailable.;;;;;migrantcrisis;2024-09-29 11_48_53.139293;0.000118929085147;0.000000015512335;0.000000097311784;0.000661179888994;0.000003063055601;0.000033176205761;0.000041807754315;
38;;;;;This post is unavailable.;;;;;migrantcrisis;2024-09-29 11_48_53.139293;0.000118929085147;0.000000015512335;0.000000097311784;0.000661179888994;0.000003063055601;0.000033176205761;0.000041807754315;
39;;;;;This post is unavailable.;;;;;migrantcrisis;2024-09-29 11_48_53.139293;0.000118929085147;0.000000015512335;0.000000097311784;0.000661179888994;0.000003063055601;0.000033176205761;0.000041807754315;
40;;;;;This post is unavailable.;;;;;migrantcrisis;2024-09-29 11_48_53.139293;0.000118929085147;0.000000015512335;0.000000097311784;0.000661179888994;0.000003063055601;0.000033176205761;0.000041807754315;
41;;;;;This post is unavailable.;;;;;migrantcrisis;2024-09-29 11_48_53.139293;0.000118929085147;0.000000015512335;0.000000097311784;0.000661179888994;0.000003063055601;0.000033176205761;0.000041807754315;
42;;;;;This post is unavailable.;;;;;migrantcrisis;2024-09-29 11_48_53.139293;0.000118929085147;0.000000015512335;0.000000097311784;0.000661179888994;0.000003063055601;0.000033176205761;0.000041807754315;
43;;;;;This post is unavailable.;;;;;migrantcrisis;2024-09-29 11_48_53.139293;0.000118929085147;0.000000015512335;0.000000097311784;0.000661179888994;0.000003063055601;0.000033176205761;0.000041807754315;
44;;;;;This post is unavailable.;;;;;migrantcrisis;2024-09-29 11_48_53.139293;0.000118929085147;0.000000015512335;0.000000097311784;0.000661179888994;0.000003063055601;0.000033176205761;0.000041807754315;
45;;;;;This post is unavailable.;;;;;migrantcrisis;2024-09-29 11_48_53.139293;0.000118929085147;0.000000015512335;0.000000097311784;0.000661179888994;0.000003063055601;0.000033176205761;0.000041807754315;
46;;;;;This post is unavailable.;;;;;migrantcrisis;2024-09-29 11_48_53.139293;0.000118929085147;0.000000015512335;0.000000097311784;0.000661179888994;0.000003063055601;0.000033176205761;0.000041807754315;
47;;;;;This post is unavailable.;;;;;migrantcrisis;2024-09-29 11_48_53.139293;0.000118929085147;0.000000015512335;0.000000097311784;0.000661179888994;0.000003063055601;0.000033176205761;0.000041807754315;
48;;;;;This post is unavailable.;;;;;migrantcrisis;2024-09-29 11_48_53.139293;0.000118929085147;0.000000015512335;0.000000097311784;0.000661179888994;0.000003063055601;0.000033176205761;0.000041807754315;
49;;;;;This post is unavailable.;;;;;migrantcrisis;2024-09-29 11_48_53.139293;0.000118929085147;0.000000015512335;0.000000097311784;0.000661179888994;0.000003063055601;0.000033176205761;0.000041807754315;
50;;;;;This post is unavailable.;;;;;migrantcrisis;2024-09-29 11_48_53.139293;0.000118929085147;0.000000015512335;0.000000097311784;0.000661179888994;0.000003063055601;0.000033176205761;0.000041807754315;
51;;;;;This post is unavailable.;;;;;migrantcrisis;2024-09-29 11_48_53.139293;0.000118929085147;0.000000015512335;0.000000097311784;0.000661179888994;0.000003063055601;0.000033176205761;0.000041807754315;
52;;;;;This post is unavailable.;;;;;migrantcrisis;2024-09-29 11_48_53.139293;0.000118929085147;0.000000015512335;0.000000097311784;0.000661179888994;0.000003063055601;0.000033176205761;0.000041807754315;
53;;;;;This post is unavailable.;;;;;migrantcrisis;2024-09-29 11_48_53.139293;0.000118929085147;0.000000015512335;0.000000097311784;0.000661179888994;0.000003063055601;0.000033176205761;0.000041807754315;
54;;;;;This post is unavailable.;;;;;migrantcrisis;2024-09-29 11_48_53.139293;0.000118929085147;0.000000015512335;0.000000097311784;0.000661179888994;0.000003063055601;0.000033176205761;0.000041807754315;
55;;;;;This post is unavailable.;;;;;migrantcrisis;2024-09-29 11_48_53.139293;0.000118929085147;0.000000015512335;0.000000097311784;0.000661179888994;0.000003063055601;0.000033176205761;0.000041807754315;
56;;;;;This post is unavailable.;;;;;migrantcrisis;2024-09-29 11_48_53.139293;0.000118929085147;0.000000015512335;0.000000097311784;0.000661179888994;0.000003063055601;0.000033176205761;0.000041807754315;
57;;;;;This post is unavailable.;;;;;migrantcrisis;2024-09-29 11_48_53.139293;0.000118929085147;0.000000015512335;0.000000097311784;0.000661179888994;0.000003063055601;0.000033176205761;0.000041807754315;
58;;;;;This post is unavailable.;;;;;migrantcrisis;2024-09-29 11_48_53.139293;0.000118929085147;0.000000015512335;0.000000097311784;0.000661179888994;0.000003063055601;0.000033176205761;0.000041807754315;
59;;;;;This post is unavailable.;;;;;migrantcrisis;2024-09-29 11_48_53.139293;0.000118929085147;0.000000015512335;0.000000097311784;0.000661179888994;0.000003063055601;0.000033176205761;0.000041807754315;
60;;;;;This post is unavailable.;;;;;migrantcrisis;2024-09-29 11_48_53.139293;0.000118929085147;0.000000015512335;0.000000097311784;0.000661179888994;0.000003063055601;0.000033176205761;0.000041807754315;
61;;;;;This post is unavailable.;;;;;migrantcrisis;2024-09-29 11_48_53.139293;0.000118929085147;0.000000015512335;0.000000097311784;0.000661179888994;0.000003063055601;0.000033176205761;0.000041807754315;
62;;;;;This post is unavailable.;;;;;migrantcrisis;2024-09-29 11_48_53.139293;0.000118929085147;0.000000015512335;0.000000097311784;0.000661179888994;0.000003063055601;0.000033176205761;0.000041807754315;
63;;;;;This post is unavailable.;;;;;migrantcrisis;2024-09-29 11_48_53.139293;0.000118929085147;0.000000015512335;0.000000097311784;0.000661179888994;0.000003063055601;0.000033176205761;0.000041807754315;
64;;;;;This post is unavailable.;;;;;migrantcrisis;2024-09-29 11_48_53.139293;0.000118929085147;0.000000015512335;0.000000097311784;0.000661179888994;0.000003063055601;0.000033176205761;0.000041807754315;
1;6a5695b19f2122e3;e96e536bfed7d12a;59d2013510f52df9;2023-05-15T06:13:01.000Z;Uitstekend idee dit @StasJenV !? Zo draai je het verdienmodel van de mensensmokkelaars de nek om en dan stokt migratie vanzelf. Ietsom over na te denken toch!? #migrantcrisis;;;;18;migrantcrisis;2024-10-15 11_09_22.504745;0.108791477978229;0.002765034558252;0.000172852334799;0.000045652624976;0.000004703967988;0.043769866228104;0.000238612687099;1. Against immigration, migrants, foreigners, refugees, or Muslims.
2;ea4e301f4c5c0f30;e72bf2cdaa2a3cce;93a969571e1d7c6d;2023-03-26T19:12:47.000Z;"Volle boot met #gelukszoekers onderweg Luilekkerland.
#ASIELSTOP #migrantcrisis";43.0;67.0;77.0;4K;migrantcrisis;2024-10-15 11_09_22.504745;0.002384479856118;0.000038576694351;0.000088939850684;0.000672064255923;0.000260375294602;0.000345456675859;0.000014890334569;1. Against immigration, migrants, foreigners, refugees, or Muslims.
3;b3b1312ccdcea55b;30de264b292732e5;6d2942f8760f3370;2023-01-26T22:13:55.000Z;"De beste grappen hoor je in verkiezingstijd
in 1 jaar 402.000 migranten zonder uitnodiging.
#verkiezingen #VVD #D66 #groenlinks #Politiek #migrantcrisis #Mensenhandel zonder Grenzen ( op andermans kosten ) #Politiek";;;;85;migrantcrisis;2024-10-15 11_09_22.504745;0.020132267847657;0.000053326108173;0.000014462745639;0.000924904481508;0.000078056524217;0.003248497843742;0.000097952834039;1. Against immigration, migrants, foreigners, refugees, or Muslims.
4;c4ac8fde51ab3d2f;28fbc175ccf963db;5915afe945514a83;2021-08-27T21:31:25.000Z;"#Afghanistan #migrantcrisis 
Oef, wat een opluchting zeg !
#simplisme bij @vrtnws";;;2.0;/Belgonerd1###/Belgonerd1###/Belgonerd1/status/1431368780437929984###/hashtag/Afghanistan?src=hashtag_click###/hashtag/migrantcrisis?src=hashtag_click###/hashtag/simplisme?src=hashtag_click###/vrtnws;migrantcrisis;2024-10-15 11_09_22.504745;0.011305084452033;0.000006193373792;0.000071519745688;0.000194654188817;0.000074605522968;0.000812798738480;0.000085416926595;5. Is neutral.
5;48445a75892f070d;1934fec4d9309d32;a22310a113639dbb;2022-07-18T08:43:16.000Z;"Een paspoort kopen vind EU niet leuk.

Men moet namelijk afhankelijk zijn, jarenlang in de migratiemolen hangen, zodat alle migratiebaantjes intact blijven.

Zomaar een zak geld op tafel leggen, dat is veelste efficient!

#migrantcrisis #miljonairs";;;;/Democratikusje###/Democratikusje###/Democratikusje/status/1548951525141118980###/hashtag/migrantcrisis?src=hashtag_click###/hashtag/miljonairs?src=hashtag_click;migrantcrisis;2024-10-15 11_09_22.504745;0.085448749363422;0.000053530671721;0.000011912257833;0.000029692075259;0.000005044983482;0.000999555923045;0.000094048366009;1. Against immigration, migrants, foreigners, refugees, or Muslims.
6;20e4492af6ff8ad1;74607ab5486101c8;3f4b06727f5114f1;2024-08-26T12:05:33.000Z;"Opnieuw 301 illegale migranten aangekomen in Lampedusa op 8 boten 

Vandaag arriveerden 301 migranten in Lampedusa, terwijl er gisteren al 450 aankwamen. De korte termijn opvangcentra zijn inmiddels overvol. Een nieuwe migrantcrisis lijkt zich te ontwikkelen op Lampedusa";4.0;5.0;2.0;381;migrantcrisis;2024-10-15 11_09_22.504745;0.078819736838341;0.000735753739718;0.000207481512916;0.002849531592801;0.004227765370160;0.019401161000132;0.000215249863686;5. Is neutral.
7;cb0b5059b8a4d694;3947eb5bdd00c1cb;07a7c39c709d04d1;2022-10-25T13:02:09.000Z;"Amper 25 km de EU-grens over. Kamp bij het Servische Sombor. Duizenden jonge mannen,
vooral uit Syrië, stranden hier. Volgende hindernis: het hek van Orbán #migrantcrisis";7.0;11.0;13.0;/tijnsadee###/tijnsadee###/tijnsadee/status/1584893076312817664###/hashtag/migrantcrisis?src=hashtag_click;migrantcrisis;2024-10-15 11_09_22.504745;0.003769404720515;0.000037152007280;0.000851715274621;0.000660121790133;0.000452414358733;0.003285614540800;0.000265500246314;5. Is neutral.
8;9f4e6bc65f0c49a3;ed5324cd4ee8b88f;2dc80c0a078bfdcd;2022-07-30T18:50:55.000Z;"Er móét gewoon een verdienmodel aan ten grondslag liggen getuige de vele tripjes tussen Libië en Italië van #NGO-schepen, die met volledig medeweten en goedkeuring van de #EuropeseUnie 1000-en #migranten Europa in smokkelen. 
#migrantcrisis #Immigration";3.0;55.0;54.0;/CoraWeg###/CoraWeg###/CoraWeg/status/1553453100287025156###/hashtag/NGO?src=hashtag_click###/hashtag/EuropeseUnie?src=hashtag_click###/hashtag/migranten?src=hashtag_click###/hashtag/migrantcrisis?src=hashtag_click###/hashtag/Immigration?src=hashtag_click;migrantcrisis;2024-10-15 11_09_22.504745;0.033936806023121;0.000047389577958;0.000032524054404;0.001304855919443;0.001452531432733;0.003652906510979;0.000094316710602;1. Against immigration, migrants, foreigners, refugees, or Muslims.
9;f4c62253bd42748f;c5753345f65416a3;d426e75bc6b6ac36;2018-06-24T16:55:09.000Z;"Blog op Zondag | Opvangcentra in Europa voor migranten zijn geen goed idee. Drie redenen. https://bit.ly/2lzZ6vz
#migranten #MigrantCrisis #EU #opvangcentra #MigrationEU";;1.0;1.0;/BlogopZondag###/BlogopZondag###/BlogopZondag/status/1010929330023739393###https://t.co/pX3OvNZx3F###/hashtag/migranten?src=hashtag_click###/hashtag/MigrantCrisis?src=hashtag_click###/hashtag/EU?src=hashtag_click###/hashtag/opvangcentra?src=hashtag_click###/hashtag/MigrationEU?src=hashtag_click;migrantcrisis;2024-10-15 11_09_22.504745;0.095592699944973;0.000083872218966;0.000002278152124;0.000131022548885;0.000187091078260;0.000810529454611;0.000011948016436;1. Against immigration, migrants, foreigners, refugees, or Muslims.
10;6d495b658ccb36d6;f38fc9ea7ba75f04;dd00fc95aacb2c72;2020-08-14T18:57:22.000Z;"Inside Europe: Ten Years of Turmoil

It covers matters affecting the European Union, and in particular #Brexit, the #debtcrisis and the #migrantcrisis

Als je deze 3 crisissen uiteindelijk bekijkt, door de ogen van deze leiders, besef je dat Europa nog veel uitdagingen heeft.";1.0;;1.0;/KarlBoumans###/KarlBoumans###/KarlBoumans/status/1294347400472072192###/hashtag/Brexit?src=hashtag_click###/hashtag/debtcrisis?src=hashtag_click###/hashtag/migrantcrisis?src=hashtag_click;migrantcrisis;2024-10-15 11_09_22.504745;0.001297234324738;0.000000790602712;0.000000137253451;0.000097016367363;0.000012057387721;0.000127578634419;0.000038749542000;5. Is neutral.
11;e603f092707ac638;c5753345f65416a3;d426e75bc6b6ac36;2018-07-29T14:27:06.000Z;Blog op Zondag | Stop de (gewelddadige) asieleiser https://bit.ly/2v19t0g #Ceuta #asieleiser #migranten #EU #buitengrens #borderpatrol #Spanje #borderprotection #bordercontrol #migrantcrisis #EUmigrantcrisis;;3.0;3.0;/BlogopZondag###/BlogopZondag###/BlogopZondag/status/1023575648294658048###https://t.co/VxtpbvIozV###/hashtag/Ceuta?src=hashtag_click###/hashtag/asieleiser?src=hashtag_click###/hashtag/migranten?src=hashtag_click###/hashtag/EU?src=hashtag_click###/hashtag/buitengrens?src=hashtag_click###/hashtag/borderpatrol?src=hashtag_click###/hashtag/Spanje?src=hashtag_click###/hashtag/borderprotection?src=hashtag_click###/hashtag/bordercontrol?src=hashtag_click###/hashtag/migrantcrisis?src=hashtag_click###/hashtag/EUmigrantcrisis?src=hashtag_click;migrantcrisis;2024-10-15 11_09_22.504745;0.049288392066955;0.000510531303007;0.000078436467447;0.000298180966638;0.000046093624405;0.015070088207722;0.000108801941678;1. Against immigration, migrants, foreigners, refugees, or Muslims.
12;e36a4bf37f0dce58;35c88f9b583366e5;2b3368832de6e0d0;2023-07-14T17:26:17.000Z;"#klaarmetRutte 
Hongarije heeft de oplossing gevonden voor de migrantcrisis : geen afgeronde asielprocedure, geen toegang tot de EU. Dit is het Hongaarse systeem en het werkt. Nu wil Brussel het vernietigen.! dit laat ik niet gebeuren  Orbán Viktor";3.0;33.0;48.0;1,6K;migrantcrisis;2024-10-15 11_09_22.504745;0.074231825768948;0.001509936177172;0.001013013999909;0.000059270172642;0.000037079727917;0.099818587303162;0.000858579820488;1. Against immigration, migrants, foreigners, refugees, or Muslims.
13;be568eacb84aac7e;b7cde170f4d1b3bf;7e2c9d4c3686a57e;2021-07-21T21:25:34.000Z;Weer een paar mensen die het licht zien. Niet arbeidsmigratie faciliteren en  stimuleren, maar het verplaatsen van sectoren naar de landen waar wel arbeid is, is de oplossing! Goed voor iedereen, behalve voor uitbuitende en/of slechtbetalende ondernemers ! #migrantcrisis;5.0;6.0;16.0;/JacquesMonasch###/JacquesMonasch###/JacquesMonasch/status/1417958956857708549###/hashtag/migrantcrisis?src=hashtag_click;migrantcrisis;2024-10-15 11_09_22.504745;0.015322159044445;0.000788839592133;0.000024416782253;0.000042194307753;0.000003286137144;0.004442997742444;0.000062717255787;1. Against immigration, migrants, foreigners, refugees, or Muslims.
14;cc0524d94eb058b3;44597143c123b7f1;2d832b60a168d460;2024-08-13T14:55:20.000Z;"Zijn de Westerse 'vrije' samenlevingen in een terminale staat of is de zaak nog te redden? #klimaathysterie #FreeSpeech #migrantcrisis #WEF etc... RT = 
@Kijkverder1";3.0;7.0;6.0;475;migrantcrisis;2024-10-15 11_09_22.504745;0.060721807181835;0.000797353917733;0.000001074817533;0.000094569506473;0.000005675221018;0.013749605976045;0.000500224065035;5. Is neutral.
15;1eb2831714e0a0c7;0a277c42f331e1ac;cc7b7a3ae5c97d47;2023-07-14T15:57:35.000Z;Hongarije #migrantcrisis   heeft de oplossing: Geen afgeronde asiel procedure géén toegang tot de EU.;;3.0;3.0;112;migrantcrisis;2024-10-15 11_09_22.504745;0.061486888676882;0.000507664866745;0.000938215758651;0.000026544759749;0.000026743206035;0.026800176128745;0.002227390184999;1. Against immigration, migrants, foreigners, refugees, or Muslims.
16;901cd4acf3e2355f;f1d80082eb97ede1;38c3d6f7860dda45;2023-02-18T09:04:04.000Z;Ik vraag mij elke dag af wanneer Nederland, en de rest van de wereld, massaal in opstand komt. Zijn de slapende schapen nog steeds in de meerderheid? #WEF #D666 #Rutte #kaag #Ohio #Ukraina #Epstein #Biden #migrantcrisis #boeren;2.0;3.0;16.0;673;migrantcrisis;2024-10-15 11_09_22.504745;0.410441726446152;0.062907792627811;0.000200057140319;0.002196847461164;0.000964916136581;0.379260212182999;0.000316642137477;6. Other: Criticizes government and global issues.
17;e03b205c8b9dd4cd;8e1456e0b8d3c21d;0bd9cb1abfc43224;2023-08-25T06:38:33.000Z;Wie zijn deze NGO’s? #asielindustrie #migrantcrisis #migranten #ASIELSTOP;1.0;2.0;3.0;469;migrantcrisis;2024-10-15 11_09_22.504745;0.017099250108004;0.000032265270420;0.000000608092762;0.000046977958846;0.000044645850721;0.000229026903980;0.000015409865227;1. Against immigration, migrants, foreigners, refugees, or Muslims.
18;;;;;This post is unavailable.;;;;;migrantcrisis;2024-10-15 11_09_22.504745;0.000118929085147;0.000000015512335;0.000000097311784;0.000661179888994;0.000003063055601;0.000033176205761;0.000041807754315;
19;;;;;This post is unavailable.;;;;;migrantcrisis;2024-10-15 11_09_22.504745;0.000118929085147;0.000000015512335;0.000000097311784;0.000661179888994;0.000003063055601;0.000033176205761;0.000041807754315;
20;36e58c3aa5913270;cef678ad462ddafc;24d29350c6dbbcdc;2024-02-17T20:08:06.000Z;Je vergeet uitzetten! Nog beter: niet binnen laten! #rellen #DenHaag #migrantcrisis;;;3.0;877;migrantcrisis;2024-10-15 11_09_22.504745;0.133503824472427;0.000152335720486;0.000002102683311;0.000045745320676;0.000030211951525;0.005438787396997;0.000000981280209;1. Against immigration, migrants, foreigners, refugees, or Muslims.
21;;;;;This post is unavailable.;;;;;migrantcrisis;2024-10-15 11_09_22.504745;0.000118929085147;0.000000015512335;0.000000097311784;0.000661179888994;0.000003063055601;0.000033176205761;0.000041807754315;
22;;;;;This post is unavailable.;;;;;migrantcrisis;2024-10-15 11_09_22.504745;0.000118929085147;0.000000015512335;0.000000097311784;0.000661179888994;0.000003063055601;0.000033176205761;0.000041807754315;
23;;;;;This post is unavailable.;;;;;migrantcrisis;2024-10-15 11_09_22.504745;0.000118929085147;0.000000015512335;0.000000097311784;0.000661179888994;0.000003063055601;0.000033176205761;0.000041807754315;
24;;;;;This post is unavailable.;;;;;migrantcrisis;2024-10-15 11_09_22.504745;0.000118929085147;0.000000015512335;0.000000097311784;0.000661179888994;0.000003063055601;0.000033176205761;0.000041807754315;
25;;;;;This post is unavailable.;;;;;migrantcrisis;2024-10-15 11_09_22.504745;0.000118929085147;0.000000015512335;0.000000097311784;0.000661179888994;0.000003063055601;0.000033176205761;0.000041807754315;
26;;;;;This post is unavailable.;;;;;migrantcrisis;2024-10-15 11_09_22.504745;0.000118929085147;0.000000015512335;0.000000097311784;0.000661179888994;0.000003063055601;0.000033176205761;0.000041807754315;
27;;;;;This post is unavailable.;;;;;migrantcrisis;2024-10-15 11_09_22.504745;0.000118929085147;0.000000015512335;0.000000097311784;0.000661179888994;0.000003063055601;0.000033176205761;0.000041807754315;
28;;;;;This post is unavailable.;;;;;migrantcrisis;2024-10-15 11_09_22.504745;0.000118929085147;0.000000015512335;0.000000097311784;0.000661179888994;0.000003063055601;0.000033176205761;0.000041807754315;
29;;;;;This post is unavailable.;;;;;migrantcrisis;2024-10-15 11_09_22.504745;0.000118929085147;0.000000015512335;0.000000097311784;0.000661179888994;0.000003063055601;0.000033176205761;0.000041807754315;
30;;;;;This post is unavailable.;;;;;migrantcrisis;2024-10-15 11_09_22.504745;0.000118929085147;0.000000015512335;0.000000097311784;0.000661179888994;0.000003063055601;0.000033176205761;0.000041807754315;
31;;;;;This post is unavailable.;;;;;migrantcrisis;2024-10-15 11_09_22.504745;0.000118929085147;0.000000015512335;0.000000097311784;0.000661179888994;0.000003063055601;0.000033176205761;0.000041807754315;
32;;;;;This post is unavailable.;;;;;migrantcrisis;2024-10-15 11_09_22.504745;0.000118929085147;0.000000015512335;0.000000097311784;0.000661179888994;0.000003063055601;0.000033176205761;0.000041807754315;
33;e3b62069719f83a6;d957b9f1c86f53a2;c45f83925c2b470b;2023-09-26T20:27:37.000Z;"Caarnaast, nogmaals #migrantcrisis is geen #vluchtelingencrisis.
#migranten, zelf zorgen voor onderdak, eten, etc. Moet iedere migrant. Dus huisje #opjebeurtwachten. #6160224test nooitvoorang";;;;19;migrantcrisis;2024-10-15 11_09_22.504745;0.060412019491196;0.000005234108357;0.000044208791223;0.000028746015232;0.000004275786068;0.000513187726028;0.000002962511189;1. Against immigration, migrants, foreigners, refugees, or Muslims.
34;c66ca19d259ef363;28fbc175ccf963db;5915afe945514a83;2020-08-28T09:09:06.000Z;"#criminals #migrantcrisis
@catmoureaux stond erbij en keek ernaar.
https://bruzz.be/samenleving/doodsbange-bewoonster-sippelbergwijk-wil-van-hangjongeren-hier-wet-2020-08-27…";;;;/Belgonerd1###/Belgonerd1###/Belgonerd1/status/1299272788096749569###/hashtag/criminals?src=hashtag_click###/hashtag/migrantcrisis?src=hashtag_click###/catmoureaux###https://t.co/AL8AHrJERB;migrantcrisis;2024-10-15 11_09_22.504745;0.100158341228962;0.000723653822206;0.000415126152802;0.000161580610438;0.000064926302002;0.007173922844231;0.000103759382910;1. Against immigration, migrants, foreigners, refugees, or Muslims.
35;5887092a43d55d20;718df065be404bc5;476bd9c958f02c8e;2023-08-08T20:43:54.000Z;"Open Borders Altruism.

#NYC #MigrantCrisis #Migrants #Jews #Brooklyn #NewYork #Manhattan #WakeUp";;;1.0;221;migrantcrisis;2024-10-15 11_09_22.504745;0.002659989055246;0.000009945578313;0.000000416402827;0.000009023939128;0.000000691421860;0.000080067613453;0.000001982463345;6. Other: unclear stance on immigration.
36;7c0368f3e3d75ef5;42e546fddcccc9c2;4421cbcb4a93c5ef;2023-10-04T10:50:14.000Z;Volgens mij gaan er veel slachtoffers vallen door het massaal binnenbrengen van misdadigers die nu al dagelijks het nieuws halen ! #migrantcrisis;;;3.0;43;migrantcrisis;2024-10-15 11_09_22.504745;0.269722223281860;0.002067184075713;0.000102633923234;0.000181288400199;0.000119787124277;0.262545466423035;0.000697606126778;1. Against immigration, migrants, foreigners, refugees, or Muslims.
37;83985646b91d35a3;42e546fddcccc9c2;4421cbcb4a93c5ef;2023-09-17T12:29:05.000Z;Sommigen, de meesten slagen op de vlucht om hier hetzelfde te doen waarvoor ze gevlucht zijn … #migrantcrisis;;;2.0;31;migrantcrisis;2024-10-15 11_09_22.504745;0.026722351089120;0.000019268045435;0.000250966317253;0.000075832555012;0.000024032215151;0.005215044599026;0.000310969335260;1. Against immigration, migrants, foreigners, refugees, or Muslims.
38;563b1a95a8c2e68d;85456455686f3b48;ab042d189d94de07;2023-10-06T10:48:48.000Z;"Nou die schipper neemt vast ontslag bij die pendelboot 
#kansparels #migrantcrisis
@StemZeWegNL1 @StemZeWegNL Migranten proberen Nederlands schip te kapen dat hen net heeft gered";;;1.0;78;migrantcrisis;2024-10-15 11_09_22.504745;0.265848755836487;0.010932495817542;0.013041752390563;0.000605743378401;0.000781127542723;0.079792857170105;0.000221836889978;1. Against immigration, migrants, foreigners, refugees, or Muslims.
39;f5f9f8e9974c5637;606cfc0382b97ba3;e787278e03e14a9f;2023-03-29T22:24:44.000Z;"Zou Eric vd Burg nog wakker zijn ? Denk het niet , morgen weer n dag .
#migrantcrisis";;;;44;migrantcrisis;2024-10-15 11_09_22.504745;0.013163610361516;0.000441778392997;0.000017100051991;0.000053329717048;0.000031914143619;0.007783190812916;0.000022803606043;5. Is neutral.
40;;;;;This post is unavailable.;;;;;migrantcrisis;2024-10-15 11_09_22.504745;0.000118929085147;0.000000015512335;0.000000097311784;0.000661179888994;0.000003063055601;0.000033176205761;0.000041807754315;
41;;;;;This post is unavailable.;;;;;migrantcrisis;2024-10-15 11_09_22.504745;0.000118929085147;0.000000015512335;0.000000097311784;0.000661179888994;0.000003063055601;0.000033176205761;0.000041807754315;
42;;;;;This post is unavailable.;;;;;migrantcrisis;2024-10-15 11_09_22.504745;0.000118929085147;0.000000015512335;0.000000097311784;0.000661179888994;0.000003063055601;0.000033176205761;0.000041807754315;
43;;;;;This post is unavailable.;;;;;migrantcrisis;2024-10-15 11_09_22.504745;0.000118929085147;0.000000015512335;0.000000097311784;0.000661179888994;0.000003063055601;0.000033176205761;0.000041807754315;
44;9c366e7728e6a444;ea72c79594296e45;d09aeb5ec90ef02c;2023-03-07T17:01:38.000Z;D66 is juist trots op de testosteronbommen uit de zandbak. En continu schaamteloos deze kansparels blijven verdedigen! #stemzeweg #NPO66 #censuur #remigratie #migrantcrisis #VVD66;;;;27;migrantcrisis;2024-10-15 11_09_22.504745;0.353839278221130;0.001456360449083;0.000162041003932;0.010222757235169;0.004660815931857;0.030839905142784;0.000105775980046;1. Against immigration, migrants, foreigners, refugees, or Muslims.
45;f81bff0a42cee0a4;1d7b87193b0d6da8;55e047b5525c00d2;2021-11-10T13:58:25.000Z;"Misschien had die Duitse activiste beter aan de Wit-Russische kant van de grens kunnen gaan staan Gutmenschouwehoeren...

Alsjeblieft zeg, niet de hele wereld naar Europa slepen!
#grenzendicht #migrantcrisis #polandbelarus #PolandHoldTheLine";3.0;3.0;23.0;/PeterBeuker###/PeterBeuker###/PeterBeuker/status/1458433869493964802###/hashtag/grenzendicht?src=hashtag_click###/hashtag/migrantcrisis?src=hashtag_click###/hashtag/polandbelarus?src=hashtag_click###/hashtag/PolandHoldTheLine?src=hashtag_click;migrantcrisis;2024-10-15 11_09_22.504745;0.493081152439117;0.000253161939327;0.000019099968995;0.010953319258988;0.000899482809473;0.009327229112387;0.000019790837541;1. Against immigration, migrants, foreigners, refugees, or Muslims.
46;;;;;This post is unavailable.;;;;;migrantcrisis;2024-10-15 11_09_22.504745;0.000118929085147;0.000000015512335;0.000000097311784;0.000661179888994;0.000003063055601;0.000033176205761;0.000041807754315;
47;;;;;This post is unavailable.;;;;;migrantcrisis;2024-10-15 11_09_22.504745;0.000118929085147;0.000000015512335;0.000000097311784;0.000661179888994;0.000003063055601;0.000033176205761;0.000041807754315;
48;;;;;This post is unavailable.;;;;;migrantcrisis;2024-10-15 11_09_22.504745;0.000118929085147;0.000000015512335;0.000000097311784;0.000661179888994;0.000003063055601;0.000033176205761;0.000041807754315;
49;;;;;This post is unavailable.;;;;;migrantcrisis;2024-10-15 11_09_22.504745;0.000118929085147;0.000000015512335;0.000000097311784;0.000661179888994;0.000003063055601;0.000033176205761;0.000041807754315;
50;02c193e18c564c78;afa7b3d0ac082475;808f768ee705142a;2022-08-29T09:04:31.000Z;@D66  en @VVD  zeggen kom maar hoor wij hebben plek zat! #migrantcrisis  ‘Monstermoesson’ in Pakistan: 33 miljoen mensen op de vlucht https://ad.nl/buitenland/monstermoesson-in-pakistan-33-miljoen-mensen-op-de-vlucht~a7729c1af/?utm_source=twitter&utm_medium=social&utm_campaign=socialsharing_web…;;;;/hetdieptepunt###/hetdieptepunt###/hetdieptepunt/status/1564177163825340416###/D66###/VVD###/hashtag/migrantcrisis?src=hashtag_click###https://t.co/zegkbruBuB;migrantcrisis;2024-10-15 11_09_22.504745;0.016697490587830;0.000465256976895;0.000023214139219;0.000137800132507;0.000045445431169;0.015969181433320;0.000328321213601;1. Against immigration, migrants, foreigners, refugees, or Muslims.
51;50841b5fbf606282;5338ee3335229270;9d861812acabf53f;2023-06-24T09:56:46.000Z;"Migratiedeal? In #Tunesië : ’Ik stop pas als ik miljonair ben’ 

De smokkelaar heeft slechts één regel: hij werkt niet met zwarte Afrikanen. „Die zijn shit. Ze luisteren niet en brengen ons in gevaar.”
#migrantcrisis
https://telegraaf.nl/nieuws/1099426470/migratiedeal-in-tunesie-lachen-smokkelaars-erom-ik-stop-pas-als-ik-miljonair-ben/?utm_source=t.co&utm_medium=referral&utm_campaign=twitter… #telegraafpremium via @Telegraaf";;;1.0;29;migrantcrisis;2024-10-15 11_09_22.504745;0.483479440212250;0.000182398260222;0.000138851508382;0.000278188730590;0.000076198768511;0.001949002384208;0.000009913003851;1. Against immigration, migrants, foreigners, refugees, or Muslims.
52;;;;;This post is unavailable.;;;;;migrantcrisis;2024-10-15 11_09_22.504745;0.000118929085147;0.000000015512335;0.000000097311784;0.000661179888994;0.000003063055601;0.000033176205761;0.000041807754315;
53;;;;;This post is unavailable.;;;;;migrantcrisis;2024-10-15 11_09_22.504745;0.000118929085147;0.000000015512335;0.000000097311784;0.000661179888994;0.000003063055601;0.000033176205761;0.000041807754315;
54;;;;;This post is unavailable.;;;;;migrantcrisis;2024-10-15 11_09_22.504745;0.000118929085147;0.000000015512335;0.000000097311784;0.000661179888994;0.000003063055601;0.000033176205761;0.000041807754315;
55;;;;;This post is unavailable.;;;;;migrantcrisis;2024-10-15 11_09_22.504745;0.000118929085147;0.000000015512335;0.000000097311784;0.000661179888994;0.000003063055601;0.000033176205761;0.000041807754315;
56;9157eb9cde4730fb;008d3baa5195d527;e79a054808a459bd;2021-10-14T05:06:23.000Z;"Hmmmmm. Alles passeert de revu behalve statushouders die met voorang woningen krijgen. 
#woningnood #migrantcrisis";;;1.0;/alfred_silenus###/alfred_silenus###/alfred_silenus/status/1448515506399551488###/denieuwsbv###/poeetweet###/pieterderks###/hashtag/woningnood?src=hashtag_click###/hashtag/migrantcrisis?src=hashtag_click;migrantcrisis;2024-10-15 11_09_22.504745;0.003736767219380;0.000002381077365;0.000001256687028;0.000013641462829;0.000005437401796;0.000040613358578;0.000014041837858;1. Against immigration, migrants, foreigners, refugees, or Muslims.
57;730c6762c8d890ea;b90db7f7679436cf;0824f8e85a25c935;2024-02-17T14:19:51.000Z;Fophef, helder woord. #migrantcrisis #vvd;;;;24;migrantcrisis;2024-10-15 11_09_22.504745;0.001875512418337;0.000008972588148;0.000003658266223;0.000005382245490;0.000004029463980;0.000095365343441;0.000017185637262;5. Is neutral.
58;;;;;This post is unavailable.;;;;;migrantcrisis;2024-10-15 11_09_22.504745;0.000118929085147;0.000000015512335;0.000000097311784;0.000661179888994;0.000003063055601;0.000033176205761;0.000041807754315;
59;;;;;This post is unavailable.;;;;;migrantcrisis;2024-10-15 11_09_22.504745;0.000118929085147;0.000000015512335;0.000000097311784;0.000661179888994;0.000003063055601;0.000033176205761;0.000041807754315;
60;;;;;This post is unavailable.;;;;;migrantcrisis;2024-10-15 11_09_22.504745;0.000118929085147;0.000000015512335;0.000000097311784;0.000661179888994;0.000003063055601;0.000033176205761;0.000041807754315;
61;;;;;This post is unavailable.;;;;;migrantcrisis;2024-10-15 11_09_22.504745;0.000118929085147;0.000000015512335;0.000000097311784;0.000661179888994;0.000003063055601;0.000033176205761;0.000041807754315;
62;f7b7da8c56735f87;b6a343454acb9c76;6ca4e18e1fa7d34d;2022-06-09T14:39:26.000Z;Er zijn vast wel wat lege mega stallen te gebruiken van boeren die weg getreiterd zijn door de overheid om de gelukzoekers op te vangen  #grenzendicht #migrantcrisis #nexit;;;;/ArtEenhoorn###/ArtEenhoorn###/ArtEenhoorn/status/1534908029442850817###/RTLnieuws###/hashtag/grenzendicht?src=hashtag_click###/hashtag/migrantcrisis?src=hashtag_click###/hashtag/migrantcrisis?src=hashtag_click###/hashtag/nexit?src=hashtag_click;migrantcrisis;2024-10-15 11_09_22.504745;0.049386501312256;0.000078019395005;0.000428816856583;0.000685017905198;0.000049503400078;0.014103757217526;0.000246280978899;1. Against immigration, migrants, foreigners, refugees, or Muslims.
63;b316e7eaf9bbbb14;244cfe4e5bde16f2;57539ddb120ee5e6;2021-05-30T14:32:26.000Z;De zegeningen van #migratie Moordcijfer #Zweden hoger dan meeste andere Europese landen: ‘Geen ander land heeft zo’n stijging meeg... https://volkskrant.nl/ts-b42e3b1f via @volkskrant #europa #sweden #migrantcrisis #drugs #gangs #murder;;;;/MrTops17###/MrTops17###/MrTops17/status/1399010820927938564###/hashtag/migratie?src=hashtag_click###/hashtag/Zweden?src=hashtag_click###https://t.co/WMxRNvuRGk###/volkskrant###/hashtag/europa?src=hashtag_click###/hashtag/sweden?src=hashtag_click###/hashtag/migrantcrisis?src=hashtag_click###/hashtag/drugs?src=hashtag_click###/hashtag/gangs?src=hashtag_click###/hashtag/murder?src=hashtag_click;migrantcrisis;2024-10-15 11_09_22.504745;0.049718778580427;0.000336310273269;0.001314072404057;0.000300761690596;0.000145397250890;0.051955278962851;0.001538357231766;1. Against immigration, migrants, foreigners, refugees, or Muslims.
64;;;;;This post is unavailable.;;;;;migrantcrisis;2024-10-15 11_09_22.504745;0.000118929085147;0.000000015512335;0.000000097311784;0.000661179888994;0.000003063055601;0.000033176205761;0.000041807754315;
65;;;;;This post is unavailable.;;;;;migrantcrisis;2024-10-15 11_09_22.504745;0.000118929085147;0.000000015512335;0.000000097311784;0.000661179888994;0.000003063055601;0.000033176205761;0.000041807754315;
66;;;;;This post is unavailable.;;;;;migrantcrisis;2024-10-15 11_09_22.504745;0.000120758631965;0.000000015473063;0.000000095923419;0.000657045340631;0.000003047197197;0.000032781201298;0.000040792296204;
67;;;;;This post is unavailable.;;;;;migrantcrisis;2024-10-15 11_09_22.504745;0.000118929085147;0.000000015512335;0.000000097311784;0.000661179888994;0.000003063055601;0.000033176205761;0.000041807754315;
68;;;;;This post is unavailable.;;;;;migrantcrisis;2024-10-15 11_09_22.504745;0.000118929085147;0.000000015512335;0.000000097311784;0.000661179888994;0.000003063055601;0.000033176205761;0.000041807754315;
69;;;;;This post is unavailable.;;;;;migrantcrisis;2024-10-15 11_09_22.504745;0.000118929085147;0.000000015512335;0.000000097311784;0.000661179888994;0.000003063055601;0.000033176205761;0.000041807754315;
70;c3a78ee2ea8c2fdf;9be0c52ff0437319;ac8b50c67e27202a;2020-03-06T15:08:18.000Z;850 miljoen mensen die honger hebben en te zwak of arm zijn om naar de Europese grenzen te lopen. #MigrantCrisis #Migranten;;;2.0;/ReneZalm###/ReneZalm###/ReneZalm/status/1235945306291871744###/LodewijkA###/hashtag/MigrantCrisis?src=hashtag_click###/hashtag/Migranten?src=hashtag_click;migrantcrisis;2024-10-15 11_09_22.504745;0.019915148615837;0.000018457531041;0.000166013443959;0.000445421756012;0.000065462576458;0.001183309708722;0.000026414332751;5. Is neutral.
71;75a631ecf90e805e;606cfc0382b97ba3;e787278e03e14a9f;2023-08-22T14:01:43.000Z;Het kàn dus wél , maar zij noemen het ook Illegale  Migranten !#migrantcrisis;;;1.0;112;migrantcrisis;2024-10-15 11_09_22.504745;0.017394140362740;0.000006031131306;0.000000902093518;0.000005950847481;0.000001604309659;0.000459825445432;0.000009477786989;1. Against immigration, migrants, foreigners, refugees, or Muslims.
72;;;;;This post is unavailable.;;;;;migrantcrisis;2024-10-15 11_09_22.504745;0.000118929085147;0.000000015512335;0.000000097311784;0.000661179888994;0.000003063055601;0.000033176205761;0.000041807754315;
73;;;;;This post is unavailable.;;;;;migrantcrisis;2024-10-15 11_09_22.504745;0.000118929085147;0.000000015512335;0.000000097311784;0.000661179888994;0.000003063055601;0.000033176205761;0.000041807754315;
74;;;;;This post is unavailable.;;;;;migrantcrisis;2024-10-15 11_09_22.504745;0.000118929085147;0.000000015512335;0.000000097311784;0.000661179888994;0.000003063055601;0.000033176205761;0.000041807754315;
75;;;;;This post is unavailable.;;;;;migrantcrisis;2024-10-15 11_09_22.504745;0.000118929085147;0.000000015512335;0.000000097311784;0.000661179888994;0.000003063055601;0.000033176205761;0.000041807754315;
76;e062c62299a63a86;606cfc0382b97ba3;e787278e03e14a9f;2023-07-16T21:05:21.000Z;Rutte : Ze komen via LIBIË . #asielinstroom migrantcrisis;;;;144;migrantcrisis;2024-10-15 11_09_22.504745;0.049613479524851;0.000047133627959;0.000001258080374;0.000161959615070;0.000059521666117;0.005853741895407;0.000153732049512;5. Is neutral.
77;;;;;This post is unavailable.;;;;;migrantcrisis;2024-10-15 11_09_22.504745;0.000118929085147;0.000000015512335;0.000000097311784;0.000661179888994;0.000003063055601;0.000033176205761;0.000041807754315;
78;;;;;This post is unavailable.;;;;;migrantcrisis;2024-10-15 11_09_22.504745;0.000118929085147;0.000000015512335;0.000000097311784;0.000661179888994;0.000003063055601;0.000033176205761;0.000041807754315;
79;;;;;This post is unavailable.;;;;;migrantcrisis;2024-10-15 11_09_22.504745;0.000118929085147;0.000000015512335;0.000000097311784;0.000661179888994;0.000003063055601;0.000033176205761;0.000041807754315;
80;;;;;This post is unavailable.;;;;;migrantcrisis;2024-10-15 11_09_22.504745;0.000118929085147;0.000000015512335;0.000000097311784;0.000661179888994;0.000003063055601;0.000033176205761;0.000041807754315;
81;;;;;This post is unavailable.;;;;;migrantcrisis;2024-10-15 11_09_22.504745;0.000118929085147;0.000000015512335;0.000000097311784;0.000661179888994;0.000003063055601;0.000033176205761;0.000041807754315;
82;;;;;This post is unavailable.;;;;;migrantcrisis;2024-10-15 11_09_22.504745;0.000118929085147;0.000000015512335;0.000000097311784;0.000661179888994;0.000003063055601;0.000033176205761;0.000041807754315;
83;;;;;This post is unavailable.;;;;;migrantcrisis;2024-10-15 11_09_22.504745;0.000118929085147;0.000000015512335;0.000000097311784;0.000661179888994;0.000003063055601;0.000033176205761;0.000041807754315;
84;;;;;This post is unavailable.;;;;;migrantcrisis;2024-10-15 11_09_22.504745;0.000118929085147;0.000000015512335;0.000000097311784;0.000661179888994;0.000003063055601;0.000033176205761;0.000041807754315;
85;;;;;This post is unavailable.;;;;;migrantcrisis;2024-10-15 11_09_22.504745;0.000118929085147;0.000000015512335;0.000000097311784;0.000661179888994;0.000003063055601;0.000033176205761;0.000041807754315;
86;;;;;This post is unavailable.;;;;;migrantcrisis;2024-10-15 11_09_22.504745;0.000118929085147;0.000000015512335;0.000000097311784;0.000661179888994;0.000003063055601;0.000033176205761;0.000041807754315;
87;;;;;This post is unavailable.;;;;;migrantcrisis;2024-10-15 11_09_22.504745;0.000118929085147;0.000000015512335;0.000000097311784;0.000661179888994;0.000003063055601;0.000033176205761;0.000041807754315;
88;;;;;This post is unavailable.;;;;;migrantcrisis;2024-10-15 11_09_22.504745;0.000118929085147;0.000000015512335;0.000000097311784;0.000661179888994;0.000003063055601;0.000033176205761;0.000041807754315;
89;e020f197e91b6602;606cfc0382b97ba3;e787278e03e14a9f;2021-08-01T21:42:47.000Z;Leest u weer even mee ? Het houdt niet op ! #migrantcrisis;;;1.0;/Paradijsvogel2###/Paradijsvogel2###/Paradijsvogel2/status/1421949554841329664###/hashtag/migrantcrisis?src=hashtag_click;migrantcrisis;2024-10-15 11_09_22.504745;0.044270537793636;0.000157181100803;0.000005930350198;0.000075667645433;0.000114010144898;0.002241066424176;0.000052498206060;1. Against immigration, migrants, foreigners, refugees, or Muslims.
90;c3e157a8b102685a;2fd4d07bef02642d;ff61fa6f8110fc0e;2024-08-04T13:02:54.000Z;"De Nederlandse journalistiek heeft al grotendeels gecapituleerd, of zit in een verknipte groupthink gevangen.

#migrantcrisis";;1.0;20.0;898;migrantcrisis;2024-10-15 11_09_22.504745;0.207384511828422;0.000472033018013;0.000496646272950;0.000180467119208;0.000264640984824;0.005588292609900;0.001159076229669;6. Other: Criticizes Dutch journalism's groupthink.
91;76746fd862c95133;2fd4d07bef02642d;ff61fa6f8110fc0e;2020-03-05T00:05:47.000Z;"Écht even filmpje kijken, @ChrisAalberts is hilarisch:

""Laan we nou niet moeilijk doen over die paar tienduizend mensen...
.. kijk, da's de andere kant van hetzelfde verhaal""

#GreeceUnderAttack #MigrantCrisis";1.0;5.0;3.0;/JanOoms9###/JanOoms9###/JanOoms9/status/1235355793215631361###/ChrisAalberts###/hashtag/GreeceUnderAttack?src=hashtag_click###/hashtag/MigrantCrisis?src=hashtag_click;migrantcrisis;2024-10-15 11_09_22.504745;0.020919850096107;0.000259379972704;0.000010090065189;0.000182967676665;0.000041158313252;0.011866286396980;0.000075028590800;5. Is neutral.
92;e572380fc77e7c9a;81f8f6dde88365f3;20011cde6912ac60;2022-05-16T12:55:36.000Z;"Dan moet het #COA DE DEUREN GESLOTEN HOUDEN.
BINNEN 2 WEKEN IS HET GESTOPT MET DE GROTE AANTALLEN. #migrantcrisis";;;1.0;/j_flamingo###/j_flamingo###/j_flamingo/status/1526184590158835713###/hashtag/COA?src=hashtag_click###/hashtag/migrantcrisis?src=hashtag_click;migrantcrisis;2024-10-15 11_09_22.504745;0.047936189919710;0.000158609604114;0.000084835141024;0.000021741372620;0.000040589620767;0.002899535465986;0.000012530079402;1. Against immigration, migrants, foreigners, refugees, or Muslims.
93;;;;;This post is unavailable.;;;;;migrantcrisis;2024-10-15 11_09_22.504745;0.000118929085147;0.000000015512335;0.000000097311784;0.000661179888994;0.000003063055601;0.000033176205761;0.000041807754315;
94;;;;;This post is unavailable.;;;;;migrantcrisis;2024-10-15 11_09_22.504745;0.000118929085147;0.000000015512335;0.000000097311784;0.000661179888994;0.000003063055601;0.000033176205761;0.000041807754315;
95;c96c9a2fdfb39ac8;fcbc16f6db2bcb04;73301691d62d680a;2020-08-23T19:45:43.000Z;"#migration
#migrantcrisis
#immigrazione
#immigrati
#Immigrants
#Marokkanenprobleem 

FVD presenteert: ""De Prijs van Diversiteit"" https://youtu.be/agru78oVa7Y via @YouTube";;;;/Lucas1248421###/Lucas1248421###/Lucas1248421/status/1297621056757301248###/hashtag/migration?src=hashtag_click###/hashtag/migrantcrisis?src=hashtag_click###/hashtag/immigrazione?src=hashtag_click###/hashtag/immigrati?src=hashtag_click###/hashtag/Immigrants?src=hashtag_click###/hashtag/Marokkanenprobleem?src=hashtag_click###https://t.co/trYHoq4far###/YouTube;migrantcrisis;2024-10-15 11_09_22.504745;0.033192027360201;0.000201774368179;0.000000999453505;0.000249241304118;0.000023522719857;0.002553342608735;0.000150005231262;1. Against immigration, migrants, foreigners, refugees, or Muslims.
96;2471ad1911ac2e67;fcbc16f6db2bcb04;73301691d62d680a;2020-08-20T04:40:23.000Z;"#migrantcrisis
#Marokkanenprobleem
#zwartepiet 

FVD presenteert: ""De Prijs van Diversiteit"" https://youtu.be/FQJXwnRm4Qw via @YouTube";;;;/Lucas1248421###/Lucas1248421###/Lucas1248421/status/1296306059074777088###/hashtag/migrantcrisis?src=hashtag_click###/hashtag/Marokkanenprobleem?src=hashtag_click###/hashtag/zwartepiet?src=hashtag_click###https://t.co/ToTr20xkAk###/YouTube;migrantcrisis;2024-10-15 11_09_22.504745;0.133756950497627;0.000721750780940;0.000000535025777;0.000343158317264;0.000089385888714;0.004710764158517;0.000242520778556;1. Against immigration, migrants, foreigners, refugees, or Muslims.
97;fe9a7c0dbb04fa22;d6c0f022538ba98c;66bbd5b805809c94;2024-04-21T14:02:39.000Z;Migratiedeals kunnen mensonterende omstandigheden veroorzaken: overvolle kampen, geen onderdak en onvoldoende eten en water. Nederland moet nú stoppen met onderhandelen over mensenlevens. Teken de oproep! https://amnesty.nl/forms/dealbreakers… via @amnestynl #migration #migrants #migrantcrisis;;;;14;migrantcrisis;2024-10-15 11_09_22.504745;0.057884417474270;0.001558780902997;0.000162448661285;0.000042936753744;0.000008042960872;0.021702393889427;0.000035858771298;2. In support of immigration, migrants, foreigners, refugees, or Muslims.
98;9233f5aa89389eb2;e2ee4a2a39bddb02;156ba705d959b7a5;2018-08-19T11:25:12.000Z;"CD&V'er Hendrik Bogaert pleit voor versnelde uitbreiding gesloten centra
@cdenv @hendrikbogaert
#migrants #Belgie #migrantcrisis
https://demorgen.be/politiek/cd-v-er-hendrik-bogaert-pleit-voor-versnelde-uitbreiding-gesloten-centra-b58b8c8f/…";;;;/petrodom###/petrodom###/petrodom/status/1031140017454891008###/cdenv###/hendrikbogaert###/hashtag/migrants?src=hashtag_click###/hashtag/Belgie?src=hashtag_click###/hashtag/migrantcrisis?src=hashtag_click###https://t.co/T9hqz8ehU1;migrantcrisis;2024-10-15 11_09_22.504745;0.002140609547496;0.000068221481342;0.000002541977892;0.000086654436018;0.000039547103370;0.000315694749588;0.000009971201507;1. Against immigration, migrants, foreigners, refugees, or Muslims.
99;f11c79aeb8819616;606cfc0382b97ba3;e787278e03e14a9f;2021-08-01T08:21:42.000Z;En deze ‘boefjes’ migranten probeerden te ontsnappen ! #migrantcrisis;;;2.0;/Paradijsvogel2###/Paradijsvogel2###/Paradijsvogel2/status/1421747955942531089###/hashtag/migrantcrisis?src=hashtag_click;migrantcrisis;2024-10-15 11_09_22.504745;0.605175733566284;0.002271343721077;0.000017009493604;0.001168194808997;0.000165434626979;0.058837946504354;0.000229028213653;1. Against immigration, migrants, foreigners, refugees, or Muslims.
100;022d8f144ef74cd1;b431949cdab713d7;95c62bc92dad6b9a;2024-07-04T07:55:02.000Z;Waarom stemmen kiezers #rechts, @PVVpers , @VVD of rechtser? Waarom is de #integratie mislukt, maar de #infiltratie in volle gang? Alles in 1 clip #Turen #segregatie #pvv #vvd #migrantcrisis;;;;22;migrantcrisis;2024-10-15 11_09_22.504745;0.062847204506397;0.002212917897850;0.000015204200281;0.000439117284259;0.000530223653186;0.008759900927544;0.008973072282970;1. Against immigration, migrants, foreigners, refugees, or Muslims.
101;ff6dd3092014f550;b542767e17237470;c9823a769263a068;2022-08-10T14:33:13.000Z;Deze Haagse idioten helpen ons land naar de kloten: @markrutte @SigridKaag @WBHoekstra @TjeerdD66 @RobJetten @jpaternotte #RutteMoetWeg #stopmigratie #migrantcrisis;;;1.0;/LawWarrier###/LawWarrier###/LawWarrier/status/1557374512584441858###/Gerard1945X###/markrutte###/SigridKaag###/WBHoekstra###/TjeerdD66###/RobJetten###/jpaternotte###/hashtag/RutteMoetWeg?src=hashtag_click###/hashtag/stopmigratie?src=hashtag_click###/hashtag/migrantcrisis?src=hashtag_click;migrantcrisis;2024-10-15 11_09_22.504745;0.649303495883942;0.000645947409794;0.000011496000297;0.000012274600522;0.000003449511723;0.023323843255639;0.000044350461394;1. Against immigration, migrants, foreigners, refugees, or Muslims.
102;96d279414260ee9d;606cfc0382b97ba3;e787278e03e14a9f;2021-08-01T13:01:32.000Z;Leest uw weer even mee ?  #migrantcrisis;;;;/Paradijsvogel2###/Paradijsvogel2###/Paradijsvogel2/status/1421818378466078731###/hashtag/migrantcrisis?src=hashtag_click;migrantcrisis;2024-10-15 11_09_22.504745;0.009690841659904;0.000026504667403;0.000015266328774;0.000147963699419;0.000074313466030;0.000358057033736;0.000035409564589;5. Is neutral.
103;c2669ddfc345c8d8;4733db3c189c8aa4;27d2ec383950752b;2021-09-13T16:42:20.000Z;"Mega woningen tekort, onhoudbare druk op de zorg. Tekort aan sociale voorzieningen. Ons land kan de grote instroom aan mensen helemaal niet aan. 
#migrantcrisis #migratienoodtoestand #VVD";;1.0;1.0;/VdhurkL###/VdhurkL###/VdhurkL/status/1437456622239027208###/hashtag/migrantcrisis?src=hashtag_click###/hashtag/migratienoodtoestand?src=hashtag_click###/hashtag/VVD?src=hashtag_click;migrantcrisis;2024-10-15 11_09_22.504745;0.047248601913452;0.000074199604569;0.000094285685918;0.000009397297617;0.000043030253437;0.001132901292294;0.000130884945975;1. Against immigration, migrants, foreigners, refugees, or Muslims.
104;ce6b85348fb16ab5;b542767e17237470;c9823a769263a068;2022-08-29T07:39:52.000Z;"Zij liggen in het gras; in Brussel liggen ze op steen en niemand maakt zich daar druk over. #migrantcrisis";;;;/LawWarrier###/LawWarrier###/LawWarrier/status/1564155862582714368###/NUnl###/hashtag/migrantcrisis?src=hashtag_click;migrantcrisis;2024-10-15 11_09_22.504745;0.154905423521995;0.000041110695747;0.000032196141547;0.000050361868489;0.000016261663404;0.007156569045037;0.000271428783890;1. Against immigration, migrants, foreigners, refugees, or Muslims.
105;53a26b2e33a5851b;8fde200208c4e9bc;83c3bf352d2e9471;2020-03-14T15:05:01.000Z;Onmiddellijk jullie vloot inzetten om deze slachtoffers van mensenhandel over te brengen naar #Turkije ... blijkt namelijk dat het #DNA daar immuun is voor #Covid_19 ... jullie hebben het materiaal en de contacten... #ArtsenzonderGrenzen #migrantcrisis #IStandWithGreece;;1.0;2.0;/RNCrypto74###/RNCrypto74###/RNCrypto74/status/1238843584289308672###/AzG_nl###/hashtag/Turkije?src=hashtag_click###/hashtag/DNA?src=hashtag_click###/hashtag/Covid_19?src=hashtag_click###/hashtag/ArtsenzonderGrenzen?src=hashtag_click###/hashtag/migrantcrisis?src=hashtag_click###/hashtag/IStandWithGreece?src=hashtag_click;migrantcrisis;2024-10-15 11_09_22.504745;0.075182795524597;0.008448590524495;0.000032130748878;0.002205176046118;0.000319871644024;0.192992091178894;0.000756093766540;1. Against immigration, migrants, foreigners, refugees, or Muslims.
106;325e524fe5bc1c2d;606cfc0382b97ba3;e787278e03e14a9f;2021-08-01T13:18:40.000Z;Meer dan 4OO migranten gered voor de Tunesische kust . #migrantcrisis;;;;/Paradijsvogel2###/Paradijsvogel2###/Paradijsvogel2/status/1421822692714500098###/hashtag/migrantcrisis?src=hashtag_click;migrantcrisis;2024-10-15 11_09_22.504745;0.002777379471809;0.000154491630383;0.000056248438341;0.000415105809225;0.000091691646958;0.006125459913164;0.000737744150683;5. Is neutral.
107;157eb75d1aa34189;569f1e6290922bbb;f3230e281fe30b0b;2020-03-26T10:38:48.000Z;@CharlesMichel @vonderleyen hebben een strikt geheime meeting...Italië werd door voorgangers ook niet geholpen tijdens #migrantcrisis ...moeten we helpen of niet...een communiqué wordt verwacht rond 1mei !!! Ze willen dit SNEL beslissen, geen tijd verliezen, go go go @EP_Belgium;;;;/FrankDePauw1###/FrankDePauw1###/FrankDePauw1/status/1243125242748338176###/CharlesMichel###/vonderleyen###/hashtag/migrantcrisis?src=hashtag_click;migrantcrisis;2024-10-15 11_09_22.504745;0.002635032869875;0.000214773841435;0.000006592318186;0.000083478524175;0.000014314607142;0.002551981480792;0.000012949761185;5. Is neutral.
108;29fc1326de342da1;28fbc175ccf963db;5915afe945514a83;2020-03-09T08:16:40.000Z;Aangezien uw logische suggestie een minimum aan moed en gezond verstand vergt,is ze niet aan  #Cowards als @eucopresident noch aan @EU_Commission van @vonderleyen @TimmermansEU besteed. Die #idiots zullen aan  #CriminalInChief #Erdogan juist méér toegevingen doen. #MigrantCrisis;1.0;;;/Belgonerd1###/Belgonerd1###/Belgonerd1/status/1236928880570753025###/DirkGerard###/hashtag/Cowards?src=hashtag_click###/eucopresident###/EU_Commission###/vonderleyen###/TimmermansEU###/hashtag/idiots?src=hashtag_click###/hashtag/CriminalInChief?src=hashtag_click###/hashtag/Erdogan?src=hashtag_click###/hashtag/MigrantCrisis?src=hashtag_click;migrantcrisis;2024-10-15 11_09_22.504745;0.439433872699737;0.000107227308035;0.000019477325623;0.001047313213348;0.000156799840624;0.010013840161264;0.000061377475504;1. Against immigration, migrants, foreigners, refugees, or Muslims.
109;f888009779a3ac0e;0f5e0cde310ca883;64065b2fc4117a46;2018-06-22T20:30:47.000Z;#MigrantCrisis Wat een oplichters. maar toch lukt t deze organisaties met hulp van ngo s migratiegeld binnen te harken.;;;;/paulavhulten###/paulavhulten###/paulavhulten/status/1010258822034788352###/hashtag/MigrantCrisis?src=hashtag_click;migrantcrisis;2024-10-15 11_09_22.504745;0.748936891555786;0.000322798499838;0.000164369659615;0.000440199451987;0.000064881234721;0.155058234930038;0.000559257925488;1. Against immigration, migrants, foreigners, refugees, or Muslims.
110;976d2f14b43ba9f6;706ccf4e6206c27b;1208521a34a192ef;2019-10-21T06:29:17.000Z;Sophie in 't Geld: Ik zou d'r geloven als het EU beleid qua buitengrenzen niet zo lek was. Voor de migrantcrisis hadden ze er überhaupt nooit over nagedacht. Nu moeten we een arm moslimland inlijven. Veel plezier.;;;;/PietervanderMe2###/PietervanderMe2###/PietervanderMe2/status/1186167553980325890###/superjan;migrantcrisis;2024-10-15 11_09_22.504745;0.428517818450928;0.001588471583091;0.000013142101125;0.001317511079833;0.001081600436009;0.858249604701996;0.006663592066616;1. Against immigration, migrants, foreigners, refugees, or Muslims.
111;e1a8150169e4bf65;8f4d75b6c8ab495e;73dc5bda3e02cb96;2019-02-27T09:37:40.000Z;"De zogenaamde ""Smokkelaar Express"" #GolfoAzzurro voorbereiden om weer uit te varen ... #NoMoreDeathsAtSea #Migrantcrisis #Humansmuggling #Frontex #Europol @NLambLib @CvNieuwenhuizen @SvVeldhoven @KarlijnRensink @MvanToorenburg @MalikAzmani @LWegewijs @NatashaBertaud @MajaEUspox";2.0;4.0;6.0;/rgowans###/rgowans###/rgowans/status/1100691425816166400###/rgowans###/hashtag/GolfoAzzurro?src=hashtag_click###/hashtag/NoMoreDeathsAtSea?src=hashtag_click###/hashtag/Migrantcrisis?src=hashtag_click###/hashtag/Humansmuggling?src=hashtag_click###/hashtag/Frontex?src=hashtag_click###/hashtag/Europol?src=hashtag_click###/NLambLib###/CvNieuwenhuizen###/SvVeldhoven###/KarlijnRensink###/MvanToorenburg###/MalikAzmani###/LWegewijs###/NatashaBertaud###/MajaEUspox;migrantcrisis;2024-10-15 11_09_22.504745;0.000514594255947;0.000060822552769;0.000211685648537;0.000220682282816;0.000263759866357;0.003406291594729;0.000027540338124;5. Is neutral.
112;603bcc9ba901e084;27bc67289adeebe0;f0b8a8c400410492;2022-10-29T07:48:27.000Z;Wie kent het liedje nog 15 miljoen mensen. #migrantcrisis https://youtu.be/9k9ZNf_aJUM;;;;/Lexveldhuizen###/Lexveldhuizen###/Lexveldhuizen/status/1586263682635268096###/hashtag/migrantcrisis?src=hashtag_click###https://t.co/61JAYsZhMD;migrantcrisis;2024-10-15 11_09_22.504745;0.001283726072870;0.000000754450241;0.000000168856346;0.000117850184324;0.000028943988582;0.000732863263693;0.000008196346243;5. Is neutral.
113;f01170704d1dbdca;a59b1da0739609cf;388701bafc266f67;2022-11-05T16:07:27.000Z;"Wow beginnen ze het eindelijk te zien? Of zijn er binnenkort weer verkiezingen @WBHoekstra ?
Dit is echt een Kabinet van list en bedrog.
#migrantcrisis #woningnood #vluchtelingen
https://telegraaf.nl/nieuws/334849718/cda-leider-hoekstra-huidige-instroom-migranten-is-niet-vol-te-houden…";;2.0;2.0;/antznl###/antznl###/antznl/status/1588925971700551680###/WBHoekstra###/hashtag/migrantcrisis?src=hashtag_click###/hashtag/woningnood?src=hashtag_click###/hashtag/vluchtelingen?src=hashtag_click###https://t.co/54fBOcV2Ne;migrantcrisis;2024-10-15 11_09_22.504745;0.164451360702515;0.000089575747552;0.000037961803173;0.000200179463718;0.000118589014164;0.002994951093569;0.000062051265559;1. Against immigration, migrants, foreigners, refugees, or Muslims.
114;a16c1a2826d27cc5;c5753345f65416a3;d426e75bc6b6ac36;2018-06-24T17:32:33.000Z;Nog maar eens in de herhaling. Een blog uit 2015. Blog op zondag | 10 Oplossingsrichtingen voor de vluchtelingencrisi... http://edwindemol.blogspot.com/2015/08/10-oplossingsrichtingen-voor-de.html?spref=tw… #migrants #migratietop #MigrantCrisis #Macron #blog #Migranten #vluchtelingen #Merkel #EU #Europe;;;;/BlogopZondag###/BlogopZondag###/BlogopZondag/status/1010938742289453056###https://t.co/uPyyMUpad8###/hashtag/migrants?src=hashtag_click###/hashtag/migratietop?src=hashtag_click###/hashtag/MigrantCrisis?src=hashtag_click###/hashtag/Macron?src=hashtag_click###/hashtag/blog?src=hashtag_click###/hashtag/Migranten?src=hashtag_click###/hashtag/vluchtelingen?src=hashtag_click###/hashtag/Merkel?src=hashtag_click###/hashtag/EU?src=hashtag_click###/hashtag/Europe?src=hashtag_click;migrantcrisis;2024-10-15 11_09_22.504745;0.021664578467607;0.000066488384618;0.000006278767160;0.000127163017169;0.000135480077006;0.001557332347147;0.000127739695017;5. Is neutral.
115;9bc7d5137ce7e435;e9a212ebcbadfaef;5b5fbc4888bde4ce;2021-11-27T08:59:53.000Z;Die “arme” gevluchte mensen. #MigrantCrisis #Migrationspolitik #IstandWithPoland;;;;/HietbrinkWilma###/HietbrinkWilma###/HietbrinkWilma/status/1464519336211664901###/hashtag/MigrantCrisis?src=hashtag_click###/hashtag/Migrationspolitik?src=hashtag_click###/hashtag/IstandWithPoland?src=hashtag_click;migrantcrisis;2024-10-15 11_09_22.504745;0.004347805399448;0.000008437898032;0.000000171624919;0.000052535866416;0.000002478659553;0.001445204368792;0.000013216279513;1. Against immigration, migrants, foreigners, refugees, or Muslims.
116;c5711dd96769fed4;81f8f6dde88365f3;20011cde6912ac60;2022-12-14T17:53:03.000Z;"#nieuwsuur
@MinPres
@VVD_Europa
@D66_Europa
@geertwilderspvv
@Amsterdam
@EP_JA21
#migratie #asiel #migrantcrisis

Discussie over VN-migratiepact, scheurtjes al voor de ondertekening -";;;1.0;/j_flamingo###/j_flamingo###/j_flamingo/status/1603085673883439107###/hashtag/nieuwsuur?src=hashtag_click###/MinPres###/VVD_Europa###/D66_Europa###/geertwilderspvv###/Amsterdam###/EP_JA21###/hashtag/migratie?src=hashtag_click###/hashtag/asiel?src=hashtag_click###/hashtag/migrantcrisis?src=hashtag_click###https://t.co/fxGMCQG6Rt;migrantcrisis;2024-10-15 11_09_22.504745;0.022372914478183;0.000527690164745;0.000777383742388;0.000120083452202;0.000348333996953;0.015962304547429;0.001283008488826;5. Is neutral.
117;7cd0bd96f380953c;28fbc175ccf963db;5915afe945514a83;2021-11-16T14:20:23.000Z;Het is alweer pijnlijk tekenend voor de zwakte van @EU_Commission @vonderleyen @eucopresident dat #Merkel met #Loekasjenko heeft moeten bellen i.v.m. deze #migrantcrisis.;;;1.0;/Belgonerd1###/Belgonerd1###/Belgonerd1/status/1460613723375161344###/HLN_BE###/EU_Commission###/vonderleyen###/eucopresident###/hashtag/Merkel?src=hashtag_click###/hashtag/Loekasjenko?src=hashtag_click###/hashtag/migrantcrisis?src=hashtag_click;migrantcrisis;2024-10-15 11_09_22.504745;0.053673923015594;0.000003231835763;0.000689761422109;0.000067556669819;0.000038920494262;0.002708377549425;0.000077412660175;5. Is neutral.
118;bdecbc6f087c5ede;30ece9c7ac1f460e;6e85b24216664312;2019-08-17T21:24:59.000Z;"""Unaccompanied minors"" . Wat een leugens, van begin tot eind. #Migrantcrisis #OpenArms";;1.0;1.0;/EdwinDeMol###/EdwinDeMol###/EdwinDeMol/status/1162837751684878336###/hashtag/Migrantcrisis?src=hashtag_click###/hashtag/OpenArms?src=hashtag_click;migrantcrisis;2024-10-15 11_09_22.504745;0.161062791943550;0.000005953214441;0.000003059616574;0.000844594440423;0.001275317044929;0.000395392358769;0.000020672472601;1. Against immigration, migrants, foreigners, refugees, or Muslims.
119;69f30239b0400cbb;28fbc175ccf963db;5915afe945514a83;2020-03-02T07:18:41.000Z;#MigrantCrisis #taxpayers Ik ken er alvast een aantal die geen moer om blanke #Europeans geven: @EU_Commission met @TimmermansEU en @vonderleyen, leden van de @EUCouncil en zeker de @eucopresident, @MeyremAlmaci @WouterDeVriendt @guyverhofstadt @kristofcalvo @BartSomers. @EU4BE;;;1.0;/Belgonerd1###/Belgonerd1###/Belgonerd1/status/1234377570399006722###/ivovd2###/me2_of3###/hashtag/MigrantCrisis?src=hashtag_click###/hashtag/taxpayers?src=hashtag_click###/hashtag/Europeans?src=hashtag_click###/EU_Commission###/TimmermansEU###/vonderleyen###/EUCouncil###/eucopresident###/MeyremAlmaci###/guyverhofstadt###/kristofcalvo###/BartSomers###/EU4BE;migrantcrisis;2024-10-15 11_09_22.504745;0.189577564597130;0.000026578574762;0.005372708197683;0.000637435994577;0.000040169510612;0.000924558611587;0.000100991361251;1. Against immigration, migrants, foreigners, refugees, or Muslims.
120;f323e67f044025c0;017351b0366c2582;969b0d4029b3312f;2021-08-24T15:57:04.000Z;"Hoeveel tolken, ambassademedewerkers en andere dienstverleners had Nederland in Afghanistan in dienst denkt u?
#Afghanistan
#migrantcrisis 
##toekomstkiezen  @geertwilderspvv";;;;/Prikkeldraaad###/Prikkeldraaad###/Prikkeldraaad/status/1430197474015256580###/hashtag/Afghanistan?src=hashtag_click###/hashtag/migrantcrisis?src=hashtag_click###/hashtag/toekomstkiezen?src=hashtag_click###/geertwilderspvv;migrantcrisis;2024-10-15 11_09_22.504745;0.006541399750859;0.001418206724338;0.000008578421330;0.000138274786877;0.000099363896879;0.001807380351238;0.000091613779659;5. Is neutral.
121;b407c2e736c85206;3b4f737df54b1dc7;06e32dc9ec1bb85e;2022-12-05T17:27:09.000Z;"Zonder migratierem ontspoort Nederland. Dat zie je nu toch al? Onze huisvestingstekort en social voorzieningen worden onhoudbaar.
#migrantcrisis @D66";;;;/MrPerfect1008###/MrPerfect1008###/MrPerfect1008/status/1599817667413934080###/jpaternotte###/hashtag/migrantcrisis?src=hashtag_click###/D66;migrantcrisis;2024-10-15 11_09_22.504745;0.051185321062803;0.000079543118773;0.000007205489510;0.000018292686946;0.000022241092665;0.001531536690891;0.000025806670237;1. Against immigration, migrants, foreigners, refugees, or Muslims.
122;;;;;This post is unavailable.;;;;;migrantcrisis;2024-10-15 11_09_22.504745;0.000118929085147;0.000000015512335;0.000000097311784;0.000661179888994;0.000003063055601;0.000033176205761;0.000041807754315;
123;;;;;This post is unavailable.;;;;;migrantcrisis;2024-10-15 11_09_22.504745;0.000118929085147;0.000000015512335;0.000000097311784;0.000661179888994;0.000003063055601;0.000033176205761;0.000041807754315;
124;77d4d70d852f373e;3b34dfe745a312b4;c4a6ab1c0e6e3461;2020-03-15T08:44:00.000Z;Om over de #migrantcrisis maar weer eens te zwijgen @PeterRdeV;;;;/mata4freedom###/mata4freedom###/mata4freedom/status/1239110083260317696###/PRDVFoundation###/PeterRdeV###/hashtag/migrantcrisis?src=hashtag_click###/PeterRdeV;migrantcrisis;2024-10-15 11_09_22.504745;0.176658034324646;0.000006623145509;0.000028383366953;0.000083624887338;0.000046430453949;0.001209267647937;0.000024234885132;5. Is neutral.
125;44975e8321cde82b;30ece9c7ac1f460e;6e85b24216664312;2021-05-29T21:31:01.000Z;Alarmfase 1, eigenlijk. #migrantencrisis #migrantcrisis #migranten #illegalen;;;;/EdwinDeMol###/EdwinDeMol###/EdwinDeMol/status/1398753771052744704###/hashtag/migrantencrisis?src=hashtag_click###/hashtag/migrantcrisis?src=hashtag_click###/hashtag/migranten?src=hashtag_click###/hashtag/illegalen?src=hashtag_click;migrantcrisis;2024-10-15 11_09_22.504745;0.040260989218950;0.000042064821173;0.000005934191449;0.000050097602070;0.000066267726652;0.000316182064125;0.000009241528460;1. Against immigration, migrants, foreigners, refugees, or Muslims.
126;;;;;This post is unavailable.;;;;;migrantcrisis;2024-10-15 11_09_22.504745;0.000118929085147;0.000000015512335;0.000000097311784;0.000661179888994;0.000003063055601;0.000033176205761;0.000041807754315;
127;;;;;This post is unavailable.;;;;;migrantcrisis;2024-10-15 11_09_22.504745;0.000118929085147;0.000000015512335;0.000000097311784;0.000661179888994;0.000003063055601;0.000033176205761;0.000041807754315;
128;786a4ef78925fff8;30ece9c7ac1f460e;6e85b24216664312;2020-03-01T19:51:42.000Z;"Met het toelaten van zulk tuig weet je  zeker dat de Europese Unie, maar ook Europa als geheel, een hele onzekere toekomst tegemoet gaat. “A better future?” Ja, door je eigen land opnieuw op te bouwen. 
#asieleisers #GreeceUnderAttack #Migranten #MigrantCrisis #Greece #Erdogan";;;1.0;/EdwinDeMol###/EdwinDeMol###/EdwinDeMol/status/1234204685961134086###/hashtag/asieleisers?src=hashtag_click###/hashtag/GreeceUnderAttack?src=hashtag_click###/hashtag/Migranten?src=hashtag_click###/hashtag/MigrantCrisis?src=hashtag_click###/hashtag/Greece?src=hashtag_click###/hashtag/Erdogan?src=hashtag_click;migrantcrisis;2024-10-15 11_09_22.504745;0.767517566680908;0.006203822791576;0.000002857702839;0.000072711009125;0.000020096069420;0.318144708871841;0.000326279259752;1. Against immigration, migrants, foreigners, refugees, or Muslims.
129;d4104fba356df61f;8fde200208c4e9bc;83c3bf352d2e9471;2023-02-20T18:27:32.000Z;"Misschien es #airbnb proberen ... kwestie van geen onderlingen jaloezie te creeeren tussen de verschillende aanbieders van accomodaties in BXL..
@Nicole_demoor #vivaldi #Molenbeek #migrantcrisis
@PSofficiel
https://hln.be/brussel/politiek-zoekt-dringende-oplossing-voor-tentenkamp-in-molenbeek-situatie-is-te-onveilig~a37b04c0/…";1.0;;;38;migrantcrisis;2024-10-15 11_09_22.504745;0.001394796767272;0.000058733581682;0.000089575158199;0.000479943002574;0.000314358825563;0.000590839656070;0.000046595323511;5. Is neutral.
130;;;;;This post is unavailable.;;;;;migrantcrisis;2024-10-15 11_09_22.504745;0.000118929085147;0.000000015512335;0.000000097311784;0.000661179888994;0.000003063055601;0.000033176205761;0.000041807754315;
131;;;;;This post is unavailable.;;;;;migrantcrisis;2024-10-15 11_09_22.504745;0.000118929085147;0.000000015512335;0.000000097311784;0.000661179888994;0.000003063055601;0.000033176205761;0.000041807754315;
132;e46675edcd3dba71;c32958e78a266db8;7e88a5ac2d051998;2022-02-08T12:55:11.000Z;"PAAP OF AAP !!
#migrantworkers
#MigrantCrisis
#Delhi
#ArvindKejriwal";;;;/IamVishnu_Singh###/IamVishnu_Singh###/IamVishnu_Singh/status/1491032863365791746###/hashtag/migrantworkers?src=hashtag_click###/hashtag/MigrantCrisis?src=hashtag_click###/hashtag/Delhi?src=hashtag_click###/hashtag/ArvindKejriwal?src=hashtag_click;migrantcrisis;2024-10-15 11_09_22.504745;0.000204265073989;0.000003527672334;0.000001112465270;0.000007634624126;0.000003384793445;0.000029283290132;0.000005591687113;6. Other: unclear stance on immigration.
133;;;;;This post is unavailable.;;;;;migrantcrisis;2024-10-15 11_09_22.504745;0.000118929085147;0.000000015512335;0.000000097311784;0.000661179888994;0.000003063055601;0.000033176205761;0.000041807754315;
134;;;;;This post is unavailable.;;;;;migrantcrisis;2024-10-15 11_09_22.504745;0.000118929085147;0.000000015512335;0.000000097311784;0.000661179888994;0.000003063055601;0.000033176205761;0.000041807754315;
135;a1cded2afbe9c8ce;d35846b9254b035a;4060b4e73ccd44c0;2022-11-03T10:07:42.000Z;Het begin is er @markrutte nu wij nog!! #migrantcrisis #asielinstroom;;3.0;3.0;/GKLASSEZUNA###/GKLASSEZUNA###/GKLASSEZUNA/status/1588110664475840513###/markrutte###/hashtag/migrantcrisis?src=hashtag_click###/hashtag/asielinstroom?src=hashtag_click;migrantcrisis;2024-10-15 11_09_22.504745;0.009187002666295;0.000025226623620;0.000003616522463;0.000014353523511;0.000056364264310;0.000998950446956;0.000023527227313;5. Is neutral.
136;;;;;This post is unavailable.;;;;;migrantcrisis;2024-10-15 11_09_22.504745;0.000118929085147;0.000000015512335;0.000000097311784;0.000661179888994;0.000003063055601;0.000033176205761;0.000041807754315;
137;;;;;This post is unavailable.;;;;;migrantcrisis;2024-10-15 11_09_22.504745;0.000118929085147;0.000000015512335;0.000000097311784;0.000661179888994;0.000003063055601;0.000033176205761;0.000041807754315;
138;ed802765645bbf6c;e41a57a1bf0f2ab8;a5061a72db58cc9d;2022-09-11T18:08:10.000Z;"Dus... als je tegen geweld bent... ben je radicaal -rechts! Omdat het om migranten gaat...
Wat een bullshit!!#asielcrisis #asielzoekers #migrantcrisis Onvrede over geweld en criminaliteit duwt veel Zweden richting radicaal-rechts https://nrc.nl/nieuws/2022/09/10/elke-zweedse-stad-heeft-wel-een-arby-a4141412…";;;1.0;/RaymondBartens###/RaymondBartens###/RaymondBartens/status/1569025018926956545###/hashtag/asielcrisis?src=hashtag_click###/hashtag/asielzoekers?src=hashtag_click###/hashtag/migrantcrisis?src=hashtag_click###https://t.co/F77gqM2XrR;migrantcrisis;2024-10-15 11_09_22.504745;0.293759435415268;0.000054991858633;0.000578123668674;0.000096401541668;0.000036454366636;0.117734916508198;0.000252312020166;1. Against immigration, migrants, foreigners, refugees, or Muslims.
139;9a7d5c3ac1ceeda0;30ece9c7ac1f460e;6e85b24216664312;2020-05-19T17:47:54.000Z;Even in de categorie ongemakkelijke waarheid. Bron is VN-rapport: Less than 3% of migrants who reached Italy were refugees' #migranten #migrantcrisis #mensenhandel #HumanTrafficking #graaicultuur https://dailymail.co.uk/news/article-4442910/Less-3-migrants-reached-Italy-refugees.html…;;1.0;;/EdwinDeMol###/EdwinDeMol###/EdwinDeMol/status/1262802171818622978###/hashtag/migranten?src=hashtag_click###/hashtag/migrantcrisis?src=hashtag_click###/hashtag/mensenhandel?src=hashtag_click###/hashtag/HumanTrafficking?src=hashtag_click###/hashtag/graaicultuur?src=hashtag_click###https://t.co/SCruRD8m7m;migrantcrisis;2024-10-15 11_09_22.504745;0.015301561914384;0.000060021829995;0.000017969152395;0.002276072977111;0.000488681369461;0.001550731714815;0.000347656226950;1. Against immigration, migrants, foreigners, refugees, or Muslims.
140;;;;;This post is unavailable.;;;;;migrantcrisis;2024-10-15 11_09_22.504745;0.000118929085147;0.000000015512335;0.000000097311784;0.000661179888994;0.000003063055601;0.000033176205761;0.000041807754315;
141;;;;;This post is unavailable.;;;;;migrantcrisis;2024-10-15 11_09_22.504745;0.000118929085147;0.000000015512335;0.000000097311784;0.000661179888994;0.000003063055601;0.000033176205761;0.000041807754315;
142;18b0080fca4a6576;bbda717a969cd343;d93d01dad2c67247;2022-06-30T05:31:56.000Z;"Wanneer luisteren jullie dan naar de mensen?
Met de #toeslagenaffaire? Het #aardbeving dossier? De afgelopen twee jaar tijdens de #Corona toestand? Of ooit over de #migrantcrisis?
Jullie zijn doof en blind voor elk ander argument en doen altijd wat jullie en de EU willen.";;;;/WillemB71###/WillemB71###/WillemB71/status/1542380392707248128###/WBHoekstra###/hashtag/toeslagenaffaire?src=hashtag_click###/hashtag/aardbeving?src=hashtag_click###/hashtag/Corona?src=hashtag_click###/hashtag/migrantcrisis?src=hashtag_click;migrantcrisis;2024-10-15 11_09_22.504745;0.378688991069794;0.000008041196452;0.000003789608627;0.000163196047651;0.000068688685133;0.036176554858684;0.000021453724912;1. Against immigration, migrants, foreigners, refugees, or Muslims.
143;910cce765d0a605a;c41cfa88daa6acca;8adf88c2e4a5be33;2019-10-13T18:32:18.000Z;"Het heeft alleen geen reet zin! 

De EU komt niet in beweging. Spreekt alleen foei uit en gaan weer over tot de orde vd dag. Slappe hap!! 

EU had al veel eerder in moeten grijpen en de woorden van Trump destijds serieus moeten nemen.

#migrantcrisis
#ErdoganWarCriminal";;;1.0;/cedonulli0###/cedonulli0###/cedonulli0/status/1183450405088497666###/AfshinEllian1###/MalikAzmani###/hashtag/migrantcrisis?src=hashtag_click###/hashtag/ErdoganWarCriminal?src=hashtag_click;migrantcrisis;2024-10-15 11_09_22.504745;0.255322545766830;0.001741185900755;0.000002852137868;0.000962294230703;0.000061161699705;0.082195125520229;0.000079764460679;1. Against immigration, migrants, foreigners, refugees, or Muslims.
144;dbe7d07252abc63f;19552386dbb01053;fa2133aa633fa854;2018-03-02T02:31:42.000Z;Stockbroker Dirk Müller on Merkel’s disgusting comments about the food bank in #Essen. http://infiniteunknown.net/2018/03/01/stockbroker-dirk-muller-on-merkels-disgusting-comments-about-the-food-bank-in-essen/#.Wpi3ezOevSs.twitter… #migrantcrisis;;1.0;;/SecretNews###/SecretNews###/SecretNews/status/969399822120882176###/hashtag/Essen?src=hashtag_click###https://t.co/EnOT3ewKhR###/hashtag/migrantcrisis?src=hashtag_click;migrantcrisis;2024-10-15 11_09_22.504745;0.022358087822795;0.000000694853952;0.000001532403076;0.000115080219985;0.000006427448625;0.000176296918653;0.000048946156312;6. Other: Criticizes Merkel's comments on food bank.
145;8019634dfe5f21eb;43565cdbfee62fd9;f89439f3304778de;2022-09-23T08:22:37.000Z;"In Hannover moeten werknemers in de publieke sector bewijzen dat ze een ""migratieachtergrond"" hebben. Duitsers moeten worden uitgeselecteerd  en het aandeel migranten moet met  30 procent worden verhoogd, ongeacht de kwalificaties. #migrantcrisis #asielzoekers";;;;/EllyB53292373###/EllyB53292373###/EllyB53292373/status/1573226316932972548###/hashtag/migrantcrisis?src=hashtag_click###/hashtag/asielzoekers?src=hashtag_click;migrantcrisis;2024-10-15 11_09_22.504745;0.345806926488876;0.059478577226400;0.000036191737308;0.000085916217358;0.000053408657550;0.106653444468975;0.000240881636273;1. Against immigration, migrants, foreigners, refugees, or Muslims.
146;ff0c90664b18f9e9;0ca0a878b96d7d78;ee5a74375270564f;2018-07-01T05:32:21.000Z;Eindelijk goed nieuws! Nu doorzetten @markharbers er zijn ook wetenschappers onder hen die nu niet kunnen werken op hun niveau ivm diploma’s! #Migrantcrisis #vluchtelingen;;;;/syldebacker###/syldebacker###/syldebacker/status/1013294215005114368###/markharbers###/hashtag/Migrantcrisis?src=hashtag_click###/hashtag/vluchtelingen?src=hashtag_click;migrantcrisis;2024-10-15 11_09_22.504745;0.016040688380599;0.000021364970962;0.000003804970447;0.000033440930565;0.000021769796149;0.000257266801782;0.000003919150458;2. In support of immigration, migrants, foreigners, refugees, or Muslims.
147;9ba2aa911a76b027;27bc67289adeebe0;f0b8a8c400410492;2022-08-26T11:16:47.000Z;alsof migratie geen EU probleem is, bij welke grens gaat u ze echt tegen houden. #migrantcrisis;;;;/Lexveldhuizen###/Lexveldhuizen###/Lexveldhuizen/status/1563123286124285953###/j_postma###/hashtag/migrantcrisis?src=hashtag_click;migrantcrisis;2024-10-15 11_09_22.504745;0.023168124258518;0.000075335723523;0.000003803214440;0.000059188561863;0.000016071600839;0.003036605194211;0.000024192766432;1. Against immigration, migrants, foreigners, refugees, or Muslims.
148;962093933fdd9ebe;72be434f34d72495;199de37cf751daaf;2022-10-11T13:15:48.000Z;"(ENG ) Opiniestuk van onze fractievoorzitter @ortjens over de ""migrantencrisis"", maar wiens crisis is dit nu eigenlijk?

(ENG) Opinion piece by our party leader @ortjens on the ""migrantcrisis"", but whose crisis is this really?";;;1.0;/VoltMaastricht###/VoltMaastricht###/VoltMaastricht/status/1579823078389207040###/ortjens###/ortjens###https://t.co/5Skj8n2sCK;migrantcrisis;2024-10-15 11_09_22.504745;0.002289759926498;0.000000617147180;0.000012409282135;0.000021242502044;0.000019664394131;0.000067740533268;0.000005465897630;5. Is neutral.
149;a613cf8f468dadee;30ece9c7ac1f460e;6e85b24216664312;2020-02-29T15:25:18.000Z;Het klinkt bijzonder maar het zou normaal moeten zijn dat een regeringsleider, zoals @sebastiankurz dat doet, de veiligheid en het welzijn van zijn inwoners vooropstelt. #migrants #MigrantCrisis #Turkije #migranten #migrantenkrise #kurz;;;1.0;/EdwinDeMol###/EdwinDeMol###/EdwinDeMol/status/1233775257619701768###/sebastiankurz###/hashtag/migrants?src=hashtag_click###/hashtag/MigrantCrisis?src=hashtag_click###/hashtag/Turkije?src=hashtag_click###/hashtag/migranten?src=hashtag_click###/hashtag/migrantenkrise?src=hashtag_click###/hashtag/kurz?src=hashtag_click;migrantcrisis;2024-10-15 11_09_22.504745;0.003209177171811;0.000008625039300;0.000027641086490;0.000012411863281;0.000031564850360;0.000410863605794;0.000011930766959;1. Against immigration, migrants, foreigners, refugees, or Muslims.
150;33aa282e88d3f7c3;26ecb4f131f7a083;ebc2f897b9b03fcf;2020-03-13T16:28:16.000Z;"#vluchtelingenkinderen in #Griekenland. Terwijl Duitsland, Frankrijk, Luxemburg, Portugal, Finland ""zijn bereid in totaal 2.500 minderjarigen over te laten komen"", Nederland ""zal zich daar niet bij aansluiten.""  #migrantcrisis #vluchtelingenkinderen";;;1.0;/2022_emm###/2022_emm###/2022_emm/status/1238502147538522114###/hashtag/vluchtelingenkinderen?src=hashtag_click###/hashtag/Griekenland?src=hashtag_click###/hashtag/migrantcrisis?src=hashtag_click###/hashtag/vluchtelingenkinderen?src=hashtag_click;migrantcrisis;2024-10-15 11_09_22.504745;0.003515775781125;0.000014999664927;0.000023753869755;0.001403268543072;0.004615031648427;0.001955465180799;0.000073262948717;5. Is neutral.
151;;;;;This post is unavailable.;;;;;migrantcrisis;2024-10-15 11_09_22.504745;0.000118929085147;0.000000015512335;0.000000097311784;0.000661179888994;0.000003063055601;0.000033176205761;0.000041807754315;
152;;;;;This post is unavailable.;;;;;migrantcrisis;2024-10-15 11_09_22.504745;0.000118929085147;0.000000015512335;0.000000097311784;0.000661179888994;0.000003063055601;0.000033176205761;0.000041807754315;
153;4d2d167541df7494;3cd3e48c60242cb5;7b994de3049a0980;2019-10-17T09:24:48.000Z;@FranckenTheo ik dacht dat je opkwam tegen transmigranten en voor onafhankelijk Vlaanderen fijn dat we die misconcepties kunnen laten vallen! #kanker #vivaLaGuardiacivil #Vlaanderen #TheoFrancken #migrantcrisis;;;;/JozefkeAmbt###/JozefkeAmbt###/JozefkeAmbt/status/1184762171802181632###/FranckenTheo###/hashtag/kanker?src=hashtag_click###/hashtag/vivaLaGuardiacivil?src=hashtag_click###/hashtag/Vlaanderen?src=hashtag_click###/hashtag/TheoFrancken?src=hashtag_click###/hashtag/migrantcrisis?src=hashtag_click;migrantcrisis;2024-10-15 11_09_22.504745;0.114287182688713;0.000043239590013;0.000010289945749;0.000040498915041;0.000006871078313;0.006950943730771;0.000006953782759;1. Against immigration, migrants, foreigners, refugees, or Muslims.
154;;;;;This post is unavailable.;;;;;migrantcrisis;2024-10-15 11_09_22.504745;0.000118929085147;0.000000015512335;0.000000097311784;0.000661179888994;0.000003063055601;0.000033176205761;0.000041807754315;
155;;;;;This post is unavailable.;;;;;migrantcrisis;2024-10-15 11_09_22.504745;0.000118929085147;0.000000015512335;0.000000097311784;0.000661179888994;0.000003063055601;0.000033176205761;0.000041807754315;
156;;;;;This post is unavailable.;;;;;migrantcrisis;2024-10-15 11_09_22.504745;0.000118929085147;0.000000015512335;0.000000097311784;0.000661179888994;0.000003063055601;0.000033176205761;0.000041807754315;
157;;;;;This post is unavailable.;;;;;migrantcrisis;2024-10-15 11_09_22.504745;0.000118929085147;0.000000015512335;0.000000097311784;0.000661179888994;0.000003063055601;0.000033176205761;0.000041807754315;
158;859be93e87c9bf64;e2ee4a2a39bddb02;156ba705d959b7a5;2018-02-15T18:37:47.000Z;"Juridische strijd rond uitzetting Sudanese migranten gaat gewoon door.
@FranckenTheo #begov @de_NVA
#migrants #MigrantCrisis #Belgie
https://demorgen.be/binnenland/juridische-strijd-rond-uitzetting-sudanese-migranten-gaat-gewoon-door-b7a1b94b/…";;;;/petrodom###/petrodom###/petrodom/status/964207124472582144###/FranckenTheo###/hashtag/begov?src=hashtag_click###/de_NVA###/hashtag/migrants?src=hashtag_click###/hashtag/MigrantCrisis?src=hashtag_click###/hashtag/Belgie?src=hashtag_click###https://t.co/LdIaFknosA;migrantcrisis;2024-10-15 11_09_22.504745;0.009147009812295;0.000031258947274;0.000002214393589;0.000094337221526;0.000019006158254;0.005481704603881;0.000039416529034;5. Is neutral.
159;199638b1870ab6e1;27cee47e5216de07;b48e1c41f2b25ee0;2018-07-04T09:01:44.000Z;'Parijs laat 200 migrantenkinderen op straat zwerven' /via @NOS ⁦@TF1⁩ #France #MigrantCrisis #lesenfants #mineur http://nos.nl/l/2239799;;;;/asnah_ramdajal###/asnah_ramdajal###/asnah_ramdajal/status/1014434072716771328###/NOS###/TF1###/hashtag/France?src=hashtag_click###/hashtag/MigrantCrisis?src=hashtag_click###/hashtag/lesenfants?src=hashtag_click###/hashtag/mineur?src=hashtag_click###https://t.co/YptR9g7IsV;migrantcrisis;2024-10-15 11_09_22.504745;0.031479910016060;0.000242259382503;0.000024335235139;0.001048544771038;0.005732964258641;0.013184060342610;0.000370079505956;5. Is neutral.
160;255b768fad47ed1c;137f0849289f815e;6078cfc929b73778;2019-01-24T12:36:02.000Z;"A L L E S    I E S     G R A T I E S    I N    N E D E R L A N D.

Dat heet  segmenteren of doelgroep kiezen.

#Migranten
#Migrantcrisis";;;;/cor_badstof###/cor_badstof###/cor_badstof/status/1088415125231620103###/hashtag/Migranten?src=hashtag_click###/hashtag/Migrantcrisis?src=hashtag_click;migrantcrisis;2024-10-15 11_09_22.504745;0.214908599853516;0.002394081559032;0.000077144337411;0.000149272396811;0.000122644400108;0.005092867184430;0.001086210366338;1. Against immigration, migrants, foreigners, refugees, or Muslims.
161;;;;;This post is unavailable.;;;;;migrantcrisis;2024-10-15 11_09_22.504745;0.000118929085147;0.000000015512335;0.000000097311784;0.000661179888994;0.000003063055601;0.000033176205761;0.000041807754315;
162;;;;;This post is unavailable.;;;;;migrantcrisis;2024-10-15 11_09_22.504745;0.000118929085147;0.000000015512335;0.000000097311784;0.000661179888994;0.000003063055601;0.000033176205761;0.000041807754315;
163;bee7cb1035d0ed48;2ab90e2658518fe5;a693c9ac40648d05;2021-06-13T21:52:16.000Z;"Migrantensmokkel met medewerking van plaatselijke autoriteiten van Wit-Rusland, naar Litouwen.
Men bereidt zich in Litouwen voor op een noodsituatie en is een kamp aan het opbouwen.
#migrantcrisis #Belarus #Lithuania";;1.0;;/Solace92109577###/Solace92109577###/Solace92109577/status/1404194939303563267###/hashtag/migrantcrisis?src=hashtag_click###/hashtag/Belarus?src=hashtag_click###/hashtag/Lithuania?src=hashtag_click;migrantcrisis;2024-10-15 11_09_22.504745;0.062890119850636;0.000158435010235;0.000281314336462;0.000396328978240;0.000869079609401;0.018537439405918;0.000382239813916;5. Is neutral.
164;b6ee812b7e9d334e;e2ee4a2a39bddb02;156ba705d959b7a5;2018-09-02T15:37:13.000Z;"Tuuurlement, mijnheer @FranckenTheo  #begov @de_NVA #migrants #migrantcrisis #Belgie 
Francken: ""Natuurlijk is het niet fijn om opgesloten te zijn in een asielcentrum, maar dat is een keuze van de ouders"" https://vrt.be/vrtnws/nl.permalink.1535886178835/…";;;1.0;/petrodom###/petrodom###/petrodom/status/1036276869660913665###/FranckenTheo###/hashtag/begov?src=hashtag_click###/de_NVA###/hashtag/migrants?src=hashtag_click###/hashtag/migrantcrisis?src=hashtag_click###/hashtag/Belgie?src=hashtag_click###https://t.co/C9tfdqBHJz;migrantcrisis;2024-10-15 11_09_22.504745;0.000693894689903;0.000005726729796;0.000034584580135;0.000339267950039;0.000121637538541;0.000162423253641;0.000020576882889;1. Against immigration, migrants, foreigners, refugees, or Muslims.
165;00f112bc78e2d4ee;30ece9c7ac1f460e;6e85b24216664312;2021-07-25T21:06:50.000Z;Goed dat de regering van Oostenrijk o.l.v. @sebastiankurz haar dure plicht serieus neemt, nl. het beschermen van de burgerbevolking. http://NU.nl https://nu.nl/buitenland/6147509/oostenrijk-stuurt-extra-militairen-naar-grenzen-om-migranten-tegen-te-houden.html… #migranten #illegalen #migrantcrisis #grensbewaking #oostenrijk #EU;;;;/EdwinDeMol###/EdwinDeMol###/EdwinDeMol/status/1419403794765557760###/sebastiankurz###https://t.co/WimpNEp2Jm###https://t.co/HR15srjtMN###/hashtag/migranten?src=hashtag_click###/hashtag/illegalen?src=hashtag_click###/hashtag/migrantcrisis?src=hashtag_click###/hashtag/grensbewaking?src=hashtag_click###/hashtag/oostenrijk?src=hashtag_click###/hashtag/EU?src=hashtag_click;migrantcrisis;2024-10-15 11_09_22.504745;0.054900329560041;0.000317833764711;0.000003120241217;0.000092218913778;0.000116684335808;0.006829955149442;0.000072460446972;1. Against immigration, migrants, foreigners, refugees, or Muslims.
166;;;;;This post is unavailable.;;;;;migrantcrisis;2024-10-15 11_09_22.504745;0.000118929085147;0.000000015512335;0.000000097311784;0.000661179888994;0.000003063055601;0.000033176205761;0.000041807754315;
167;;;;;This post is unavailable.;;;;;migrantcrisis;2024-10-15 11_09_22.504745;0.000118929085147;0.000000015512335;0.000000097311784;0.000661179888994;0.000003063055601;0.000033176205761;0.000041807754315;
168;fb394bd4313fc168;ea72c79594296e45;d09aeb5ec90ef02c;2022-10-18T22:31:13.000Z;"Juist. Maar als t eten op is en ze de iphone niet meer kunnen opladen, zullen ze vervolgens toch massaal naar de 'racistische' EU en vooral NL ""vluchten"". 
#ASIELSTOP #migrantcrisis
#asielcrisis #vluchtelingen #kansparels #gelukzoekers #stikstofprobleem #hypocrisie";;;;/PeterrMeterr###/PeterrMeterr###/PeterrMeterr/status/1582499570223054848###/margriet49###/Polska82###/PeterrMeterr/status/1582499570223054848/people###/hashtag/ASIELSTOP?src=hashtag_click###/hashtag/migrantcrisis?src=hashtag_click###/hashtag/asielcrisis?src=hashtag_click###/hashtag/vluchtelingen?src=hashtag_click###/hashtag/kansparels?src=hashtag_click###/hashtag/gelukzoekers?src=hashtag_click###/hashtag/stikstofprobleem?src=hashtag_click###/hashtag/hypocrisie?src=hashtag_click;migrantcrisis;2024-10-15 11_09_22.504745;0.180596008896828;0.000605949491728;0.000668476161081;0.000058402045397;0.000045629902161;0.012722942046821;0.000737219525035;1. Against immigration, migrants, foreigners, refugees, or Muslims.
169;67da578a5a781be9;dd78a7f3c0eb8f8c;82a5b060cf6f1c0c;2022-01-23T10:23:09.000Z;Poolse hulpverleners: migrantencrisis Belarus nog niet voorbij https://telegraaf.nl/t/516120855/ via @telegraaf don't blame @Poland @LVinEU @lituaniaenecu  for the migrantcrisis. This was set up by Belarus, they are the bad boys. @BorderGroup;;;;/11Gerard###/11Gerard###/11Gerard/status/1485196396747804675###https://t.co/2jeD54Spz2###/telegraaf###/Poland###/LVinEU###/lituaniaenecu###/BorderGroup;migrantcrisis;2024-10-15 11_09_22.504745;0.026255082339048;0.000101075856946;0.000022103145966;0.000351314491127;0.000140773510793;0.003754060016945;0.000017206941266;5. Is neutral.
170;e0ca5a753224d3f0;c5753345f65416a3;d426e75bc6b6ac36;2018-08-17T22:37:00.000Z;.@guyverhofstadt @ManfredWeber  Er zijn stiekem heel veel  Europeanen met dezelfde opvatting...Hoofdtaak van iedere regering, dus ook #EU, is om eigen burgers te beschermen. Dat lukt nog niet erg...#migrantcrisis #Offenburg #wirschaffendas #migrantencrisis #migrantenkrise #Europa;;;;/BlogopZondag###/BlogopZondag###/BlogopZondag/status/1030584307264434176###/guyverhofstadt###/ManfredWeber###/hashtag/EU?src=hashtag_click###/hashtag/migrantcrisis?src=hashtag_click###/hashtag/Offenburg?src=hashtag_click###/hashtag/wirschaffendas?src=hashtag_click###/hashtag/migrantencrisis?src=hashtag_click###/hashtag/migrantenkrise?src=hashtag_click###/hashtag/Europa?src=hashtag_click;migrantcrisis;2024-10-15 11_09_22.504745;0.012414872646332;0.000028017249861;0.000004862706646;0.000049827740440;0.000016706790120;0.000465120829176;0.000017840509827;1. Against immigration, migrants, foreigners, refugees, or Muslims.
171;;;;;This post is unavailable.;;;;;migrantcrisis;2024-10-15 11_09_22.504745;0.000118929085147;0.000000015512335;0.000000097311784;0.000661179888994;0.000003063055601;0.000033176205761;0.000041807754315;
172;;;;;This post is unavailable.;;;;;migrantcrisis;2024-10-15 11_09_22.504745;0.000118929085147;0.000000015512335;0.000000097311784;0.000661179888994;0.000003063055601;0.000033176205761;0.000041807754315;
173;;;;;This post is unavailable.;;;;;migrantcrisis;2024-10-15 11_09_22.504745;0.000118929085147;0.000000015512335;0.000000097311784;0.000661179888994;0.000003063055601;0.000033176205761;0.000041807754315;
174;;;;;This post is unavailable.;;;;;migrantcrisis;2024-10-15 11_09_22.504745;0.000118929085147;0.000000015512335;0.000000097311784;0.000661179888994;0.000003063055601;0.000033176205761;0.000041807754315;
175;d1fe59593a77e310;1988b37692ae5f1c;248fd93b4d5581f6;2020-08-13T14:36:33.000Z;Denk u dat we nog mogen kiezen maart 2021?  #weglopers #tweedekamer #D66 heeft een tijdje geleden het eerst ballonnetje al opgelaten. #CoronaCrisis is permanent, #migrantcrisis  is permanent, zelf als #Wilders minister-president word, gaat het tij niet keren. wen er maar aan.;;1.0;1.0;/StefanBreugem###/StefanBreugem###/StefanBreugem/status/1293919373099520001###/Frija_Sims###/geertwilderspvv###/hashtag/weglopers?src=hashtag_click###/hashtag/tweedekamer?src=hashtag_click###/hashtag/D66?src=hashtag_click###/hashtag/CoronaCrisis?src=hashtag_click###/hashtag/migrantcrisis?src=hashtag_click###/hashtag/Wilders?src=hashtag_click;migrantcrisis;2024-10-15 11_09_22.504745;0.070875212550163;0.000517130480148;0.000307129317662;0.000061784317950;0.000092574693554;0.031168906018138;0.000228039381909;1. Against immigration, migrants, foreigners, refugees, or Muslims.
176;3f0c8419370081f2;818563ff197837a0;12d1d1c8187b4030;2022-11-09T19:45:40.000Z;#gemeente NIET GENOEG GELD VOOR  #migrantcrisis ? GRATIS IDEE: KOOP DE 500 RIJKSTE QUOTE VAN #NL IN #Nederland #nederlandisvol VERPLICHT #Kabinet :VRAAG 1 NIEUWE BELASTING WET.LAAT HEN BETALEN! EN IEDEREEN= VERCHRACHT: 30J, MOORDENAARS: LEVENSLANG GEVANGN. #Rechters #tweedekamer;;1.0;1.0;/Domijo###/Domijo###/Domijo/status/1590430441852370944###/hashtag/gemeente?src=hashtag_click###/hashtag/migrantcrisis?src=hashtag_click###/hashtag/NL?src=hashtag_click###/hashtag/Nederland?src=hashtag_click###/hashtag/nederlandisvol?src=hashtag_click###/hashtag/Kabinet?src=hashtag_click###/hashtag/Rechters?src=hashtag_click###/hashtag/tweedekamer?src=hashtag_click;migrantcrisis;2024-10-15 11_09_22.504745;0.757073283195496;0.335691750049591;0.004026300273836;0.000365168874850;0.000361795013305;0.796370029449463;0.001363914343528;1. Against immigration, migrants, foreigners, refugees, or Muslims.
177;553959eafb200d6a;a85e63d7a468b8d4;2539dbca1dc7c0fc;2020-07-17T20:21:13.000Z;"Gevluchte Duitser (#waldrambo #YvesRausch) na dagenlange klopjacht aangehouden. 
https://rd.nl/vandaag/buitenland/gevluchte-duitser-na-dagenlange-klopjacht-aangehouden-1.1680881…
#Oppenau #Deutschland
#MSM probeerden dit verhaal flink op te kloppen om zo af te leiden van de grote problemen in 't land (#migrantcrisis, #Economie, #werkloosheid, #Corona)";;;1.0;/Aethonaia###/Aethonaia###/Aethonaia/status/1284221640382058497###/hashtag/waldrambo?src=hashtag_click###/hashtag/YvesRausch?src=hashtag_click###https://t.co/dUDLk4OPoU###/hashtag/Oppenau?src=hashtag_click###/hashtag/Deutschland?src=hashtag_click###/hashtag/MSM?src=hashtag_click###/hashtag/migrantcrisis?src=hashtag_click###/hashtag/Economie?src=hashtag_click###/hashtag/werkloosheid?src=hashtag_click###/hashtag/Corona?src=hashtag_click;migrantcrisis;2024-10-15 11_09_22.504745;0.063534401357174;0.000086679901870;0.000011558397091;0.000112851281301;0.000031236922950;0.010030181147158;0.000211317805224;5. Is neutral.
178;06d7f29478a2e797;a85e63d7a468b8d4;2539dbca1dc7c0fc;2020-03-05T00:09:30.000Z;"Zo zien we de aanslagen van RECHTS vs LINKS + #Muslims eens in perspectief ..... 
#Duitsland #Germany #Germanistan #Merkel #Migrants #Crimes #MigrantCrisis #MSM #Luegenpresse #GroKo";;1.0;;/Aethonaia###/Aethonaia###/Aethonaia/status/1235356728226648066###/hashtag/Muslims?src=hashtag_click###/hashtag/Duitsland?src=hashtag_click###/hashtag/Germany?src=hashtag_click###/hashtag/Germanistan?src=hashtag_click###/hashtag/Merkel?src=hashtag_click###/hashtag/Migrants?src=hashtag_click###/hashtag/Crimes?src=hashtag_click###/hashtag/MigrantCrisis?src=hashtag_click###/hashtag/MSM?src=hashtag_click###/hashtag/Luegenpresse?src=hashtag_click###/hashtag/GroKo?src=hashtag_click;migrantcrisis;2024-10-15 11_09_22.504745;0.531328856945038;0.008202311582863;0.000005251948096;0.000558178464416;0.000526076240931;0.265777736902237;0.000722873199265;1. Against immigration, migrants, foreigners, refugees, or Muslims.
179;f0ce374ae5904834;a85e63d7a468b8d4;2539dbca1dc7c0fc;2019-09-14T08:47:37.000Z;"#MigrantCrisis: Hundreds More Land on #Greek Islands
https://europe.infowars.com/another-427-migrants-land-on-greek-islands-as-crisis-escalates/…
Dacht je dat de migrantencrisis voorbij was? Als ik jou was dan zou ik snel wakker worden, want die crisis gaat nu pas ècht beginnen. Griekse eilanden lopen snel vol. #EU programmeert snel noodsituatie!";;;;/Aethonaia###/Aethonaia###/Aethonaia/status/1172794014401204224###/hashtag/MigrantCrisis?src=hashtag_click###/hashtag/Greek?src=hashtag_click###https://t.co/YodJKKAV0o###/hashtag/EU?src=hashtag_click;migrantcrisis;2024-10-15 11_09_22.504745;0.086253337562084;0.002370530273765;0.000003571721209;0.000661612313706;0.000099717661215;0.124912053346634;0.001100104069337;1. Against immigration, migrants, foreigners, refugees, or Muslims.
180;;;;;This post is unavailable.;;;;;migrantcrisis;2024-10-15 11_09_22.504745;0.000118929085147;0.000000015512335;0.000000097311784;0.000661179888994;0.000003063055601;0.000033176205761;0.000041807754315;
181;;;;;This post is unavailable.;;;;;migrantcrisis;2024-10-15 11_09_22.504745;0.000118929085147;0.000000015512335;0.000000097311784;0.000661179888994;0.000003063055601;0.000033176205761;0.000041807754315;
182;;;;;This post is unavailable.;;;;;migrantcrisis;2024-10-15 11_09_22.504745;0.000118929085147;0.000000015512335;0.000000097311784;0.000661179888994;0.000003063055601;0.000033176205761;0.000041807754315;
183;;;;;This post is unavailable.;;;;;migrantcrisis;2024-10-15 11_09_22.504745;0.000118929085147;0.000000015512335;0.000000097311784;0.000661179888994;0.000003063055601;0.000033176205761;0.000041807754315;
184;;;;;This post is unavailable.;;;;;migrantcrisis;2024-10-15 11_09_22.504745;0.000118929085147;0.000000015512335;0.000000097311784;0.000661179888994;0.000003063055601;0.000033176205761;0.000041807754315;
185;;;;;This post is unavailable.;;;;;migrantcrisis;2024-10-15 11_09_22.504745;0.000120758631965;0.000000015473033;0.000000095923419;0.000657045340631;0.000003047194241;0.000032781201298;0.000040792296204;
186;;;;;This post is unavailable.;;;;;migrantcrisis;2024-10-15 11_09_22.504745;0.000118929085147;0.000000015512335;0.000000097311784;0.000661179888994;0.000003063055601;0.000033176205761;0.000041807754315;
187;;;;;This post is unavailable.;;;;;migrantcrisis;2024-10-15 11_09_22.504745;0.000118929085147;0.000000015512335;0.000000097311784;0.000661179888994;0.000003063055601;0.000033176205761;0.000041807754315;
188;;;;;This post is unavailable.;;;;;migrantcrisis;2024-10-15 11_09_22.504745;0.000118929085147;0.000000015512335;0.000000097311784;0.000661179888994;0.000003063055601;0.000033176205761;0.000041807754315;
189;;;;;This post is unavailable.;;;;;migrantcrisis;2024-10-15 11_09_22.504745;0.000118929085147;0.000000015512335;0.000000097311784;0.000661179888994;0.000003063055601;0.000033176205761;0.000041807754315;
190;;;;;This post is unavailable.;;;;;migrantcrisis;2024-10-15 11_09_22.504745;0.000118929085147;0.000000015512335;0.000000097311784;0.000661179888994;0.000003063055601;0.000033176205761;0.000041807754315;
191;;;;;This post is unavailable.;;;;;migrantcrisis;2024-10-15 11_09_22.504745;0.000118929085147;0.000000015512335;0.000000097311784;0.000661179888994;0.000003063055601;0.000033176205761;0.000041807754315;
192;;;;;This post is unavailable.;;;;;migrantcrisis;2024-10-15 11_09_22.504745;0.000118929085147;0.000000015512335;0.000000097311784;0.000661179888994;0.000003063055601;0.000033176205761;0.000041807754315;
193;;;;;This post is unavailable.;;;;;migrantcrisis;2024-10-15 11_09_22.504745;0.000118929085147;0.000000015512335;0.000000097311784;0.000661179888994;0.000003063055601;0.000033176205761;0.000041807754315;
194;;;;;This post is unavailable.;;;;;migrantcrisis;2024-10-15 11_09_22.504745;0.000118929085147;0.000000015512335;0.000000097311784;0.000661179888994;0.000003063055601;0.000033176205761;0.000041807754315;
195;;;;;This post is unavailable.;;;;;migrantcrisis;2024-10-15 11_09_22.504745;0.000118929085147;0.000000015512335;0.000000097311784;0.000661179888994;0.000003063055601;0.000033176205761;0.000041807754315;
196;;;;;This post is unavailable.;;;;;migrantcrisis;2024-10-15 11_09_22.504745;0.000118929085147;0.000000015512335;0.000000097311784;0.000661179888994;0.000003063055601;0.000033176205761;0.000041807754315;
197;;;;;This post is unavailable.;;;;;migrantcrisis;2024-10-15 11_09_22.504745;0.000118929085147;0.000000015512335;0.000000097311784;0.000661179888994;0.000003063055601;0.000033176205761;0.000041807754315;
198;;;;;This post is unavailable.;;;;;migrantcrisis;2024-10-15 11_09_22.504745;0.000118929085147;0.000000015512335;0.000000097311784;0.000661179888994;0.000003063055601;0.000033176205761;0.000041807754315;
199;;;;;This post is unavailable.;;;;;migrantcrisis;2024-10-15 11_09_22.504745;0.000118929085147;0.000000015512335;0.000000097311784;0.000661179888994;0.000003063055601;0.000033176205761;0.000041807754315;
200;;;;;This post is unavailable.;;;;;migrantcrisis;2024-10-15 11_09_22.504745;0.000118929085147;0.000000015512335;0.000000097311784;0.000661179888994;0.000003063055601;0.000033176205761;0.000041807754315;
201;;;;;This post is unavailable.;;;;;migrantcrisis;2024-10-15 11_09_22.504745;0.000118929085147;0.000000015512335;0.000000097311784;0.000661179888994;0.000003063055601;0.000033176205761;0.000041807754315;
202;;;;;This post is unavailable.;;;;;migrantcrisis;2024-10-15 11_09_22.504745;0.000118929085147;0.000000015512335;0.000000097311784;0.000661179888994;0.000003063055601;0.000033176205761;0.000041807754315;
203;;;;;This post is unavailable.;;;;;migrantcrisis;2024-10-15 11_09_22.504745;0.000118929085147;0.000000015512335;0.000000097311784;0.000661179888994;0.000003063055601;0.000033176205761;0.000041807754315;
204;;;;;This post is unavailable.;;;;;migrantcrisis;2024-10-15 11_09_22.504745;0.000118929085147;0.000000015512335;0.000000097311784;0.000661179888994;0.000003063055601;0.000033176205761;0.000041807754315;
205;;;;;This post is unavailable.;;;;;migrantcrisis;2024-10-15 11_09_22.504745;0.000118929085147;0.000000015512335;0.000000097311784;0.000661179888994;0.000003063055601;0.000033176205761;0.000041807754315;
206;;;;;This post is unavailable.;;;;;migrantcrisis;2024-10-15 11_09_22.504745;0.000118929085147;0.000000015512335;0.000000097311784;0.000661179888994;0.000003063055601;0.000033176205761;0.000041807754315;
207;;;;;This post is unavailable.;;;;;migrantcrisis;2024-10-15 11_09_22.504745;0.000118929085147;0.000000015512335;0.000000097311784;0.000661179888994;0.000003063055601;0.000033176205761;0.000041807754315;
208;;;;;This post is unavailable.;;;;;migrantcrisis;2024-10-15 11_09_22.504745;0.000118929085147;0.000000015512335;0.000000097311784;0.000661179888994;0.000003063055601;0.000033176205761;0.000041807754315;
209;;;;;This post is unavailable.;;;;;migrantcrisis;2024-10-15 11_09_22.504745;0.000118929085147;0.000000015512335;0.000000097311784;0.000661179888994;0.000003063055601;0.000033176205761;0.000041807754315;
210;;;;;This post is unavailable.;;;;;migrantcrisis;2024-10-15 11_09_22.504745;0.000118929085147;0.000000015512335;0.000000097311784;0.000661179888994;0.000003063055601;0.000033176205761;0.000041807754315;
211;;;;;This post is unavailable.;;;;;migrantcrisis;2024-10-15 11_09_22.504745;0.000118929085147;0.000000015512335;0.000000097311784;0.000661179888994;0.000003063055601;0.000033176205761;0.000041807754315;
212;;;;;This post is unavailable.;;;;;migrantcrisis;2024-10-15 11_09_22.504745;0.000118929085147;0.000000015512335;0.000000097311784;0.000661179888994;0.000003063055601;0.000033176205761;0.000041807754315;
213;;;;;This post is unavailable.;;;;;migrantcrisis;2024-10-15 11_09_22.504745;0.000118929085147;0.000000015512335;0.000000097311784;0.000661179888994;0.000003063055601;0.000033176205761;0.000041807754315;
214;;;;;This post is unavailable.;;;;;migrantcrisis;2024-10-15 11_09_22.504745;0.000118929085147;0.000000015512335;0.000000097311784;0.000661179888994;0.000003063055601;0.000033176205761;0.000041807754315;
215;;;;;This post is unavailable.;;;;;migrantcrisis;2024-10-15 11_09_22.504745;0.000118929085147;0.000000015512335;0.000000097311784;0.000661179888994;0.000003063055601;0.000033176205761;0.000041807754315;
216;;;;;This post is unavailable.;;;;;migrantcrisis;2024-10-15 11_09_22.504745;0.000118929085147;0.000000015512335;0.000000097311784;0.000661179888994;0.000003063055601;0.000033176205761;0.000041807754315;
217;;;;;This post is unavailable.;;;;;migrantcrisis;2024-10-15 11_09_22.504745;0.000118929085147;0.000000015512335;0.000000097311784;0.000661179888994;0.000003063055601;0.000033176205761;0.000041807754315;
218;;;;;This post is unavailable.;;;;;migrantcrisis;2024-10-15 11_09_22.504745;0.000118929085147;0.000000015512335;0.000000097311784;0.000661179888994;0.000003063055601;0.000033176205761;0.000041807754315;
219;;;;;This post is unavailable.;;;;;migrantcrisis;2024-10-15 11_09_22.504745;0.000118929085147;0.000000015512335;0.000000097311784;0.000661179888994;0.000003063055601;0.000033176205761;0.000041807754315;
220;;;;;This post is unavailable.;;;;;migrantcrisis;2024-10-15 11_09_22.504745;0.000118929085147;0.000000015512335;0.000000097311784;0.000661179888994;0.000003063055601;0.000033176205761;0.000041807754315;
221;;;;;This post is unavailable.;;;;;migrantcrisis;2024-10-15 11_09_22.504745;0.000118929085147;0.000000015512335;0.000000097311784;0.000661179888994;0.000003063055601;0.000033176205761;0.000041807754315;
1;6a5695b19f2122e3;e96e536bfed7d12a;59d2013510f52df9;2023-05-15T06:13:01.000Z;Uitstekend idee dit @StasJenV !? Zo draai je het verdienmodel van de mensensmokkelaars de nek om en dan stokt migratie vanzelf. Ietsom over na te denken toch!? #migrantcrisis;;;;15;migrantcrisis;2024-10-09 11_22_54.140846;0.108791477978229;0.002765034558252;0.000172852334799;0.000045652624976;0.000004703967988;0.043769866228104;0.000238612687099;1. Against immigration, migrants, foreigners, refugees, or Muslims.
2;b3b1312ccdcea55b;30de264b292732e5;6d2942f8760f3370;2023-01-26T22:13:55.000Z;"De beste grappen hoor je in verkiezingstijd
in 1 jaar 402.000 migranten zonder uitnodiging.
#verkiezingen #VVD #D66 #groenlinks #Politiek #migrantcrisis #Mensenhandel zonder Grenzen ( op andermans kosten ) #Politiek";;;;82;migrantcrisis;2024-10-09 11_22_54.140846;0.020132267847657;0.000053326108173;0.000014462745639;0.000924904481508;0.000078056524217;0.003248497843742;0.000097952834039;1. Against immigration, migrants, foreigners, refugees, or Muslims.
3;48445a75892f070d;1934fec4d9309d32;a22310a113639dbb;2022-07-18T08:43:16.000Z;"Een paspoort kopen vind EU niet leuk.

Men moet namelijk afhankelijk zijn, jarenlang in de migratiemolen hangen, zodat alle migratiebaantjes intact blijven.

Zomaar een zak geld op tafel leggen, dat is veelste efficient!

#migrantcrisis #miljonairs";;;;/Democratikusje###/Democratikusje###/Democratikusje/status/1548951525141118980###/hashtag/migrantcrisis?src=hashtag_click###/hashtag/miljonairs?src=hashtag_click;migrantcrisis;2024-10-09 11_22_54.140846;0.085448749363422;0.000053530671721;0.000011912257833;0.000029692075259;0.000005044983482;0.000999555923045;0.000094048366009;1. Against immigration, migrants, foreigners, refugees, or Muslims.
4;c4ac8fde51ab3d2f;28fbc175ccf963db;5915afe945514a83;2021-08-27T21:31:25.000Z;"#Afghanistan #migrantcrisis 
Oef, wat een opluchting zeg !
#simplisme bij @vrtnws";;;2.0;/Belgonerd1###/Belgonerd1###/Belgonerd1/status/1431368780437929984###/hashtag/Afghanistan?src=hashtag_click###/hashtag/migrantcrisis?src=hashtag_click###/hashtag/simplisme?src=hashtag_click###/vrtnws;migrantcrisis;2024-10-09 11_22_54.140846;0.011305084452033;0.000006193373792;0.000071519745688;0.000194654188817;0.000074605522968;0.000812798738480;0.000085416926595;5. Is neutral.
5;e603f092707ac638;c5753345f65416a3;d426e75bc6b6ac36;2018-07-29T14:27:06.000Z;Blog op Zondag | Stop de (gewelddadige) asieleiser https://bit.ly/2v19t0g #Ceuta #asieleiser #migranten #EU #buitengrens #borderpatrol #Spanje #borderprotection #bordercontrol #migrantcrisis #EUmigrantcrisis;;3.0;3.0;/BlogopZondag###/BlogopZondag###/BlogopZondag/status/1023575648294658048###https://t.co/VxtpbvIozV###/hashtag/Ceuta?src=hashtag_click###/hashtag/asieleiser?src=hashtag_click###/hashtag/migranten?src=hashtag_click###/hashtag/EU?src=hashtag_click###/hashtag/buitengrens?src=hashtag_click###/hashtag/borderpatrol?src=hashtag_click###/hashtag/Spanje?src=hashtag_click###/hashtag/borderprotection?src=hashtag_click###/hashtag/bordercontrol?src=hashtag_click###/hashtag/migrantcrisis?src=hashtag_click###/hashtag/EUmigrantcrisis?src=hashtag_click;migrantcrisis;2024-10-09 11_22_54.140846;0.049288392066955;0.000510531303007;0.000078436467447;0.000298180966638;0.000046093624405;0.015070088207722;0.000108801941678;1. Against immigration, migrants, foreigners, refugees, or Muslims.
6;ea4e301f4c5c0f30;6da958ba3e5cb76c;93a969571e1d7c6d;2023-03-26T19:12:47.000Z;"Volle boot met #gelukszoekers onderweg Luilekkerland.
#ASIELSTOP #migrantcrisis";43.0;67.0;77.0;4K;migrantcrisis;2024-10-09 11_22_54.140846;0.002384479856118;0.000038576694351;0.000088939850684;0.000672064255923;0.000260375294602;0.000345456675859;0.000014890334569;1. Against immigration, migrants, foreigners, refugees, or Muslims.
7;20e4492af6ff8ad1;74607ab5486101c8;3f4b06727f5114f1;2024-08-26T12:05:33.000Z;"Opnieuw 301 illegale migranten aangekomen in Lampedusa op 8 boten 

Vandaag arriveerden 301 migranten in Lampedusa, terwijl er gisteren al 450 aankwamen. De korte termijn opvangcentra zijn inmiddels overvol. Een nieuwe migrantcrisis lijkt zich te ontwikkelen op Lampedusa";4.0;5.0;2.0;377;migrantcrisis;2024-10-09 11_22_54.140846;0.078819736838341;0.000735753739718;0.000207481512916;0.002849531592801;0.004227765370160;0.019401161000132;0.000215249863686;5. Is neutral.
8;6d495b658ccb36d6;f38fc9ea7ba75f04;dd00fc95aacb2c72;2020-08-14T18:57:22.000Z;"Inside Europe: Ten Years of Turmoil

It covers matters affecting the European Union, and in particular #Brexit, the #debtcrisis and the #migrantcrisis

Als je deze 3 crisissen uiteindelijk bekijkt, door de ogen van deze leiders, besef je dat Europa nog veel uitdagingen heeft.";1.0;;1.0;/KarlBoumans###/KarlBoumans###/KarlBoumans/status/1294347400472072192###/hashtag/Brexit?src=hashtag_click###/hashtag/debtcrisis?src=hashtag_click###/hashtag/migrantcrisis?src=hashtag_click;migrantcrisis;2024-10-09 11_22_54.140846;0.001297234324738;0.000000790602712;0.000000137253451;0.000097016367363;0.000012057387721;0.000127578634419;0.000038749542000;5. Is neutral.
9;e3b62069719f83a6;d957b9f1c86f53a2;c45f83925c2b470b;2023-09-26T20:27:37.000Z;"Caarnaast, nogmaals #migrantcrisis is geen #vluchtelingencrisis.
#migranten, zelf zorgen voor onderdak, eten, etc. Moet iedere migrant. Dus huisje #opjebeurtwachten. #6160224test nooitvoorang";;;;16;migrantcrisis;2024-10-09 11_22_54.140846;0.060412019491196;0.000005234108357;0.000044208791223;0.000028746015232;0.000004275786068;0.000513187726028;0.000002962511189;1. Against immigration, migrants, foreigners, refugees, or Muslims.
10;9f4e6bc65f0c49a3;ed5324cd4ee8b88f;2dc80c0a078bfdcd;2022-07-30T18:50:55.000Z;"Er móét gewoon een verdienmodel aan ten grondslag liggen getuige de vele tripjes tussen Libië en Italië van #NGO-schepen, die met volledig medeweten en goedkeuring van de #EuropeseUnie 1000-en #migranten Europa in smokkelen. 
#migrantcrisis #Immigration";3.0;55.0;54.0;/CoraWeg###/CoraWeg###/CoraWeg/status/1553453100287025156###/hashtag/NGO?src=hashtag_click###/hashtag/EuropeseUnie?src=hashtag_click###/hashtag/migranten?src=hashtag_click###/hashtag/migrantcrisis?src=hashtag_click###/hashtag/Immigration?src=hashtag_click;migrantcrisis;2024-10-09 11_22_54.140846;0.033936806023121;0.000047389577958;0.000032524054404;0.001304855919443;0.001452531432733;0.003652906510979;0.000094316710602;1. Against immigration, migrants, foreigners, refugees, or Muslims.
11;cb0b5059b8a4d694;3947eb5bdd00c1cb;07a7c39c709d04d1;2022-10-25T13:02:09.000Z;"Amper 25 km de EU-grens over. Kamp bij het Servische Sombor. Duizenden jonge mannen,
vooral uit Syrië, stranden hier. Volgende hindernis: het hek van Orbán #migrantcrisis";7.0;11.0;13.0;/tijnsadee###/tijnsadee###/tijnsadee/status/1584893076312817664###/hashtag/migrantcrisis?src=hashtag_click;migrantcrisis;2024-10-09 11_22_54.140846;0.003769404720515;0.000037152007280;0.000851715274621;0.000660121790133;0.000452414358733;0.003285614540800;0.000265500246314;5. Is neutral.
12;901cd4acf3e2355f;f1d80082eb97ede1;38c3d6f7860dda45;2023-02-18T09:04:04.000Z;Ik vraag mij elke dag af wanneer Nederland, en de rest van de wereld, massaal in opstand komt. Zijn de slapende schapen nog steeds in de meerderheid? #WEF #D666 #Rutte #kaag #Ohio #Ukraina #Epstein #Biden #migrantcrisis #boeren;2.0;3.0;16.0;670;migrantcrisis;2024-10-09 11_22_54.140846;0.410441726446152;0.062907792627811;0.000200057140319;0.002196847461164;0.000964916136581;0.379260212182999;0.000316642137477;6. Other: Criticizes government and global issues.
13;e36a4bf37f0dce58;35c88f9b583366e5;2b3368832de6e0d0;2023-07-14T17:26:17.000Z;"#klaarmetRutte 
Hongarije heeft de oplossing gevonden voor de migrantcrisis : geen afgeronde asielprocedure, geen toegang tot de EU. Dit is het Hongaarse systeem en het werkt. Nu wil Brussel het vernietigen.! dit laat ik niet gebeuren  Orbán Viktor";3.0;33.0;48.0;1,6K;migrantcrisis;2024-10-09 11_22_54.140846;0.074231825768948;0.001509936177172;0.001013013999909;0.000059270172642;0.000037079727917;0.099818587303162;0.000858579820488;1. Against immigration, migrants, foreigners, refugees, or Muslims.
14;c66ca19d259ef363;28fbc175ccf963db;5915afe945514a83;2020-08-28T09:09:06.000Z;"#criminals #migrantcrisis
@catmoureaux stond erbij en keek ernaar.
https://bruzz.be/samenleving/doodsbange-bewoonster-sippelbergwijk-wil-van-hangjongeren-hier-wet-2020-08-27…";;;;/Belgonerd1###/Belgonerd1###/Belgonerd1/status/1299272788096749569###/hashtag/criminals?src=hashtag_click###/hashtag/migrantcrisis?src=hashtag_click###/catmoureaux###https://t.co/AL8AHrJERB;migrantcrisis;2024-10-09 11_22_54.140846;0.100158341228962;0.000723653822206;0.000415126152802;0.000161580610438;0.000064926302002;0.007173922844231;0.000103759382910;1. Against immigration, migrants, foreigners, refugees, or Muslims.
15;9157eb9cde4730fb;008d3baa5195d527;e79a054808a459bd;2021-10-14T05:06:23.000Z;"Hmmmmm. Alles passeert de revu behalve statushouders die met voorang woningen krijgen. 
#woningnood #migrantcrisis";;;1.0;/alfred_silenus###/alfred_silenus###/alfred_silenus/status/1448515506399551488###/denieuwsbv###/poeetweet###/pieterderks###/hashtag/woningnood?src=hashtag_click###/hashtag/migrantcrisis?src=hashtag_click;migrantcrisis;2024-10-09 11_22_54.140846;0.003736767219380;0.000002381077365;0.000001256687028;0.000013641462829;0.000005437401796;0.000040613358578;0.000014041837858;1. Against immigration, migrants, foreigners, refugees, or Muslims.
16;1eb2831714e0a0c7;0a277c42f331e1ac;cc7b7a3ae5c97d47;2023-07-14T15:57:35.000Z;Hongarije #migrantcrisis   heeft de oplossing: Geen afgeronde asiel procedure géén toegang tot de EU.;;3.0;3.0;109;migrantcrisis;2024-10-09 11_22_54.140846;0.061486888676882;0.000507664866745;0.000938215758651;0.000026544759749;0.000026743206035;0.026800176128745;0.002227390184999;1. Against immigration, migrants, foreigners, refugees, or Muslims.
17;be568eacb84aac7e;b7cde170f4d1b3bf;7e2c9d4c3686a57e;2021-07-21T21:25:34.000Z;Weer een paar mensen die het licht zien. Niet arbeidsmigratie faciliteren en  stimuleren, maar het verplaatsen van sectoren naar de landen waar wel arbeid is, is de oplossing! Goed voor iedereen, behalve voor uitbuitende en/of slechtbetalende ondernemers ! #migrantcrisis;5.0;6.0;16.0;/JacquesMonasch###/JacquesMonasch###/JacquesMonasch/status/1417958956857708549###/hashtag/migrantcrisis?src=hashtag_click;migrantcrisis;2024-10-09 11_22_54.140846;0.015322159044445;0.000788839592133;0.000024416782253;0.000042194307753;0.000003286137144;0.004442997742444;0.000062717255787;1. Against immigration, migrants, foreigners, refugees, or Muslims.
18;36e58c3aa5913270;cef678ad462ddafc;24d29350c6dbbcdc;2024-02-17T20:08:06.000Z;Je vergeet uitzetten! Nog beter: niet binnen laten! #rellen #DenHaag #migrantcrisis;;;3.0;875;migrantcrisis;2024-10-09 11_22_54.140846;0.133503824472427;0.000152335720486;0.000002102683311;0.000045745320676;0.000030211951525;0.005438787396997;0.000000981280209;1. Against immigration, migrants, foreigners, refugees, or Muslims.
19;e03b205c8b9dd4cd;8e1456e0b8d3c21d;0bd9cb1abfc43224;2023-08-25T06:38:33.000Z;Wie zijn deze NGO’s? #asielindustrie #migrantcrisis #migranten #ASIELSTOP;1.0;2.0;3.0;466;migrantcrisis;2024-10-09 11_22_54.140846;0.017099250108004;0.000032265270420;0.000000608092762;0.000046977958846;0.000044645850721;0.000229026903980;0.000015409865227;1. Against immigration, migrants, foreigners, refugees, or Muslims.
20;730c6762c8d890ea;b90db7f7679436cf;0824f8e85a25c935;2024-02-17T14:19:51.000Z;Fophef, helder woord. #migrantcrisis #vvd;;;;22;migrantcrisis;2024-10-09 11_22_54.140846;0.001875512418337;0.000008972588148;0.000003658266223;0.000005382245490;0.000004029463980;0.000095365343441;0.000017185637262;5. Is neutral.
21;f4c62253bd42748f;c5753345f65416a3;d426e75bc6b6ac36;2018-06-24T16:55:09.000Z;"Blog op Zondag | Opvangcentra in Europa voor migranten zijn geen goed idee. Drie redenen. https://bit.ly/2lzZ6vz
#migranten #MigrantCrisis #EU #opvangcentra #MigrationEU";;1.0;1.0;/BlogopZondag###/BlogopZondag###/BlogopZondag/status/1010929330023739393###https://t.co/pX3OvNZx3F###/hashtag/migranten?src=hashtag_click###/hashtag/MigrantCrisis?src=hashtag_click###/hashtag/EU?src=hashtag_click###/hashtag/opvangcentra?src=hashtag_click###/hashtag/MigrationEU?src=hashtag_click;migrantcrisis;2024-10-09 11_22_54.140846;0.095592699944973;0.000083872218966;0.000002278152124;0.000131022548885;0.000187091078260;0.000810529454611;0.000011948016436;1. Against immigration, migrants, foreigners, refugees, or Muslims.
22;cc0524d94eb058b3;44597143c123b7f1;2d832b60a168d460;2024-08-13T14:55:20.000Z;"Zijn de Westerse 'vrije' samenlevingen in een terminale staat of is de zaak nog te redden? #klimaathysterie #FreeSpeech #migrantcrisis #WEF etc... RT = 
@Kijkverder1";3.0;7.0;6.0;473;migrantcrisis;2024-10-09 11_22_54.140846;0.060721807181835;0.000797353917733;0.000001074817533;0.000094569506473;0.000005675221018;0.013749605976045;0.000500224065035;5. Is neutral.
23;c3a78ee2ea8c2fdf;9be0c52ff0437319;ac8b50c67e27202a;2020-03-06T15:08:18.000Z;850 miljoen mensen die honger hebben en te zwak of arm zijn om naar de Europese grenzen te lopen. #MigrantCrisis #Migranten;;;2.0;/ReneZalm###/ReneZalm###/ReneZalm/status/1235945306291871744###/LodewijkA###/hashtag/MigrantCrisis?src=hashtag_click###/hashtag/Migranten?src=hashtag_click;migrantcrisis;2024-10-09 11_22_54.140846;0.019915148615837;0.000018457531041;0.000166013443959;0.000445421756012;0.000065462576458;0.001183309708722;0.000026414332751;5. Is neutral.
24;7cd0bd96f380953c;28fbc175ccf963db;5915afe945514a83;2021-11-16T14:20:23.000Z;Het is alweer pijnlijk tekenend voor de zwakte van @EU_Commission @vonderleyen @eucopresident dat #Merkel met #Loekasjenko heeft moeten bellen i.v.m. deze #migrantcrisis.;;;1.0;/Belgonerd1###/Belgonerd1###/Belgonerd1/status/1460613723375161344###/HLN_BE###/EU_Commission###/vonderleyen###/eucopresident###/hashtag/Merkel?src=hashtag_click###/hashtag/Loekasjenko?src=hashtag_click###/hashtag/migrantcrisis?src=hashtag_click;migrantcrisis;2024-10-09 11_22_54.140846;0.053673923015594;0.000003231835763;0.000689761422109;0.000067556669819;0.000038920494262;0.002708377549425;0.000077412660175;5. Is neutral.
25;69f30239b0400cbb;28fbc175ccf963db;5915afe945514a83;2020-03-02T07:18:41.000Z;#MigrantCrisis #taxpayers Ik ken er alvast een aantal die geen moer om blanke #Europeans geven: @EU_Commission met @TimmermansEU en @vonderleyen, leden van de @EUCouncil en zeker de @eucopresident, @MeyremAlmaci @WouterDeVriendt @guyverhofstadt @kristofcalvo @BartSomers. @EU4BE;;;1.0;/Belgonerd1###/Belgonerd1###/Belgonerd1/status/1234377570399006722###/ivovd2###/me2_of3###/hashtag/MigrantCrisis?src=hashtag_click###/hashtag/taxpayers?src=hashtag_click###/hashtag/Europeans?src=hashtag_click###/EU_Commission###/TimmermansEU###/vonderleyen###/EUCouncil###/eucopresident###/MeyremAlmaci###/guyverhofstadt###/kristofcalvo###/BartSomers###/EU4BE;migrantcrisis;2024-10-09 11_22_54.140846;0.189577564597130;0.000026578574762;0.005372708197683;0.000637435994577;0.000040169510612;0.000924558611587;0.000100991361251;1. Against immigration, migrants, foreigners, refugees, or Muslims.
26;a16c1a2826d27cc5;c5753345f65416a3;d426e75bc6b6ac36;2018-06-24T17:32:33.000Z;Nog maar eens in de herhaling. Een blog uit 2015. Blog op zondag | 10 Oplossingsrichtingen voor de vluchtelingencrisi... http://edwindemol.blogspot.com/2015/08/10-oplossingsrichtingen-voor-de.html?spref=tw… #migrants #migratietop #MigrantCrisis #Macron #blog #Migranten #vluchtelingen #Merkel #EU #Europe;;;;/BlogopZondag###/BlogopZondag###/BlogopZondag/status/1010938742289453056###https://t.co/uPyyMUpad8###/hashtag/migrants?src=hashtag_click###/hashtag/migratietop?src=hashtag_click###/hashtag/MigrantCrisis?src=hashtag_click###/hashtag/Macron?src=hashtag_click###/hashtag/blog?src=hashtag_click###/hashtag/Migranten?src=hashtag_click###/hashtag/vluchtelingen?src=hashtag_click###/hashtag/Merkel?src=hashtag_click###/hashtag/EU?src=hashtag_click###/hashtag/Europe?src=hashtag_click;migrantcrisis;2024-10-09 11_22_54.140846;0.021664578467607;0.000066488384618;0.000006278767160;0.000127163017169;0.000135480077006;0.001557332347147;0.000127739695017;5. Is neutral.
27;29fc1326de342da1;28fbc175ccf963db;5915afe945514a83;2020-03-09T08:16:40.000Z;Aangezien uw logische suggestie een minimum aan moed en gezond verstand vergt,is ze niet aan  #Cowards als @eucopresident noch aan @EU_Commission van @vonderleyen @TimmermansEU besteed. Die #idiots zullen aan  #CriminalInChief #Erdogan juist méér toegevingen doen. #MigrantCrisis;1.0;;;/Belgonerd1###/Belgonerd1###/Belgonerd1/status/1236928880570753025###/DirkGerard###/hashtag/Cowards?src=hashtag_click###/eucopresident###/EU_Commission###/vonderleyen###/TimmermansEU###/hashtag/idiots?src=hashtag_click###/hashtag/CriminalInChief?src=hashtag_click###/hashtag/Erdogan?src=hashtag_click###/hashtag/MigrantCrisis?src=hashtag_click;migrantcrisis;2024-10-09 11_22_54.140846;0.439433872699737;0.000107227308035;0.000019477325623;0.001047313213348;0.000156799840624;0.010013840161264;0.000061377475504;1. Against immigration, migrants, foreigners, refugees, or Muslims.
28;f888009779a3ac0e;0f5e0cde310ca883;64065b2fc4117a46;2018-06-22T20:30:47.000Z;#MigrantCrisis Wat een oplichters. maar toch lukt t deze organisaties met hulp van ngo s migratiegeld binnen te harken.;;;;/paulavhulten###/paulavhulten###/paulavhulten/status/1010258822034788352###/hashtag/MigrantCrisis?src=hashtag_click;migrantcrisis;2024-10-09 11_22_54.140846;0.748936891555786;0.000322798499838;0.000164369659615;0.000440199451987;0.000064881234721;0.155058234930038;0.000559257925488;1. Against immigration, migrants, foreigners, refugees, or Muslims.
29;5887092a43d55d20;718df065be404bc5;476bd9c958f02c8e;2023-08-08T20:43:54.000Z;"Open Borders Altruism.

#NYC #MigrantCrisis #Migrants #Jews #Brooklyn #NewYork #Manhattan #WakeUp";;;1.0;219;migrantcrisis;2024-10-09 11_22_54.140846;0.002659989055246;0.000009945578313;0.000000416402827;0.000009023939128;0.000000691421860;0.000080067613453;0.000001982463345;6. Other: unclear stance on immigration.
30;9bc7d5137ce7e435;e9a212ebcbadfaef;5b5fbc4888bde4ce;2021-11-27T08:59:53.000Z;Die “arme” gevluchte mensen. #MigrantCrisis #Migrationspolitik #IstandWithPoland;;;;/HietbrinkWilma###/HietbrinkWilma###/HietbrinkWilma/status/1464519336211664901###/hashtag/MigrantCrisis?src=hashtag_click###/hashtag/Migrationspolitik?src=hashtag_click###/hashtag/IstandWithPoland?src=hashtag_click;migrantcrisis;2024-10-09 11_22_54.140846;0.004347805399448;0.000008437898032;0.000000171624919;0.000052535866416;0.000002478659553;0.001445204368792;0.000013216279513;1. Against immigration, migrants, foreigners, refugees, or Muslims.
31;f7b7da8c56735f87;b6a343454acb9c76;6ca4e18e1fa7d34d;2022-06-09T14:39:26.000Z;Er zijn vast wel wat lege mega stallen te gebruiken van boeren die weg getreiterd zijn door de overheid om de gelukzoekers op te vangen  #grenzendicht #migrantcrisis #nexit;;;;/ArtEenhoorn###/ArtEenhoorn###/ArtEenhoorn/status/1534908029442850817###/RTLnieuws###/hashtag/grenzendicht?src=hashtag_click###/hashtag/migrantcrisis?src=hashtag_click###/hashtag/migrantcrisis?src=hashtag_click###/hashtag/nexit?src=hashtag_click;migrantcrisis;2024-10-09 11_22_54.140846;0.049386501312256;0.000078019395005;0.000428816856583;0.000685017905198;0.000049503400078;0.014103757217526;0.000246280978899;1. Against immigration, migrants, foreigners, refugees, or Muslims.
32;603bcc9ba901e084;27bc67289adeebe0;f0b8a8c400410492;2022-10-29T07:48:27.000Z;Wie kent het liedje nog 15 miljoen mensen. #migrantcrisis https://youtu.be/9k9ZNf_aJUM;;;;/Lexveldhuizen###/Lexveldhuizen###/Lexveldhuizen/status/1586263682635268096###/hashtag/migrantcrisis?src=hashtag_click###https://t.co/61JAYsZhMD;migrantcrisis;2024-10-09 11_22_54.140846;0.001283726072870;0.000000754450241;0.000000168856346;0.000117850184324;0.000028943988582;0.000732863263693;0.000008196346243;5. Is neutral.
33;7c0368f3e3d75ef5;42e546fddcccc9c2;4421cbcb4a93c5ef;2023-10-04T10:50:14.000Z;Volgens mij gaan er veel slachtoffers vallen door het massaal binnenbrengen van misdadigers die nu al dagelijks het nieuws halen ! #migrantcrisis;;;3.0;41;migrantcrisis;2024-10-09 11_22_54.140846;0.269722223281860;0.002067184075713;0.000102633923234;0.000181288400199;0.000119787124277;0.262545466423035;0.000697606126778;1. Against immigration, migrants, foreigners, refugees, or Muslims.
34;f81bff0a42cee0a4;1d7b87193b0d6da8;55e047b5525c00d2;2021-11-10T13:58:25.000Z;"Misschien had die Duitse activiste beter aan de Wit-Russische kant van de grens kunnen gaan staan Gutmenschouwehoeren...

Alsjeblieft zeg, niet de hele wereld naar Europa slepen!
#grenzendicht #migrantcrisis #polandbelarus #PolandHoldTheLine";3.0;3.0;23.0;/PeterBeuker###/PeterBeuker###/PeterBeuker/status/1458433869493964802###/hashtag/grenzendicht?src=hashtag_click###/hashtag/migrantcrisis?src=hashtag_click###/hashtag/polandbelarus?src=hashtag_click###/hashtag/PolandHoldTheLine?src=hashtag_click;migrantcrisis;2024-10-09 11_22_54.140846;0.493081152439117;0.000253161939327;0.000019099968995;0.010953319258988;0.000899482809473;0.009327229112387;0.000019790837541;1. Against immigration, migrants, foreigners, refugees, or Muslims.
35;;;;;This post is unavailable.;;;;;migrantcrisis;2024-10-09 11_22_54.140846;0.000118929085147;0.000000015512335;0.000000097311784;0.000661179888994;0.000003063055601;0.000033176205761;0.000041807754315;
36;;;;;This post is unavailable.;;;;;migrantcrisis;2024-10-09 11_22_54.140846;0.000118929085147;0.000000015512335;0.000000097311784;0.000661179888994;0.000003063055601;0.000033176205761;0.000041807754315;
37;;;;;This post is unavailable.;;;;;migrantcrisis;2024-10-09 11_22_54.140846;0.000118929085147;0.000000015512335;0.000000097311784;0.000661179888994;0.000003063055601;0.000033176205761;0.000041807754315;
38;;;;;This post is unavailable.;;;;;migrantcrisis;2024-10-09 11_22_54.140846;0.000118929085147;0.000000015512335;0.000000097311784;0.000661179888994;0.000003063055601;0.000033176205761;0.000041807754315;
39;9233f5aa89389eb2;e2ee4a2a39bddb02;156ba705d959b7a5;2018-08-19T11:25:12.000Z;"CD&V'er Hendrik Bogaert pleit voor versnelde uitbreiding gesloten centra
@cdenv @hendrikbogaert
#migrants #Belgie #migrantcrisis
https://demorgen.be/politiek/cd-v-er-hendrik-bogaert-pleit-voor-versnelde-uitbreiding-gesloten-centra-b58b8c8f/…";;;;/petrodom###/petrodom###/petrodom/status/1031140017454891008###/cdenv###/hendrikbogaert###/hashtag/migrants?src=hashtag_click###/hashtag/Belgie?src=hashtag_click###/hashtag/migrantcrisis?src=hashtag_click###https://t.co/T9hqz8ehU1;migrantcrisis;2024-10-09 11_22_54.140846;0.002140609547496;0.000068221481342;0.000002541977892;0.000086654436018;0.000039547103370;0.000315694749588;0.000009971201507;1. Against immigration, migrants, foreigners, refugees, or Muslims.
40;563b1a95a8c2e68d;85456455686f3b48;ab042d189d94de07;2023-10-06T10:48:48.000Z;"Nou die schipper neemt vast ontslag bij die pendelboot 
#kansparels #migrantcrisis
@StemZeWegNL1 @StemZeWegNL Migranten proberen Nederlands schip te kapen dat hen net heeft gered";;;1.0;76;migrantcrisis;2024-10-09 11_22_54.140846;0.265848755836487;0.010932495817542;0.013041752390563;0.000605743378401;0.000781127542723;0.079792857170105;0.000221836889978;1. Against immigration, migrants, foreigners, refugees, or Muslims.
41;;;;;This post is unavailable.;;;;;migrantcrisis;2024-10-09 11_22_54.140846;0.000118929085147;0.000000015512335;0.000000097311784;0.000661179888994;0.000003063055601;0.000033176205761;0.000041807754315;
42;;;;;This post is unavailable.;;;;;migrantcrisis;2024-10-09 11_22_54.140846;0.000118929085147;0.000000015512335;0.000000097311784;0.000661179888994;0.000003063055601;0.000033176205761;0.000041807754315;
43;157eb75d1aa34189;569f1e6290922bbb;f3230e281fe30b0b;2020-03-26T10:38:48.000Z;@CharlesMichel @vonderleyen hebben een strikt geheime meeting...Italië werd door voorgangers ook niet geholpen tijdens #migrantcrisis ...moeten we helpen of niet...een communiqué wordt verwacht rond 1mei !!! Ze willen dit SNEL beslissen, geen tijd verliezen, go go go @EP_Belgium;;;;/FrankDePauw1###/FrankDePauw1###/FrankDePauw1/status/1243125242748338176###/CharlesMichel###/vonderleyen###/hashtag/migrantcrisis?src=hashtag_click;migrantcrisis;2024-10-09 11_22_54.140846;0.002635032869875;0.000214773841435;0.000006592318186;0.000083478524175;0.000014314607142;0.002551981480792;0.000012949761185;5. Is neutral.
44;;;;;This post is unavailable.;;;;;migrantcrisis;2024-10-09 11_22_54.140846;0.000118929085147;0.000000015512335;0.000000097311784;0.000661179888994;0.000003063055601;0.000033176205761;0.000041807754315;
45;;;;;This post is unavailable.;;;;;migrantcrisis;2024-10-09 11_22_54.140846;0.000118929085147;0.000000015512335;0.000000097311784;0.000661179888994;0.000003063055601;0.000033176205761;0.000041807754315;
46;33aa282e88d3f7c3;26ecb4f131f7a083;ebc2f897b9b03fcf;2020-03-13T16:28:16.000Z;"#vluchtelingenkinderen in #Griekenland. Terwijl Duitsland, Frankrijk, Luxemburg, Portugal, Finland ""zijn bereid in totaal 2.500 minderjarigen over te laten komen"", Nederland ""zal zich daar niet bij aansluiten.""  #migrantcrisis #vluchtelingenkinderen";;;1.0;/2022_emm###/2022_emm###/2022_emm/status/1238502147538522114###/hashtag/vluchtelingenkinderen?src=hashtag_click###/hashtag/Griekenland?src=hashtag_click###/hashtag/migrantcrisis?src=hashtag_click###/hashtag/vluchtelingenkinderen?src=hashtag_click;migrantcrisis;2024-10-09 11_22_54.140846;0.003515775781125;0.000014999664927;0.000023753869755;0.001403268543072;0.004615031648427;0.001955465180799;0.000073262948717;5. Is neutral.
47;e020f197e91b6602;606cfc0382b97ba3;e787278e03e14a9f;2021-08-01T21:42:47.000Z;Leest u weer even mee ? Het houdt niet op ! #migrantcrisis;;;1.0;/Paradijsvogel2###/Paradijsvogel2###/Paradijsvogel2/status/1421949554841329664###/hashtag/migrantcrisis?src=hashtag_click;migrantcrisis;2024-10-09 11_22_54.140846;0.044270537793636;0.000157181100803;0.000005930350198;0.000075667645433;0.000114010144898;0.002241066424176;0.000052498206060;1. Against immigration, migrants, foreigners, refugees, or Muslims.
48;;;;;This post is unavailable.;;;;;migrantcrisis;2024-10-09 11_22_54.140846;0.000118929085147;0.000000015512335;0.000000097311784;0.000661179888994;0.000003063055601;0.000033176205761;0.000041807754315;
49;;;;;This post is unavailable.;;;;;migrantcrisis;2024-10-09 11_22_54.140846;0.000118929085147;0.000000015512335;0.000000097311784;0.000661179888994;0.000003063055601;0.000033176205761;0.000041807754315;
50;;;;;This post is unavailable.;;;;;migrantcrisis;2024-10-09 11_22_54.140846;0.000118929085147;0.000000015512335;0.000000097311784;0.000661179888994;0.000003063055601;0.000033176205761;0.000041807754315;
51;;;;;This post is unavailable.;;;;;migrantcrisis;2024-10-09 11_22_54.140846;0.000118929085147;0.000000015512335;0.000000097311784;0.000661179888994;0.000003063055601;0.000033176205761;0.000041807754315;
52;;;;;This post is unavailable.;;;;;migrantcrisis;2024-10-09 11_22_54.140846;0.000118929085147;0.000000015512335;0.000000097311784;0.000661179888994;0.000003063055601;0.000033176205761;0.000041807754315;
53;;;;;This post is unavailable.;;;;;migrantcrisis;2024-10-09 11_22_54.140846;0.000118929085147;0.000000015512335;0.000000097311784;0.000661179888994;0.000003063055601;0.000033176205761;0.000041807754315;
54;;;;;This post is unavailable.;;;;;migrantcrisis;2024-10-09 11_22_54.140846;0.000118929085147;0.000000015512335;0.000000097311784;0.000661179888994;0.000003063055601;0.000033176205761;0.000041807754315;
55;;;;;This post is unavailable.;;;;;migrantcrisis;2024-10-09 11_22_54.140846;0.000118929085147;0.000000015512335;0.000000097311784;0.000661179888994;0.000003063055601;0.000033176205761;0.000041807754315;
56;83985646b91d35a3;42e546fddcccc9c2;4421cbcb4a93c5ef;2023-09-17T12:29:05.000Z;Sommigen, de meesten slagen op de vlucht om hier hetzelfde te doen waarvoor ze gevlucht zijn … #migrantcrisis;;;2.0;29;migrantcrisis;2024-10-09 11_22_54.140846;0.026722351089120;0.000019268045435;0.000250966317253;0.000075832555012;0.000024032215151;0.005215044599026;0.000310969335260;1. Against immigration, migrants, foreigners, refugees, or Muslims.
57;ff6dd3092014f550;b542767e17237470;c9823a769263a068;2022-08-10T14:33:13.000Z;Deze Haagse idioten helpen ons land naar de kloten: @markrutte @SigridKaag @WBHoekstra @TjeerdD66 @RobJetten @jpaternotte #RutteMoetWeg #stopmigratie #migrantcrisis;;;1.0;/LawWarrier###/LawWarrier###/LawWarrier/status/1557374512584441858###/Gerard1945X###/markrutte###/SigridKaag###/WBHoekstra###/TjeerdD66###/RobJetten###/jpaternotte###/hashtag/RutteMoetWeg?src=hashtag_click###/hashtag/stopmigratie?src=hashtag_click###/hashtag/migrantcrisis?src=hashtag_click;migrantcrisis;2024-10-09 11_22_54.140846;0.649303495883942;0.000645947409794;0.000011496000297;0.000012274600522;0.000003449511723;0.023323843255639;0.000044350461394;1. Against immigration, migrants, foreigners, refugees, or Muslims.
58;02c193e18c564c78;afa7b3d0ac082475;808f768ee705142a;2022-08-29T09:04:31.000Z;@D66  en @VVD  zeggen kom maar hoor wij hebben plek zat! #migrantcrisis  ‘Monstermoesson’ in Pakistan: 33 miljoen mensen op de vlucht https://ad.nl/buitenland/monstermoesson-in-pakistan-33-miljoen-mensen-op-de-vlucht~a7729c1af/?utm_source=twitter&utm_medium=social&utm_campaign=socialsharing_web…;;;;/hetdieptepunt###/hetdieptepunt###/hetdieptepunt/status/1564177163825340416###/D66###/VVD###/hashtag/migrantcrisis?src=hashtag_click###https://t.co/zegkbruBuB;migrantcrisis;2024-10-09 11_22_54.140846;0.016697490587830;0.000465256976895;0.000023214139219;0.000137800132507;0.000045445431169;0.015969181433320;0.000328321213601;1. Against immigration, migrants, foreigners, refugees, or Muslims.
59;76746fd862c95133;2fd4d07bef02642d;ff61fa6f8110fc0e;2020-03-05T00:05:47.000Z;"Écht even filmpje kijken, @ChrisAalberts is hilarisch:

""Laan we nou niet moeilijk doen over die paar tienduizend mensen...
.. kijk, da's de andere kant van hetzelfde verhaal""

#GreeceUnderAttack #MigrantCrisis";1.0;5.0;3.0;/JanOoms9###/JanOoms9###/JanOoms9/status/1235355793215631361###/ChrisAalberts###/hashtag/GreeceUnderAttack?src=hashtag_click###/hashtag/MigrantCrisis?src=hashtag_click;migrantcrisis;2024-10-09 11_22_54.140846;0.020919850096107;0.000259379972704;0.000010090065189;0.000182967676665;0.000041158313252;0.011866286396980;0.000075028590800;5. Is neutral.
60;b407c2e736c85206;3b4f737df54b1dc7;06e32dc9ec1bb85e;2022-12-05T17:27:09.000Z;"Zonder migratierem ontspoort Nederland. Dat zie je nu toch al? Onze huisvestingstekort en social voorzieningen worden onhoudbaar.
#migrantcrisis @D66";;;;/MrPerfect1008###/MrPerfect1008###/MrPerfect1008/status/1599817667413934080###/jpaternotte###/hashtag/migrantcrisis?src=hashtag_click###/D66;migrantcrisis;2024-10-09 11_22_54.140846;0.051185321062803;0.000079543118773;0.000007205489510;0.000018292686946;0.000022241092665;0.001531536690891;0.000025806670237;1. Against immigration, migrants, foreigners, refugees, or Muslims.
61;;;;;This post is unavailable.;;;;;migrantcrisis;2024-10-09 11_22_54.140846;0.000118929085147;0.000000015512335;0.000000097311784;0.000661179888994;0.000003063055601;0.000033176205761;0.000041807754315;
62;;;;;This post is unavailable.;;;;;migrantcrisis;2024-10-09 11_22_54.140846;0.000118929085147;0.000000015512335;0.000000097311784;0.000661179888994;0.000003063055601;0.000033176205761;0.000041807754315;
63;;;;;This post is unavailable.;;;;;migrantcrisis;2024-10-09 11_22_54.140846;0.000118929085147;0.000000015512335;0.000000097311784;0.000661179888994;0.000003063055601;0.000033176205761;0.000041807754315;
64;;;;;This post is unavailable.;;;;;migrantcrisis;2024-10-09 11_22_54.140846;0.000118929085147;0.000000015512335;0.000000097311784;0.000661179888994;0.000003063055601;0.000033176205761;0.000041807754315;
65;c3e157a8b102685a;2fd4d07bef02642d;ff61fa6f8110fc0e;2024-08-04T13:02:54.000Z;"De Nederlandse journalistiek heeft al grotendeels gecapituleerd, of zit in een verknipte groupthink gevangen.

#migrantcrisis";;1.0;20.0;896;migrantcrisis;2024-10-09 11_22_54.140846;0.207384511828422;0.000472033018013;0.000496646272950;0.000180467119208;0.000264640984824;0.005588292609900;0.001159076229669;6. Other: Criticizes Dutch journalism's groupthink.
66;ce6b85348fb16ab5;b542767e17237470;c9823a769263a068;2022-08-29T07:39:52.000Z;"Zij liggen in het gras; in Brussel liggen ze op steen en niemand maakt zich daar druk over. #migrantcrisis";;;;/LawWarrier###/LawWarrier###/LawWarrier/status/1564155862582714368###/NUnl###/hashtag/migrantcrisis?src=hashtag_click;migrantcrisis;2024-10-09 11_22_54.140846;0.154905423521995;0.000041110695747;0.000032196141547;0.000050361868489;0.000016261663404;0.007156569045037;0.000271428783890;1. Against immigration, migrants, foreigners, refugees, or Muslims.
67;;;;;This post is unavailable.;;;;;migrantcrisis;2024-10-09 11_22_54.140846;0.000118929085147;0.000000015512335;0.000000097311784;0.000661179888994;0.000003063055601;0.000033176205761;0.000041807754315;
68;;;;;This post is unavailable.;;;;;migrantcrisis;2024-10-09 11_22_54.140846;0.000118929085147;0.000000015512335;0.000000097311784;0.000661179888994;0.000003063055601;0.000033176205761;0.000041807754315;
69;;;;;This post is unavailable.;;;;;migrantcrisis;2024-10-09 11_22_54.140846;0.000118929085147;0.000000015512335;0.000000097311784;0.000661179888994;0.000003063055601;0.000033176205761;0.000041807754315;
70;;;;;This post is unavailable.;;;;;migrantcrisis;2024-10-09 11_22_54.140846;0.000118929085147;0.000000015512335;0.000000097311784;0.000661179888994;0.000003063055601;0.000033176205761;0.000041807754315;
71;be479e861ffa690d;d8b877d977aeaecf;b8c1738b8649ed7e;2020-03-01T01:28:54.000Z;"Of alle toekomstige doden door een #coronavirusNederland #Coronavid19  of #Migrant #MigrantCrisis komt maakt geen tyfus uit  
@MinPres en de rest van die zooi in den haag doet er toch geen pleuris aan   bedoel grenzen bewaken is al een probleem...#boontjekomtomzeloontje";;;;/Je_MoederT###/Je_MoederT###/Je_MoederT/status/1233927159917531137###/hashtag/coronavirusNederland?src=hashtag_click###/hashtag/Coronavid19?src=hashtag_click###/hashtag/Migrant?src=hashtag_click###/hashtag/MigrantCrisis?src=hashtag_click###/MinPres###/hashtag/boontjekomtomzeloontje?src=hashtag_click;migrantcrisis;2024-10-09 11_22_54.140846;0.739993274211884;0.001936578424647;0.000064219464548;0.000020890731321;0.000015971110770;0.152401581406593;0.000005665589924;1. Against immigration, migrants, foreigners, refugees, or Muslims.
72;f5f9f8e9974c5637;606cfc0382b97ba3;e787278e03e14a9f;2023-03-29T22:24:44.000Z;"Zou Eric vd Burg nog wakker zijn ? Denk het niet , morgen weer n dag .
#migrantcrisis";;;;42;migrantcrisis;2024-10-09 11_22_54.140846;0.013163610361516;0.000441778392997;0.000017100051991;0.000053329717048;0.000031914143619;0.007783190812916;0.000022803606043;5. Is neutral.
73;e572380fc77e7c9a;81f8f6dde88365f3;20011cde6912ac60;2022-05-16T12:55:36.000Z;"Dan moet het #COA DE DEUREN GESLOTEN HOUDEN.
BINNEN 2 WEKEN IS HET GESTOPT MET DE GROTE AANTALLEN. #migrantcrisis";;;1.0;/j_flamingo###/j_flamingo###/j_flamingo/status/1526184590158835713###/hashtag/COA?src=hashtag_click###/hashtag/migrantcrisis?src=hashtag_click;migrantcrisis;2024-10-09 11_22_54.140846;0.047936189919710;0.000158609604114;0.000084835141024;0.000021741372620;0.000040589620767;0.002899535465986;0.000012530079402;1. Against immigration, migrants, foreigners, refugees, or Muslims.
74;;;;;This post is unavailable.;;;;;migrantcrisis;2024-10-09 11_22_54.140846;0.000118929085147;0.000000015512335;0.000000097311784;0.000661179888994;0.000003063055601;0.000033176205761;0.000041807754315;
75;;;;;This post is unavailable.;;;;;migrantcrisis;2024-10-09 11_22_54.140846;0.000118929085147;0.000000015512335;0.000000097311784;0.000661179888994;0.000003063055601;0.000033176205761;0.000041807754315;
76;;;;;This post is unavailable.;;;;;migrantcrisis;2024-10-09 11_22_54.140846;0.000118929085147;0.000000015512335;0.000000097311784;0.000661179888994;0.000003063055601;0.000033176205761;0.000041807754315;
77;;;;;This post is unavailable.;;;;;migrantcrisis;2024-10-09 11_22_54.140846;0.000118929085147;0.000000015512335;0.000000097311784;0.000661179888994;0.000003063055601;0.000033176205761;0.000041807754315;
78;c2669ddfc345c8d8;4733db3c189c8aa4;27d2ec383950752b;2021-09-13T16:42:20.000Z;"Mega woningen tekort, onhoudbare druk op de zorg. Tekort aan sociale voorzieningen. Ons land kan de grote instroom aan mensen helemaal niet aan. 
#migrantcrisis #migratienoodtoestand #VVD";;1.0;1.0;/VdhurkL###/VdhurkL###/VdhurkL/status/1437456622239027208###/hashtag/migrantcrisis?src=hashtag_click###/hashtag/migratienoodtoestand?src=hashtag_click###/hashtag/VVD?src=hashtag_click;migrantcrisis;2024-10-09 11_22_54.140846;0.047457624226808;0.000074746509199;0.000093624126748;0.000009220312677;0.000043064734200;0.001139088883065;0.000129648382426;1. Against immigration, migrants, foreigners, refugees, or Muslims.
79;f11c79aeb8819616;606cfc0382b97ba3;e787278e03e14a9f;2021-08-01T08:21:42.000Z;En deze ‘boefjes’ migranten probeerden te ontsnappen ! #migrantcrisis;;;2.0;/Paradijsvogel2###/Paradijsvogel2###/Paradijsvogel2/status/1421747955942531089###/hashtag/migrantcrisis?src=hashtag_click;migrantcrisis;2024-10-09 11_22_54.140846;0.605175733566284;0.002271343721077;0.000017009493604;0.001168194808997;0.000165434626979;0.058837946504354;0.000229028213653;1. Against immigration, migrants, foreigners, refugees, or Muslims.
80;;;;;This post is unavailable.;;;;;migrantcrisis;2024-10-09 11_22_54.140846;0.000118929085147;0.000000015512335;0.000000097311784;0.000661179888994;0.000003063055601;0.000033176205761;0.000041807754315;
81;;;;;This post is unavailable.;;;;;migrantcrisis;2024-10-09 11_22_54.140846;0.000118929085147;0.000000015512335;0.000000097311784;0.000661179888994;0.000003063055601;0.000033176205761;0.000041807754315;
82;;;;;This post is unavailable.;;;;;migrantcrisis;2024-10-09 11_22_54.140846;0.000118929085147;0.000000015512335;0.000000097311784;0.000661179888994;0.000003063055601;0.000033176205761;0.000041807754315;
83;;;;;This post is unavailable.;;;;;migrantcrisis;2024-10-09 11_22_54.140846;0.000118929085147;0.000000015512335;0.000000097311784;0.000661179888994;0.000003063055601;0.000033176205761;0.000041807754315;
84;a1cded2afbe9c8ce;d35846b9254b035a;4060b4e73ccd44c0;2022-11-03T10:07:42.000Z;Het begin is er @markrutte nu wij nog!! #migrantcrisis #asielinstroom;;3.0;3.0;/GKLASSEZUNA###/GKLASSEZUNA###/GKLASSEZUNA/status/1588110664475840513###/markrutte###/hashtag/migrantcrisis?src=hashtag_click###/hashtag/asielinstroom?src=hashtag_click;migrantcrisis;2024-10-09 11_22_54.140846;0.009187002666295;0.000025226623620;0.000003616522463;0.000014353523511;0.000056364264310;0.000998950446956;0.000023527227313;5. Is neutral.
85;;;;;This post is unavailable.;;;;;migrantcrisis;2024-10-09 11_22_54.140846;0.000118929085147;0.000000015512335;0.000000097311784;0.000661179888994;0.000003063055601;0.000033176205761;0.000041807754315;
86;;;;;This post is unavailable.;;;;;migrantcrisis;2024-10-09 11_22_54.140846;0.000118929085147;0.000000015512335;0.000000097311784;0.000661179888994;0.000003063055601;0.000033176205761;0.000041807754315;
87;;;;;This post is unavailable.;;;;;migrantcrisis;2024-10-09 11_22_54.140846;0.000118929085147;0.000000015512335;0.000000097311784;0.000661179888994;0.000003063055601;0.000033176205761;0.000041807754315;
88;;;;;This post is unavailable.;;;;;migrantcrisis;2024-10-09 11_22_54.140846;0.000118929085147;0.000000015512335;0.000000097311784;0.000661179888994;0.000003063055601;0.000033176205761;0.000041807754315;
89;;;;;This post is unavailable.;;;;;migrantcrisis;2024-10-09 11_22_54.140846;0.000118929085147;0.000000015512335;0.000000097311784;0.000661179888994;0.000003063055601;0.000033176205761;0.000041807754315;
90;;;;;This post is unavailable.;;;;;migrantcrisis;2024-10-09 11_22_54.140846;0.000118929085147;0.000000015512335;0.000000097311784;0.000661179888994;0.000003063055601;0.000033176205761;0.000041807754315;
91;;;;;This post is unavailable.;;;;;migrantcrisis;2024-10-09 11_22_54.140846;0.000118929085147;0.000000015512335;0.000000097311784;0.000661179888994;0.000003063055601;0.000033176205761;0.000041807754315;
92;;;;;This post is unavailable.;;;;;migrantcrisis;2024-10-09 11_22_54.140846;0.000118929085147;0.000000015512335;0.000000097311784;0.000661179888994;0.000003063055601;0.000033176205761;0.000041807754315;
93;910cce765d0a605a;c41cfa88daa6acca;8adf88c2e4a5be33;2019-10-13T18:32:18.000Z;"Het heeft alleen geen reet zin! 

De EU komt niet in beweging. Spreekt alleen foei uit en gaan weer over tot de orde vd dag. Slappe hap!! 

EU had al veel eerder in moeten grijpen en de woorden van Trump destijds serieus moeten nemen.

#migrantcrisis
#ErdoganWarCriminal";;;1.0;/cedonulli0###/cedonulli0###/cedonulli0/status/1183450405088497666###/AfshinEllian1###/MalikAzmani###/hashtag/migrantcrisis?src=hashtag_click###/hashtag/ErdoganWarCriminal?src=hashtag_click;migrantcrisis;2024-10-09 11_22_54.140846;0.255322545766830;0.001741185900755;0.000002852137868;0.000962294230703;0.000061161699705;0.082195125520229;0.000079764460679;1. Against immigration, migrants, foreigners, refugees, or Muslims.
94;b316e7eaf9bbbb14;244cfe4e5bde16f2;57539ddb120ee5e6;2021-05-30T14:32:26.000Z;De zegeningen van #migratie Moordcijfer #Zweden hoger dan meeste andere Europese landen: ‘Geen ander land heeft zo’n stijging meeg... https://volkskrant.nl/ts-b42e3b1f via @volkskrant #europa #sweden #migrantcrisis #drugs #gangs #murder;;;;/MrTops17###/MrTops17###/MrTops17/status/1399010820927938564###/hashtag/migratie?src=hashtag_click###/hashtag/Zweden?src=hashtag_click###https://t.co/WMxRNvuRGk###/volkskrant###/hashtag/europa?src=hashtag_click###/hashtag/sweden?src=hashtag_click###/hashtag/migrantcrisis?src=hashtag_click###/hashtag/drugs?src=hashtag_click###/hashtag/gangs?src=hashtag_click###/hashtag/murder?src=hashtag_click;migrantcrisis;2024-10-09 11_22_54.140846;0.049718778580427;0.000336310273269;0.001314072404057;0.000300761690596;0.000145397250890;0.051955278962851;0.001538357231766;1. Against immigration, migrants, foreigners, refugees, or Muslims.
95;50841b5fbf606282;5338ee3335229270;9d861812acabf53f;2023-06-24T09:56:46.000Z;"Migratiedeal? In #Tunesië : ’Ik stop pas als ik miljonair ben’ 

De smokkelaar heeft slechts één regel: hij werkt niet met zwarte Afrikanen. „Die zijn shit. Ze luisteren niet en brengen ons in gevaar.”
#migrantcrisis
https://telegraaf.nl/nieuws/1099426470/migratiedeal-in-tunesie-lachen-smokkelaars-erom-ik-stop-pas-als-ik-miljonair-ben/?utm_source=t.co&utm_medium=referral&utm_campaign=twitter… #telegraafpremium via @Telegraaf";;;1.0;27;migrantcrisis;2024-10-09 11_22_54.140846;0.483361214399338;0.000183354874025;0.000140048650792;0.000282009044895;0.000076747164712;0.001957038417458;0.000009973863598;1. Against immigration, migrants, foreigners, refugees, or Muslims.
96;;;;;This post is unavailable.;;;;;migrantcrisis;2024-10-09 11_22_54.140846;0.000118929085147;0.000000015512335;0.000000097311784;0.000661179888994;0.000003063055601;0.000033176205761;0.000041807754315;
97;;;;;This post is unavailable.;;;;;migrantcrisis;2024-10-09 11_22_54.140846;0.000118929085147;0.000000015512335;0.000000097311784;0.000661179888994;0.000003063055601;0.000033176205761;0.000041807754315;
98;53a26b2e33a5851b;8fde200208c4e9bc;83c3bf352d2e9471;2020-03-14T15:05:01.000Z;Onmiddellijk jullie vloot inzetten om deze slachtoffers van mensenhandel over te brengen naar #Turkije ... blijkt namelijk dat het #DNA daar immuun is voor #Covid_19 ... jullie hebben het materiaal en de contacten... #ArtsenzonderGrenzen #migrantcrisis #IStandWithGreece;;1.0;2.0;/RNCrypto74###/RNCrypto74###/RNCrypto74/status/1238843584289308672###/AzG_nl###/hashtag/Turkije?src=hashtag_click###/hashtag/DNA?src=hashtag_click###/hashtag/Covid_19?src=hashtag_click###/hashtag/ArtsenzonderGrenzen?src=hashtag_click###/hashtag/migrantcrisis?src=hashtag_click###/hashtag/IStandWithGreece?src=hashtag_click;migrantcrisis;2024-10-09 11_22_54.140846;0.075182795524597;0.008448590524495;0.000032130748878;0.002205176046118;0.000319871644024;0.192992091178894;0.000756093766540;1. Against immigration, migrants, foreigners, refugees, or Muslims.
99;;;;;This post is unavailable.;;;;;migrantcrisis;2024-10-09 11_22_54.140846;0.000118929085147;0.000000015512335;0.000000097311784;0.000661179888994;0.000003063055601;0.000033176205761;0.000041807754315;
100;;;;;This post is unavailable.;;;;;migrantcrisis;2024-10-09 11_22_54.140846;0.000118929085147;0.000000015512335;0.000000097311784;0.000661179888994;0.000003063055601;0.000033176205761;0.000041807754315;
101;;;;;This post is unavailable.;;;;;migrantcrisis;2024-10-09 11_22_54.140846;0.000118929085147;0.000000015512335;0.000000097311784;0.000661179888994;0.000003063055601;0.000033176205761;0.000041807754315;
102;;;;;This post is unavailable.;;;;;migrantcrisis;2024-10-09 11_22_54.140846;0.000118929085147;0.000000015512335;0.000000097311784;0.000661179888994;0.000003063055601;0.000033176205761;0.000041807754315;
103;;;;;This post is unavailable.;;;;;migrantcrisis;2024-10-09 11_22_54.140846;0.000118929085147;0.000000015512335;0.000000097311784;0.000661179888994;0.000003063055601;0.000033176205761;0.000041807754315;
104;;;;;This post is unavailable.;;;;;migrantcrisis;2024-10-09 11_22_54.140846;0.000118929085147;0.000000015512335;0.000000097311784;0.000661179888994;0.000003063055601;0.000033176205761;0.000041807754315;
105;;;;;This post is unavailable.;;;;;migrantcrisis;2024-10-09 11_22_54.140846;0.000118929085147;0.000000015512335;0.000000097311784;0.000661179888994;0.000003063055601;0.000033176205761;0.000041807754315;
106;;;;;This post is unavailable.;;;;;migrantcrisis;2024-10-09 11_22_54.140846;0.000118929085147;0.000000015512335;0.000000097311784;0.000661179888994;0.000003063055601;0.000033176205761;0.000041807754315;
107;;;;;This post is unavailable.;;;;;migrantcrisis;2024-10-09 11_22_54.140846;0.000118929085147;0.000000015512335;0.000000097311784;0.000661179888994;0.000003063055601;0.000033176205761;0.000041807754315;
108;;;;;This post is unavailable.;;;;;migrantcrisis;2024-10-09 11_22_54.140846;0.000118929085147;0.000000015512335;0.000000097311784;0.000661179888994;0.000003063055601;0.000033176205761;0.000041807754315;
109;;;;;This post is unavailable.;;;;;migrantcrisis;2024-10-09 11_22_54.140846;0.000120758631965;0.000000015473063;0.000000095923419;0.000657045340631;0.000003047197197;0.000032781234040;0.000040792296204;
110;;;;;This post is unavailable.;;;;;migrantcrisis;2024-10-09 11_22_54.140846;0.000118929085147;0.000000015512335;0.000000097311784;0.000661179888994;0.000003063055601;0.000033176205761;0.000041807754315;
111;;;;;This post is unavailable.;;;;;migrantcrisis;2024-10-09 11_22_54.140846;0.000118929085147;0.000000015512335;0.000000097311784;0.000661179888994;0.000003063055601;0.000033176205761;0.000041807754315;
112;;;;;This post is unavailable.;;;;;migrantcrisis;2024-10-09 11_22_54.140846;0.000118929085147;0.000000015512335;0.000000097311784;0.000661179888994;0.000003063055601;0.000033176205761;0.000041807754315;
113;;;;;This post is unavailable.;;;;;migrantcrisis;2024-10-09 11_22_54.140846;0.000118929085147;0.000000015512335;0.000000097311784;0.000661179888994;0.000003063055601;0.000033176205761;0.000041807754315;
114;;;;;This post is unavailable.;;;;;migrantcrisis;2024-10-09 11_22_54.140846;0.000118929085147;0.000000015512335;0.000000097311784;0.000661179888994;0.000003063055601;0.000033176205761;0.000041807754315;
115;;;;;This post is unavailable.;;;;;migrantcrisis;2024-10-09 11_22_54.140846;0.000118929085147;0.000000015512335;0.000000097311784;0.000661179888994;0.000003063055601;0.000033176205761;0.000041807754315;
116;;;;;This post is unavailable.;;;;;migrantcrisis;2024-10-09 11_22_54.140846;0.000118929085147;0.000000015512335;0.000000097311784;0.000661179888994;0.000003063055601;0.000033176205761;0.000041807754315;
117;;;;;This post is unavailable.;;;;;migrantcrisis;2024-10-09 11_22_54.140846;0.000118929085147;0.000000015512335;0.000000097311784;0.000661179888994;0.000003063055601;0.000033176205761;0.000041807754315;
118;;;;;This post is unavailable.;;;;;migrantcrisis;2024-10-09 11_22_54.140846;0.000118929085147;0.000000015512335;0.000000097311784;0.000661179888994;0.000003063055601;0.000033176205761;0.000041807754315;
1;b4f20b11d80d2357;c5214f6813d51889;6ff4b36c46fc411e;2024-09-08T08:31:44.000Z;"How true; were importing our own demise - why can't people see this?

#MigrantCrisis #Gimmigrants #DeportThemAll #StopTheBoats #SecureTheBorder #JustFO";3.0;13.0;25.0;374;migrantcrisis;2024-09-27 20_52_32.971218;0.265715032815933;0.013854797929525;0.000032613945223;0.000020802124709;0.000000672879764;0.067048169672489;0.000055836186220;1. Against immigration, migrants, foreigners, refugees, or Muslims.
2;68ac29956fc82411;4e4ba9073458ecb4;74482665b7238cff;2024-09-26T13:35:27.000Z;Your beautiful twin daughters need your help, are you just going to stand there and watch? #bnwo #blacked #snowbunny #gymgirl #blacked #interracial #nsfw #horny #wankchat #sexy #porn #fitspo #GymSelfie #migrantcrisis #RefugeesWelcome;;;5.0;743;migrantcrisis;2024-09-27 20_52_32.971218;0.014862498268485;0.000023313796191;0.000179713810212;0.729490935802460;0.060429126024246;0.000721963064279;0.000105524813989;6. Other: unrelated to immigration discussion.
3;9e6243f1d79cac5e;8f4d75b6c8ab495e;73dc5bda3e02cb96;2024-09-18T20:40:42.000Z;#Libya 18.09.24 - DCIM repatriated from Tripoli a group of more than 150 Egyptian #migrants. The group will be transferred over land and return to Egypt via Emsaed border crossing. #migrantcrisis #DontTakeToTheSea #seenotrettung #Frontex;1.0;3.0;9.0;1,1K;migrantcrisis;2024-09-27 20_52_32.971218;0.000352782168193;0.000003855083378;0.000000466278777;0.000063117928221;0.000003223666226;0.000265390175628;0.000005725719348;5. Is neutral.
4;aa488424bb9f3aef;8f4d75b6c8ab495e;73dc5bda3e02cb96;2024-09-25T11:44:12.000Z;1/2 #Libya 22.09.24 - DCIM Bureau of Investigation arrested a Sudanese #migrant who was sentenced in absentia to 3 years and 3 months in prison on several criminal charges incl. possession and sale of illicit drugs. #migrantcrisis #DontTakeToTheSea #seenotrettung #Frontex;1.0;;4.0;346;migrantcrisis;2024-09-27 20_52_32.971218;0.007074539549649;0.000034003733163;0.000010402643056;0.001782361767255;0.000060872745962;0.001815819181502;0.000008337097825;5. Is neutral.
5;1022442cd943bc13;8f4d75b6c8ab495e;73dc5bda3e02cb96;2024-09-25T11:33:32.000Z;1/2 #Libya 21.09.24 - Al-Kuwaifiya Police Dept. arrested in Benghazi 2 Egyptian #migrants responsible for robbery with weapon. The accused threaten with knife another Egyptian national and stole his mobile phone and personal belongings. #migrantcrisis #Frontex;1.0;;3.0;282;migrantcrisis;2024-09-27 20_52_32.971218;0.010345654562116;0.000006983682397;0.000000044455732;0.000223913477384;0.000003881785688;0.001816482283175;0.000034637061617;5. Is neutral.
6;97c29cd9d0552113;8f4d75b6c8ab495e;73dc5bda3e02cb96;2024-09-25T11:52:21.000Z;#Libya 22.09.24 - DCIM repatriated from Shahat Immigration Detention Center 58 #migrants of Egyptian nationality via Emsaed land border crossing. In separate procedure 13 #migrants of Chadian and Sudanese nationalities were transferred to Benghazi for repatriation. #migrantcrisis;;;4.0;499;migrantcrisis;2024-09-27 20_52_32.971218;0.000057540044509;0.000000487192551;0.000000207411020;0.000055079661252;0.000003713618753;0.000061996433942;0.000003327423656;5. Is neutral.
7;ebb91b5832010915;8f4d75b6c8ab495e;73dc5bda3e02cb96;2024-09-25T11:06:34.000Z;1/2 #Libya 18.09.24 - DCIM in the month of August 2024 repatriated from Benghazi IDC a total of 670 #migrants. 289 #migrants of Egyptian nationality were repatriated via Emsaed land border crossing ... #migrantcrisis #DontTakeToTheSea #seenotrettung #Frontex;1.0;;4.0;343;migrantcrisis;2024-09-27 20_52_32.971218;0.000687073159497;0.000005141048405;0.000000353262749;0.000089197892521;0.000005140533176;0.000247120915446;0.000016879428586;5. Is neutral.
8;2a43e8ccb072fcdb;8f4d75b6c8ab495e;73dc5bda3e02cb96;2024-09-26T08:48:32.000Z;#Libya 26.09.24 - Stability Support Agency arrested 11 undocumented #migrants of Pakistani nationality, two of whom were human smugglers organizing boat crossings to EU for 10,000 USD per person. All referred to Illegal Immigration Prosecution for legal action. #migrantcrisis;;2.0;10.0;711;migrantcrisis;2024-09-27 20_52_32.971218;0.002213865518570;0.000029469085348;0.000004897746749;0.000710226595402;0.000101055127743;0.003610945306718;0.000022014119168;5. Is neutral.
9;bcb148a3732c98e7;8f4d75b6c8ab495e;73dc5bda3e02cb96;2024-09-16T20:59:18.000Z;#Libya 16.09.24 - Kufra Immigration and Deportation Center repatriated more than 150 #migrants of Chadian nationality over land border crossing. The group comprised of #migrants who were transferred from different IDCs in Eastern Region. #migrantcrisis #DontTakeToTheSea #Frontex;1.0;3.0;13.0;1,1K;migrantcrisis;2024-09-27 20_52_32.971218;0.000161705596838;0.000002323607532;0.000000249419287;0.000076297510532;0.000003517322284;0.000174834320205;0.000003861261121;5. Is neutral.
10;b34bd16d0633e190;392da3929240d0c5;4513f03707414751;2024-09-27T02:25:22.000Z;"Trump Comments on Mayor Adams’ Indictment, Cites Efforts on NYC Migrant Crisis

#DonaldTrump #EricAdams #NYCPolitics #Indictment #MigrantCrisis #TrumpRemarks #BreakingNews #KristyTallman #NYC";3.0;5.0;10.0;991;migrantcrisis;2024-09-27 20_52_32.971218;0.000478002388263;0.000001138480684;0.000000708556570;0.000125294027384;0.000007048840871;0.000657524564303;0.000097810399893;6. Other: mentions political figures and events
11;a362b9b2e8373015;8f4d75b6c8ab495e;73dc5bda3e02cb96;2024-09-22T17:44:42.000Z;[UPDATE] #Libya 21.09.24 - DCIM transferred from Al-Tamimi Bureau 67 #migrants to Qanfoudah Immigration Detention Center in Benghazi for repatriation. The group was apprehended during an attempted boat crossing where 1 #migrant of Sudanese nationality drowned. #migrantcrisis;;1.0;6.0;424;migrantcrisis;2024-09-27 20_52_32.971218;0.000298252911307;0.000036335946788;0.000023624354071;0.000080265606812;0.000022461041226;0.005847845226526;0.000213186969631;5. Is neutral.
12;d60f797cec92a7e7;8f4d75b6c8ab495e;73dc5bda3e02cb96;2024-09-25T11:21:24.000Z;1/2 #Libya 19.09.24 - DCIM transferred from Qanfoudah Immigration Detention Center in Benghazi 75 #migrants incl. 34 women and 7 children of Algerian, Eritrean and Somali nationalities via Sirte to Tripoli for repatriation. #migrantcrisis #DontTakeToTheSea #seenotrettung #Frontex;1.0;;3.0;380;migrantcrisis;2024-09-27 20_52_32.971218;0.000873307813890;0.000028031869078;0.000003641825970;0.000178591842996;0.000025018260203;0.000412934285123;0.000024729768484;5. Is neutral.
13;3d71914262e8a8ee;8f4d75b6c8ab495e;73dc5bda3e02cb96;2024-09-25T16:20:24.000Z;[UPDATE] #Libya 24.09.24 - 187 Nigerian #migrants returned safely from Libya to Lagos, Nigeria. The group comprised of 13 males, 139 females and 35 children. #migrantcrisis #DontTakeToTheSea #seenotrettung #Frontex;;1.0;3.0;459;migrantcrisis;2024-09-27 20_52_32.971218;0.000835751066916;0.000012312350918;0.000000446984757;0.000048947931646;0.000027151956601;0.000249215168878;0.000005387750662;5. Is neutral.
14;f4a30840f86e5598;8f4d75b6c8ab495e;73dc5bda3e02cb96;2024-09-21T12:04:50.000Z;1/2 #Libya 16-18.09.24 - DCIM repatriated from Tobruk Immigration Detention Center a total of 62 #migrants (incl. 3 medical cases) of different nationalities. #migrantcrisis #DontTakeToTheSea #seenotrettung #Frontex;1.0;;6.0;567;migrantcrisis;2024-09-27 20_52_32.971218;0.001039220369421;0.000008022652764;0.000002213411790;0.000142489443533;0.000012047318705;0.000180938863195;0.000008487427294;5. Is neutral.
15;ee4079cdc02f1ca1;5a71345b75083294;122f0479e5f146da;2024-08-29T02:42:28.000Z;"I'm genuinely struggling to grasp the unfolding situation here in San Diego County. 

It's clear to anyone keeping track that the crisis is incrementally growing into a nightmare #MigrantCrisis";5.0;5.0;36.0;822;migrantcrisis;2024-09-27 20_52_32.971218;0.000159542119945;0.000007475970051;0.000001453643677;0.000047677371185;0.000005026719464;0.000641072343569;0.000050077109336;5. Is neutral.
16;757aeab372a74b79;8f4d75b6c8ab495e;73dc5bda3e02cb96;2024-09-24T18:05:49.000Z;#Libya 24.09.24 - Western Region Support Forces apprehended 15 #migrants (male only) of Arab nationalities readying for boat crossing. All transferred to WRSF HQ pending DCIM notification. #migrantcrisis #DontTakeToTheSea #seenotrettung #Frontex;;3.0;14.0;949;migrantcrisis;2024-09-27 20_52_32.971218;0.002555819926783;0.000017496233340;0.000002992796453;0.000565861118957;0.000052535113355;0.001210209680721;0.000024008277251;5. Is neutral.
17;686e1b0ecce4cd27;b1addc05f28574c7;1bd67197ad1182f3;2024-09-07T06:25:28.000Z;"Discussing the heartbreaking yet blood boiling story of Tom Roberts and the institutional cowardice to confront significant failures and the real threat the #MigrantCrisis poses

@TVKev @TalkTV #smallboats #StopTheBoats";;3.0;9.0;517;migrantcrisis;2024-09-27 20_52_32.971218;0.001254399074241;0.000015125036043;0.000002579475677;0.000146696678712;0.000013071193280;0.002758221700788;0.000066468994191;1. Against immigration, migrants, foreigners, refugees, or Muslims.
18;89c6b2ecdbd2a747;171b4077c96541f7;9237f98cb4918528;2024-09-24T17:56:07.000Z;Congressman Jonathan L. Jackson gives an update to constituents on the current status of #Immigration reform legislation and efforts to end the #MigrantCrisis in #Chicago;3.0;;2.0;541;migrantcrisis;2024-09-27 20_52_32.971218;0.000197683708393;0.000001444210170;0.000000115738608;0.000044893982704;0.000001615397309;0.000814405095298;0.000051102008001;5. Is neutral.
19;18d824017f451c69;8f4d75b6c8ab495e;73dc5bda3e02cb96;2024-09-21T12:07:29.000Z;#Libya 11.09.24 - DCIM transferred from Qanfoudah Immigration Detention Center in Benghazi to Kufra Immigration Detention and Deportation Center 41 #migrants of Chadian and Sudanese nationalities for repatriation. #migrantcrisis #DontTakeToTheSea #seenotrettung #Frontex;;;3.0;382;migrantcrisis;2024-09-27 20_52_32.971218;0.000376838113880;0.000018626611563;0.000002899501169;0.000155907269800;0.000015380457626;0.000469853752293;0.000012785864783;5. Is neutral.
20;d33e04885f66531f;8f4d75b6c8ab495e;73dc5bda3e02cb96;2024-09-25T11:55:07.000Z;#Libya 24.09.24 - Libyan Red Crescent (Tripoli Branch) recovered 1 unidentified body of #migrant washed ashore in Qarabolli. The body was transferred to morgue in Tripoli for completion of all procedures. #migrantcrisis #DontTakeToTheSea #seenotrettung #Frontex;;;3.0;367;migrantcrisis;2024-09-27 20_52_32.971218;0.000084688363131;0.000002685478194;0.000021864148948;0.000077176788182;0.000002957788411;0.007217324804515;0.000808173674159;5. Is neutral.
21;154165992ba75cb0;8f4d75b6c8ab495e;73dc5bda3e02cb96;2024-09-20T10:26:46.000Z;#Libya 19.09.24 - Attorney General's Office announced the arrest of 37 people belonging to an international criminal network specializing in #migrant smuggling and trafficking of women. Network of criminal gangs that infiltrated Libya from Nigeria. #migrantcrisis #Frontex;;2.0;10.0;928;migrantcrisis;2024-09-27 20_52_32.971218;0.004505583550781;0.000029694145269;0.000000543437693;0.004111176822335;0.000052802013670;0.003954744432121;0.000082919745182;5. Is neutral.
22;4f1d80ce73ed9bd7;8f4d75b6c8ab495e;73dc5bda3e02cb96;2024-09-22T17:49:28.000Z;#Libya 20.09.24 - CID patrols apprehended in Emsaed area a group of 21 Egyptian #migrants who entered Libya illegally. The group following completion of legal procedures was deported via border crossing. #migrantcrisis #DontTakeToTheSea #seenotrettung #Frontex;;7.0;10.0;1K;migrantcrisis;2024-09-27 20_52_32.971218;0.003607447026297;0.000013190267055;0.000000514475289;0.000406086415751;0.000009457372471;0.001525519066490;0.000006269612641;5. Is neutral.
23;6e9676b07bd01b97;8f4d75b6c8ab495e;73dc5bda3e02cb96;2024-09-23T20:20:56.000Z;#Libya 21.09.24 - CID patrols apprehended in Emsaed area a group of 24 Egyptian #migrants incl. 3 women and 3 children who entered Libya illegally. The group following completion of legal procedures was deported back to Egypt. #migrantcrisis #DontTakeToTheSea #seenotrettung;;1.0;6.0;653;migrantcrisis;2024-09-27 20_52_32.971218;0.002331346506253;0.000010577680769;0.000000433956956;0.000302941334667;0.000013920412130;0.002006194321439;0.000008951119526;5. Is neutral.
24;64924146ddfc1764;8f4d75b6c8ab495e;73dc5bda3e02cb96;2024-09-25T11:13:29.000Z;#Libya 19.09.24 - DCIM transferred from Ajdabiya Immigration Detention Center 135 #migrants of different nationalities via Sirte to Tripoli for repatriation. The group incl. 60 Ethiopian #migrants transferred from Benghazi. #migrantcrisis #DontTakeToTheSea #seenotrettung #Frontex;;;5.0;410;migrantcrisis;2024-09-27 20_52_32.971218;0.000348220433807;0.000006296108040;0.000002373407597;0.000160767944180;0.000011414677829;0.000291661039228;0.000006708686215;5. Is neutral.
25;d0f80ce1c79e9903;8f4d75b6c8ab495e;73dc5bda3e02cb96;2024-09-21T12:19:04.000Z;#Libya 20.09.24 - Joint Police Forces apprehended in Al-Azziyat area 35 undocumented #migrants of different nationalities. All transferred to DCIM Al-Tamimi Bureau for legal action and repatriation. #migrantcrisis #DontTakeToTheSea #seenotrettung #Frontex;;2.0;10.0;726;migrantcrisis;2024-09-27 20_52_32.971218;0.003162988694385;0.000043962092604;0.000000820035837;0.000667532964144;0.000035051016312;0.001345500932075;0.000008538061593;5. Is neutral.
26;5fc70cb2da7ee85f;8f4d75b6c8ab495e;73dc5bda3e02cb96;2024-09-25T16:16:51.000Z;1/2 #Libya 24.09.24 - DCIM (Eastern Region) Dir. Maj.Gen. Nouri Al-Saadi met with Sudanese Consul General in Benghazi to discuss matters pertaining to Sudanese community and DPs affected by the crisis in Sudan. #migrantcrisis #DontTakeToTheSea #seenotrettung #Frontex;1.0;2.0;7.0;603;migrantcrisis;2024-09-27 20_52_32.971218;0.000376666255761;0.000014452875803;0.000003512431931;0.000263813417405;0.000012712330317;0.000276507256785;0.000012972207514;5. Is neutral.
27;13f4fa11aca4b36b;8f4d75b6c8ab495e;73dc5bda3e02cb96;2024-09-17T15:00:20.000Z;The hate spew of  German NGOs #SeaEye and #SeaWatch against Salvini. The man that saw through NGO criminality propelled by ideology with generous financial support of 'No-Border' milieus, Govs and Church. #migrantcrisis #DontTakeToTheSea #seenotrettung https://ilgiornale.it/news/cronaca-giudiziaria/salvini-lodio-senza-fine-ong-tedesca-hai-paura-prigione-2369680.html…;1.0;;7.0;698;migrantcrisis;2024-09-27 20_52_32.971218;0.033000849187374;0.000070682668593;0.000011816649021;0.000280087289866;0.000014627044948;0.001176003483124;0.000019283725123;1. Against immigration, migrants, foreigners, refugees, or Muslims.
28;e613fd462d9b0502;8f4d75b6c8ab495e;73dc5bda3e02cb96;2024-09-21T12:34:15.000Z;[VIDEO] #Libya 19.09.24 - CID in Ras al-Tin area thwarted an attempted boat crossing and apprehended 72 undocumented #migrants of different nationalities. #migrantcrisis #DontTakeToTheSea #seenotrettung #Frontex;1.0;1.0;6.0;1K;migrantcrisis;2024-09-27 20_52_32.971218;0.002423623809591;0.000022880065444;0.000001910200126;0.000696869275998;0.000037105692172;0.001663882983848;0.000014779533558;5. Is neutral.
29;bab5fa85a7af9bc8;8f4d75b6c8ab495e;73dc5bda3e02cb96;2024-09-24T17:59:47.000Z;#Libya 23.09.24 - Tobruk Security Directorate and units affiliated with LNA continue major security operations in the city and region aimed at eliminating organized crime groups involved in drug trafficking, illegal alcohol manufacturing and human smuggling. #migrantcrisis;;2.0;12.0;778;migrantcrisis;2024-09-27 20_52_32.971218;0.001009330153465;0.000039407095755;0.000002380307478;0.000496943190228;0.000041568269808;0.001500990008935;0.000033997508581;5. Is neutral.
30;b53f201ba66a4d24;8f4d75b6c8ab495e;73dc5bda3e02cb96;2024-09-22T21:12:14.000Z;#Libya 22.09.24 - General Dept. of Security Operations carried out raid on human smugglers' site east of Misrata and apprehended 40 #migrants of different nationalities readying for boat crossing. All transferred to GDSO HQ pending DCIM notification. #migrantcrisis #Frontex;;5.0;21.0;2,1K;migrantcrisis;2024-09-27 20_52_32.971218;0.000720427022315;0.000016350784790;0.000000553408256;0.000749169383198;0.000067873341322;0.001319719594903;0.000019495462766;5. Is neutral.
31;c1c7ea981883f6b1;8f4d75b6c8ab495e;73dc5bda3e02cb96;2024-09-20T05:28:54.000Z;1/2 #Libya 19.09.24 - General Dept. of Desert Patrols carried out in Emsaed area 2 separate raids on human smugglers' 'safe houses' and apprehended more than 30 undocumented #migrants of Egyptian nationality. #migrantcrisis #DontTakeToTheSea #seenotrettung #Frontex;2.0;8.0;15.0;2K;migrantcrisis;2024-09-27 20_52_32.971218;0.001728903967887;0.000054125288443;0.000000153882610;0.000285875576083;0.000018870359781;0.002892763121054;0.000014960023691;5. Is neutral.
32;69b533b2d8734258;8f4d75b6c8ab495e;73dc5bda3e02cb96;2024-09-21T12:10:40.000Z;#Libya 19.09.24 - DCIM Bureau of Investigation arrested a Sudanese #migrant who was sentenced in absentia to 3 years in prison on several criminal charges. The individual was transferred to Qamadah penitentiary for completion of prison sentence. #migrantcrisis #Frontex;;;7.0;557;migrantcrisis;2024-09-27 20_52_32.971218;0.001923907082528;0.000007348396593;0.000001440890514;0.000647190026939;0.000027581632821;0.000491922546644;0.000003953042778;5. Is neutral.
33;99c1a9535a14e103;24104e4fde5a853a;abb2d5c64b21a3a1;2024-09-23T11:01:17.000Z;"Stirring Waters as Controversial Sculpture Sparks Debate
 Read the full article here: https://tinyurl.com/5n8m8vxk
#JasondeCairesTaylor #Alluvia #sculpture #controversy #Canterbury #Ophelia #refugeecrisis #drowningvictims #publicart #empathy #debate #criticism #migrantcrisis";;2.0;7.0;1K;migrantcrisis;2024-09-27 20_52_32.971218;0.000111075292807;0.000027876209060;0.000010494014532;0.000029293707485;0.000003700351044;0.005362441297621;0.000400532240746;5. Is neutral.
34;200810454a5801c2;8f4d75b6c8ab495e;73dc5bda3e02cb96;2024-09-20T10:25:27.000Z;#Libya - Border Guard (MoD) officers in Vicenza, Italy for training on immigration and human trafficking. The course will be held at the Carabinieri Training Centre of Excellence. #migrantcrisis #DontTakeToTheSea #seenotrettung #Frontex https://agenzianova.com/en/news/libya-border-guard-officers-in-vicenza-for-training-on-immigration-and-human-trafficking/…;;2.0;10.0;816;migrantcrisis;2024-09-27 20_52_32.971218;0.002228263532743;0.000003199253570;0.000000218281173;0.000464458717033;0.000025585879484;0.000765925564337;0.000001765482807;5. Is neutral.
35;d261506cc38fa07e;8f4d75b6c8ab495e;73dc5bda3e02cb96;2024-09-23T20:31:32.000Z;#Libya 22.09.24 - DCIM jointly with Police apprehended in Al-Makhili area 39 undocumented #migrants of Egyptian nationality. The group following completion of legal procedures at the Al-Tamimi Bureau was transferred to Tobruk IDC for repatriation. #migrantcrisis #DontTakeToTheSea;;3.0;16.0;910;migrantcrisis;2024-09-27 20_52_32.971218;0.002780685666949;0.000022050848202;0.000003395796284;0.000224897885346;0.000008710169823;0.001402901019901;0.000015431511201;5. Is neutral.
36;8ea400374aed584f;8f4d75b6c8ab495e;73dc5bda3e02cb96;2024-09-25T16:28:06.000Z;1/2 #Libya 24.09.24 - DCIM (Eastern Region) in cooperation with Emergency Medicine and Support Center in Shahat dispatched a medical convoy to IDCs in Ajdabiya, Benghazi and Tobruk. #migrantcrisis #DontTakeToTheSea #seenotrettung #Frontex;1.0;3.0;11.0;717;migrantcrisis;2024-09-27 20_52_32.971218;0.000334986805683;0.000010775520423;0.000003712662647;0.000069047659053;0.000007140811249;0.000349047913915;0.000027724774554;5. Is neutral.
37;f305f2882d721d84;8f4d75b6c8ab495e;73dc5bda3e02cb96;2024-09-20T08:18:51.000Z;20.09.24 - No money for NGO #SeaEye - The City of Frankfurt Legal Dept. questions permissibility of 20,000 Euro subsidy for NGO agreed by the City's Counsel. Legal reasons make direct financial support impossible. #migrantcrisis #seenotrettung #Frontex https://fr.de/frankfurt/frankfurt-kein-geld-fuer-die-seenotrettung-93310686.html…;1.0;4.0;8.0;727;migrantcrisis;2024-09-27 20_52_32.971218;0.000839317508508;0.000001259481337;0.000010482101970;0.000250326324021;0.000038198133552;0.000458258058643;0.000026067598810;5. Is neutral.
38;e7dd29e16bd2462c;8f4d75b6c8ab495e;73dc5bda3e02cb96;2024-09-22T17:36:48.000Z;1/2 [VIDEO] #Libya 18.09.24 - DCIM repatriated from Tripoli 150 Egyptian #migrants. The group was transferred over land and returned to Egypt via Emsaed border crossing. #migrantcrisis #DontTakeToTheSea #seenotrettung #Frontex;1.0;;6.0;381;migrantcrisis;2024-09-27 20_52_32.971218;0.000332227762556;0.000004727331088;0.000000289619095;0.000126767496113;0.000005702674116;0.000348449742887;0.000005711370704;5. Is neutral.
39;c847758ccc5211ee;8f4d75b6c8ab495e;73dc5bda3e02cb96;2024-09-21T12:04:51.000Z;2/2 [cont] Migrants of Egyptian nationality were repatriated via Emsaed land border crossing. All others were transferred to Qanfoudah Immigration Detention Center in Benghazi for repatriation. #migrantcrisis #DontTakeToTheSea #seenotrettung #Frontex;;1.0;4.0;1,8K;migrantcrisis;2024-09-27 20_52_32.971218;0.000620608625468;0.000006101054623;0.000000738737526;0.000037600751966;0.000003743337629;0.000299998500850;0.000009039589713;5. Is neutral.
40;02b20b60e8c580d8;8f4d75b6c8ab495e;73dc5bda3e02cb96;2024-09-25T16:28:07.000Z;2/2 [cont] The medical convoy will carry out sanitization of IDCs and provide medical supplies and assistance to #migrants currently held in the DCIM centers. #migrantcrisis #DontTakeToTheSea #seenotrettung #Frontex;;1.0;6.0;365;migrantcrisis;2024-09-27 20_52_32.971218;0.000282019260339;0.000021506224584;0.000004871725196;0.000077534998127;0.000003419320365;0.000452946667792;0.000002742150173;5. Is neutral.
41;c8c2c4ffa0f8640f;8f4d75b6c8ab495e;73dc5bda3e02cb96;2024-09-18T20:46:32.000Z;2/2 [cont] All transferred to DCIM Immigration Detention Center in Tobruk for completion of legal procedures and repatriation. #migrantcrisis #DontTakeToTheSea #seenotrettung #Frontex;;;3.0;514;migrantcrisis;2024-09-27 20_52_32.971218;0.001045810291544;0.000043931879190;0.000024622106139;0.000158315713634;0.000030825238355;0.000555899459869;0.000031704832509;5. Is neutral.
42;5dc54559152a5e52;8f4d75b6c8ab495e;73dc5bda3e02cb96;2024-09-24T11:05:56.000Z;1/2  24.09.24 - Italian Coasta Guard following disembarkation of #migrants in Genoa imposed a new 60-day administrative detention on NGO #GeoBarents vessel operated by #MSF. #Libya #migrantcrisis #DontTakeToTheSea #seenotrettung #Frontex https://genovatoday.it/attualita/geo-barents-bloccata-porto-sbarco-migranti.html…;2.0;5.0;16.0;849;migrantcrisis;2024-09-27 20_52_32.971218;0.001077025895938;0.000030052013244;0.000036781570088;0.000394284608774;0.000021331276002;0.000710118911229;0.000005190331194;5. Is neutral.
43;;;;;This post is unavailable.;;;;;migrantcrisis;2024-09-27 20_52_32.971218;0.000118929085147;0.000000015512335;0.000000097311784;0.000661179888994;0.000003063055601;0.000033176205761;0.000041807754315;
44;;;;;This post is unavailable.;;;;;migrantcrisis;2024-09-27 20_52_32.971218;0.000118929085147;0.000000015512335;0.000000097311784;0.000661179888994;0.000003063055601;0.000033176205761;0.000041807754315;
45;;;;;This post is unavailable.;;;;;migrantcrisis;2024-09-27 20_52_32.971218;0.000118929085147;0.000000015512335;0.000000097311784;0.000661179888994;0.000003063055601;0.000033176205761;0.000041807754315;
46;;;;;This post is unavailable.;;;;;migrantcrisis;2024-09-27 20_52_32.971218;0.000118929085147;0.000000015512335;0.000000097311784;0.000661179888994;0.000003063055601;0.000033176205761;0.000041807754315;
47;ba6dd164dc7a3909;8f4d75b6c8ab495e;73dc5bda3e02cb96;2024-09-22T17:27:16.000Z;2/2 [cont] The #migrants returned to Bangladesh via Benina International Airport in Benghazi. #migrantcrisis #DontTakeToTheSea #seenotrettung #Frontex;;1.0;7.0;328;migrantcrisis;2024-09-27 20_52_32.971218;0.000170944811543;0.000001289747502;0.000001052141670;0.000022478247047;0.000002967151204;0.000125995618873;0.000004281584097;5. Is neutral.
48;c403b38ffcb6746d;8f4d75b6c8ab495e;73dc5bda3e02cb96;2024-09-21T12:45:04.000Z;#Libya 20.09.24 - Joint Security Forces incl. Military Police commenced a major security campaign in Tobruk targeting sites used by drug dealers and human smugglers as well as areas frequented by foreign workers. #migrantcrisis #DontTakeToTheSea #seenotrettung #Frontex;;3.0;12.0;1,8K;migrantcrisis;2024-09-27 20_52_32.971218;0.000825409719255;0.000063985462475;0.000001856022322;0.001040908275172;0.000019560531655;0.002056694123894;0.000003907249265;5. Is neutral.
49;;;;;This post is unavailable.;;;;;migrantcrisis;2024-09-27 20_52_32.971218;0.000118929085147;0.000000015512335;0.000000097311784;0.000661179888994;0.000003063055601;0.000033176205761;0.000041807754315;
50;;;;;This post is unavailable.;;;;;migrantcrisis;2024-09-27 20_52_32.971218;0.000118929085147;0.000000015512335;0.000000097311784;0.000661179888994;0.000003063055601;0.000033176205761;0.000041807754315;
51;;;;;This post is unavailable.;;;;;migrantcrisis;2024-09-27 20_52_32.971218;0.000118929085147;0.000000015512335;0.000000097311784;0.000661179888994;0.000003063055601;0.000033176205761;0.000041807754315;
52;;;;;This post is unavailable.;;;;;migrantcrisis;2024-09-27 20_52_32.971218;0.000118929085147;0.000000015512335;0.000000097311784;0.000661179888994;0.000003063055601;0.000033176205761;0.000041807754315;
53;0ce270cb36d9387c;8f4d75b6c8ab495e;73dc5bda3e02cb96;2024-09-23T20:15:18.000Z;1/2 #Libya 18.09.24 - Police carried out labour market inspections in Al-Tamimi Marine for purpose of controlling #migrant legal status and validity of health certificates. #migrantcrisis #DontTakeToTheSea #seenotrettung #Frontex;1.0;1.0;3.0;497;migrantcrisis;2024-09-27 20_52_32.971218;0.001205787761137;0.000019504557713;0.000003959373771;0.000146815349581;0.000010456312339;0.000264829781372;0.000013870348084;5. Is neutral.
54;df5f62ff9cab8865;8f4d75b6c8ab495e;73dc5bda3e02cb96;2024-09-20T05:28:55.000Z;2/2 [cont] According to #migrant testimonies they were detained by smugglers without food or drink for more than three days. All transferred to police custody in Emsaed for completion of legal procedures and repatriation. #migrantcrisis #DontTakeToTheSea #seenotrettung #Frontex;;;3.0;409;migrantcrisis;2024-09-27 20_52_32.971218;0.000096007242973;0.000001735776095;0.000005264274478;0.000215120191569;0.000009721076822;0.000385213847039;0.000004772238754;5. Is neutral.
55;;;;;This post is unavailable.;;;;;migrantcrisis;2024-09-27 20_52_32.971218;0.000118929085147;0.000000015512335;0.000000097311784;0.000661179888994;0.000003063055601;0.000033176205761;0.000041807754315;
56;;;;;This post is unavailable.;;;;;migrantcrisis;2024-09-27 20_52_32.971218;0.000118929085147;0.000000015512335;0.000000097311784;0.000661179888994;0.000003063055601;0.000033176205761;0.000041807754315;
57;754432fe4ade0cbd;be9fa3cdf3f402ca;79301d8aad51b31a;2024-09-18T20:50:50.000Z;"""Asylum seekers arriving in record numbers while UK citizens struggle to find housing. When will the government start prioritising its own people? Repost if you think it’s time for change.""

#AsylumSeekers #ImmigrationCrisis #UKHousingCrisis #MigrantCrisis #UKPolitics";2.0;4.0;17.0;328;migrantcrisis;2024-09-27 20_52_32.971218;0.006455560680479;0.000081549878814;0.000000907733238;0.000029588367397;0.000006661336101;0.000124314465211;0.000002071664085;1. Against immigration, migrants, foreigners, refugees, or Muslims.
58;;;;;This post is unavailable.;;;;;migrantcrisis;2024-09-27 20_52_32.971218;0.000118929085147;0.000000015512335;0.000000097311784;0.000661179888994;0.000003063055601;0.000033176205761;0.000041807754315;
59;;;;;This post is unavailable.;;;;;migrantcrisis;2024-09-27 20_52_32.971218;0.000118929085147;0.000000015512335;0.000000097311784;0.000661179888994;0.000003063055601;0.000033176205761;0.000041807754315;
60;2ebb9beab7a82a26;8f4d75b6c8ab495e;73dc5bda3e02cb96;2024-09-25T12:00:11.000Z;#Libya 24.09.24 - Patrols of GA Central Support apprehended 10 undocumented #migrants of mainly Bangladeshi nationality in Umm Al-Qandil area west of Bin Jawad. The group was readying for boat crossing. All transferred to police custody for legal action. #migrantcrisis #Frontex;;;9.0;518;migrantcrisis;2024-09-27 20_52_32.971218;0.001759965438396;0.000018030159481;0.000001215599809;0.001544359372929;0.000141065364005;0.003111962694675;0.000017663531253;5. Is neutral.
61;;;;;This post is unavailable.;;;;;migrantcrisis;2024-09-27 20_52_32.971218;0.000118929085147;0.000000015512335;0.000000097311784;0.000661179888994;0.000003063055601;0.000033176205761;0.000041807754315;
62;;;;;This post is unavailable.;;;;;migrantcrisis;2024-09-27 20_52_32.971218;0.000118929085147;0.000000015512335;0.000000097311784;0.000661179888994;0.000003063055601;0.000033176205761;0.000041807754315;
63;42707b069fc6eced;8f4d75b6c8ab495e;73dc5bda3e02cb96;2024-09-18T20:46:31.000Z;"1/2 #Libya 18.09.24 - Police in Tobruk area carried out raid on smugglers' ""safe house"" and apprehended 34 undocumented #migrants of Sudanese nationality incl. 2 women. #migrantcrisis #DontTakeToTheSea #seenotrettung #Frontex";1.0;1.0;9.0;955;migrantcrisis;2024-09-27 20_52_32.971218;0.003998101688921;0.000055164869991;0.000001465652531;0.000599175109528;0.000026612689908;0.001466837595217;0.000012555738067;5. Is neutral.
64;;;;;This post is unavailable.;;;;;migrantcrisis;2024-09-27 20_52_32.971218;0.000118929085147;0.000000015512335;0.000000097311784;0.000661179888994;0.000003063055601;0.000033176205761;0.000041807754315;
65;;;;;This post is unavailable.;;;;;migrantcrisis;2024-09-27 20_52_32.971218;0.000118929085147;0.000000015512335;0.000000097311784;0.000661179888994;0.000003063055601;0.000033176205761;0.000041807754315;
66;f292d983b4581a5a;8f4d75b6c8ab495e;73dc5bda3e02cb96;2024-09-25T10:45:53.000Z;#Libya 18.09.24 - Libyan Border Guard (MoI) in ongoing efforts to enhance security and combat smuggling and human trafficking conducted desert patrols in Hamada Al Hamra area and Ghadames sector along the border strip with Tunisia. #migrantcrisis #DontTakeToTheSea #Frontex;;;5.0;307;migrantcrisis;2024-09-27 20_52_32.971218;0.000107443469460;0.000002721588999;0.000000302927390;0.000229896337259;0.000008649148185;0.000384063168894;0.000002766468015;5. Is neutral.
67;d7360d339b9d4fb8;8f4d75b6c8ab495e;73dc5bda3e02cb96;2024-09-22T17:27:15.000Z;#Libya 12.09.24 - DCIM in coordination with  consular staff and  IOM support repatriated from Qanfoudah Immigration Detention Center in Benghazi 150 #migrants of Bangladeshi nationality. #migrantcrisis #DontTakeToTheSea #seenotrettung #Frontex;2.0;3.0;12.0;714;migrantcrisis;2024-09-27 20_52_32.971218;0.000299261184409;0.000012075523045;0.000006602907888;0.000175035660504;0.000011025160347;0.000289216812234;0.000006887539257;5. Is neutral.
68;d14c19e0fcd961e8;9ee4ef96cbf37a09;9a62d9059ae0a4ff;2024-09-27T16:00:21.000Z;"Kamala Harris is including amnesty in her immigration plan. 
#MigrantCrisis";1.0;2.0;3.0;61;migrantcrisis;2024-09-27 20_52_32.971218;0.000390009285184;0.000011014053598;0.000000360350839;0.000065850326791;0.000032752392144;0.000621112179942;0.000212912724237;5. Is neutral.
69;4e6d47cdd0b795d6;09fb9ff32c5aa81b;db7f3f685769fedc;2024-09-27T00:30:42.000Z;"Check out my blog post https://wix.to/zJ7S8RJ
#newblogpost #mayoradams #diddy #migrantcrisis #ericadams #trending";3.0;2.0;4.0;309;migrantcrisis;2024-09-27 20_52_32.971218;0.000064466243202;0.000000081439893;0.000000651084292;0.000050567450671;0.000071132730227;0.000008933816389;0.000022998150598;6. Other: nor for or against immigration
70;ea71db540efe70c5;8f4d75b6c8ab495e;73dc5bda3e02cb96;2024-09-26T07:13:22.000Z;"#SAR Op 25.09.24 - Libyan Coast Security PV ""Wadi Kaam"" (P-300) rescued off the coast of Qarabolli 66 #migrants of different nationalities. All disembarked in Tripoli and upon provision of humanitarian assistance were transferred to DCIM custody. #migrantcrisis #Frontex";;3.0;22.0;1,1K;migrantcrisis;2024-09-27 20_52_32.971218;0.000131104912725;0.000006563669103;0.000002090229373;0.000260440341663;0.000102060366771;0.000421290867962;0.000009628865882;5. Is neutral.
71;85d103bae39e83ea;c5214f6813d51889;6ff4b36c46fc411e;2024-09-25T17:14:32.000Z;"I like this new blunt, clear speaking @TiceRichard; this brash honesty is exactly what's needed right now!

#MigrantCrisis #Gimmigrants #DeportThemAll #StopTheBoats #SecureTheBorder #JustFO
#VoteReform @reformparty_uk";;2.0;9.0;115;migrantcrisis;2024-09-27 20_52_32.971218;0.068723164498806;0.002445547142997;0.000006494715763;0.000036741988879;0.000002413373522;0.010014743544161;0.000062652579800;1. Against immigration, migrants, foreigners, refugees, or Muslims.
72;e68db19c4910b972;f5e8b7d2aea142a4;418bd0034c8dae91;2024-09-22T19:33:10.000Z;"Who’s looking out for the women and children? Oh, that’s right—there aren’t any. #MigrantCrisis #RefugeesWelcome #WomenAndChildren
#HumanRights #SafePassage #StopTheBoat
#ImmigrationDebate #ProtectOurChildren
#BorderSecurity #AsylumSeekers";;;2.0;66;migrantcrisis;2024-09-27 20_52_32.971218;0.162030532956123;0.000645784020890;0.000004877764241;0.000457810529042;0.000820347806439;0.010578406974673;0.000170166473254;1. Against immigration, migrants, foreigners, refugees, or Muslims.
73;9d7631122886ae14;c156906b5ca2d417;5d36149a477a78e3;2024-09-23T23:31:01.000Z;"German Border Controls: Bark, Bite, or Both? 
https://tovima.com/stories/german-border-controls-bark-bite-or-both/…
#Germany #bordercontrol #migrantcrisis #tovimacom";;1.0;2.0;25;migrantcrisis;2024-09-27 20_52_32.971218;0.002701394492760;0.000024690838472;0.000000686067324;0.000206675744266;0.000036473178625;0.001132801990025;0.000202629991691;6. Other: nor for or against immigration.
74;da864b8155f459bb;8f4d75b6c8ab495e;73dc5bda3e02cb96;2024-09-22T10:43:17.000Z;"#SAR Op 22.09.24 - Libyan Coast Security PV ""Wadi Kaam"" (P-300) rescued 109 #migrants incl. women & children of different nationalities. All disembarked in Tripoli and upon provision of humanitarian assistance were transferred to DCIM custody. #migrantcrisis #DontTakeToTheSea";;5.0;25.0;1,1K;migrantcrisis;2024-09-27 20_52_32.971218;0.000211383885471;0.000002191542308;0.000009875119758;0.000145637561218;0.000013614793716;0.000496191496495;0.000009099164345;5. Is neutral.
75;5f4f8a15d73775ea;8f4d75b6c8ab495e;73dc5bda3e02cb96;2024-09-24T18:03:35.000Z;#Libya 24.09.24 - DCIM (Western Region) repatriated with IOM support over 100 #migrant women with children of Nigerian nationality via Mitiga International Airport in Tripoli. #migrantcrisis #DontTakeToTheSea #seenotrettung #Frontex;1.0;7.0;21.0;1K;migrantcrisis;2024-09-27 20_52_32.971218;0.000370773632312;0.000021766763894;0.000004096245902;0.000946020067204;0.000085289138951;0.000738299742807;0.000021818514142;5. Is neutral.
76;5952090716d8825d;6b9dc7b002f3bc99;83fc85b842b3d1dc;2024-09-18T16:08:21.000Z;"Breaking: Ex-WSJ Journo Uncovers Migrant Trafficking Network

 Springfield, VA emerges as a key hub.
 Major figures allegedly involved in smuggling rings.
 Rising concern over human rights abuses.

#MigrantCrisis #InvestigativeJournalism @zerohedge https://buff.ly/3ZtNaQ7";;1.0;2.0;80;migrantcrisis;2024-09-27 20_52_32.971218;0.001900946372189;0.000503797084093;0.000006864103398;0.002258711028844;0.000216691507376;0.008345815353096;0.001300412928685;5. Is neutral.
77;45032e03be9ab9cb;8f4d75b6c8ab495e;73dc5bda3e02cb96;2024-09-24T17:43:29.000Z;2/2 [cont] smuggling across the desert borders, as well as  enhance cooperation in all related fields with the competent authorities. #migrantcrisis #DontTakeToTheSea #seenotrettung #Frontex;1.0;1.0;3.0;251;migrantcrisis;2024-09-27 20_52_32.971218;0.000042650521209;0.000001681698109;0.000002754240086;0.000027368585506;0.000002486901622;0.000134506815812;0.000002077500540;5. Is neutral.
78;254782571cf6a6e1;c5214f6813d51889;6ff4b36c46fc411e;2024-09-23T18:17:25.000Z;"This is THE ONLY WAY to stop the legions of illegals arriving uninvited & unwanted!

#MigrantCrisis #Gimmigrants #DeportThemAll #StopTheBoats #SecureTheBorder #JustFO";;;2.0;57;migrantcrisis;2024-09-27 20_52_32.971218;0.400093108415604;0.005277664866298;0.000002590065378;0.000068211396865;0.000002287000825;0.086586065590382;0.000078793389548;1. Against immigration, migrants, foreigners, refugees, or Muslims.
79;cd2be576cebb7136;8f4d75b6c8ab495e;73dc5bda3e02cb96;2024-09-24T11:05:57.000Z;2/2 [cont] The detention was imposed for not respecting instructions of the Libyan Coast Guard and 8 technical deficiencies found on board the vessel that emerged after an inspection. #Libya #migrantcrisis #DontTakeToTheSea #seenotrettung #Frontex;;2.0;7.0;356;migrantcrisis;2024-09-27 20_52_32.971218;0.000899336242583;0.000005729182249;0.000004600547982;0.000089234810730;0.000069365094532;0.000126033832203;0.000003218775419;5. Is neutral.
80;4c6bf3d8b5f59877;c5214f6813d51889;6ff4b36c46fc411e;2024-09-21T09:22:20.000Z;"Indiginous people, migrants, all are being sidelined by the #UniParty failures!

The left assumes settled migrants & their decendents support the influx of illegals, they are wrong!

#MigrantCrisis #Gimmigrants #DeportThemAll #StopTheBoats #SecureTheBorder #JustFO";;1.0;3.0;85;migrantcrisis;2024-09-27 20_52_32.971218;0.161088049411774;0.002403530990705;0.000001146324848;0.000038099547965;0.000003315020194;0.015721304342151;0.000020393716113;1. Against immigration, migrants, foreigners, refugees, or Muslims.
1;6a5695b19f2122e3;e96e536bfed7d12a;59d2013510f52df9;2023-05-15T06:13:01.000Z;Uitstekend idee dit @StasJenV !? Zo draai je het verdienmodel van de mensensmokkelaars de nek om en dan stokt migratie vanzelf. Ietsom over na te denken toch!? #migrantcrisis;;;;12;migrantcrisis;2024-10-05 12_05_13.810843;0.108791477978229;0.002765034558252;0.000172852334799;0.000045652624976;0.000004703967988;0.043769866228104;0.000238612687099;1. Against immigration, migrants, foreigners, refugees, or Muslims.
2;b3b1312ccdcea55b;30de264b292732e5;6d2942f8760f3370;2023-01-26T22:13:55.000Z;"De beste grappen hoor je in verkiezingstijd
in 1 jaar 402.000 migranten zonder uitnodiging.
#verkiezingen #VVD #D66 #groenlinks #Politiek #migrantcrisis #Mensenhandel zonder Grenzen ( op andermans kosten ) #Politiek";;;;79;migrantcrisis;2024-10-05 12_05_13.810843;0.020132267847657;0.000053326108173;0.000014462745639;0.000924904481508;0.000078056524217;0.003248497843742;0.000097952834039;1. Against immigration, migrants, foreigners, refugees, or Muslims.
3;c4ac8fde51ab3d2f;28fbc175ccf963db;5915afe945514a83;2021-08-27T21:31:25.000Z;"#Afghanistan #migrantcrisis 
Oef, wat een opluchting zeg !
#simplisme bij @vrtnws";;;2.0;/Belgonerd1###/Belgonerd1###/Belgonerd1/status/1431368780437929984###/hashtag/Afghanistan?src=hashtag_click###/hashtag/migrantcrisis?src=hashtag_click###/hashtag/simplisme?src=hashtag_click###/vrtnws;migrantcrisis;2024-10-05 12_05_13.810843;0.011305084452033;0.000006193373792;0.000071519745688;0.000194654188817;0.000074605522968;0.000812798738480;0.000085416926595;5. Is neutral.
4;ea4e301f4c5c0f30;6da958ba3e5cb76c;93a969571e1d7c6d;2023-03-26T19:12:47.000Z;"Volle boot met #gelukszoekers onderweg Luilekkerland.
#ASIELSTOP #migrantcrisis";43.0;67.0;77.0;4K;migrantcrisis;2024-10-05 12_05_13.810843;0.002384479856118;0.000038576694351;0.000088939850684;0.000672064255923;0.000260375294602;0.000345456675859;0.000014890334569;1. Against immigration, migrants, foreigners, refugees, or Muslims.
5;48445a75892f070d;1934fec4d9309d32;a22310a113639dbb;2022-07-18T08:43:16.000Z;"Een paspoort kopen vind EU niet leuk.

Men moet namelijk afhankelijk zijn, jarenlang in de migratiemolen hangen, zodat alle migratiebaantjes intact blijven.

Zomaar een zak geld op tafel leggen, dat is veelste efficient!

#migrantcrisis #miljonairs";;;;/Democratikusje###/Democratikusje###/Democratikusje/status/1548951525141118980###/hashtag/migrantcrisis?src=hashtag_click###/hashtag/miljonairs?src=hashtag_click;migrantcrisis;2024-10-05 12_05_13.810843;0.085448749363422;0.000053530671721;0.000011912257833;0.000029692075259;0.000005044983482;0.000999555923045;0.000094048366009;1. Against immigration, migrants, foreigners, refugees, or Muslims.
6;20e4492af6ff8ad1;74607ab5486101c8;3f4b06727f5114f1;2024-08-26T12:05:33.000Z;"Opnieuw 301 illegale migranten aangekomen in Lampedusa op 8 boten 

Vandaag arriveerden 301 migranten in Lampedusa, terwijl er gisteren al 450 aankwamen. De korte termijn opvangcentra zijn inmiddels overvol. Een nieuwe migrantcrisis lijkt zich te ontwikkelen op Lampedusa";4.0;5.0;2.0;374;migrantcrisis;2024-10-05 12_05_13.810843;0.078819736838341;0.000735753739718;0.000207481512916;0.002849531592801;0.004227765370160;0.019401161000132;0.000215249863686;5. Is neutral.
7;f4c62253bd42748f;c5753345f65416a3;d426e75bc6b6ac36;2018-06-24T16:55:09.000Z;"Blog op Zondag | Opvangcentra in Europa voor migranten zijn geen goed idee. Drie redenen. https://bit.ly/2lzZ6vz
#migranten #MigrantCrisis #EU #opvangcentra #MigrationEU";;1.0;1.0;/BlogopZondag###/BlogopZondag###/BlogopZondag/status/1010929330023739393###https://t.co/pX3OvNZx3F###/hashtag/migranten?src=hashtag_click###/hashtag/MigrantCrisis?src=hashtag_click###/hashtag/EU?src=hashtag_click###/hashtag/opvangcentra?src=hashtag_click###/hashtag/MigrationEU?src=hashtag_click;migrantcrisis;2024-10-05 12_05_13.810843;0.095592699944973;0.000083872218966;0.000002278152124;0.000131022548885;0.000187091078260;0.000810529454611;0.000011948016436;1. Against immigration, migrants, foreigners, refugees, or Muslims.
8;9f4e6bc65f0c49a3;ed5324cd4ee8b88f;2dc80c0a078bfdcd;2022-07-30T18:50:55.000Z;"Er móét gewoon een verdienmodel aan ten grondslag liggen getuige de vele tripjes tussen Libië en Italië van #NGO-schepen, die met volledig medeweten en goedkeuring van de #EuropeseUnie 1000-en #migranten Europa in smokkelen. 
#migrantcrisis #Immigration";3.0;55.0;54.0;/CoraWeg###/CoraWeg###/CoraWeg/status/1553453100287025156###/hashtag/NGO?src=hashtag_click###/hashtag/EuropeseUnie?src=hashtag_click###/hashtag/migranten?src=hashtag_click###/hashtag/migrantcrisis?src=hashtag_click###/hashtag/Immigration?src=hashtag_click;migrantcrisis;2024-10-05 12_05_13.810843;0.033936806023121;0.000047389577958;0.000032524054404;0.001304855919443;0.001452531432733;0.003652906510979;0.000094316710602;1. Against immigration, migrants, foreigners, refugees, or Muslims.
9;e603f092707ac638;c5753345f65416a3;d426e75bc6b6ac36;2018-07-29T14:27:06.000Z;Blog op Zondag | Stop de (gewelddadige) asieleiser https://bit.ly/2v19t0g #Ceuta #asieleiser #migranten #EU #buitengrens #borderpatrol #Spanje #borderprotection #bordercontrol #migrantcrisis #EUmigrantcrisis;;3.0;3.0;/BlogopZondag###/BlogopZondag###/BlogopZondag/status/1023575648294658048###https://t.co/VxtpbvIozV###/hashtag/Ceuta?src=hashtag_click###/hashtag/asieleiser?src=hashtag_click###/hashtag/migranten?src=hashtag_click###/hashtag/EU?src=hashtag_click###/hashtag/buitengrens?src=hashtag_click###/hashtag/borderpatrol?src=hashtag_click###/hashtag/Spanje?src=hashtag_click###/hashtag/borderprotection?src=hashtag_click###/hashtag/bordercontrol?src=hashtag_click###/hashtag/migrantcrisis?src=hashtag_click###/hashtag/EUmigrantcrisis?src=hashtag_click;migrantcrisis;2024-10-05 12_05_13.810843;0.049288392066955;0.000510531303007;0.000078436467447;0.000298180966638;0.000046093624405;0.015070088207722;0.000108801941678;1. Against immigration, migrants, foreigners, refugees, or Muslims.
10;cb0b5059b8a4d694;3947eb5bdd00c1cb;07a7c39c709d04d1;2022-10-25T13:02:09.000Z;"Amper 25 km de EU-grens over. Kamp bij het Servische Sombor. Duizenden jonge mannen,
vooral uit Syrië, stranden hier. Volgende hindernis: het hek van Orbán #migrantcrisis";7.0;11.0;13.0;/tijnsadee###/tijnsadee###/tijnsadee/status/1584893076312817664###/hashtag/migrantcrisis?src=hashtag_click;migrantcrisis;2024-10-05 12_05_13.810843;0.003769404720515;0.000037152007280;0.000851715274621;0.000660121790133;0.000452414358733;0.003285614540800;0.000265500246314;5. Is neutral.
11;6d495b658ccb36d6;f38fc9ea7ba75f04;dd00fc95aacb2c72;2020-08-14T18:57:22.000Z;"Inside Europe: Ten Years of Turmoil

It covers matters affecting the European Union, and in particular #Brexit, the #debtcrisis and the #migrantcrisis

Als je deze 3 crisissen uiteindelijk bekijkt, door de ogen van deze leiders, besef je dat Europa nog veel uitdagingen heeft.";1.0;;1.0;/KarlBoumans###/KarlBoumans###/KarlBoumans/status/1294347400472072192###/hashtag/Brexit?src=hashtag_click###/hashtag/debtcrisis?src=hashtag_click###/hashtag/migrantcrisis?src=hashtag_click;migrantcrisis;2024-10-05 12_05_13.810843;0.001297234324738;0.000000790602712;0.000000137253451;0.000097016367363;0.000012057387721;0.000127578634419;0.000038749542000;5. Is neutral.
12;e3b62069719f83a6;d957b9f1c86f53a2;c45f83925c2b470b;2023-09-26T20:27:37.000Z;"Caarnaast, nogmaals #migrantcrisis is geen #vluchtelingencrisis.
#migranten, zelf zorgen voor onderdak, eten, etc. Moet iedere migrant. Dus huisje #opjebeurtwachten. #6160224test nooitvoorang";;;;13;migrantcrisis;2024-10-05 12_05_13.810843;0.060412019491196;0.000005234108357;0.000044208791223;0.000028746015232;0.000004275786068;0.000513187726028;0.000002962511189;1. Against immigration, migrants, foreigners, refugees, or Muslims.
13;e36a4bf37f0dce58;35c88f9b583366e5;2b3368832de6e0d0;2023-07-14T17:26:17.000Z;"#klaarmetRutte 
Hongarije heeft de oplossing gevonden voor de migrantcrisis : geen afgeronde asielprocedure, geen toegang tot de EU. Dit is het Hongaarse systeem en het werkt. Nu wil Brussel het vernietigen.! dit laat ik niet gebeuren  Orbán Viktor";3.0;33.0;48.0;1,6K;migrantcrisis;2024-10-05 12_05_13.810843;0.074231825768948;0.001509936177172;0.001013013999909;0.000059270172642;0.000037079727917;0.099818587303162;0.000858579820488;1. Against immigration, migrants, foreigners, refugees, or Muslims.
14;901cd4acf3e2355f;f1d80082eb97ede1;38c3d6f7860dda45;2023-02-18T09:04:04.000Z;Ik vraag mij elke dag af wanneer Nederland, en de rest van de wereld, massaal in opstand komt. Zijn de slapende schapen nog steeds in de meerderheid? #WEF #D666 #Rutte #kaag #Ohio #Ukraina #Epstein #Biden #migrantcrisis #boeren;2.0;3.0;16.0;667;migrantcrisis;2024-10-05 12_05_13.810843;0.410441726446152;0.062907792627811;0.000200057140319;0.002196847461164;0.000964916136581;0.379260212182999;0.000316642137477;6. Other: Criticizes government and global issues.
15;e03b205c8b9dd4cd;8e1456e0b8d3c21d;0bd9cb1abfc43224;2023-08-25T06:38:33.000Z;Wie zijn deze NGO’s? #asielindustrie #migrantcrisis #migranten #ASIELSTOP;1.0;2.0;3.0;463;migrantcrisis;2024-10-05 12_05_13.810843;0.017099250108004;0.000032265270420;0.000000608092762;0.000046977958846;0.000044645850721;0.000229026903980;0.000015409865227;1. Against immigration, migrants, foreigners, refugees, or Muslims.
16;be568eacb84aac7e;b7cde170f4d1b3bf;7e2c9d4c3686a57e;2021-07-21T21:25:34.000Z;Weer een paar mensen die het licht zien. Niet arbeidsmigratie faciliteren en  stimuleren, maar het verplaatsen van sectoren naar de landen waar wel arbeid is, is de oplossing! Goed voor iedereen, behalve voor uitbuitende en/of slechtbetalende ondernemers ! #migrantcrisis;5.0;6.0;16.0;/JacquesMonasch###/JacquesMonasch###/JacquesMonasch/status/1417958956857708549###/hashtag/migrantcrisis?src=hashtag_click;migrantcrisis;2024-10-05 12_05_13.810843;0.015322159044445;0.000788839592133;0.000024416782253;0.000042194307753;0.000003286137144;0.004442997742444;0.000062717255787;1. Against immigration, migrants, foreigners, refugees, or Muslims.
17;1eb2831714e0a0c7;0a277c42f331e1ac;cc7b7a3ae5c97d47;2023-07-14T15:57:35.000Z;Hongarije #migrantcrisis   heeft de oplossing: Geen afgeronde asiel procedure géén toegang tot de EU.;;3.0;3.0;106;migrantcrisis;2024-10-05 12_05_13.810843;0.061486888676882;0.000507664866745;0.000938215758651;0.000026544759749;0.000026743206035;0.026800176128745;0.002227390184999;1. Against immigration, migrants, foreigners, refugees, or Muslims.
18;c66ca19d259ef363;28fbc175ccf963db;5915afe945514a83;2020-08-28T09:09:06.000Z;"#criminals #migrantcrisis
@catmoureaux stond erbij en keek ernaar.
https://bruzz.be/samenleving/doodsbange-bewoonster-sippelbergwijk-wil-van-hangjongeren-hier-wet-2020-08-27…";;;;/Belgonerd1###/Belgonerd1###/Belgonerd1/status/1299272788096749569###/hashtag/criminals?src=hashtag_click###/hashtag/migrantcrisis?src=hashtag_click###/catmoureaux###https://t.co/AL8AHrJERB;migrantcrisis;2024-10-05 12_05_13.810843;0.100158341228962;0.000723653822206;0.000415126152802;0.000161580610438;0.000064926302002;0.007173922844231;0.000103759382910;1. Against immigration, migrants, foreigners, refugees, or Muslims.
19;cc0524d94eb058b3;44597143c123b7f1;2d832b60a168d460;2024-08-13T14:55:20.000Z;"Zijn de Westerse 'vrije' samenlevingen in een terminale staat of is de zaak nog te redden? #klimaathysterie #FreeSpeech #migrantcrisis #WEF etc... RT = 
@Kijkverder1";3.0;7.0;6.0;470;migrantcrisis;2024-10-05 12_05_13.810843;0.060721807181835;0.000797353917733;0.000001074817533;0.000094569506473;0.000005675221018;0.013749605976045;0.000500224065035;5. Is neutral.
20;9157eb9cde4730fb;008d3baa5195d527;e79a054808a459bd;2021-10-14T05:06:23.000Z;"Hmmmmm. Alles passeert de revu behalve statushouders die met voorang woningen krijgen. 
#woningnood #migrantcrisis";;;1.0;/alfred_silenus###/alfred_silenus###/alfred_silenus/status/1448515506399551488###/denieuwsbv###/poeetweet###/pieterderks###/hashtag/woningnood?src=hashtag_click###/hashtag/migrantcrisis?src=hashtag_click;migrantcrisis;2024-10-05 12_05_13.810843;0.003736767219380;0.000002381077365;0.000001256687028;0.000013641462829;0.000005437401796;0.000040613358578;0.000014041837858;1. Against immigration, migrants, foreigners, refugees, or Muslims.
1;9e6243f1d79cac5e;8f4d75b6c8ab495e;73dc5bda3e02cb96;2024-09-18T20:40:42.000Z;#Libya 18.09.24 - DCIM repatriated from Tripoli a group of more than 150 Egyptian #migrants. The group will be transferred over land and return to Egypt via Emsaed border crossing. #migrantcrisis #DontTakeToTheSea #seenotrettung #Frontex;1.0;3.0;9.0;1,1K;migrantcrisis;2024-09-26 19_58_00.030786;0.000352782168193;0.000003855083378;0.000000466278777;0.000063117928221;0.000003223666226;0.000265390175628;0.000005725719348;5. Is neutral.
2;757aeab372a74b79;8f4d75b6c8ab495e;73dc5bda3e02cb96;2024-09-24T18:05:49.000Z;#Libya 24.09.24 - Western Region Support Forces apprehended 15 #migrants (male only) of Arab nationalities readying for boat crossing. All transferred to WRSF HQ pending DCIM notification. #migrantcrisis #DontTakeToTheSea #seenotrettung #Frontex;;3.0;14.0;887;migrantcrisis;2024-09-26 19_58_00.030786;0.002555819926783;0.000017496233340;0.000002992796453;0.000565861118957;0.000052535113355;0.001210209680721;0.000024008277251;5. Is neutral.
3;68ac29956fc82411;4e4ba9073458ecb4;74482665b7238cff;2024-09-26T13:35:27.000Z;Your beautiful twin daughters need your help, are you just going to stand there and watch? #bnwo #blacked #snowbunny #gymgirl #blacked #interracial #nsfw #horny #wankchat #sexy #porn #fitspo #GymSelfie #migrantcrisis #RefugeesWelcome;;;4.0;474;migrantcrisis;2024-09-26 19_58_00.030786;0.014862498268485;0.000023313796191;0.000179713810212;0.729490935802460;0.060429126024246;0.000721963064279;0.000105524813989;6. Other: unrelated to immigration discussion.
4;89c6b2ecdbd2a747;171b4077c96541f7;9237f98cb4918528;2024-09-24T17:56:07.000Z;Congressman Jonathan L. Jackson gives an update to constituents on the current status of #Immigration reform legislation and efforts to end the #MigrantCrisis in #Chicago;3.0;;2.0;493;migrantcrisis;2024-09-26 19_58_00.030786;0.000197683708393;0.000001444210170;0.000000115738608;0.000044893982704;0.000001615397309;0.000814405095298;0.000051102008001;5. Is neutral.
5;bab5fa85a7af9bc8;8f4d75b6c8ab495e;73dc5bda3e02cb96;2024-09-24T17:59:47.000Z;#Libya 23.09.24 - Tobruk Security Directorate and units affiliated with LNA continue major security operations in the city and region aimed at eliminating organized crime groups involved in drug trafficking, illegal alcohol manufacturing and human smuggling. #migrantcrisis;;2.0;12.0;726;migrantcrisis;2024-09-26 19_58_00.030786;0.001009330153465;0.000039407095755;0.000002380307478;0.000496943190228;0.000041568269808;0.001500990008935;0.000033997508581;5. Is neutral.
6;99c1a9535a14e103;24104e4fde5a853a;abb2d5c64b21a3a1;2024-09-23T11:01:17.000Z;"Stirring Waters as Controversial Sculpture Sparks Debate
 Read the full article here: https://tinyurl.com/5n8m8vxk
#JasondeCairesTaylor #Alluvia #sculpture #controversy #Canterbury #Ophelia #refugeecrisis #drowningvictims #publicart #empathy #debate #criticism #migrantcrisis";;2.0;7.0;1K;migrantcrisis;2024-09-26 19_58_00.030786;0.000111075292807;0.000027876209060;0.000010494014532;0.000029293707485;0.000003700351044;0.005362441297621;0.000400532240746;5. Is neutral.
7;ebb91b5832010915;8f4d75b6c8ab495e;73dc5bda3e02cb96;2024-09-25T11:06:34.000Z;1/2 #Libya 18.09.24 - DCIM in the month of August 2024 repatriated from Benghazi IDC a total of 670 #migrants. 289 #migrants of Egyptian nationality were repatriated via Emsaed land border crossing ... #migrantcrisis #DontTakeToTheSea #seenotrettung #Frontex;1.0;;4.0;292;migrantcrisis;2024-09-26 19_58_00.030786;0.000687073159497;0.000005141048405;0.000000353262749;0.000089197892521;0.000005140533176;0.000247120915446;0.000016879428586;5. Is neutral.
8;bcb148a3732c98e7;8f4d75b6c8ab495e;73dc5bda3e02cb96;2024-09-16T20:59:18.000Z;#Libya 16.09.24 - Kufra Immigration and Deportation Center repatriated more than 150 #migrants of Chadian nationality over land border crossing. The group comprised of #migrants who were transferred from different IDCs in Eastern Region. #migrantcrisis #DontTakeToTheSea #Frontex;1.0;3.0;13.0;1K;migrantcrisis;2024-09-26 19_58_00.030786;0.000161705596838;0.000002323607532;0.000000249419287;0.000076297510532;0.000003517322284;0.000174834320205;0.000003861261121;5. Is neutral.
9;f4a30840f86e5598;8f4d75b6c8ab495e;73dc5bda3e02cb96;2024-09-21T12:04:50.000Z;1/2 #Libya 16-18.09.24 - DCIM repatriated from Tobruk Immigration Detention Center a total of 62 #migrants (incl. 3 medical cases) of different nationalities. #migrantcrisis #DontTakeToTheSea #seenotrettung #Frontex;1.0;;6.0;541;migrantcrisis;2024-09-26 19_58_00.030786;0.001039220369421;0.000008022652764;0.000002213411790;0.000142489443533;0.000012047318705;0.000180938863195;0.000008487427294;5. Is neutral.
10;a362b9b2e8373015;8f4d75b6c8ab495e;73dc5bda3e02cb96;2024-09-22T17:44:42.000Z;[UPDATE] #Libya 21.09.24 - DCIM transferred from Al-Tamimi Bureau 67 #migrants to Qanfoudah Immigration Detention Center in Benghazi for repatriation. The group was apprehended during an attempted boat crossing where 1 #migrant of Sudanese nationality drowned. #migrantcrisis;;1.0;6.0;398;migrantcrisis;2024-09-26 19_58_00.030786;0.000298252911307;0.000036335946788;0.000023624354071;0.000080265606812;0.000022461041226;0.005847845226526;0.000213186969631;5. Is neutral.
11;d261506cc38fa07e;8f4d75b6c8ab495e;73dc5bda3e02cb96;2024-09-23T20:31:32.000Z;#Libya 22.09.24 - DCIM jointly with Police apprehended in Al-Makhili area 39 undocumented #migrants of Egyptian nationality. The group following completion of legal procedures at the Al-Tamimi Bureau was transferred to Tobruk IDC for repatriation. #migrantcrisis #DontTakeToTheSea;;3.0;16.0;888;migrantcrisis;2024-09-26 19_58_00.030786;0.002780685666949;0.000022050848202;0.000003395796284;0.000224897885346;0.000008710169823;0.001402901019901;0.000015431511201;5. Is neutral.
12;6e9676b07bd01b97;8f4d75b6c8ab495e;73dc5bda3e02cb96;2024-09-23T20:20:56.000Z;#Libya 21.09.24 - CID patrols apprehended in Emsaed area a group of 24 Egyptian #migrants incl. 3 women and 3 children who entered Libya illegally. The group following completion of legal procedures was deported back to Egypt. #migrantcrisis #DontTakeToTheSea #seenotrettung;;1.0;6.0;621;migrantcrisis;2024-09-26 19_58_00.030786;0.002331346506253;0.000010577680769;0.000000433956956;0.000302941334667;0.000013920412130;0.002006194321439;0.000008951119526;5. Is neutral.
13;18d824017f451c69;8f4d75b6c8ab495e;73dc5bda3e02cb96;2024-09-21T12:07:29.000Z;#Libya 11.09.24 - DCIM transferred from Qanfoudah Immigration Detention Center in Benghazi to Kufra Immigration Detention and Deportation Center 41 #migrants of Chadian and Sudanese nationalities for repatriation. #migrantcrisis #DontTakeToTheSea #seenotrettung #Frontex;;;3.0;358;migrantcrisis;2024-09-26 19_58_00.030786;0.000376838113880;0.000018626611563;0.000002899501169;0.000155907269800;0.000015380457626;0.000469853752293;0.000012785864783;5. Is neutral.
14;007e76aa8e88ba56;b1fdb334736e28fc;6096606a5f2df420;2024-09-16T15:21:51.000Z;"Translation : He's head to the most expensive game of Wac A Mole. #StopTheBoats #MigrantCrisis
#StarmerOut #GeneralElectionNow #LabourOut";;;2.0;110;migrantcrisis;2024-09-26 19_58_00.030786;0.004023305606097;0.000067848042818;0.000083522318164;0.000046448258217;0.000000614775729;0.001016379683278;0.000086813168309;1. Against immigration, migrants, foreigners, refugees, or Muslims.
15;c847758ccc5211ee;8f4d75b6c8ab495e;73dc5bda3e02cb96;2024-09-21T12:04:51.000Z;2/2 [cont] Migrants of Egyptian nationality were repatriated via Emsaed land border crossing. All others were transferred to Qanfoudah Immigration Detention Center in Benghazi for repatriation. #migrantcrisis #DontTakeToTheSea #seenotrettung #Frontex;;1.0;4.0;1,8K;migrantcrisis;2024-09-26 19_58_00.030786;0.000620608625468;0.000006101054623;0.000000738737526;0.000037600751966;0.000003743337629;0.000299998500850;0.000009039589713;5. Is neutral.
16;4f1d80ce73ed9bd7;8f4d75b6c8ab495e;73dc5bda3e02cb96;2024-09-22T17:49:28.000Z;#Libya 20.09.24 - CID patrols apprehended in Emsaed area a group of 21 Egyptian #migrants who entered Libya illegally. The group following completion of legal procedures was deported via border crossing. #migrantcrisis #DontTakeToTheSea #seenotrettung #Frontex;;7.0;10.0;989;migrantcrisis;2024-09-26 19_58_00.030786;0.003607447026297;0.000013190267055;0.000000514475289;0.000406086415751;0.000009457372471;0.001525519066490;0.000006269612641;5. Is neutral.
17;154165992ba75cb0;8f4d75b6c8ab495e;73dc5bda3e02cb96;2024-09-20T10:26:46.000Z;#Libya 19.09.24 - Attorney General's Office announced the arrest of 37 people belonging to an international criminal network specializing in #migrant smuggling and trafficking of women. Network of criminal gangs that infiltrated Libya from Nigeria. #migrantcrisis #Frontex;;2.0;10.0;901;migrantcrisis;2024-09-26 19_58_00.030786;0.004505583550781;0.000029694145269;0.000000543437693;0.004111176822335;0.000052802013670;0.003954744432121;0.000082919745182;5. Is neutral.
18;2a43e8ccb072fcdb;8f4d75b6c8ab495e;73dc5bda3e02cb96;2024-09-26T08:48:32.000Z;#Libya 26.09.24 - Stability Support Agency arrested 11 undocumented #migrants of Pakistani nationality, two of whom were human smugglers organizing boat crossings to EU for 10,000 USD per person. All referred to Illegal Immigration Prosecution for legal action. #migrantcrisis;;2.0;8.0;409;migrantcrisis;2024-09-26 19_58_00.030786;0.002213865518570;0.000029469085348;0.000004897746749;0.000710226595402;0.000101055127743;0.003610945306718;0.000022014119168;5. Is neutral.
19;d0f80ce1c79e9903;8f4d75b6c8ab495e;73dc5bda3e02cb96;2024-09-21T12:19:04.000Z;#Libya 20.09.24 - Joint Police Forces apprehended in Al-Azziyat area 35 undocumented #migrants of different nationalities. All transferred to DCIM Al-Tamimi Bureau for legal action and repatriation. #migrantcrisis #DontTakeToTheSea #seenotrettung #Frontex;;2.0;10.0;707;migrantcrisis;2024-09-26 19_58_00.030786;0.003162988694385;0.000043962092604;0.000000820035837;0.000667532964144;0.000035051016312;0.001345500932075;0.000008538061593;5. Is neutral.
20;b53f201ba66a4d24;8f4d75b6c8ab495e;73dc5bda3e02cb96;2024-09-22T21:12:14.000Z;#Libya 22.09.24 - General Dept. of Security Operations carried out raid on human smugglers' site east of Misrata and apprehended 40 #migrants of different nationalities readying for boat crossing. All transferred to GDSO HQ pending DCIM notification. #migrantcrisis #Frontex;;5.0;21.0;2,1K;migrantcrisis;2024-09-26 19_58_00.030786;0.000720427022315;0.000016350784790;0.000000553408256;0.000749169383198;0.000067873341322;0.001319719594903;0.000019495462766;5. Is neutral.
21;2d2e0c21d9c08ccf;8f4d75b6c8ab495e;73dc5bda3e02cb96;2024-09-16T20:14:37.000Z;1/2 #Libya 15.09.24 - DCIM repatriated from Tobruk Immigration Detention Center a total of 121 #migrants of Chadian, Egyptian, Pakistani, Sudanese and Syrian nationalities. The group incl. 20 medical cases. #migrantcrisis #DontTakeToTheSea #seenotrettung #Frontex;1.0;5.0;8.0;519;migrantcrisis;2024-09-26 19_58_00.030786;0.000455686706118;0.000006992032013;0.000001452386755;0.000103135156678;0.000008470171451;0.000187359051779;0.000005489253454;5. Is neutral.
22;3d71914262e8a8ee;8f4d75b6c8ab495e;73dc5bda3e02cb96;2024-09-25T16:20:24.000Z;[UPDATE] #Libya 24.09.24 - 187 Nigerian #migrants returned safely from Libya to Lagos, Nigeria. The group comprised of 13 males, 139 females and 35 children. #migrantcrisis #DontTakeToTheSea #seenotrettung #Frontex;;1.0;3.0;356;migrantcrisis;2024-09-26 19_58_00.030786;0.000835751066916;0.000012312350918;0.000000446984757;0.000048947931646;0.000027151956601;0.000249215168878;0.000005387750662;5. Is neutral.
23;64924146ddfc1764;8f4d75b6c8ab495e;73dc5bda3e02cb96;2024-09-25T11:13:29.000Z;#Libya 19.09.24 - DCIM transferred from Ajdabiya Immigration Detention Center 135 #migrants of different nationalities via Sirte to Tripoli for repatriation. The group incl. 60 Ethiopian #migrants transferred from Benghazi. #migrantcrisis #DontTakeToTheSea #seenotrettung #Frontex;;;5.0;349;migrantcrisis;2024-09-26 19_58_00.030786;0.000348220433807;0.000006296108040;0.000002373407597;0.000160767944180;0.000011414677829;0.000291661039228;0.000006708686215;5. Is neutral.
24;69b533b2d8734258;8f4d75b6c8ab495e;73dc5bda3e02cb96;2024-09-21T12:10:40.000Z;#Libya 19.09.24 - DCIM Bureau of Investigation arrested a Sudanese #migrant who was sentenced in absentia to 3 years in prison on several criminal charges. The individual was transferred to Qamadah penitentiary for completion of prison sentence. #migrantcrisis #Frontex;;;7.0;541;migrantcrisis;2024-09-26 19_58_00.030786;0.001920966431498;0.000007307179658;0.000001431318537;0.000650283938739;0.000027734824471;0.000493411440402;0.000003921962616;5. Is neutral.
25;91de5b25742a5fee;8f4d75b6c8ab495e;73dc5bda3e02cb96;2024-09-16T20:24:24.000Z;#Libya 15.09.24 - Attorney General's Office announced the arrest of 7 Libyans and 2 Palestinians on charges of human trafficking. #migrantcrisis #DontTakeToTheSea #seenotrettung #Frontex;1.0;4.0;6.0;572;migrantcrisis;2024-09-26 19_58_00.030786;0.001437314553186;0.000043567157263;0.000000530950274;0.002322057727724;0.000090766465291;0.001079946872778;0.000024132739782;5. Is neutral.
26;e613fd462d9b0502;8f4d75b6c8ab495e;73dc5bda3e02cb96;2024-09-21T12:34:15.000Z;[VIDEO] #Libya 19.09.24 - CID in Ras al-Tin area thwarted an attempted boat crossing and apprehended 72 undocumented #migrants of different nationalities. #migrantcrisis #DontTakeToTheSea #seenotrettung #Frontex;1.0;1.0;6.0;995;migrantcrisis;2024-09-26 19_58_00.030786;0.002423623809591;0.000022880065444;0.000001910200126;0.000696869275998;0.000037105692172;0.001663882983848;0.000014779533558;5. Is neutral.
27;200810454a5801c2;8f4d75b6c8ab495e;73dc5bda3e02cb96;2024-09-20T10:25:27.000Z;#Libya - Border Guard (MoD) officers in Vicenza, Italy for training on immigration and human trafficking. The course will be held at the Carabinieri Training Centre of Excellence. #migrantcrisis #DontTakeToTheSea #seenotrettung #Frontex https://agenzianova.com/en/news/libya-border-guard-officers-in-vicenza-for-training-on-immigration-and-human-trafficking/…;;2.0;10.0;799;migrantcrisis;2024-09-26 19_58_00.030786;0.002228263532743;0.000003199253570;0.000000218281173;0.000464458717033;0.000025585879484;0.000765925564337;0.000001765482807;5. Is neutral.
28;18418cca129fb8a2;8f4d75b6c8ab495e;73dc5bda3e02cb96;2024-09-16T20:21:43.000Z;#Libya 16.09.24 - Police in Bir Al-Ashhab during raid on one of the human smugglers' dens in the area apprehended 12 undocumented #migrants of Egyptian nationality. All referred to public prosecution for legal action. #migrantcrisis #DontTakeToTheSea #seenotrettung #Frontex;;1.0;6.0;616;migrantcrisis;2024-09-26 19_58_00.030786;0.001688050338998;0.000037526064261;0.000000677417688;0.000832592602819;0.000044574637286;0.002007085364312;0.000010658201063;5. Is neutral.
29;eea3f29a5a07fb34;09fb9ff32c5aa81b;db7f3f685769fedc;2024-09-17T01:29:51.000Z;"DONALD TRUMP SURVIVES SECON ASSASSINATION ATTEMPT! 
https://wix.to/n851vIk
#newblogpost #trending #donaldtrump #trump";;1.0;4.0;279;migrantcrisis;2024-09-26 19_58_00.030786;0.000044183714635;0.000007797997569;0.000388455664506;0.000336981378496;0.000004527047167;0.047759201377630;0.000044392352720;6. Other: unrelated to immigration topic.
30;2ebb9beab7a82a26;8f4d75b6c8ab495e;73dc5bda3e02cb96;2024-09-25T12:00:11.000Z;#Libya 24.09.24 - Patrols of GA Central Support apprehended 10 undocumented #migrants of mainly Bangladeshi nationality in Umm Al-Qandil area west of Bin Jawad. The group was readying for boat crossing. All transferred to police custody for legal action. #migrantcrisis #Frontex;;;8.0;443;migrantcrisis;2024-09-26 19_58_00.030786;0.001759965438396;0.000018030159481;0.000001215599809;0.001544359372929;0.000141065364005;0.003111962694675;0.000017663531253;5. Is neutral.
31;5dc54559152a5e52;8f4d75b6c8ab495e;73dc5bda3e02cb96;2024-09-24T11:05:56.000Z;1/2  24.09.24 - Italian Coasta Guard following disembarkation of #migrants in Genoa imposed a new 60-day administrative detention on NGO #GeoBarents vessel operated by #MSF. #Libya #migrantcrisis #DontTakeToTheSea #seenotrettung #Frontex https://genovatoday.it/attualita/geo-barents-bloccata-porto-sbarco-migranti.html…;2.0;5.0;16.0;824;migrantcrisis;2024-09-26 19_58_00.030786;0.001077025895938;0.000030052013244;0.000036781570088;0.000394284608774;0.000021331276002;0.000710118911229;0.000005190331194;5. Is neutral.
32;d1f8929cb2e53124;8f4d75b6c8ab495e;73dc5bda3e02cb96;2024-09-16T20:17:38.000Z;#Pakistan - FIA foils human smuggling attempt from Islamabad airport. The operation resulted in arrest of the facilitator and 13 passengers who were attempting travel via Saudi Arabia to #Libya for boat crossing to Italy. #migrantcrisis #Frontex https://arynews.tv/fia-foils-human-smuggling-attempt-from-islamabad-airport/…;;1.0;6.0;460;migrantcrisis;2024-09-26 19_58_00.030786;0.002051434712484;0.000007079014267;0.000003389435278;0.000245867355261;0.000003623838438;0.001245431019924;0.000060764177761;5. Is neutral.
33;e7dd29e16bd2462c;8f4d75b6c8ab495e;73dc5bda3e02cb96;2024-09-22T17:36:48.000Z;1/2 [VIDEO] #Libya 18.09.24 - DCIM repatriated from Tripoli 150 Egyptian #migrants. The group was transferred over land and returned to Egypt via Emsaed border crossing. #migrantcrisis #DontTakeToTheSea #seenotrettung #Frontex;1.0;;6.0;358;migrantcrisis;2024-09-26 19_58_00.030786;0.000332227762556;0.000004727331088;0.000000289619095;0.000126767496113;0.000005702674116;0.000348449742887;0.000005711370704;5. Is neutral.
34;d63ff6ff8196bf0c;8f4d75b6c8ab495e;73dc5bda3e02cb96;2024-09-16T20:53:09.000Z;16.09.24 - UK PM Starmer commends Italy's 'remarkable progress' on 'irregular migration' - PM Meloni to counteract the criminal organizations: 'We will follow the money'. #migrantcrisis #DontTakeToTheSea #seenotrettung #Frontex https://bbc.com/news/live/cvgddpq44qjt?post=asset%3A9af10f3a-30d6-42f9-bbf8-5856172b4805#post…;;;5.0;702;migrantcrisis;2024-09-26 19_58_00.030786;0.002287099370733;0.000017238722648;0.000007865050975;0.000449161714641;0.000028972379368;0.001705176895484;0.000015260709915;5. Is neutral.
35;5fc70cb2da7ee85f;8f4d75b6c8ab495e;73dc5bda3e02cb96;2024-09-25T16:16:51.000Z;1/2 #Libya 24.09.24 - DCIM (Eastern Region) Dir. Maj.Gen. Nouri Al-Saadi met with Sudanese Consul General in Benghazi to discuss matters pertaining to Sudanese community and DPs affected by the crisis in Sudan. #migrantcrisis #DontTakeToTheSea #seenotrettung #Frontex;1.0;2.0;7.0;517;migrantcrisis;2024-09-26 19_58_00.030786;0.000376666255761;0.000014452875803;0.000003512431931;0.000263813417405;0.000012712330317;0.000276507256785;0.000012972207514;5. Is neutral.
36;ba6dd164dc7a3909;8f4d75b6c8ab495e;73dc5bda3e02cb96;2024-09-22T17:27:16.000Z;2/2 [cont] The #migrants returned to Bangladesh via Benina International Airport in Benghazi. #migrantcrisis #DontTakeToTheSea #seenotrettung #Frontex;;1.0;7.0;307;migrantcrisis;2024-09-26 19_58_00.030786;0.000170944811543;0.000001289747502;0.000001052141670;0.000022478247047;0.000002967151204;0.000125995618873;0.000004281584097;5. Is neutral.
37;f305f2882d721d84;8f4d75b6c8ab495e;73dc5bda3e02cb96;2024-09-20T08:18:51.000Z;20.09.24 - No money for NGO #SeaEye - The City of Frankfurt Legal Dept. questions permissibility of 20,000 Euro subsidy for NGO agreed by the City's Counsel. Legal reasons make direct financial support impossible. #migrantcrisis #seenotrettung #Frontex https://fr.de/frankfurt/frankfurt-kein-geld-fuer-die-seenotrettung-93310686.html…;1.0;4.0;8.0;715;migrantcrisis;2024-09-26 19_58_00.030786;0.000839317508508;0.000001259481337;0.000010482101970;0.000250326324021;0.000038198133552;0.000458258058643;0.000026067598810;5. Is neutral.
38;ea71db540efe70c5;8f4d75b6c8ab495e;73dc5bda3e02cb96;2024-09-26T07:13:22.000Z;"#SAR Op 25.09.24 - Libyan Coast Security PV ""Wadi Kaam"" (P-300) rescued off the coast of Qarabolli 66 #migrants of different nationalities. All disembarked in Tripoli and upon provision of humanitarian assistance were transferred to DCIM custody. #migrantcrisis #Frontex";;2.0;17.0;688;migrantcrisis;2024-09-26 19_58_00.030786;0.000131104912725;0.000006563669103;0.000002090229373;0.000260440341663;0.000102060366771;0.000421290867962;0.000009628865882;5. Is neutral.
39;369ee3943f440f8b;8f4d75b6c8ab495e;73dc5bda3e02cb96;2024-09-17T14:30:33.000Z;#Libya 17.09.24 - Police in Emsaed area apprehended a large group of undocumented #migrants of Egyptian, Pakistani and Sudanese nationalities. All transferred to Emsaed Security Directorate for legal action. #migrantcrisis #DontTakeToTheSea #seenotrettung #Frontex;;1.0;11.0;2,1K;migrantcrisis;2024-09-26 19_58_00.030786;0.001955515239388;0.000018255794203;0.000000915722069;0.000439768278738;0.000035867695260;0.001626934856176;0.000011874250049;5. Is neutral.
40;f292d983b4581a5a;8f4d75b6c8ab495e;73dc5bda3e02cb96;2024-09-25T10:45:53.000Z;#Libya 18.09.24 - Libyan Border Guard (MoI) in ongoing efforts to enhance security and combat smuggling and human trafficking conducted desert patrols in Hamada Al Hamra area and Ghadames sector along the border strip with Tunisia. #migrantcrisis #DontTakeToTheSea #Frontex;;;5.0;257;migrantcrisis;2024-09-26 19_58_00.030786;0.000107443469460;0.000002721588999;0.000000302927390;0.000229896337259;0.000008649148185;0.000384063168894;0.000002766468015;5. Is neutral.
41;42707b069fc6eced;8f4d75b6c8ab495e;73dc5bda3e02cb96;2024-09-18T20:46:31.000Z;"1/2 #Libya 18.09.24 - Police in Tobruk area carried out raid on smugglers' ""safe house"" and apprehended 34 undocumented #migrants of Sudanese nationality incl. 2 women. #migrantcrisis #DontTakeToTheSea #seenotrettung #Frontex";1.0;1.0;9.0;937;migrantcrisis;2024-09-26 19_58_00.030786;0.003998101688921;0.000055164869991;0.000001465652531;0.000599175109528;0.000026612689908;0.001466837595217;0.000012555738067;5. Is neutral.
42;c1c7ea981883f6b1;8f4d75b6c8ab495e;73dc5bda3e02cb96;2024-09-20T05:28:54.000Z;1/2 #Libya 19.09.24 - General Dept. of Desert Patrols carried out in Emsaed area 2 separate raids on human smugglers' 'safe houses' and apprehended more than 30 undocumented #migrants of Egyptian nationality. #migrantcrisis #DontTakeToTheSea #seenotrettung #Frontex;2.0;8.0;15.0;2K;migrantcrisis;2024-09-26 19_58_00.030786;0.001728903967887;0.000054125288443;0.000000153882610;0.000285875576083;0.000018870359781;0.002892763121054;0.000014960023691;5. Is neutral.
43;;;;;This post is unavailable.;;;;;migrantcrisis;2024-09-26 19_58_00.030786;0.000118929085147;0.000000015512335;0.000000097311784;0.000661179888994;0.000003063055601;0.000033176205761;0.000041807754315;
44;;;;;This post is unavailable.;;;;;migrantcrisis;2024-09-26 19_58_00.030786;0.000118929085147;0.000000015512335;0.000000097311784;0.000661179888994;0.000003063055601;0.000033176205761;0.000041807754315;
45;df5f62ff9cab8865;8f4d75b6c8ab495e;73dc5bda3e02cb96;2024-09-20T05:28:55.000Z;2/2 [cont] According to #migrant testimonies they were detained by smugglers without food or drink for more than three days. All transferred to police custody in Emsaed for completion of legal procedures and repatriation. #migrantcrisis #DontTakeToTheSea #seenotrettung #Frontex;;;3.0;397;migrantcrisis;2024-09-26 19_58_00.030786;0.000096007242973;0.000001735776095;0.000005264274478;0.000215120191569;0.000009721076822;0.000385213847039;0.000004772238754;5. Is neutral.
46;13f4fa11aca4b36b;8f4d75b6c8ab495e;73dc5bda3e02cb96;2024-09-17T15:00:20.000Z;The hate spew of  German NGOs #SeaEye and #SeaWatch against Salvini. The man that saw through NGO criminality propelled by ideology with generous financial support of 'No-Border' milieus, Govs and Church. #migrantcrisis #DontTakeToTheSea #seenotrettung https://ilgiornale.it/news/cronaca-giudiziaria/salvini-lodio-senza-fine-ong-tedesca-hai-paura-prigione-2369680.html…;1.0;;7.0;681;migrantcrisis;2024-09-26 19_58_00.030786;0.033000849187374;0.000070682668593;0.000011816649021;0.000280087289866;0.000014627044948;0.001176003483124;0.000019283725123;1. Against immigration, migrants, foreigners, refugees, or Muslims.
47;0ce270cb36d9387c;8f4d75b6c8ab495e;73dc5bda3e02cb96;2024-09-23T20:15:18.000Z;1/2 #Libya 18.09.24 - Police carried out labour market inspections in Al-Tamimi Marine for purpose of controlling #migrant legal status and validity of health certificates. #migrantcrisis #DontTakeToTheSea #seenotrettung #Frontex;1.0;1.0;3.0;471;migrantcrisis;2024-09-26 19_58_00.030786;0.001205787761137;0.000019504557713;0.000003959373771;0.000146815349581;0.000010456312339;0.000264829781372;0.000013870348084;5. Is neutral.
48;;;;;This post is unavailable.;;;;;migrantcrisis;2024-09-26 19_58_00.030786;0.000118929085147;0.000000015512335;0.000000097311784;0.000661179888994;0.000003063055601;0.000033176205761;0.000041807754315;
49;;;;;This post is unavailable.;;;;;migrantcrisis;2024-09-26 19_58_00.030786;0.000118929085147;0.000000015512335;0.000000097311784;0.000661179888994;0.000003063055601;0.000033176205761;0.000041807754315;
50;;;;;This post is unavailable.;;;;;migrantcrisis;2024-09-26 19_58_00.030786;0.000118929085147;0.000000015512335;0.000000097311784;0.000661179888994;0.000003063055601;0.000033176205761;0.000041807754315;
51;;;;;This post is unavailable.;;;;;migrantcrisis;2024-09-26 19_58_00.030786;0.000118929085147;0.000000015512335;0.000000097311784;0.000661179888994;0.000003063055601;0.000033176205761;0.000041807754315;
52;da864b8155f459bb;8f4d75b6c8ab495e;73dc5bda3e02cb96;2024-09-22T10:43:17.000Z;"#SAR Op 22.09.24 - Libyan Coast Security PV ""Wadi Kaam"" (P-300) rescued 109 #migrants incl. women & children of different nationalities. All disembarked in Tripoli and upon provision of humanitarian assistance were transferred to DCIM custody. #migrantcrisis #DontTakeToTheSea";;5.0;25.0;1K;migrantcrisis;2024-09-26 19_58_00.030786;0.000211383885471;0.000002191542308;0.000009875119758;0.000145637561218;0.000013614793716;0.000496191496495;0.000009099164345;5. Is neutral.
53;;;;;This post is unavailable.;;;;;migrantcrisis;2024-09-26 19_58_00.030786;0.000118929085147;0.000000015512335;0.000000097311784;0.000661179888994;0.000003063055601;0.000033176205761;0.000041807754315;
54;;;;;This post is unavailable.;;;;;migrantcrisis;2024-09-26 19_58_00.030786;0.000118929085147;0.000000015512335;0.000000097311784;0.000661179888994;0.000003063055601;0.000033176205761;0.000041807754315;
55;8ea400374aed584f;8f4d75b6c8ab495e;73dc5bda3e02cb96;2024-09-25T16:28:06.000Z;1/2 #Libya 24.09.24 - DCIM (Eastern Region) in cooperation with Emergency Medicine and Support Center in Shahat dispatched a medical convoy to IDCs in Ajdabiya, Benghazi and Tobruk. #migrantcrisis #DontTakeToTheSea #seenotrettung #Frontex;1.0;3.0;11.0;592;migrantcrisis;2024-09-26 19_58_00.030786;0.000334986805683;0.000010775520423;0.000003712662647;0.000069047659053;0.000007140811249;0.000349047913915;0.000027724774554;5. Is neutral.
56;c8c2c4ffa0f8640f;8f4d75b6c8ab495e;73dc5bda3e02cb96;2024-09-18T20:46:32.000Z;2/2 [cont] All transferred to DCIM Immigration Detention Center in Tobruk for completion of legal procedures and repatriation. #migrantcrisis #DontTakeToTheSea #seenotrettung #Frontex;;;3.0;499;migrantcrisis;2024-09-26 19_58_00.030786;0.001045810291544;0.000043931879190;0.000024622106139;0.000158315713634;0.000030825238355;0.000555899459869;0.000031704832509;5. Is neutral.
57;02b20b60e8c580d8;8f4d75b6c8ab495e;73dc5bda3e02cb96;2024-09-25T16:28:07.000Z;2/2 [cont] The medical convoy will carry out sanitization of IDCs and provide medical supplies and assistance to #migrants currently held in the DCIM centers. #migrantcrisis #DontTakeToTheSea #seenotrettung #Frontex;;1.0;6.0;270;migrantcrisis;2024-09-26 19_58_00.030786;0.000282019260339;0.000021506224584;0.000004871725196;0.000077534998127;0.000003419320365;0.000452946667792;0.000002742150173;5. Is neutral.
58;;;;;This post is unavailable.;;;;;migrantcrisis;2024-09-26 19_58_00.030786;0.000118929085147;0.000000015512335;0.000000097311784;0.000661179888994;0.000003063055601;0.000033176205761;0.000041807754315;
59;;;;;This post is unavailable.;;;;;migrantcrisis;2024-09-26 19_58_00.030786;0.000118929085147;0.000000015512335;0.000000097311784;0.000661179888994;0.000003063055601;0.000033176205761;0.000041807754315;
60;;;;;This post is unavailable.;;;;;migrantcrisis;2024-09-26 19_58_00.030786;0.000118929085147;0.000000015512335;0.000000097311784;0.000661179888994;0.000003063055601;0.000033176205761;0.000041807754315;
61;;;;;This post is unavailable.;;;;;migrantcrisis;2024-09-26 19_58_00.030786;0.000118929085147;0.000000015512335;0.000000097311784;0.000661179888994;0.000003063055601;0.000033176205761;0.000041807754315;
62;c403b38ffcb6746d;8f4d75b6c8ab495e;73dc5bda3e02cb96;2024-09-21T12:45:04.000Z;#Libya 20.09.24 - Joint Security Forces incl. Military Police commenced a major security campaign in Tobruk targeting sites used by drug dealers and human smugglers as well as areas frequented by foreign workers. #migrantcrisis #DontTakeToTheSea #seenotrettung #Frontex;;3.0;12.0;1,8K;migrantcrisis;2024-09-26 19_58_00.030786;0.000825409719255;0.000063985462475;0.000001856022322;0.001040908275172;0.000019560531655;0.002056694123894;0.000003907249265;5. Is neutral.
63;45032e03be9ab9cb;8f4d75b6c8ab495e;73dc5bda3e02cb96;2024-09-24T17:43:29.000Z;2/2 [cont] smuggling across the desert borders, as well as  enhance cooperation in all related fields with the competent authorities. #migrantcrisis #DontTakeToTheSea #seenotrettung #Frontex;1.0;1.0;3.0;232;migrantcrisis;2024-09-26 19_58_00.030786;0.000042650521209;0.000001681698109;0.000002754240086;0.000027368585506;0.000002486901622;0.000134506815812;0.000002077500540;5. Is neutral.
64;754432fe4ade0cbd;be9fa3cdf3f402ca;79301d8aad51b31a;2024-09-18T20:50:50.000Z;"""Asylum seekers arriving in record numbers while UK citizens struggle to find housing. When will the government start prioritising its own people? Repost if you think it’s time for change.""

#AsylumSeekers #ImmigrationCrisis #UKHousingCrisis #MigrantCrisis #UKPolitics";2.0;4.0;17.0;325;migrantcrisis;2024-09-26 19_58_00.030786;0.006455560680479;0.000081549878814;0.000000907733238;0.000029588367397;0.000006661336101;0.000124314465211;0.000002071664085;1. Against immigration, migrants, foreigners, refugees, or Muslims.
65;9d7631122886ae14;c156906b5ca2d417;5d36149a477a78e3;2024-09-23T23:31:01.000Z;"German Border Controls: Bark, Bite, or Both? 
https://tovima.com/stories/german-border-controls-bark-bite-or-both/…
#Germany #bordercontrol #migrantcrisis #tovimacom";;1.0;2.0;23;migrantcrisis;2024-09-26 19_58_00.030786;0.002701394492760;0.000024690838472;0.000000686067324;0.000206675744266;0.000036473178625;0.001132801990025;0.000202629991691;6. Other: nor for or against immigration.
66;5f4f8a15d73775ea;8f4d75b6c8ab495e;73dc5bda3e02cb96;2024-09-24T18:03:35.000Z;#Libya 24.09.24 - DCIM (Western Region) repatriated with IOM support over 100 #migrant women with children of Nigerian nationality via Mitiga International Airport in Tripoli. #migrantcrisis #DontTakeToTheSea #seenotrettung #Frontex;1.0;7.0;21.0;947;migrantcrisis;2024-09-26 19_58_00.030786;0.000370773632312;0.000021766763894;0.000004096245902;0.000946020067204;0.000085289138951;0.000738299742807;0.000021818514142;5. Is neutral.
67;e68db19c4910b972;f5e8b7d2aea142a4;418bd0034c8dae91;2024-09-22T19:33:10.000Z;"Who’s looking out for the women and children? Oh, that’s right—there aren’t any. #MigrantCrisis #RefugeesWelcome #WomenAndChildren
#HumanRights #SafePassage #StopTheBoat
#ImmigrationDebate #ProtectOurChildren
#BorderSecurity #AsylumSeekers";;;2.0;56;migrantcrisis;2024-09-26 19_58_00.030786;0.162030532956123;0.000645784020890;0.000004877764241;0.000457810529042;0.000820347806439;0.010578406974673;0.000170166473254;1. Against immigration, migrants, foreigners, refugees, or Muslims.
68;254782571cf6a6e1;c5214f6813d51889;6ff4b36c46fc411e;2024-09-23T18:17:25.000Z;"This is THE ONLY WAY to stop the legions of illegals arriving uninvited & unwanted!

#MigrantCrisis #Gimmigrants #DeportThemAll #StopTheBoats #SecureTheBorder #JustFO";;;2.0;54;migrantcrisis;2024-09-26 19_58_00.030786;0.400093108415604;0.005277664866298;0.000002590065378;0.000068211396865;0.000002287000825;0.086586065590382;0.000078793389548;1. Against immigration, migrants, foreigners, refugees, or Muslims.
69;d7360d339b9d4fb8;8f4d75b6c8ab495e;73dc5bda3e02cb96;2024-09-22T17:27:15.000Z;#Libya 12.09.24 - DCIM in coordination with  consular staff and  IOM support repatriated from Qanfoudah Immigration Detention Center in Benghazi 150 #migrants of Bangladeshi nationality. #migrantcrisis #DontTakeToTheSea #seenotrettung #Frontex;2.0;3.0;12.0;691;migrantcrisis;2024-09-26 19_58_00.030786;0.000299261184409;0.000012075523045;0.000006602907888;0.000175035660504;0.000011025160347;0.000289216812234;0.000006887539257;5. Is neutral.
70;5952090716d8825d;6b9dc7b002f3bc99;83fc85b842b3d1dc;2024-09-18T16:08:21.000Z;"Breaking: Ex-WSJ Journo Uncovers Migrant Trafficking Network

 Springfield, VA emerges as a key hub.
 Major figures allegedly involved in smuggling rings.
 Rising concern over human rights abuses.

#MigrantCrisis #InvestigativeJournalism @zerohedge https://buff.ly/3ZtNaQ7";;1.0;2.0;78;migrantcrisis;2024-09-26 19_58_00.030786;0.001900946372189;0.000503797084093;0.000006864103398;0.002258711028844;0.000216691507376;0.008345815353096;0.001300412928685;5. Is neutral.
71;7048d8dd09c0404c;8f4d75b6c8ab495e;73dc5bda3e02cb96;2024-09-17T15:00:21.000Z;"Migranti, l'Ong tedesca a gamba tesa su Salvini: ""Prigione appropriata"" #migrantcrisis #DontTakeToTheSea #seenotrettung #Frontex";;;2.0;449;migrantcrisis;2024-09-26 19_58_00.030786;0.038779672235250;0.001432664110325;0.000246622628765;0.000932742143050;0.000020640776711;0.009087922982871;0.000034574757592;1. Against immigration, migrants, foreigners, refugees, or Muslims.
72;85d103bae39e83ea;c5214f6813d51889;6ff4b36c46fc411e;2024-09-25T17:14:32.000Z;"I like this new blunt, clear speaking @TiceRichard; this brash honesty is exactly what's needed right now!

#MigrantCrisis #Gimmigrants #DeportThemAll #StopTheBoats #SecureTheBorder #JustFO
#VoteReform @reformparty_uk";;2.0;9.0;107;migrantcrisis;2024-09-26 19_58_00.030786;0.068723164498806;0.002445547142997;0.000006494715763;0.000036741988879;0.000002413373522;0.010014743544161;0.000062652579800;1. Against immigration, migrants, foreigners, refugees, or Muslims.
73;e85f9da0896a12a3;c5214f6813d51889;6ff4b36c46fc411e;2024-09-16T17:28:56.000Z;"Fully, 1 thousand illegals arrived the other day, uninvited, unwanted, yet treated as valuable incomers.

This is not, I believe what any ordinary Brit wants (even if they support legal migration)!

#MigrantCrisis #Gimmigrants #DeportThemAll #StopTheBoats #SecureTheBorder #JustFO";;2.0;7.0;89;migrantcrisis;2024-09-26 19_58_00.030786;0.243073150515556;0.004398914054036;0.000001497407538;0.000073341863754;0.000002215143240;0.021202437579632;0.000055210864957;1. Against immigration, migrants, foreigners, refugees, or Muslims.
74;cd2be576cebb7136;8f4d75b6c8ab495e;73dc5bda3e02cb96;2024-09-24T11:05:57.000Z;2/2 [cont] The detention was imposed for not respecting instructions of the Libyan Coast Guard and 8 technical deficiencies found on board the vessel that emerged after an inspection. #Libya #migrantcrisis #DontTakeToTheSea #seenotrettung #Frontex;;2.0;7.0;339;migrantcrisis;2024-09-26 19_58_00.030786;0.000899336242583;0.000005729182249;0.000004600547982;0.000089234810730;0.000069365094532;0.000126033832203;0.000003218775419;5. Is neutral.
75;4c6bf3d8b5f59877;c5214f6813d51889;6ff4b36c46fc411e;2024-09-21T09:22:20.000Z;"Indiginous people, migrants, all are being sidelined by the #UniParty failures!

The left assumes settled migrants & their decendents support the influx of illegals, they are wrong!

#MigrantCrisis #Gimmigrants #DeportThemAll #StopTheBoats #SecureTheBorder #JustFO";;1.0;3.0;84;migrantcrisis;2024-09-26 19_58_00.030786;0.161088049411774;0.002403530990705;0.000001146324848;0.000038099547965;0.000003315020194;0.015721304342151;0.000020393716113;1. Against immigration, migrants, foreigners, refugees, or Muslims.
76;0713616dfed49f93;8f4d75b6c8ab495e;73dc5bda3e02cb96;2024-09-16T20:14:37.000Z;2/2 [cont] Migrants of Egyptian nationality were repatriated via Emsaed land border crossing and the rest were transferred for repatriation to Qanfoudah Immigration Detention Center in Benghazi. #migrantcrisis #DontTakeToTheSea #seenotrettung #Frontex;;2.0;3.0;279;migrantcrisis;2024-09-26 19_58_00.030786;0.000831618905067;0.000013420129108;0.000000617444471;0.000049729947932;0.000004854384770;0.000378746946808;0.000014375386854;5. Is neutral.
1;6a5695b19f2122e3;e96e536bfed7d12a;59d2013510f52df9;2023-05-15T06:13:01.000Z;Uitstekend idee dit @StasJenV !? Zo draai je het verdienmodel van de mensensmokkelaars de nek om en dan stokt migratie vanzelf. Ietsom over na te denken toch!? #migrantcrisis;;;;10;migrantcrisis;2024-10-03 11_54_01.348625;0.108791477978229;0.002765034558252;0.000172852334799;0.000045652624976;0.000004703967988;0.043769866228104;0.000238612687099;1. Against immigration, migrants, foreigners, refugees, or Muslims.
2;ea4e301f4c5c0f30;6da958ba3e5cb76c;93a969571e1d7c6d;2023-03-26T19:12:47.000Z;"Volle boot met #gelukszoekers onderweg Luilekkerland.
#ASIELSTOP #migrantcrisis";43.0;67.0;77.0;4K;migrantcrisis;2024-10-03 11_54_01.348625;0.002384479856118;0.000038576694351;0.000088939850684;0.000672064255923;0.000260375294602;0.000345456675859;0.000014890334569;1. Against immigration, migrants, foreigners, refugees, or Muslims.
3;c4ac8fde51ab3d2f;28fbc175ccf963db;5915afe945514a83;2021-08-27T21:31:25.000Z;"#Afghanistan #migrantcrisis 
Oef, wat een opluchting zeg !
#simplisme bij @vrtnws";;;2.0;/Belgonerd1###/Belgonerd1###/Belgonerd1/status/1431368780437929984###/hashtag/Afghanistan?src=hashtag_click###/hashtag/migrantcrisis?src=hashtag_click###/hashtag/simplisme?src=hashtag_click###/vrtnws;migrantcrisis;2024-10-03 11_54_01.348625;0.011305084452033;0.000006193373792;0.000071519745688;0.000194654188817;0.000074605522968;0.000812798738480;0.000085416926595;5. Is neutral.
4;48445a75892f070d;1934fec4d9309d32;a22310a113639dbb;2022-07-18T08:43:16.000Z;"Een paspoort kopen vind EU niet leuk.

Men moet namelijk afhankelijk zijn, jarenlang in de migratiemolen hangen, zodat alle migratiebaantjes intact blijven.

Zomaar een zak geld op tafel leggen, dat is veelste efficient!

#migrantcrisis #miljonairs";;;;/Democratikusje###/Democratikusje###/Democratikusje/status/1548951525141118980###/hashtag/migrantcrisis?src=hashtag_click###/hashtag/miljonairs?src=hashtag_click;migrantcrisis;2024-10-03 11_54_01.348625;0.085448749363422;0.000053530671721;0.000011912257833;0.000029692075259;0.000005044983482;0.000999555923045;0.000094048366009;1. Against immigration, migrants, foreigners, refugees, or Muslims.
5;b3b1312ccdcea55b;30de264b292732e5;6d2942f8760f3370;2023-01-26T22:13:55.000Z;"De beste grappen hoor je in verkiezingstijd
in 1 jaar 402.000 migranten zonder uitnodiging.
#verkiezingen #VVD #D66 #groenlinks #Politiek #migrantcrisis #Mensenhandel zonder Grenzen ( op andermans kosten ) #Politiek";;;;77;migrantcrisis;2024-10-03 11_54_01.348625;0.020132267847657;0.000053326108173;0.000014462745639;0.000924904481508;0.000078056524217;0.003248497843742;0.000097952834039;1. Against immigration, migrants, foreigners, refugees, or Muslims.
6;20e4492af6ff8ad1;74607ab5486101c8;3f4b06727f5114f1;2024-08-26T12:05:33.000Z;"Opnieuw 301 illegale migranten aangekomen in Lampedusa op 8 boten 

Vandaag arriveerden 301 migranten in Lampedusa, terwijl er gisteren al 450 aankwamen. De korte termijn opvangcentra zijn inmiddels overvol. Een nieuwe migrantcrisis lijkt zich te ontwikkelen op Lampedusa";4.0;5.0;2.0;372;migrantcrisis;2024-10-03 11_54_01.348625;0.078819736838341;0.000735753739718;0.000207481512916;0.002849531592801;0.004227765370160;0.019401161000132;0.000215249863686;5. Is neutral.
7;cb0b5059b8a4d694;3947eb5bdd00c1cb;07a7c39c709d04d1;2022-10-25T13:02:09.000Z;"Amper 25 km de EU-grens over. Kamp bij het Servische Sombor. Duizenden jonge mannen,
vooral uit Syrië, stranden hier. Volgende hindernis: het hek van Orbán #migrantcrisis";7.0;11.0;13.0;/tijnsadee###/tijnsadee###/tijnsadee/status/1584893076312817664###/hashtag/migrantcrisis?src=hashtag_click;migrantcrisis;2024-10-03 11_54_01.348625;0.003769404720515;0.000037152007280;0.000851715274621;0.000660121790133;0.000452414358733;0.003285614540800;0.000265500246314;5. Is neutral.
8;9f4e6bc65f0c49a3;ed5324cd4ee8b88f;2dc80c0a078bfdcd;2022-07-30T18:50:55.000Z;"Er móét gewoon een verdienmodel aan ten grondslag liggen getuige de vele tripjes tussen Libië en Italië van #NGO-schepen, die met volledig medeweten en goedkeuring van de #EuropeseUnie 1000-en #migranten Europa in smokkelen. 
#migrantcrisis #Immigration";3.0;55.0;54.0;/CoraWeg###/CoraWeg###/CoraWeg/status/1553453100287025156###/hashtag/NGO?src=hashtag_click###/hashtag/EuropeseUnie?src=hashtag_click###/hashtag/migranten?src=hashtag_click###/hashtag/migrantcrisis?src=hashtag_click###/hashtag/Immigration?src=hashtag_click;migrantcrisis;2024-10-03 11_54_01.348625;0.033936806023121;0.000047389577958;0.000032524054404;0.001304855919443;0.001452531432733;0.003652906510979;0.000094316710602;1. Against immigration, migrants, foreigners, refugees, or Muslims.
9;f4c62253bd42748f;c5753345f65416a3;d426e75bc6b6ac36;2018-06-24T16:55:09.000Z;"Blog op Zondag | Opvangcentra in Europa voor migranten zijn geen goed idee. Drie redenen. https://bit.ly/2lzZ6vz
#migranten #MigrantCrisis #EU #opvangcentra #MigrationEU";;1.0;1.0;/BlogopZondag###/BlogopZondag###/BlogopZondag/status/1010929330023739393###https://t.co/pX3OvNZx3F###/hashtag/migranten?src=hashtag_click###/hashtag/MigrantCrisis?src=hashtag_click###/hashtag/EU?src=hashtag_click###/hashtag/opvangcentra?src=hashtag_click###/hashtag/MigrationEU?src=hashtag_click;migrantcrisis;2024-10-03 11_54_01.348625;0.095592699944973;0.000083872218966;0.000002278152124;0.000131022548885;0.000187091078260;0.000810529454611;0.000011948016436;1. Against immigration, migrants, foreigners, refugees, or Muslims.
10;e603f092707ac638;c5753345f65416a3;d426e75bc6b6ac36;2018-07-29T14:27:06.000Z;Blog op Zondag | Stop de (gewelddadige) asieleiser https://bit.ly/2v19t0g #Ceuta #asieleiser #migranten #EU #buitengrens #borderpatrol #Spanje #borderprotection #bordercontrol #migrantcrisis #EUmigrantcrisis;;3.0;3.0;/BlogopZondag###/BlogopZondag###/BlogopZondag/status/1023575648294658048###https://t.co/VxtpbvIozV###/hashtag/Ceuta?src=hashtag_click###/hashtag/asieleiser?src=hashtag_click###/hashtag/migranten?src=hashtag_click###/hashtag/EU?src=hashtag_click###/hashtag/buitengrens?src=hashtag_click###/hashtag/borderpatrol?src=hashtag_click###/hashtag/Spanje?src=hashtag_click###/hashtag/borderprotection?src=hashtag_click###/hashtag/bordercontrol?src=hashtag_click###/hashtag/migrantcrisis?src=hashtag_click###/hashtag/EUmigrantcrisis?src=hashtag_click;migrantcrisis;2024-10-03 11_54_01.348625;0.049288392066955;0.000510531303007;0.000078436467447;0.000298180966638;0.000046093624405;0.015070088207722;0.000108801941678;1. Against immigration, migrants, foreigners, refugees, or Muslims.
11;e3b62069719f83a6;d957b9f1c86f53a2;c45f83925c2b470b;2023-09-26T20:27:37.000Z;"Caarnaast, nogmaals #migrantcrisis is geen #vluchtelingencrisis.
#migranten, zelf zorgen voor onderdak, eten, etc. Moet iedere migrant. Dus huisje #opjebeurtwachten. #6160224test nooitvoorang";;;;11;migrantcrisis;2024-10-03 11_54_01.348625;0.060412019491196;0.000005234108357;0.000044208791223;0.000028746015232;0.000004275786068;0.000513187726028;0.000002962511189;1. Against immigration, migrants, foreigners, refugees, or Muslims.
12;e36a4bf37f0dce58;35c88f9b583366e5;2b3368832de6e0d0;2023-07-14T17:26:17.000Z;"#klaarmetRutte 
Hongarije heeft de oplossing gevonden voor de migrantcrisis : geen afgeronde asielprocedure, geen toegang tot de EU. Dit is het Hongaarse systeem en het werkt. Nu wil Brussel het vernietigen.! dit laat ik niet gebeuren  Orbán Viktor";3.0;33.0;48.0;1,6K;migrantcrisis;2024-10-03 11_54_01.348625;0.074231825768948;0.001509936177172;0.001013013999909;0.000059270172642;0.000037079727917;0.099818587303162;0.000858579820488;1. Against immigration, migrants, foreigners, refugees, or Muslims.
13;6d495b658ccb36d6;f38fc9ea7ba75f04;dd00fc95aacb2c72;2020-08-14T18:57:22.000Z;"Inside Europe: Ten Years of Turmoil

It covers matters affecting the European Union, and in particular #Brexit, the #debtcrisis and the #migrantcrisis

Als je deze 3 crisissen uiteindelijk bekijkt, door de ogen van deze leiders, besef je dat Europa nog veel uitdagingen heeft.";1.0;;1.0;/KarlBoumans###/KarlBoumans###/KarlBoumans/status/1294347400472072192###/hashtag/Brexit?src=hashtag_click###/hashtag/debtcrisis?src=hashtag_click###/hashtag/migrantcrisis?src=hashtag_click;migrantcrisis;2024-10-03 11_54_01.348625;0.001297234324738;0.000000790602712;0.000000137253451;0.000097016367363;0.000012057387721;0.000127578634419;0.000038749542000;5. Is neutral.
14;9bc7d5137ce7e435;e9a212ebcbadfaef;5b5fbc4888bde4ce;2021-11-27T08:59:53.000Z;Die “arme” gevluchte mensen. #MigrantCrisis #Migrationspolitik #IstandWithPoland;;;;/HietbrinkWilma###/HietbrinkWilma###/HietbrinkWilma/status/1464519336211664901###/hashtag/MigrantCrisis?src=hashtag_click###/hashtag/Migrationspolitik?src=hashtag_click###/hashtag/IstandWithPoland?src=hashtag_click;migrantcrisis;2024-10-03 11_54_01.348625;0.004347805399448;0.000008437898032;0.000000171624919;0.000052535866416;0.000002478659553;0.001445204368792;0.000013216279513;1. Against immigration, migrants, foreigners, refugees, or Muslims.
15;be568eacb84aac7e;b7cde170f4d1b3bf;7e2c9d4c3686a57e;2021-07-21T21:25:34.000Z;Weer een paar mensen die het licht zien. Niet arbeidsmigratie faciliteren en  stimuleren, maar het verplaatsen van sectoren naar de landen waar wel arbeid is, is de oplossing! Goed voor iedereen, behalve voor uitbuitende en/of slechtbetalende ondernemers ! #migrantcrisis;5.0;6.0;16.0;/JacquesMonasch###/JacquesMonasch###/JacquesMonasch/status/1417958956857708549###/hashtag/migrantcrisis?src=hashtag_click;migrantcrisis;2024-10-03 11_54_01.348625;0.015322159044445;0.000788839592133;0.000024416782253;0.000042194307753;0.000003286137144;0.004442997742444;0.000062717255787;1. Against immigration, migrants, foreigners, refugees, or Muslims.
16;e03b205c8b9dd4cd;8e1456e0b8d3c21d;0bd9cb1abfc43224;2023-08-25T06:38:33.000Z;Wie zijn deze NGO’s? #asielindustrie #migrantcrisis #migranten #ASIELSTOP;1.0;2.0;3.0;461;migrantcrisis;2024-10-03 11_54_01.348625;0.017099250108004;0.000032265270420;0.000000608092762;0.000046977958846;0.000044645850721;0.000229026903980;0.000015409865227;1. Against immigration, migrants, foreigners, refugees, or Muslims.
17;cc0524d94eb058b3;44597143c123b7f1;2d832b60a168d460;2024-08-13T14:55:20.000Z;"Zijn de Westerse 'vrije' samenlevingen in een terminale staat of is de zaak nog te redden? #klimaathysterie #FreeSpeech #migrantcrisis #WEF etc... RT = 
@Kijkverder1";3.0;7.0;6.0;468;migrantcrisis;2024-10-03 11_54_01.348625;0.060721807181835;0.000797353917733;0.000001074817533;0.000094569506473;0.000005675221018;0.013749605976045;0.000500224065035;5. Is neutral.
18;;;;;This post is unavailable.;;;;;migrantcrisis;2024-10-03 11_54_01.348625;0.000118929085147;0.000000015512335;0.000000097311784;0.000661179888994;0.000003063055601;0.000033176205761;0.000041807754315;
19;;;;;This post is unavailable.;;;;;migrantcrisis;2024-10-03 11_54_01.348625;0.000118929085147;0.000000015512335;0.000000097311784;0.000661179888994;0.000003063055601;0.000033176205761;0.000041807754315;
20;901cd4acf3e2355f;f1d80082eb97ede1;38c3d6f7860dda45;2023-02-18T09:04:04.000Z;Ik vraag mij elke dag af wanneer Nederland, en de rest van de wereld, massaal in opstand komt. Zijn de slapende schapen nog steeds in de meerderheid? #WEF #D666 #Rutte #kaag #Ohio #Ukraina #Epstein #Biden #migrantcrisis #boeren;2.0;3.0;16.0;665;migrantcrisis;2024-10-03 11_54_01.348625;0.410441726446152;0.062907792627811;0.000200057140319;0.002196847461164;0.000964916136581;0.379260212182999;0.000316642137477;6. Other: Criticizes government and global issues.
21;;;;;This post is unavailable.;;;;;migrantcrisis;2024-10-03 11_54_01.348625;0.000118929085147;0.000000015512335;0.000000097311784;0.000661179888994;0.000003063055601;0.000033176205761;0.000041807754315;
22;;;;;This post is unavailable.;;;;;migrantcrisis;2024-10-03 11_54_01.348625;0.000118929085147;0.000000015512335;0.000000097311784;0.000661179888994;0.000003063055601;0.000033176205761;0.000041807754315;
23;1eb2831714e0a0c7;0a277c42f331e1ac;cc7b7a3ae5c97d47;2023-07-14T15:57:35.000Z;Hongarije #migrantcrisis   heeft de oplossing: Geen afgeronde asiel procedure géén toegang tot de EU.;;3.0;3.0;104;migrantcrisis;2024-10-03 11_54_01.348625;0.061486888676882;0.000507664866745;0.000938215758651;0.000026544759749;0.000026743206035;0.026800176128745;0.002227390184999;1. Against immigration, migrants, foreigners, refugees, or Muslims.
24;;;;;This post is unavailable.;;;;;migrantcrisis;2024-10-03 11_54_01.348625;0.000118929085147;0.000000015512335;0.000000097311784;0.000661179888994;0.000003063055601;0.000033176205761;0.000041807754315;
25;;;;;This post is unavailable.;;;;;migrantcrisis;2024-10-03 11_54_01.348625;0.000118929085147;0.000000015512335;0.000000097311784;0.000661179888994;0.000003063055601;0.000033176205761;0.000041807754315;
26;;;;;This post is unavailable.;;;;;migrantcrisis;2024-10-03 11_54_01.348625;0.000118929085147;0.000000015512335;0.000000097311784;0.000661179888994;0.000003063055601;0.000033176205761;0.000041807754315;
27;;;;;This post is unavailable.;;;;;migrantcrisis;2024-10-03 11_54_01.348625;0.000118929085147;0.000000015512335;0.000000097311784;0.000661179888994;0.000003063055601;0.000033176205761;0.000041807754315;
28;;;;;This post is unavailable.;;;;;migrantcrisis;2024-10-03 11_54_01.348625;0.000118929085147;0.000000015512335;0.000000097311784;0.000661179888994;0.000003063055601;0.000033176205761;0.000041807754315;
29;;;;;This post is unavailable.;;;;;migrantcrisis;2024-10-03 11_54_01.348625;0.000118929085147;0.000000015512335;0.000000097311784;0.000661179888994;0.000003063055601;0.000033176205761;0.000041807754315;
30;c66ca19d259ef363;28fbc175ccf963db;5915afe945514a83;2020-08-28T09:09:06.000Z;"#criminals #migrantcrisis
@catmoureaux stond erbij en keek ernaar.
https://bruzz.be/samenleving/doodsbange-bewoonster-sippelbergwijk-wil-van-hangjongeren-hier-wet-2020-08-27…";;;;/Belgonerd1###/Belgonerd1###/Belgonerd1/status/1299272788096749569###/hashtag/criminals?src=hashtag_click###/hashtag/migrantcrisis?src=hashtag_click###/catmoureaux###https://t.co/AL8AHrJERB;migrantcrisis;2024-10-03 11_54_01.348625;0.100158341228962;0.000723653822206;0.000415126152802;0.000161580610438;0.000064926302002;0.007173922844231;0.000103759382910;1. Against immigration, migrants, foreigners, refugees, or Muslims.
31;9157eb9cde4730fb;008d3baa5195d527;e79a054808a459bd;2021-10-14T05:06:23.000Z;"Hmmmmm. Alles passeert de revu behalve statushouders die met voorang woningen krijgen. 
#woningnood #migrantcrisis";;;1.0;/alfred_silenus###/alfred_silenus###/alfred_silenus/status/1448515506399551488###/denieuwsbv###/poeetweet###/pieterderks###/hashtag/woningnood?src=hashtag_click###/hashtag/migrantcrisis?src=hashtag_click;migrantcrisis;2024-10-03 11_54_01.348625;0.003736767219380;0.000002381077365;0.000001256687028;0.000013641462829;0.000005437401796;0.000040613358578;0.000014041837858;1. Against immigration, migrants, foreigners, refugees, or Muslims.
32;36e58c3aa5913270;cef678ad462ddafc;24d29350c6dbbcdc;2024-02-17T20:08:06.000Z;Je vergeet uitzetten! Nog beter: niet binnen laten! #rellen #DenHaag #migrantcrisis;;;3.0;871;migrantcrisis;2024-10-03 11_54_01.348625;0.133503824472427;0.000152335720486;0.000002102683311;0.000045745320676;0.000030211951525;0.005438787396997;0.000000981280209;1. Against immigration, migrants, foreigners, refugees, or Muslims.
33;7cd0bd96f380953c;28fbc175ccf963db;5915afe945514a83;2021-11-16T14:20:23.000Z;Het is alweer pijnlijk tekenend voor de zwakte van @EU_Commission @vonderleyen @eucopresident dat #Merkel met #Loekasjenko heeft moeten bellen i.v.m. deze #migrantcrisis.;;;1.0;/Belgonerd1###/Belgonerd1###/Belgonerd1/status/1460613723375161344###/HLN_BE###/EU_Commission###/vonderleyen###/eucopresident###/hashtag/Merkel?src=hashtag_click###/hashtag/Loekasjenko?src=hashtag_click###/hashtag/migrantcrisis?src=hashtag_click;migrantcrisis;2024-10-03 11_54_01.348625;0.053673923015594;0.000003231835763;0.000689761422109;0.000067556669819;0.000038920494262;0.002708377549425;0.000077412660175;5. Is neutral.
34;69f30239b0400cbb;28fbc175ccf963db;5915afe945514a83;2020-03-02T07:18:41.000Z;#MigrantCrisis #taxpayers Ik ken er alvast een aantal die geen moer om blanke #Europeans geven: @EU_Commission met @TimmermansEU en @vonderleyen, leden van de @EUCouncil en zeker de @eucopresident, @MeyremAlmaci @WouterDeVriendt @guyverhofstadt @kristofcalvo @BartSomers. @EU4BE;;;1.0;/Belgonerd1###/Belgonerd1###/Belgonerd1/status/1234377570399006722###/ivovd2###/me2_of3###/hashtag/MigrantCrisis?src=hashtag_click###/hashtag/taxpayers?src=hashtag_click###/hashtag/Europeans?src=hashtag_click###/EU_Commission###/vonderleyen###/EUCouncil###/eucopresident###/MeyremAlmaci###/guyverhofstadt###/kristofcalvo###/BartSomers###/EU4BE;migrantcrisis;2024-10-03 11_54_01.348625;0.189577564597130;0.000026578574762;0.005372708197683;0.000637435994577;0.000040169510612;0.000924558611587;0.000100991361251;1. Against immigration, migrants, foreigners, refugees, or Muslims.
35;c3a78ee2ea8c2fdf;9be0c52ff0437319;ac8b50c67e27202a;2020-03-06T15:08:18.000Z;850 miljoen mensen die honger hebben en te zwak of arm zijn om naar de Europese grenzen te lopen. #MigrantCrisis #Migranten;;;2.0;/ReneZalm###/ReneZalm###/ReneZalm/status/1235945306291871744###/LodewijkA###/hashtag/MigrantCrisis?src=hashtag_click###/hashtag/Migranten?src=hashtag_click;migrantcrisis;2024-10-03 11_54_01.348625;0.019915148615837;0.000018457531041;0.000166013443959;0.000445421756012;0.000065462576458;0.001183309708722;0.000026414332751;5. Is neutral.
36;29fc1326de342da1;28fbc175ccf963db;5915afe945514a83;2020-03-09T08:16:40.000Z;Aangezien uw logische suggestie een minimum aan moed en gezond verstand vergt,is ze niet aan  #Cowards als @eucopresident noch aan @EU_Commission van @vonderleyen @TimmermansEU besteed. Die #idiots zullen aan  #CriminalInChief #Erdogan juist méér toegevingen doen. #MigrantCrisis;1.0;;;/Belgonerd1###/Belgonerd1###/Belgonerd1/status/1236928880570753025###/DirkGerard###/hashtag/Cowards?src=hashtag_click###/eucopresident###/EU_Commission###/vonderleyen###/hashtag/idiots?src=hashtag_click###/hashtag/CriminalInChief?src=hashtag_click###/hashtag/Erdogan?src=hashtag_click###/hashtag/MigrantCrisis?src=hashtag_click;migrantcrisis;2024-10-03 11_54_01.348625;0.439433872699737;0.000107227308035;0.000019477325623;0.001047313213348;0.000156799840624;0.010013840161264;0.000061377475504;1. Against immigration, migrants, foreigners, refugees, or Muslims.
37;a16c1a2826d27cc5;c5753345f65416a3;d426e75bc6b6ac36;2018-06-24T17:32:33.000Z;Nog maar eens in de herhaling. Een blog uit 2015. Blog op zondag | 10 Oplossingsrichtingen voor de vluchtelingencrisi... http://edwindemol.blogspot.com/2015/08/10-oplossingsrichtingen-voor-de.html?spref=tw… #migrants #migratietop #MigrantCrisis #Macron #blog #Migranten #vluchtelingen #Merkel #EU #Europe;;;;/BlogopZondag###/BlogopZondag###/BlogopZondag/status/1010938742289453056###https://t.co/uPyyMUpad8###/hashtag/migrants?src=hashtag_click###/hashtag/migratietop?src=hashtag_click###/hashtag/MigrantCrisis?src=hashtag_click###/hashtag/Macron?src=hashtag_click###/hashtag/blog?src=hashtag_click###/hashtag/Migranten?src=hashtag_click###/hashtag/vluchtelingen?src=hashtag_click###/hashtag/Merkel?src=hashtag_click###/hashtag/EU?src=hashtag_click###/hashtag/Europe?src=hashtag_click;migrantcrisis;2024-10-03 11_54_01.348625;0.021664578467607;0.000066488384618;0.000006278767160;0.000127163017169;0.000135480077006;0.001557332347147;0.000127739695017;5. Is neutral.
38;603bcc9ba901e084;27bc67289adeebe0;f0b8a8c400410492;2022-10-29T07:48:27.000Z;Wie kent het liedje nog 15 miljoen mensen. #migrantcrisis https://youtu.be/9k9ZNf_aJUM;;;;/Lexveldhuizen###/Lexveldhuizen###/Lexveldhuizen/status/1586263682635268096###/hashtag/migrantcrisis?src=hashtag_click###https://t.co/61JAYsZhMD;migrantcrisis;2024-10-03 11_54_01.348625;0.001283726072870;0.000000754450241;0.000000168856346;0.000117850184324;0.000028943988582;0.000732863263693;0.000008196346243;5. Is neutral.
39;730c6762c8d890ea;b90db7f7679436cf;0824f8e85a25c935;2024-02-17T14:19:51.000Z;Fophef, helder woord. #migrantcrisis #vvd;;;;18;migrantcrisis;2024-10-03 11_54_01.348625;0.001875512418337;0.000008972588148;0.000003658266223;0.000005382245490;0.000004029463980;0.000095365343441;0.000017185637262;5. Is neutral.
40;f7b7da8c56735f87;b6a343454acb9c76;6ca4e18e1fa7d34d;2022-06-09T14:39:26.000Z;Er zijn vast wel wat lege mega stallen te gebruiken van boeren die weg getreiterd zijn door de overheid om de gelukzoekers op te vangen  #grenzendicht #migrantcrisis #nexit;;;;/ArtEenhoorn###/ArtEenhoorn###/ArtEenhoorn/status/1534908029442850817###/RTLnieuws###/hashtag/grenzendicht?src=hashtag_click###/hashtag/migrantcrisis?src=hashtag_click###/hashtag/migrantcrisis?src=hashtag_click###/hashtag/nexit?src=hashtag_click;migrantcrisis;2024-10-03 11_54_01.348625;0.049386501312256;0.000078019395005;0.000428816856583;0.000685017905198;0.000049503400078;0.014103757217526;0.000246280978899;1. Against immigration, migrants, foreigners, refugees, or Muslims.
41;5887092a43d55d20;718df065be404bc5;476bd9c958f02c8e;2023-08-08T20:43:54.000Z;"Open Borders Altruism.

#NYC #MigrantCrisis #Migrants #Jews #Brooklyn #NewYork #Manhattan #WakeUp";;;1.0;215;migrantcrisis;2024-10-03 11_54_01.348625;0.002659989055246;0.000009945578313;0.000000416402827;0.000009023939128;0.000000691421860;0.000080067613453;0.000001982463345;6. Other: unclear stance on immigration.
42;9233f5aa89389eb2;e2ee4a2a39bddb02;156ba705d959b7a5;2018-08-19T11:25:12.000Z;"CD&V'er Hendrik Bogaert pleit voor versnelde uitbreiding gesloten centra
@cdenv @hendrikbogaert
#migrants #Belgie #migrantcrisis
https://demorgen.be/politiek/cd-v-er-hendrik-bogaert-pleit-voor-versnelde-uitbreiding-gesloten-centra-b58b8c8f/…";;;;/petrodom###/petrodom###/petrodom/status/1031140017454891008###/cdenv###/hendrikbogaert###/hashtag/migrants?src=hashtag_click###/hashtag/Belgie?src=hashtag_click###/hashtag/migrantcrisis?src=hashtag_click###https://t.co/T9hqz8ehU1;migrantcrisis;2024-10-03 11_54_01.348625;0.002140609547496;0.000068221481342;0.000002541977892;0.000086654436018;0.000039547103370;0.000315694749588;0.000009971201507;1. Against immigration, migrants, foreigners, refugees, or Muslims.
43;;;;;This post is unavailable.;;;;;migrantcrisis;2024-10-03 11_54_01.348625;0.000118929085147;0.000000015512335;0.000000097311784;0.000661179888994;0.000003063055601;0.000033176205761;0.000041807754315;
44;;;;;This post is unavailable.;;;;;migrantcrisis;2024-10-03 11_54_01.348625;0.000118929085147;0.000000015512335;0.000000097311784;0.000661179888994;0.000003063055601;0.000033176205761;0.000041807754315;
45;;;;;This post is unavailable.;;;;;migrantcrisis;2024-10-03 11_54_01.348625;0.000118929085147;0.000000015512335;0.000000097311784;0.000661179888994;0.000003063055601;0.000033176205761;0.000041807754315;
46;;;;;This post is unavailable.;;;;;migrantcrisis;2024-10-03 11_54_01.348625;0.000118929085147;0.000000015512335;0.000000097311784;0.000661179888994;0.000003063055601;0.000033176205761;0.000041807754315;
47;563b1a95a8c2e68d;85456455686f3b48;ab042d189d94de07;2023-10-06T10:48:48.000Z;"Nou die schipper neemt vast ontslag bij die pendelboot 
#kansparels #migrantcrisis
@StemZeWegNL1 @StemZeWegNL Migranten proberen Nederlands schip te kapen dat hen net heeft gered";;;1.0;72;migrantcrisis;2024-10-03 11_54_01.348625;0.265848755836487;0.010932495817542;0.013041752390563;0.000605743378401;0.000781127542723;0.079792857170105;0.000221836889978;1. Against immigration, migrants, foreigners, refugees, or Muslims.
48;157eb75d1aa34189;569f1e6290922bbb;f3230e281fe30b0b;2020-03-26T10:38:48.000Z;@CharlesMichel @vonderleyen hebben een strikt geheime meeting...Italië werd door voorgangers ook niet geholpen tijdens #migrantcrisis ...moeten we helpen of niet...een communiqué wordt verwacht rond 1mei !!! Ze willen dit SNEL beslissen, geen tijd verliezen, go go go @EP_Belgium;;;;/FrankDePauw1###/FrankDePauw1###/FrankDePauw1/status/1243125242748338176###/CharlesMichel###/vonderleyen###/hashtag/migrantcrisis?src=hashtag_click;migrantcrisis;2024-10-03 11_54_01.348625;0.002635032869875;0.000214773841435;0.000006592318186;0.000083478524175;0.000014314607142;0.002551981480792;0.000012949761185;5. Is neutral.
49;7c0368f3e3d75ef5;42e546fddcccc9c2;4421cbcb4a93c5ef;2023-10-04T10:50:14.000Z;Volgens mij gaan er veel slachtoffers vallen door het massaal binnenbrengen van misdadigers die nu al dagelijks het nieuws halen ! #migrantcrisis;;;3.0;37;migrantcrisis;2024-10-03 11_54_01.348625;0.269722223281860;0.002067184075713;0.000102633923234;0.000181288400199;0.000119787124277;0.262545466423035;0.000697606126778;1. Against immigration, migrants, foreigners, refugees, or Muslims.
50;e020f197e91b6602;606cfc0382b97ba3;e787278e03e14a9f;2021-08-01T21:42:47.000Z;Leest u weer even mee ? Het houdt niet op ! #migrantcrisis;;;1.0;/Paradijsvogel2###/Paradijsvogel2###/Paradijsvogel2/status/1421949554841329664###/hashtag/migrantcrisis?src=hashtag_click;migrantcrisis;2024-10-03 11_54_01.348625;0.044270537793636;0.000157181100803;0.000005930350198;0.000075667645433;0.000114010144898;0.002241066424176;0.000052498206060;1. Against immigration, migrants, foreigners, refugees, or Muslims.
51;;;;;This post is unavailable.;;;;;migrantcrisis;2024-10-03 11_54_01.348625;0.000118929085147;0.000000015512335;0.000000097311784;0.000661179888994;0.000003063055601;0.000033176205761;0.000041807754315;
52;;;;;This post is unavailable.;;;;;migrantcrisis;2024-10-03 11_54_01.348625;0.000118929085147;0.000000015512335;0.000000097311784;0.000661179888994;0.000003063055601;0.000033176205761;0.000041807754315;
53;f81bff0a42cee0a4;1d7b87193b0d6da8;55e047b5525c00d2;2021-11-10T13:58:25.000Z;"Misschien had die Duitse activiste beter aan de Wit-Russische kant van de grens kunnen gaan staan Gutmenschouwehoeren...

Alsjeblieft zeg, niet de hele wereld naar Europa slepen!
#grenzendicht #migrantcrisis #polandbelarus #PolandHoldTheLine";3.0;3.0;23.0;/PeterBeuker###/PeterBeuker###/PeterBeuker/status/1458433869493964802###/hashtag/grenzendicht?src=hashtag_click###/hashtag/migrantcrisis?src=hashtag_click###/hashtag/polandbelarus?src=hashtag_click###/hashtag/PolandHoldTheLine?src=hashtag_click;migrantcrisis;2024-10-03 11_54_01.348625;0.493081152439117;0.000253161939327;0.000019099968995;0.010953319258988;0.000899482809473;0.009327229112387;0.000019790837541;1. Against immigration, migrants, foreigners, refugees, or Muslims.
54;;;;;This post is unavailable.;;;;;migrantcrisis;2024-10-03 11_54_01.348625;0.000118929085147;0.000000015512335;0.000000097311784;0.000661179888994;0.000003063055601;0.000033176205761;0.000041807754315;
55;;;;;This post is unavailable.;;;;;migrantcrisis;2024-10-03 11_54_01.348625;0.000118929085147;0.000000015512335;0.000000097311784;0.000661179888994;0.000003063055601;0.000033176205761;0.000041807754315;
56;;;;;This post is unavailable.;;;;;migrantcrisis;2024-10-03 11_54_01.348625;0.000118929085147;0.000000015512335;0.000000097311784;0.000661179888994;0.000003063055601;0.000033176205761;0.000041807754315;
57;;;;;This post is unavailable.;;;;;migrantcrisis;2024-10-03 11_54_01.348625;0.000118929085147;0.000000015512335;0.000000097311784;0.000661179888994;0.000003063055601;0.000033176205761;0.000041807754315;
58;33aa282e88d3f7c3;26ecb4f131f7a083;ebc2f897b9b03fcf;2020-03-13T16:28:16.000Z;"#vluchtelingenkinderen in #Griekenland. Terwijl Duitsland, Frankrijk, Luxemburg, Portugal, Finland ""zijn bereid in totaal 2.500 minderjarigen over te laten komen"", Nederland ""zal zich daar niet bij aansluiten.""  #migrantcrisis #vluchtelingenkinderen";;;1.0;/2022_emm###/2022_emm###/2022_emm/status/1238502147538522114###/hashtag/vluchtelingenkinderen?src=hashtag_click###/hashtag/Griekenland?src=hashtag_click###/hashtag/migrantcrisis?src=hashtag_click###/hashtag/vluchtelingenkinderen?src=hashtag_click;migrantcrisis;2024-10-03 11_54_01.348625;0.003515775781125;0.000014999664927;0.000023753869755;0.001403268543072;0.004615031648427;0.001955465180799;0.000073262948717;5. Is neutral.
59;;;;;This post is unavailable.;;;;;migrantcrisis;2024-10-03 11_54_01.348625;0.000118929085147;0.000000015512335;0.000000097311784;0.000661179888994;0.000003063055601;0.000033176205761;0.000041807754315;
60;;;;;This post is unavailable.;;;;;migrantcrisis;2024-10-03 11_54_01.348625;0.000118929085147;0.000000015512335;0.000000097311784;0.000661179888994;0.000003063055601;0.000033176205761;0.000041807754315;
61;f888009779a3ac0e;0f5e0cde310ca883;64065b2fc4117a46;2018-06-22T20:30:47.000Z;#MigrantCrisis Wat een oplichters. maar toch lukt t deze organisaties met hulp van ngo s migratiegeld binnen te harken.;;;;/paulavhulten###/paulavhulten###/paulavhulten/status/1010258822034788352###/hashtag/MigrantCrisis?src=hashtag_click;migrantcrisis;2024-10-03 11_54_01.348625;0.748936891555786;0.000322798499838;0.000164369659615;0.000440199451987;0.000064881234721;0.155058234930038;0.000559257925488;1. Against immigration, migrants, foreigners, refugees, or Muslims.
62;;;;;This post is unavailable.;;;;;migrantcrisis;2024-10-03 11_54_01.348625;0.000118929085147;0.000000015512335;0.000000097311784;0.000661179888994;0.000003063055601;0.000033176205761;0.000041807754315;
63;;;;;This post is unavailable.;;;;;migrantcrisis;2024-10-03 11_54_01.348625;0.000118929085147;0.000000015512335;0.000000097311784;0.000661179888994;0.000003063055601;0.000033176205761;0.000041807754315;
64;83985646b91d35a3;42e546fddcccc9c2;4421cbcb4a93c5ef;2023-09-17T12:29:05.000Z;Sommigen, de meesten slagen op de vlucht om hier hetzelfde te doen waarvoor ze gevlucht zijn … #migrantcrisis;;;2.0;25;migrantcrisis;2024-10-03 11_54_01.348625;0.026722351089120;0.000019268045435;0.000250966317253;0.000075832555012;0.000024032215151;0.005215044599026;0.000310969335260;1. Against immigration, migrants, foreigners, refugees, or Muslims.
65;02c193e18c564c78;afa7b3d0ac082475;808f768ee705142a;2022-08-29T09:04:31.000Z;@D66  en @VVD  zeggen kom maar hoor wij hebben plek zat! #migrantcrisis  ‘Monstermoesson’ in Pakistan: 33 miljoen mensen op de vlucht https://ad.nl/buitenland/monstermoesson-in-pakistan-33-miljoen-mensen-op-de-vlucht~a7729c1af/?utm_source=twitter&utm_medium=social&utm_campaign=socialsharing_web…;;;;/hetdieptepunt###/hetdieptepunt###/hetdieptepunt/status/1564177163825340416###/D66###/VVD###/hashtag/migrantcrisis?src=hashtag_click###https://t.co/zegkbruBuB;migrantcrisis;2024-10-03 11_54_01.348625;0.016697490587830;0.000465256976895;0.000023214139219;0.000137800132507;0.000045445431169;0.015969181433320;0.000328321213601;1. Against immigration, migrants, foreigners, refugees, or Muslims.
66;ff6dd3092014f550;b542767e17237470;c9823a769263a068;2022-08-10T14:33:13.000Z;Deze Haagse idioten helpen ons land naar de kloten: @markrutte @SigridKaag @WBHoekstra @TjeerdD66 @RobJetten @jpaternotte #RutteMoetWeg #stopmigratie #migrantcrisis;;;1.0;/LawWarrier###/LawWarrier###/LawWarrier/status/1557374512584441858###/Gerard1945X###/markrutte###/SigridKaag###/WBHoekstra###/TjeerdD66###/RobJetten###/jpaternotte###/hashtag/RutteMoetWeg?src=hashtag_click###/hashtag/stopmigratie?src=hashtag_click###/hashtag/migrantcrisis?src=hashtag_click;migrantcrisis;2024-10-03 11_54_01.348625;0.649303495883942;0.000645947409794;0.000011496000297;0.000012274600522;0.000003449511723;0.023323843255639;0.000044350461394;1. Against immigration, migrants, foreigners, refugees, or Muslims.
67;b407c2e736c85206;3b4f737df54b1dc7;06e32dc9ec1bb85e;2022-12-05T17:27:09.000Z;"Zonder migratierem ontspoort Nederland. Dat zie je nu toch al? Onze huisvestingstekort en social voorzieningen worden onhoudbaar.
#migrantcrisis @D66";;;;/MrPerfect1008###/MrPerfect1008###/MrPerfect1008/status/1599817667413934080###/jpaternotte###/hashtag/migrantcrisis?src=hashtag_click###/D66;migrantcrisis;2024-10-03 11_54_01.348625;0.051185321062803;0.000079543118773;0.000007205489510;0.000018292686946;0.000022241092665;0.001531536690891;0.000025806670237;1. Against immigration, migrants, foreigners, refugees, or Muslims.
68;f5f9f8e9974c5637;606cfc0382b97ba3;e787278e03e14a9f;2023-03-29T22:24:44.000Z;"Zou Eric vd Burg nog wakker zijn ? Denk het niet , morgen weer n dag .
#migrantcrisis";;;;39;migrantcrisis;2024-10-03 11_54_01.348625;0.013163610361516;0.000441778392997;0.000017100051991;0.000053329717048;0.000031914143619;0.007783190812916;0.000022803606043;5. Is neutral.
69;ce6b85348fb16ab5;b542767e17237470;c9823a769263a068;2022-08-29T07:39:52.000Z;"Zij liggen in het gras; in Brussel liggen ze op steen en niemand maakt zich daar druk over. #migrantcrisis";;;;/LawWarrier###/LawWarrier###/LawWarrier/status/1564155862582714368###/NUnl###/hashtag/migrantcrisis?src=hashtag_click;migrantcrisis;2024-10-03 11_54_01.348625;0.154905423521995;0.000041110695747;0.000032196141547;0.000050361868489;0.000016261663404;0.007156569045037;0.000271428783890;1. Against immigration, migrants, foreigners, refugees, or Muslims.
70;;;;;This post is unavailable.;;;;;migrantcrisis;2024-10-03 11_54_01.348625;0.000118929085147;0.000000015512335;0.000000097311784;0.000661179888994;0.000003063055601;0.000033176205761;0.000041807754315;
71;;;;;This post is unavailable.;;;;;migrantcrisis;2024-10-03 11_54_01.348625;0.000118929085147;0.000000015512335;0.000000097311784;0.000661179888994;0.000003063055601;0.000033176205761;0.000041807754315;
72;76746fd862c95133;2fd4d07bef02642d;ff61fa6f8110fc0e;2020-03-05T00:05:47.000Z;"Écht even filmpje kijken, @ChrisAalberts is hilarisch:

""Laan we nou niet moeilijk doen over die paar tienduizend mensen...
.. kijk, da's de andere kant van hetzelfde verhaal""

#GreeceUnderAttack #MigrantCrisis";1.0;5.0;3.0;/JanOoms9###/JanOoms9###/JanOoms9/status/1235355793215631361###/ChrisAalberts###/hashtag/GreeceUnderAttack?src=hashtag_click###/hashtag/MigrantCrisis?src=hashtag_click;migrantcrisis;2024-10-03 11_54_01.348625;0.020919850096107;0.000259379972704;0.000010090065189;0.000182967676665;0.000041158313252;0.011866286396980;0.000075028590800;5. Is neutral.
73;;;;;This post is unavailable.;;;;;migrantcrisis;2024-10-03 11_54_01.348625;0.000118929085147;0.000000015512335;0.000000097311784;0.000661179888994;0.000003063055601;0.000033176205761;0.000041807754315;
74;;;;;This post is unavailable.;;;;;migrantcrisis;2024-10-03 11_54_01.348625;0.000118929085147;0.000000015512335;0.000000097311784;0.000661179888994;0.000003063055601;0.000033176205761;0.000041807754315;
75;;;;;This post is unavailable.;;;;;migrantcrisis;2024-10-03 11_54_01.348625;0.000118929085147;0.000000015512335;0.000000097311784;0.000661179888994;0.000003063055601;0.000033176205761;0.000041807754315;
76;;;;;This post is unavailable.;;;;;migrantcrisis;2024-10-03 11_54_01.348625;0.000118929085147;0.000000015512335;0.000000097311784;0.000661179888994;0.000003063055601;0.000033176205761;0.000041807754315;
77;be479e861ffa690d;d8b877d977aeaecf;b8c1738b8649ed7e;2020-03-01T01:28:54.000Z;"Of alle toekomstige doden door een #coronavirusNederland #Coronavid19  of #Migrant #MigrantCrisis komt maakt geen tyfus uit  
@MinPres en de rest van die zooi in den haag doet er toch geen pleuris aan   bedoel grenzen bewaken is al een probleem...#boontjekomtomzeloontje";;;;/Je_MoederT###/Je_MoederT###/Je_MoederT/status/1233927159917531137###/hashtag/coronavirusNederland?src=hashtag_click###/hashtag/Coronavid19?src=hashtag_click###/hashtag/Migrant?src=hashtag_click###/hashtag/MigrantCrisis?src=hashtag_click###/MinPres###/hashtag/boontjekomtomzeloontje?src=hashtag_click;migrantcrisis;2024-10-03 11_54_01.348625;0.739993274211884;0.001936578424647;0.000064219464548;0.000020890731321;0.000015971110770;0.152401581406593;0.000005665589924;1. Against immigration, migrants, foreigners, refugees, or Muslims.
78;f11c79aeb8819616;606cfc0382b97ba3;e787278e03e14a9f;2021-08-01T08:21:42.000Z;En deze ‘boefjes’ migranten probeerden te ontsnappen ! #migrantcrisis;;;2.0;/Paradijsvogel2###/Paradijsvogel2###/Paradijsvogel2/status/1421747955942531089###/hashtag/migrantcrisis?src=hashtag_click;migrantcrisis;2024-10-03 11_54_01.348625;0.605175733566284;0.002271343721077;0.000017009493604;0.001168194808997;0.000165434626979;0.058837946504354;0.000229028213653;1. Against immigration, migrants, foreigners, refugees, or Muslims.
79;;;;;This post is unavailable.;;;;;migrantcrisis;2024-10-03 11_54_01.348625;0.000118929085147;0.000000015512335;0.000000097311784;0.000661179888994;0.000003063055601;0.000033176205761;0.000041807754315;
80;;;;;This post is unavailable.;;;;;migrantcrisis;2024-10-03 11_54_01.348625;0.000118929085147;0.000000015512335;0.000000097311784;0.000661179888994;0.000003063055601;0.000033176205761;0.000041807754315;
81;;;;;This post is unavailable.;;;;;migrantcrisis;2024-10-03 11_54_01.348625;0.000118929085147;0.000000015512335;0.000000097311784;0.000661179888994;0.000003063055601;0.000033176205761;0.000041807754315;
82;;;;;This post is unavailable.;;;;;migrantcrisis;2024-10-03 11_54_01.348625;0.000118929085147;0.000000015512335;0.000000097311784;0.000661179888994;0.000003063055601;0.000033176205761;0.000041807754315;
83;;;;;This post is unavailable.;;;;;migrantcrisis;2024-10-03 11_54_01.348625;0.000118929085147;0.000000015512335;0.000000097311784;0.000661179888994;0.000003063055601;0.000033176205761;0.000041807754315;
84;;;;;This post is unavailable.;;;;;migrantcrisis;2024-10-03 11_54_01.348625;0.000118929085147;0.000000015512335;0.000000097311784;0.000661179888994;0.000003063055601;0.000033176205761;0.000041807754315;
85;;;;;This post is unavailable.;;;;;migrantcrisis;2024-10-03 11_54_01.348625;0.000118929085147;0.000000015512335;0.000000097311784;0.000661179888994;0.000003063055601;0.000033176205761;0.000041807754315;
86;;;;;This post is unavailable.;;;;;migrantcrisis;2024-10-03 11_54_01.348625;0.000118929085147;0.000000015512335;0.000000097311784;0.000661179888994;0.000003063055601;0.000033176205761;0.000041807754315;
87;a1cded2afbe9c8ce;d35846b9254b035a;4060b4e73ccd44c0;2022-11-03T10:07:42.000Z;Het begin is er @markrutte nu wij nog!! #migrantcrisis #asielinstroom;;3.0;3.0;/GKLASSEZUNA###/GKLASSEZUNA###/GKLASSEZUNA/status/1588110664475840513###/markrutte###/hashtag/migrantcrisis?src=hashtag_click###/hashtag/asielinstroom?src=hashtag_click;migrantcrisis;2024-10-03 11_54_01.348625;0.009187002666295;0.000025226623620;0.000003616522463;0.000014353523511;0.000056364264310;0.000998950446956;0.000023527227313;5. Is neutral.
88;;;;;This post is unavailable.;;;;;migrantcrisis;2024-10-03 11_54_01.348625;0.000118929085147;0.000000015512335;0.000000097311784;0.000661179888994;0.000003063055601;0.000033176205761;0.000041807754315;
89;;;;;This post is unavailable.;;;;;migrantcrisis;2024-10-03 11_54_01.348625;0.000118929085147;0.000000015512335;0.000000097311784;0.000661179888994;0.000003063055601;0.000033176205761;0.000041807754315;
90;;;;;This post is unavailable.;;;;;migrantcrisis;2024-10-03 11_54_01.348625;0.000118929085147;0.000000015512335;0.000000097311784;0.000661179888994;0.000003063055601;0.000033176205761;0.000041807754315;
91;;;;;This post is unavailable.;;;;;migrantcrisis;2024-10-03 11_54_01.348625;0.000118929085147;0.000000015512335;0.000000097311784;0.000661179888994;0.000003063055601;0.000033176205761;0.000041807754315;
92;c2669ddfc345c8d8;4733db3c189c8aa4;27d2ec383950752b;2021-09-13T16:42:20.000Z;"Mega woningen tekort, onhoudbare druk op de zorg. Tekort aan sociale voorzieningen. Ons land kan de grote instroom aan mensen helemaal niet aan. 
#migrantcrisis #migratienoodtoestand #VVD";;1.0;1.0;/VdhurkL###/VdhurkL###/VdhurkL/status/1437456622239027208###/hashtag/migrantcrisis?src=hashtag_click###/hashtag/migratienoodtoestand?src=hashtag_click###/hashtag/VVD?src=hashtag_click;migrantcrisis;2024-10-03 11_54_01.348625;0.047248601913452;0.000074199604569;0.000094285685918;0.000009397297617;0.000043030253437;0.001132901292294;0.000130884945975;1. Against immigration, migrants, foreigners, refugees, or Muslims.
93;c3e157a8b102685a;2fd4d07bef02642d;ff61fa6f8110fc0e;2024-08-04T13:02:54.000Z;"De Nederlandse journalistiek heeft al grotendeels gecapituleerd, of zit in een verknipte groupthink gevangen.

#migrantcrisis";;1.0;20.0;892;migrantcrisis;2024-10-03 11_54_01.348625;0.207384511828422;0.000472033018013;0.000496646272950;0.000180467119208;0.000264640984824;0.005588292609900;0.001159076229669;6. Other: Criticizes Dutch journalism's groupthink.
94;;;;;This post is unavailable.;;;;;migrantcrisis;2024-10-03 11_54_01.348625;0.000118929085147;0.000000015512335;0.000000097311784;0.000661179888994;0.000003063055601;0.000033176205761;0.000041807754315;
95;;;;;This post is unavailable.;;;;;migrantcrisis;2024-10-03 11_54_01.348625;0.000118929085147;0.000000015512335;0.000000097311784;0.000661179888994;0.000003063055601;0.000033176205761;0.000041807754315;
96;e572380fc77e7c9a;81f8f6dde88365f3;20011cde6912ac60;2022-05-16T12:55:36.000Z;"Dan moet het #COA DE DEUREN GESLOTEN HOUDEN.
BINNEN 2 WEKEN IS HET GESTOPT MET DE GROTE AANTALLEN. #migrantcrisis";;;1.0;/j_flamingo###/j_flamingo###/j_flamingo/status/1526184590158835713###/hashtag/COA?src=hashtag_click###/hashtag/migrantcrisis?src=hashtag_click;migrantcrisis;2024-10-03 11_54_01.348625;0.047936189919710;0.000158609604114;0.000084835141024;0.000021741372620;0.000040589620767;0.002899535465986;0.000012530079402;1. Against immigration, migrants, foreigners, refugees, or Muslims.
97;910cce765d0a605a;c41cfa88daa6acca;8adf88c2e4a5be33;2019-10-13T18:32:18.000Z;"Het heeft alleen geen reet zin! 

De EU komt niet in beweging. Spreekt alleen foei uit en gaan weer over tot de orde vd dag. Slappe hap!! 

EU had al veel eerder in moeten grijpen en de woorden van Trump destijds serieus moeten nemen.

#migrantcrisis
#ErdoganWarCriminal";;;1.0;/cedonulli0###/cedonulli0###/cedonulli0/status/1183450405088497666###/AfshinEllian1###/MalikAzmani###/hashtag/migrantcrisis?src=hashtag_click###/hashtag/ErdoganWarCriminal?src=hashtag_click;migrantcrisis;2024-10-03 11_54_01.348625;0.255322545766830;0.001741185900755;0.000002852137868;0.000962294230703;0.000061161699705;0.082195125520229;0.000079764460679;1. Against immigration, migrants, foreigners, refugees, or Muslims.
98;;;;;This post is unavailable.;;;;;migrantcrisis;2024-10-03 11_54_01.348625;0.000118929085147;0.000000015512335;0.000000097311784;0.000661179888994;0.000003063055601;0.000033176205761;0.000041807754315;
99;;;;;This post is unavailable.;;;;;migrantcrisis;2024-10-03 11_54_01.348625;0.000118929085147;0.000000015512335;0.000000097311784;0.000661179888994;0.000003063055601;0.000033176205761;0.000041807754315;
100;;;;;This post is unavailable.;;;;;migrantcrisis;2024-10-03 11_54_01.348625;0.000118929085147;0.000000015512335;0.000000097311784;0.000661179888994;0.000003063055601;0.000033176205761;0.000041807754315;
101;;;;;This post is unavailable.;;;;;migrantcrisis;2024-10-03 11_54_01.348625;0.000118929085147;0.000000015512335;0.000000097311784;0.000661179888994;0.000003063055601;0.000033176205761;0.000041807754315;
102;50841b5fbf606282;5338ee3335229270;9d861812acabf53f;2023-06-24T09:56:46.000Z;"Migratiedeal? In #Tunesië : ’Ik stop pas als ik miljonair ben’ 

De smokkelaar heeft slechts één regel: hij werkt niet met zwarte Afrikanen. „Die zijn shit. Ze luisteren niet en brengen ons in gevaar.”
#migrantcrisis
https://telegraaf.nl/nieuws/1099426470/migratiedeal-in-tunesie-lachen-smokkelaars-erom-ik-stop-pas-als-ik-miljonair-ben/?utm_source=t.co&utm_medium=referral&utm_campaign=twitter… #telegraafpremium via @Telegraaf";;;1.0;23;migrantcrisis;2024-10-03 11_54_01.348625;0.483479440212250;0.000182398260222;0.000138851508382;0.000278188730590;0.000076198768511;0.001949002384208;0.000009913003851;1. Against immigration, migrants, foreigners, refugees, or Muslims.
103;b316e7eaf9bbbb14;244cfe4e5bde16f2;57539ddb120ee5e6;2021-05-30T14:32:26.000Z;De zegeningen van #migratie Moordcijfer #Zweden hoger dan meeste andere Europese landen: ‘Geen ander land heeft zo’n stijging meeg... https://volkskrant.nl/ts-b42e3b1f via @volkskrant #europa #sweden #migrantcrisis #drugs #gangs #murder;;;;/MrTops17###/MrTops17###/MrTops17/status/1399010820927938564###/hashtag/migratie?src=hashtag_click###/hashtag/Zweden?src=hashtag_click###https://t.co/WMxRNvuRGk###/volkskrant###/hashtag/europa?src=hashtag_click###/hashtag/sweden?src=hashtag_click###/hashtag/migrantcrisis?src=hashtag_click###/hashtag/drugs?src=hashtag_click###/hashtag/gangs?src=hashtag_click###/hashtag/murder?src=hashtag_click;migrantcrisis;2024-10-03 11_54_01.348625;0.049718778580427;0.000336310273269;0.001314072404057;0.000300761690596;0.000145397250890;0.051955278962851;0.001538357231766;1. Against immigration, migrants, foreigners, refugees, or Muslims.
104;;;;;This post is unavailable.;;;;;migrantcrisis;2024-10-03 11_54_01.348625;0.000118929085147;0.000000015512335;0.000000097311784;0.000661179888994;0.000003063055601;0.000033176205761;0.000041807754315;
105;;;;;This post is unavailable.;;;;;migrantcrisis;2024-10-03 11_54_01.348625;0.000118929085147;0.000000015512335;0.000000097311784;0.000661179888994;0.000003063055601;0.000033176205761;0.000041807754315;
106;;;;;This post is unavailable.;;;;;migrantcrisis;2024-10-03 11_54_01.348625;0.000118929085147;0.000000015512335;0.000000097311784;0.000661179888994;0.000003063055601;0.000033176205761;0.000041807754315;
107;;;;;This post is unavailable.;;;;;migrantcrisis;2024-10-03 11_54_01.348625;0.000118929085147;0.000000015512335;0.000000097311784;0.000661179888994;0.000003063055601;0.000033176205761;0.000041807754315;
108;9c366e7728e6a444;ea72c79594296e45;d09aeb5ec90ef02c;2023-03-07T17:01:38.000Z;D66 is juist trots op de testosteronbommen uit de zandbak. En continu schaamteloos deze kansparels blijven verdedigen! #stemzeweg #NPO66 #censuur #remigratie #migrantcrisis #VVD66;;;;23;migrantcrisis;2024-10-03 11_54_01.348625;0.353839278221130;0.001456360449083;0.000162041003932;0.010222757235169;0.004660815931857;0.030839905142784;0.000105775980046;1. Against immigration, migrants, foreigners, refugees, or Muslims.
109;;;;;This post is unavailable.;;;;;migrantcrisis;2024-10-03 11_54_01.348625;0.000118929085147;0.000000015512335;0.000000097311784;0.000661179888994;0.000003063055601;0.000033176205761;0.000041807754315;
110;;;;;This post is unavailable.;;;;;migrantcrisis;2024-10-03 11_54_01.348625;0.000118929085147;0.000000015512335;0.000000097311784;0.000661179888994;0.000003063055601;0.000033176205761;0.000041807754315;
111;e1a8150169e4bf65;8f4d75b6c8ab495e;73dc5bda3e02cb96;2019-02-27T09:37:40.000Z;"De zogenaamde ""Smokkelaar Express"" #GolfoAzzurro voorbereiden om weer uit te varen ... #NoMoreDeathsAtSea #Migrantcrisis #Humansmuggling #Frontex #Europol @NLambLib @CvNieuwenhuizen @SvVeldhoven @KarlijnRensink @MvanToorenburg @MalikAzmani @LWegewijs @NatashaBertaud @MajaEUspox";2.0;4.0;6.0;/rgowans###/rgowans###/rgowans/status/1100691425816166400###/rgowans###/hashtag/GolfoAzzurro?src=hashtag_click###/hashtag/NoMoreDeathsAtSea?src=hashtag_click###/hashtag/Migrantcrisis?src=hashtag_click###/hashtag/Humansmuggling?src=hashtag_click###/hashtag/Frontex?src=hashtag_click###/hashtag/Europol?src=hashtag_click###/NLambLib###/CvNieuwenhuizen###/SvVeldhoven###/KarlijnRensink###/MvanToorenburg###/MalikAzmani###/LWegewijs###/NatashaBertaud###/MajaEUspox;migrantcrisis;2024-10-03 11_54_01.348625;0.000514594255947;0.000060822552769;0.000211685648537;0.000220682282816;0.000263759866357;0.003406291594729;0.000027540338124;5. Is neutral.
112;;;;;This post is unavailable.;;;;;migrantcrisis;2024-10-03 11_54_01.348625;0.000118929085147;0.000000015512335;0.000000097311784;0.000661179888994;0.000003063055601;0.000033176205761;0.000041807754315;
113;;;;;This post is unavailable.;;;;;migrantcrisis;2024-10-03 11_54_01.348625;0.000118929085147;0.000000015512335;0.000000097311784;0.000661179888994;0.000003063055601;0.000033176205761;0.000041807754315;
114;976d2f14b43ba9f6;706ccf4e6206c27b;1208521a34a192ef;2019-10-21T06:29:17.000Z;Sophie in 't Geld: Ik zou d'r geloven als het EU beleid qua buitengrenzen niet zo lek was. Voor de migrantcrisis hadden ze er überhaupt nooit over nagedacht. Nu moeten we een arm moslimland inlijven. Veel plezier.;;;;/PietervanderMe2###/PietervanderMe2###/PietervanderMe2/status/1186167553980325890###/superjan;migrantcrisis;2024-10-03 11_54_01.348625;0.428517818450928;0.001588471583091;0.000013142101125;0.001317511079833;0.001081600436009;0.858249604701996;0.006663592066616;1. Against immigration, migrants, foreigners, refugees, or Muslims.
115;53a26b2e33a5851b;8fde200208c4e9bc;83c3bf352d2e9471;2020-03-14T15:05:01.000Z;Onmiddellijk jullie vloot inzetten om deze slachtoffers van mensenhandel over te brengen naar #Turkije ... blijkt namelijk dat het #DNA daar immuun is voor #Covid_19 ... jullie hebben het materiaal en de contacten... #ArtsenzonderGrenzen #migrantcrisis #IStandWithGreece;;1.0;2.0;/RNCrypto74###/RNCrypto74###/RNCrypto74/status/1238843584289308672###/AzG_nl###/hashtag/Turkije?src=hashtag_click###/hashtag/DNA?src=hashtag_click###/hashtag/Covid_19?src=hashtag_click###/hashtag/ArtsenzonderGrenzen?src=hashtag_click###/hashtag/migrantcrisis?src=hashtag_click###/hashtag/IStandWithGreece?src=hashtag_click;migrantcrisis;2024-10-03 11_54_01.348625;0.075182795524597;0.008448590524495;0.000032130748878;0.002205176046118;0.000319871644024;0.192992091178894;0.000756093766540;1. Against immigration, migrants, foreigners, refugees, or Muslims.
116;96d279414260ee9d;606cfc0382b97ba3;e787278e03e14a9f;2021-08-01T13:01:32.000Z;Leest uw weer even mee ?  #migrantcrisis;;;;/Paradijsvogel2###/Paradijsvogel2###/Paradijsvogel2/status/1421818378466078731###/hashtag/migrantcrisis?src=hashtag_click;migrantcrisis;2024-10-03 11_54_01.348625;0.009690841659904;0.000026504667403;0.000015266328774;0.000147963699419;0.000074313466030;0.000358057033736;0.000035409564589;5. Is neutral.
117;75a631ecf90e805e;606cfc0382b97ba3;e787278e03e14a9f;2023-08-22T14:01:43.000Z;Het kàn dus wél , maar zij noemen het ook Illegale  Migranten !#migrantcrisis;;;1.0;110;migrantcrisis;2024-10-03 11_54_01.348625;0.017394140362740;0.000006031131306;0.000000902093518;0.000005950847481;0.000001604309659;0.000459825445432;0.000009477786989;1. Against immigration, migrants, foreigners, refugees, or Muslims.
118;;;;;This post is unavailable.;;;;;migrantcrisis;2024-10-03 11_54_01.348625;0.000118929085147;0.000000015512335;0.000000097311784;0.000661179888994;0.000003063055601;0.000033176205761;0.000041807754315;
119;;;;;This post is unavailable.;;;;;migrantcrisis;2024-10-03 11_54_01.348625;0.000118929085147;0.000000015512335;0.000000097311784;0.000661179888994;0.000003063055601;0.000033176205761;0.000041807754315;
120;d4104fba356df61f;8fde200208c4e9bc;83c3bf352d2e9471;2023-02-20T18:27:32.000Z;"Misschien es #airbnb proberen ... kwestie van geen onderlingen jaloezie te creeeren tussen de verschillende aanbieders van accomodaties in BXL..
@Nicole_demoor #vivaldi #Molenbeek #migrantcrisis
@PSofficiel
https://hln.be/brussel/politiek-zoekt-dringende-oplossing-voor-tentenkamp-in-molenbeek-situatie-is-te-onveilig~a37b04c0/…";1.0;;;36;migrantcrisis;2024-10-03 11_54_01.348625;0.001394796767272;0.000058733581682;0.000089575158199;0.000479943002574;0.000314358825563;0.000590839656070;0.000046595323511;5. Is neutral.
121;9ba2aa911a76b027;27bc67289adeebe0;f0b8a8c400410492;2022-08-26T11:16:47.000Z;alsof migratie geen EU probleem is, bij welke grens gaat u ze echt tegen houden. #migrantcrisis;;;;/Lexveldhuizen###/Lexveldhuizen###/Lexveldhuizen/status/1563123286124285953###/j_postma###/hashtag/migrantcrisis?src=hashtag_click;migrantcrisis;2024-10-03 11_54_01.348625;0.023168124258518;0.000075335723523;0.000003803214440;0.000059188561863;0.000016071600839;0.003036605194211;0.000024192766432;1. Against immigration, migrants, foreigners, refugees, or Muslims.
122;;;;;This post is unavailable.;;;;;migrantcrisis;2024-10-03 11_54_01.348625;0.000118929085147;0.000000015512335;0.000000097311784;0.000661179888994;0.000003063055601;0.000033176205761;0.000041807754315;
123;;;;;This post is unavailable.;;;;;migrantcrisis;2024-10-03 11_54_01.348625;0.000118929085147;0.000000015512335;0.000000097311784;0.000661179888994;0.000003063055601;0.000033176205761;0.000041807754315;
124;;;;;This post is unavailable.;;;;;migrantcrisis;2024-10-03 11_54_01.348625;0.000118929085147;0.000000015512335;0.000000097311784;0.000661179888994;0.000003063055601;0.000033176205761;0.000041807754315;
125;;;;;This post is unavailable.;;;;;migrantcrisis;2024-10-03 11_54_01.348625;0.000118929085147;0.000000015512335;0.000000097311784;0.000661179888994;0.000003063055601;0.000033176205761;0.000041807754315;
126;bdecbc6f087c5ede;30ece9c7ac1f460e;6e85b24216664312;2019-08-17T21:24:59.000Z;"""Unaccompanied minors"" . Wat een leugens, van begin tot eind. #Migrantcrisis #OpenArms";;1.0;1.0;/EdwinDeMol###/EdwinDeMol###/EdwinDeMol/status/1162837751684878336###/hashtag/Migrantcrisis?src=hashtag_click###/hashtag/OpenArms?src=hashtag_click;migrantcrisis;2024-10-03 11_54_01.348625;0.161062791943550;0.000005953214441;0.000003059616574;0.000844594440423;0.001275317044929;0.000395392358769;0.000020672472601;1. Against immigration, migrants, foreigners, refugees, or Muslims.
127;;;;;This post is unavailable.;;;;;migrantcrisis;2024-10-03 11_54_01.348625;0.000118929085147;0.000000015512335;0.000000097311784;0.000661179888994;0.000003063055601;0.000033176205761;0.000041807754315;
128;;;;;This post is unavailable.;;;;;migrantcrisis;2024-10-03 11_54_01.348625;0.000118929085147;0.000000015512335;0.000000097311784;0.000661179888994;0.000003063055601;0.000033176205761;0.000041807754315;
129;;;;;This post is unavailable.;;;;;migrantcrisis;2024-10-03 11_54_01.348625;0.000118929085147;0.000000015512335;0.000000097311784;0.000661179888994;0.000003063055601;0.000033176205761;0.000041807754315;
130;;;;;This post is unavailable.;;;;;migrantcrisis;2024-10-03 11_54_01.348625;0.000118929085147;0.000000015512335;0.000000097311784;0.000661179888994;0.000003063055601;0.000033176205761;0.000041807754315;
131;e062c62299a63a86;606cfc0382b97ba3;e787278e03e14a9f;2023-07-16T21:05:21.000Z;Rutte : Ze komen via LIBIË . #asielinstroom migrantcrisis;;;;142;migrantcrisis;2024-10-03 11_54_01.348625;0.048801548779011;0.000047927049309;0.000001279435992;0.000162348471349;0.000060542817664;0.005742084700614;0.000153343804413;5. Is neutral.
132;;;;;This post is unavailable.;;;;;migrantcrisis;2024-10-03 11_54_01.348625;0.000118929085147;0.000000015512335;0.000000097311784;0.000661179888994;0.000003063055601;0.000033176205761;0.000041807754315;
133;;;;;This post is unavailable.;;;;;migrantcrisis;2024-10-03 11_54_01.348625;0.000118929085147;0.000000015512335;0.000000097311784;0.000661179888994;0.000003063055601;0.000033176205761;0.000041807754315;
134;;;;;This post is unavailable.;;;;;migrantcrisis;2024-10-03 11_54_01.348625;0.000118929085147;0.000000015512335;0.000000097311784;0.000661179888994;0.000003063055601;0.000033176205761;0.000041807754315;
135;;;;;This post is unavailable.;;;;;migrantcrisis;2024-10-03 11_54_01.348625;0.000118929085147;0.000000015512335;0.000000097311784;0.000661179888994;0.000003063055601;0.000033176205761;0.000041807754315;
136;44975e8321cde82b;30ece9c7ac1f460e;6e85b24216664312;2021-05-29T21:31:01.000Z;Alarmfase 1, eigenlijk. #migrantencrisis #migrantcrisis #migranten #illegalen;;;;/EdwinDeMol###/EdwinDeMol###/EdwinDeMol/status/1398753771052744704###/hashtag/migrantencrisis?src=hashtag_click###/hashtag/migrantcrisis?src=hashtag_click###/hashtag/migranten?src=hashtag_click###/hashtag/illegalen?src=hashtag_click;migrantcrisis;2024-10-03 11_54_01.348625;0.040260989218950;0.000042064821173;0.000005934191449;0.000050097602070;0.000066267726652;0.000316182064125;0.000009241528460;1. Against immigration, migrants, foreigners, refugees, or Muslims.
137;f01170704d1dbdca;a59b1da0739609cf;388701bafc266f67;2022-11-05T16:07:27.000Z;"Wow beginnen ze het eindelijk te zien? Of zijn er binnenkort weer verkiezingen @WBHoekstra ?
Dit is echt een Kabinet van list en bedrog.
#migrantcrisis #woningnood #vluchtelingen
https://telegraaf.nl/nieuws/334849718/cda-leider-hoekstra-huidige-instroom-migranten-is-niet-vol-te-houden…";;2.0;2.0;/antznl###/antznl###/antznl/status/1588925971700551680###/WBHoekstra###/hashtag/migrantcrisis?src=hashtag_click###/hashtag/woningnood?src=hashtag_click###/hashtag/vluchtelingen?src=hashtag_click###https://t.co/54fBOcV2Ne;migrantcrisis;2024-10-03 11_54_01.348625;0.164451360702515;0.000089575747552;0.000037961803173;0.000200179463718;0.000118589014164;0.002994951093569;0.000062051265559;1. Against immigration, migrants, foreigners, refugees, or Muslims.
138;;;;;This post is unavailable.;;;;;migrantcrisis;2024-10-03 11_54_01.348625;0.000118929085147;0.000000015512335;0.000000097311784;0.000661179888994;0.000003063055601;0.000033176205761;0.000041807754315;
139;;;;;This post is unavailable.;;;;;migrantcrisis;2024-10-03 11_54_01.348625;0.000118929085147;0.000000015512335;0.000000097311784;0.000661179888994;0.000003063055601;0.000033176205761;0.000041807754315;
140;f323e67f044025c0;017351b0366c2582;969b0d4029b3312f;2021-08-24T15:57:04.000Z;"Hoeveel tolken, ambassademedewerkers en andere dienstverleners had Nederland in Afghanistan in dienst denkt u?
#Afghanistan
#migrantcrisis 
##toekomstkiezen  @geertwilderspvv";;;;/Prikkeldraaad###/Prikkeldraaad###/Prikkeldraaad/status/1430197474015256580###/hashtag/Afghanistan?src=hashtag_click###/hashtag/migrantcrisis?src=hashtag_click###/hashtag/toekomstkiezen?src=hashtag_click###/geertwilderspvv;migrantcrisis;2024-10-03 11_54_01.348625;0.006541399750859;0.001418206724338;0.000008578421330;0.000138274786877;0.000099363896879;0.001807380351238;0.000091613779659;5. Is neutral.
141;325e524fe5bc1c2d;606cfc0382b97ba3;e787278e03e14a9f;2021-08-01T13:18:40.000Z;Meer dan 4OO migranten gered voor de Tunesische kust . #migrantcrisis;;;;/Paradijsvogel2###/Paradijsvogel2###/Paradijsvogel2/status/1421822692714500098###/hashtag/migrantcrisis?src=hashtag_click;migrantcrisis;2024-10-03 11_54_01.348625;0.002777379471809;0.000154491630383;0.000056248438341;0.000415105809225;0.000091691646958;0.006125459913164;0.000737744150683;5. Is neutral.
142;;;;;This post is unavailable.;;;;;migrantcrisis;2024-10-03 11_54_01.348625;0.000118929085147;0.000000015512335;0.000000097311784;0.000661179888994;0.000003063055601;0.000033176205761;0.000041807754315;
143;;;;;This post is unavailable.;;;;;migrantcrisis;2024-10-03 11_54_01.348625;0.000118929085147;0.000000015512335;0.000000097311784;0.000661179888994;0.000003063055601;0.000033176205761;0.000041807754315;
144;c5711dd96769fed4;81f8f6dde88365f3;20011cde6912ac60;2022-12-14T17:53:03.000Z;"#nieuwsuur
@MinPres
@VVD_Europa
@D66_Europa
@geertwilderspvv
@Amsterdam
@EP_JA21
#migratie #asiel #migrantcrisis

Discussie over VN-migratiepact, scheurtjes al voor de ondertekening -";;;1.0;/j_flamingo###/j_flamingo###/j_flamingo/status/1603085673883439107###/hashtag/nieuwsuur?src=hashtag_click###/MinPres###/VVD_Europa###/D66_Europa###/geertwilderspvv###/Amsterdam###/EP_JA21###/hashtag/migratie?src=hashtag_click###/hashtag/asiel?src=hashtag_click###/hashtag/migrantcrisis?src=hashtag_click###https://t.co/fxGMCQG6Rt;migrantcrisis;2024-10-03 11_54_01.348625;0.022372914478183;0.000527690164745;0.000777383742388;0.000120083452202;0.000348333996953;0.015962304547429;0.001283008488826;5. Is neutral.
145;;;;;This post is unavailable.;;;;;migrantcrisis;2024-10-03 11_54_01.348625;0.000118929085147;0.000000015512335;0.000000097311784;0.000661179888994;0.000003063055601;0.000033176205761;0.000041807754315;
146;;;;;This post is unavailable.;;;;;migrantcrisis;2024-10-03 11_54_01.348625;0.000118929085147;0.000000015512335;0.000000097311784;0.000661179888994;0.000003063055601;0.000033176205761;0.000041807754315;
147;786a4ef78925fff8;30ece9c7ac1f460e;6e85b24216664312;2020-03-01T19:51:42.000Z;"Met het toelaten van zulk tuig weet je  zeker dat de Europese Unie, maar ook Europa als geheel, een hele onzekere toekomst tegemoet gaat. “A better future?” Ja, door je eigen land opnieuw op te bouwen. 
#asieleisers #GreeceUnderAttack #Migranten #MigrantCrisis #Greece #Erdogan";;;1.0;/EdwinDeMol###/EdwinDeMol###/EdwinDeMol/status/1234204685961134086###/hashtag/asieleisers?src=hashtag_click###/hashtag/GreeceUnderAttack?src=hashtag_click###/hashtag/Migranten?src=hashtag_click###/hashtag/MigrantCrisis?src=hashtag_click###/hashtag/Greece?src=hashtag_click###/hashtag/Erdogan?src=hashtag_click;migrantcrisis;2024-10-03 11_54_01.348625;0.767517566680908;0.006203822791576;0.000002857702839;0.000072711009125;0.000020096069420;0.318144708871841;0.000326279259752;1. Against immigration, migrants, foreigners, refugees, or Muslims.
148;;;;;This post is unavailable.;;;;;migrantcrisis;2024-10-03 11_54_01.348625;0.000118929085147;0.000000015512335;0.000000097311784;0.000661179888994;0.000003063055601;0.000033176205761;0.000041807754315;
149;;;;;This post is unavailable.;;;;;migrantcrisis;2024-10-03 11_54_01.348625;0.000118929085147;0.000000015512335;0.000000097311784;0.000661179888994;0.000003063055601;0.000033176205761;0.000041807754315;
150;;;;;This post is unavailable.;;;;;migrantcrisis;2024-10-03 11_54_01.348625;0.000118929085147;0.000000015512335;0.000000097311784;0.000661179888994;0.000003063055601;0.000033176205761;0.000041807754315;
151;;;;;This post is unavailable.;;;;;migrantcrisis;2024-10-03 11_54_01.348625;0.000118929085147;0.000000015512335;0.000000097311784;0.000661179888994;0.000003063055601;0.000033176205761;0.000041807754315;
152;;;;;This post is unavailable.;;;;;migrantcrisis;2024-10-03 11_54_01.348625;0.000118929085147;0.000000015512335;0.000000097311784;0.000661179888994;0.000003063055601;0.000033176205761;0.000041807754315;
153;;;;;This post is unavailable.;;;;;migrantcrisis;2024-10-03 11_54_01.348625;0.000118929085147;0.000000015512335;0.000000097311784;0.000661179888994;0.000003063055601;0.000033176205761;0.000041807754315;
154;;;;;This post is unavailable.;;;;;migrantcrisis;2024-10-03 11_54_01.348625;0.000118929085147;0.000000015512335;0.000000097311784;0.000661179888994;0.000003063055601;0.000033176205761;0.000041807754315;
155;;;;;This post is unavailable.;;;;;migrantcrisis;2024-10-03 11_54_01.348625;0.000118929085147;0.000000015512335;0.000000097311784;0.000661179888994;0.000003063055601;0.000033176205761;0.000041807754315;
156;ed802765645bbf6c;e41a57a1bf0f2ab8;a5061a72db58cc9d;2022-09-11T18:08:10.000Z;"Dus... als je tegen geweld bent... ben je radicaal -rechts! Omdat het om migranten gaat...
Wat een bullshit!!#asielcrisis #asielzoekers #migrantcrisis Onvrede over geweld en criminaliteit duwt veel Zweden richting radicaal-rechts https://nrc.nl/nieuws/2022/09/10/elke-zweedse-stad-heeft-wel-een-arby-a4141412…";;;1.0;/RaymondBartens###/RaymondBartens###/RaymondBartens/status/1569025018926956545###/hashtag/asielcrisis?src=hashtag_click###/hashtag/asielzoekers?src=hashtag_click###/hashtag/migrantcrisis?src=hashtag_click###https://t.co/F77gqM2XrR;migrantcrisis;2024-10-03 11_54_01.348625;0.293759435415268;0.000054991858633;0.000578123668674;0.000096401541668;0.000036454366636;0.117734916508198;0.000252312020166;1. Against immigration, migrants, foreigners, refugees, or Muslims.
157;9a7d5c3ac1ceeda0;30ece9c7ac1f460e;6e85b24216664312;2020-05-19T17:47:54.000Z;Even in de categorie ongemakkelijke waarheid. Bron is VN-rapport: Less than 3% of migrants who reached Italy were refugees' #migranten #migrantcrisis #mensenhandel #HumanTrafficking #graaicultuur https://dailymail.co.uk/news/article-4442910/Less-3-migrants-reached-Italy-refugees.html…;;1.0;;/EdwinDeMol###/EdwinDeMol###/EdwinDeMol/status/1262802171818622978###/hashtag/migranten?src=hashtag_click###/hashtag/migrantcrisis?src=hashtag_click###/hashtag/mensenhandel?src=hashtag_click###/hashtag/HumanTrafficking?src=hashtag_click###/hashtag/graaicultuur?src=hashtag_click###https://t.co/SCruRD8m7m;migrantcrisis;2024-10-03 11_54_01.348625;0.015301561914384;0.000060021829995;0.000017969152395;0.002276072977111;0.000488681602292;0.001550731714815;0.000347656226950;1. Against immigration, migrants, foreigners, refugees, or Muslims.
158;;;;;This post is unavailable.;;;;;migrantcrisis;2024-10-03 11_54_01.348625;0.000118929085147;0.000000015512335;0.000000097311784;0.000661179888994;0.000003063055601;0.000033176205761;0.000041807754315;
159;;;;;This post is unavailable.;;;;;migrantcrisis;2024-10-03 11_54_01.348625;0.000118929085147;0.000000015512335;0.000000097311784;0.000661179888994;0.000003063055601;0.000033176205761;0.000041807754315;
160;4d2d167541df7494;3cd3e48c60242cb5;7b994de3049a0980;2019-10-17T09:24:48.000Z;@FranckenTheo ik dacht dat je opkwam tegen transmigranten en voor onafhankelijk Vlaanderen fijn dat we die misconcepties kunnen laten vallen! #kanker #vivaLaGuardiacivil #Vlaanderen #TheoFrancken #migrantcrisis;;;;/JozefkeAmbt###/JozefkeAmbt###/JozefkeAmbt/status/1184762171802181632###/FranckenTheo###/hashtag/kanker?src=hashtag_click###/hashtag/vivaLaGuardiacivil?src=hashtag_click###/hashtag/Vlaanderen?src=hashtag_click###/hashtag/TheoFrancken?src=hashtag_click###/hashtag/migrantcrisis?src=hashtag_click;migrantcrisis;2024-10-03 11_54_01.348625;0.114287182688713;0.000043239590013;0.000010289945749;0.000040498915041;0.000006871078313;0.006950943730771;0.000006953782759;1. Against immigration, migrants, foreigners, refugees, or Muslims.
161;;;;;This post is unavailable.;;;;;migrantcrisis;2024-10-03 11_54_01.348625;0.000118929085147;0.000000015512335;0.000000097311784;0.000661179888994;0.000003063055601;0.000033176205761;0.000041807754315;
162;;;;;This post is unavailable.;;;;;migrantcrisis;2024-10-03 11_54_01.348625;0.000118929085147;0.000000015512335;0.000000097311784;0.000661179888994;0.000003063055601;0.000033176205761;0.000041807754315;
163;;;;;This post is unavailable.;;;;;migrantcrisis;2024-10-03 11_54_01.348625;0.000118929085147;0.000000015512335;0.000000097311784;0.000661179888994;0.000003063055601;0.000033176205761;0.000041807754315;
164;;;;;This post is unavailable.;;;;;migrantcrisis;2024-10-03 11_54_01.348625;0.000118929085147;0.000000015512335;0.000000097311784;0.000661179888994;0.000003063055601;0.000033176205761;0.000041807754315;
165;;;;;This post is unavailable.;;;;;migrantcrisis;2024-10-03 11_54_01.348625;0.000118929085147;0.000000015512335;0.000000097311784;0.000661179888994;0.000003063055601;0.000033176205761;0.000041807754315;
166;;;;;This post is unavailable.;;;;;migrantcrisis;2024-10-03 11_54_01.348625;0.000118929085147;0.000000015512335;0.000000097311784;0.000661179888994;0.000003063055601;0.000033176205761;0.000041807754315;
167;18b0080fca4a6576;bbda717a969cd343;d93d01dad2c67247;2022-06-30T05:31:56.000Z;"Wanneer luisteren jullie dan naar de mensen?
Met de #toeslagenaffaire? Het #aardbeving dossier? De afgelopen twee jaar tijdens de #Corona toestand? Of ooit over de #migrantcrisis?
Jullie zijn doof en blind voor elk ander argument en doen altijd wat jullie en de EU willen.";;;;/WillemB71###/WillemB71###/WillemB71/status/1542380392707248128###/WBHoekstra###/hashtag/toeslagenaffaire?src=hashtag_click###/hashtag/aardbeving?src=hashtag_click###/hashtag/Corona?src=hashtag_click###/hashtag/migrantcrisis?src=hashtag_click;migrantcrisis;2024-10-03 11_54_01.348625;0.378688991069794;0.000008041196452;0.000003789608627;0.000163196047651;0.000068688685133;0.036176554858684;0.000021453724912;1. Against immigration, migrants, foreigners, refugees, or Muslims.
168;199638b1870ab6e1;27cee47e5216de07;b48e1c41f2b25ee0;2018-07-04T09:01:44.000Z;'Parijs laat 200 migrantenkinderen op straat zwerven' /via @NOS ⁦@TF1⁩ #France #MigrantCrisis #lesenfants #mineur http://nos.nl/l/2239799;;;;/asnah_ramdajal###/asnah_ramdajal###/asnah_ramdajal/status/1014434072716771328###/NOS###/TF1###/hashtag/France?src=hashtag_click###/hashtag/MigrantCrisis?src=hashtag_click###/hashtag/lesenfants?src=hashtag_click###/hashtag/mineur?src=hashtag_click###https://t.co/YptR9g7IsV;migrantcrisis;2024-10-03 11_54_01.348625;0.031479910016060;0.000242259382503;0.000024335235139;0.001048544771038;0.005732964258641;0.013184060342610;0.000370079505956;5. Is neutral.
169;a7cc6928401dc2bf;20526387bce5cbce;0a42c88d276fdbf6;2023-07-18T09:28:35.000Z;"https://thesun.co.uk/news/politics/23088163/bibby-stockholm-arrives-in-dorset/?utm_medium=browser_notifications&utm_source=pushly&utm_campaign=HK-pushly… (July 18, 2023; 16:30 HKT) #MIGRANTCRISIS #ENGLAND";;;;15;migrantcrisis;2024-10-03 11_54_01.348625;0.001944455085322;0.000054183030443;0.000002931973313;0.000167991500348;0.000062836807047;0.000904465327039;0.000090714987891;6. Other: link without expressed sentiment.
170;063550bdfed8e35b;20526387bce5cbce;0a42c88d276fdbf6;2023-07-28T09:38:21.000Z;"https://thesun.co.uk/news/politics/23220762/suella-braverman-buys-hundreds-of-tents/?utm_medium=browser_notifications&utm_source=pushly&utm_campaign=HK-pushly… (July 28, 2023; 15:40 HKT) #MIGRANTCRISIS #BRITAIN";;;;9;migrantcrisis;2024-10-03 11_54_01.348625;0.001355493906885;0.000119297539641;0.000009975490684;0.000092951078841;0.000028521966669;0.000720968935639;0.000068445966463;6. Other: Link without expressed sentiment.
171;1dc4c355acd503d6;20526387bce5cbce;0a42c88d276fdbf6;2023-07-27T06:20:03.000Z;"https://english.alarabiya.net/News/north-africa/2023/07/26/Bodies-of-901-drowned-migrants-recovered-off-Tunisian-coast-between-January-and-July-… (July 27, 2023; 12:00 HKT) #MIGRANTCRISIS #MIGRANTS #TUNISIA";;;;7;migrantcrisis;2024-10-03 11_54_01.348625;0.000169948049006;0.000416750262957;0.000014230298802;0.000131317225168;0.000077248951129;0.022458363324404;0.003298654220998;5. Is neutral.
172;e46675edcd3dba71;c32958e78a266db8;7e88a5ac2d051998;2022-02-08T12:55:11.000Z;"PAAP OF AAP !!
#migrantworkers
#MigrantCrisis
#Delhi
#ArvindKejriwal";;;;/IamVishnu_Singh###/IamVishnu_Singh###/IamVishnu_Singh/status/1491032863365791746###/hashtag/migrantworkers?src=hashtag_click###/hashtag/MigrantCrisis?src=hashtag_click###/hashtag/Delhi?src=hashtag_click###/hashtag/ArvindKejriwal?src=hashtag_click;migrantcrisis;2024-10-03 11_54_01.348625;0.000204265073989;0.000003527672334;0.000001112465270;0.000007634624126;0.000003384793445;0.000029283290132;0.000005591687113;6. Other: unclear stance on immigration.
173;962093933fdd9ebe;72be434f34d72495;199de37cf751daaf;2022-10-11T13:15:48.000Z;"(ENG ) Opiniestuk van onze fractievoorzitter @ortjens over de ""migrantencrisis"", maar wiens crisis is dit nu eigenlijk?

(ENG) Opinion piece by our party leader @ortjens on the ""migrantcrisis"", but whose crisis is this really?";;;1.0;/VoltMaastricht###/VoltMaastricht###/VoltMaastricht/status/1579823078389207040###/ortjens###/ortjens###https://t.co/5Skj8n2sCK;migrantcrisis;2024-10-03 11_54_01.348625;0.002289759926498;0.000000617147180;0.000012409282135;0.000021242502044;0.000019664394131;0.000067740533268;0.000005465897630;5. Is neutral.
174;;;;;This post is unavailable.;;;;;migrantcrisis;2024-10-03 11_54_01.348625;0.000118929085147;0.000000015512335;0.000000097311784;0.000661179888994;0.000003063055601;0.000033176205761;0.000041807754315;
175;;;;;This post is unavailable.;;;;;migrantcrisis;2024-10-03 11_54_01.348625;0.000118929085147;0.000000015512335;0.000000097311784;0.000661179888994;0.000003063055601;0.000033176205761;0.000041807754315;
176;8019634dfe5f21eb;43565cdbfee62fd9;f89439f3304778de;2022-09-23T08:22:37.000Z;"In Hannover moeten werknemers in de publieke sector bewijzen dat ze een ""migratieachtergrond"" hebben. Duitsers moeten worden uitgeselecteerd  en het aandeel migranten moet met  30 procent worden verhoogd, ongeacht de kwalificaties. #migrantcrisis #asielzoekers";;;;/EllyB53292373###/EllyB53292373###/EllyB53292373/status/1573226316932972548###/hashtag/migrantcrisis?src=hashtag_click###/hashtag/asielzoekers?src=hashtag_click;migrantcrisis;2024-10-03 11_54_01.348625;0.345806926488876;0.059478577226400;0.000036191737308;0.000085916217358;0.000053408657550;0.106653444468975;0.000240881636273;1. Against immigration, migrants, foreigners, refugees, or Muslims.
177;fe9a7c0dbb04fa22;d6c0f022538ba98c;66bbd5b805809c94;2024-04-21T14:02:39.000Z;Migratiedeals kunnen mensonterende omstandigheden veroorzaken: overvolle kampen, geen onderdak en onvoldoende eten en water. Nederland moet nú stoppen met onderhandelen over mensenlevens. Teken de oproep! https://amnesty.nl/forms/dealbreakers… via @amnestynl #migration #migrants #migrantcrisis;;;;11;migrantcrisis;2024-10-03 11_54_01.348625;0.057884417474270;0.001558780902997;0.000162448661285;0.000042936753744;0.000008042960872;0.021702393889427;0.000035858771298;2. In support of immigration, migrants, foreigners, refugees, or Muslims.
178;;;;;This post is unavailable.;;;;;migrantcrisis;2024-10-03 11_54_01.348625;0.000118929085147;0.000000015512335;0.000000097311784;0.000661179888994;0.000003063055601;0.000033176205761;0.000041807754315;
179;;;;;This post is unavailable.;;;;;migrantcrisis;2024-10-03 11_54_01.348625;0.000118929085147;0.000000015512335;0.000000097311784;0.000661179888994;0.000003063055601;0.000033176205761;0.000041807754315;
180;46ca89c67dcd5eef;30ece9c7ac1f460e;6e85b24216664312;2018-12-12T19:17:31.000Z;Dat bedrag als vast schadevergoedingsbedrag per  slachtoffer van moslimterrorisme. Lijkt me een beter idee. Te beginnen in Straatsburg...#migrantenkrise #migrantencrisis #Straatsburg #moslimterrorisme #Strasbourg #migrantcrisis #radical #godsdienstwaanzin #jihad #veiligheid;;;1.0;/EdwinDeMol###/EdwinDeMol###/EdwinDeMol/status/1072933483381702656###/trias_politica###/telegraaf###/hashtag/migrantenkrise?src=hashtag_click###/hashtag/migrantencrisis?src=hashtag_click###/hashtag/Straatsburg?src=hashtag_click###/hashtag/moslimterrorisme?src=hashtag_click###/hashtag/Strasbourg?src=hashtag_click###/hashtag/migrantcrisis?src=hashtag_click###/hashtag/radical?src=hashtag_click###/hashtag/godsdienstwaanzin?src=hashtag_click###/hashtag/jihad?src=hashtag_click###/hashtag/veiligheid?src=hashtag_click;migrantcrisis;2024-10-03 11_54_01.348625;0.403242677450180;0.002814363921061;0.000051165006880;0.000086891843239;0.000036615998397;0.099383562803268;0.000415734655689;1. Against immigration, migrants, foreigners, refugees, or Muslims.
181;c96c9a2fdfb39ac8;fcbc16f6db2bcb04;73301691d62d680a;2020-08-23T19:45:43.000Z;"#migration
#migrantcrisis
#immigrazione
#immigrati
#Immigrants
#Marokkanenprobleem 

FVD presenteert: ""De Prijs van Diversiteit"" https://youtu.be/agru78oVa7Y via @YouTube";;;;/Lucas1248421###/Lucas1248421###/Lucas1248421/status/1297621056757301248###/hashtag/migration?src=hashtag_click###/hashtag/migrantcrisis?src=hashtag_click###/hashtag/immigrazione?src=hashtag_click###/hashtag/immigrati?src=hashtag_click###/hashtag/Immigrants?src=hashtag_click###/hashtag/Marokkanenprobleem?src=hashtag_click###https://t.co/trYHoq4far###/YouTube;migrantcrisis;2024-10-03 11_54_01.348625;0.033192027360201;0.000201774368179;0.000000999453505;0.000249241304118;0.000023522719857;0.002553342608735;0.000150005231262;1. Against immigration, migrants, foreigners, refugees, or Muslims.
182;2471ad1911ac2e67;fcbc16f6db2bcb04;73301691d62d680a;2020-08-20T04:40:23.000Z;"#migrantcrisis
#Marokkanenprobleem
#zwartepiet 

FVD presenteert: ""De Prijs van Diversiteit"" https://youtu.be/FQJXwnRm4Qw via @YouTube";;;;/Lucas1248421###/Lucas1248421###/Lucas1248421/status/1296306059074777088###/hashtag/migrantcrisis?src=hashtag_click###/hashtag/Marokkanenprobleem?src=hashtag_click###/hashtag/zwartepiet?src=hashtag_click###https://t.co/ToTr20xkAk###/YouTube;migrantcrisis;2024-10-03 11_54_01.348625;0.133756950497627;0.000721750780940;0.000000535025777;0.000343158317264;0.000089385888714;0.004710764158517;0.000242520778556;1. Against immigration, migrants, foreigners, refugees, or Muslims.
183;ff0c90664b18f9e9;0ca0a878b96d7d78;ee5a74375270564f;2018-07-01T05:32:21.000Z;Eindelijk goed nieuws! Nu doorzetten @markharbers er zijn ook wetenschappers onder hen die nu niet kunnen werken op hun niveau ivm diploma’s! #Migrantcrisis #vluchtelingen;;;;/syldebacker###/syldebacker###/syldebacker/status/1013294215005114368###/markharbers###/hashtag/Migrantcrisis?src=hashtag_click###/hashtag/vluchtelingen?src=hashtag_click;migrantcrisis;2024-10-03 11_54_01.348625;0.016040688380599;0.000021364970962;0.000003804970447;0.000033440930565;0.000021769796149;0.000257266801782;0.000003919150458;2. In support of immigration, migrants, foreigners, refugees, or Muslims.
184;e0ca5a753224d3f0;c5753345f65416a3;d426e75bc6b6ac36;2018-08-17T22:37:00.000Z;.@guyverhofstadt @ManfredWeber  Er zijn stiekem heel veel  Europeanen met dezelfde opvatting...Hoofdtaak van iedere regering, dus ook #EU, is om eigen burgers te beschermen. Dat lukt nog niet erg...#migrantcrisis #Offenburg #wirschaffendas #migrantencrisis #migrantenkrise #Europa;;;;/BlogopZondag###/BlogopZondag###/BlogopZondag/status/1030584307264434176###/guyverhofstadt###/ManfredWeber###/hashtag/EU?src=hashtag_click###/hashtag/migrantcrisis?src=hashtag_click###/hashtag/Offenburg?src=hashtag_click###/hashtag/wirschaffendas?src=hashtag_click###/hashtag/migrantencrisis?src=hashtag_click###/hashtag/migrantenkrise?src=hashtag_click###/hashtag/Europa?src=hashtag_click;migrantcrisis;2024-10-03 11_54_01.348625;0.012414872646332;0.000028017249861;0.000004862706646;0.000049827740440;0.000016706790120;0.000465120829176;0.000017840509827;1. Against immigration, migrants, foreigners, refugees, or Muslims.
185;255b768fad47ed1c;137f0849289f815e;6078cfc929b73778;2019-01-24T12:36:02.000Z;"A L L E S    I E S     G R A T I E S    I N    N E D E R L A N D.

Dat heet  segmenteren of doelgroep kiezen.

#Migranten
#Migrantcrisis";;;;/cor_badstof###/cor_badstof###/cor_badstof/status/1088415125231620103###/hashtag/Migranten?src=hashtag_click###/hashtag/Migrantcrisis?src=hashtag_click;migrantcrisis;2024-10-03 11_54_01.348625;0.214908599853516;0.002394081559032;0.000077144337411;0.000149272396811;0.000122644400108;0.005092867184430;0.001086210366338;1. Against immigration, migrants, foreigners, refugees, or Muslims.
186;67da578a5a781be9;dd78a7f3c0eb8f8c;82a5b060cf6f1c0c;2022-01-23T10:23:09.000Z;Poolse hulpverleners: migrantencrisis Belarus nog niet voorbij https://telegraaf.nl/t/516120855/ via @telegraaf don't blame @Poland @LVinEU @lituaniaenecu  for the migrantcrisis. This was set up by Belarus, they are the bad boys. @BorderGroup;;;;/11Gerard###/11Gerard###/11Gerard/status/1485196396747804675###https://t.co/2jeD54Spz2###/telegraaf###/Poland###/LVinEU###/lituaniaenecu###/BorderGroup;migrantcrisis;2024-10-03 11_54_01.348625;0.026255082339048;0.000101075856946;0.000022103145966;0.000351314491127;0.000140773510793;0.003754060016945;0.000017206941266;5. Is neutral.
187;77d4d70d852f373e;3b34dfe745a312b4;c4a6ab1c0e6e3461;2020-03-15T08:44:00.000Z;Om over de #migrantcrisis maar weer eens te zwijgen @PeterRdeV;;;;/mata4freedom###/mata4freedom###/mata4freedom/status/1239110083260317696###/PRDVFoundation###/PeterRdeV###/hashtag/migrantcrisis?src=hashtag_click###/PeterRdeV;migrantcrisis;2024-10-03 11_54_01.348625;0.176658034324646;0.000006623145509;0.000028383366953;0.000083624887338;0.000046430453949;0.001209267647937;0.000024234885132;5. Is neutral.
188;a613cf8f468dadee;30ece9c7ac1f460e;6e85b24216664312;2020-02-29T15:25:18.000Z;Het klinkt bijzonder maar het zou normaal moeten zijn dat een regeringsleider, zoals @sebastiankurz dat doet, de veiligheid en het welzijn van zijn inwoners vooropstelt. #migrants #MigrantCrisis #Turkije #migranten #migrantenkrise #kurz;;;1.0;/EdwinDeMol###/EdwinDeMol###/EdwinDeMol/status/1233775257619701768###/sebastiankurz###/hashtag/migrants?src=hashtag_click###/hashtag/MigrantCrisis?src=hashtag_click###/hashtag/Turkije?src=hashtag_click###/hashtag/migranten?src=hashtag_click###/hashtag/migrantenkrise?src=hashtag_click###/hashtag/kurz?src=hashtag_click;migrantcrisis;2024-10-03 11_54_01.348625;0.003209177171811;0.000008625039300;0.000027641086490;0.000012411863281;0.000031564850360;0.000410863605794;0.000011930766959;1. Against immigration, migrants, foreigners, refugees, or Muslims.
189;022d8f144ef74cd1;b431949cdab713d7;95c62bc92dad6b9a;2024-07-04T07:55:02.000Z;Waarom stemmen kiezers #rechts, @PVVpers , @VVD of rechtser? Waarom is de #integratie mislukt, maar de #infiltratie in volle gang? Alles in 1 clip #Turen #segregatie #pvv #vvd #migrantcrisis;;;;20;migrantcrisis;2024-10-03 11_54_01.348625;0.062847204506397;0.002212917897850;0.000015204200281;0.000439117284259;0.000530223653186;0.008759900927544;0.008973072282970;1. Against immigration, migrants, foreigners, refugees, or Muslims.
190;fb394bd4313fc168;ea72c79594296e45;d09aeb5ec90ef02c;2022-10-18T22:31:13.000Z;"Juist. Maar als t eten op is en ze de iphone niet meer kunnen opladen, zullen ze vervolgens toch massaal naar de 'racistische' EU en vooral NL ""vluchten"". 
#ASIELSTOP #migrantcrisis
#asielcrisis #vluchtelingen #kansparels #gelukzoekers #stikstofprobleem #hypocrisie";;;;/PeterrMeterr###/PeterrMeterr###/PeterrMeterr/status/1582499570223054848###/margriet49###/Polska82###/PeterrMeterr/status/1582499570223054848/people###/hashtag/ASIELSTOP?src=hashtag_click###/hashtag/migrantcrisis?src=hashtag_click###/hashtag/asielcrisis?src=hashtag_click###/hashtag/vluchtelingen?src=hashtag_click###/hashtag/kansparels?src=hashtag_click###/hashtag/gelukzoekers?src=hashtag_click###/hashtag/stikstofprobleem?src=hashtag_click###/hashtag/hypocrisie?src=hashtag_click;migrantcrisis;2024-10-03 11_54_01.348625;0.180596008896828;0.000605949491728;0.000668476161081;0.000058402045397;0.000045629902161;0.012722942046821;0.000737219525035;1. Against immigration, migrants, foreigners, refugees, or Muslims.
1;6a5695b19f2122e3;e96e536bfed7d12a;59d2013510f52df9;2023-05-15T06:13:01.000Z;Uitstekend idee dit @StasJenV !? Zo draai je het verdienmodel van de mensensmokkelaars de nek om en dan stokt migratie vanzelf. Ietsom over na te denken toch!? #migrantcrisis;;;;17;migrantcrisis;2024-10-13 10_18_03.146116;0.108791477978229;0.002765034558252;0.000172852334799;0.000045652624976;0.000004703967988;0.043769866228104;0.000238612687099;1. Against immigration, migrants, foreigners, refugees, or Muslims.
2;b3b1312ccdcea55b;30de264b292732e5;6d2942f8760f3370;2023-01-26T22:13:55.000Z;"De beste grappen hoor je in verkiezingstijd
in 1 jaar 402.000 migranten zonder uitnodiging.
#verkiezingen #VVD #D66 #groenlinks #Politiek #migrantcrisis #Mensenhandel zonder Grenzen ( op andermans kosten ) #Politiek";;;;84;migrantcrisis;2024-10-13 10_18_03.146116;0.020132267847657;0.000053326108173;0.000014462745639;0.000924904481508;0.000078056524217;0.003248497843742;0.000097952834039;1. Against immigration, migrants, foreigners, refugees, or Muslims.
3;9f4e6bc65f0c49a3;ed5324cd4ee8b88f;2dc80c0a078bfdcd;2022-07-30T18:50:55.000Z;"Er móét gewoon een verdienmodel aan ten grondslag liggen getuige de vele tripjes tussen Libië en Italië van #NGO-schepen, die met volledig medeweten en goedkeuring van de #EuropeseUnie 1000-en #migranten Europa in smokkelen. 
#migrantcrisis #Immigration";3.0;55.0;54.0;/CoraWeg###/CoraWeg###/CoraWeg/status/1553453100287025156###/hashtag/NGO?src=hashtag_click###/hashtag/EuropeseUnie?src=hashtag_click###/hashtag/migranten?src=hashtag_click###/hashtag/migrantcrisis?src=hashtag_click###/hashtag/Immigration?src=hashtag_click;migrantcrisis;2024-10-13 10_18_03.146116;0.033936806023121;0.000047389577958;0.000032524054404;0.001304855919443;0.001452531432733;0.003652906510979;0.000094316710602;1. Against immigration, migrants, foreigners, refugees, or Muslims.
4;e36a4bf37f0dce58;35c88f9b583366e5;2b3368832de6e0d0;2023-07-14T17:26:17.000Z;"#klaarmetRutte 
Hongarije heeft de oplossing gevonden voor de migrantcrisis : geen afgeronde asielprocedure, geen toegang tot de EU. Dit is het Hongaarse systeem en het werkt. Nu wil Brussel het vernietigen.! dit laat ik niet gebeuren  Orbán Viktor";3.0;33.0;48.0;1,6K;migrantcrisis;2024-10-13 10_18_03.146116;0.074231825768948;0.001509936177172;0.001013013999909;0.000059270172642;0.000037079727917;0.099818587303162;0.000858579820488;1. Against immigration, migrants, foreigners, refugees, or Muslims.
5;c4ac8fde51ab3d2f;28fbc175ccf963db;5915afe945514a83;2021-08-27T21:31:25.000Z;"#Afghanistan #migrantcrisis 
Oef, wat een opluchting zeg !
#simplisme bij @vrtnws";;;2.0;/Belgonerd1###/Belgonerd1###/Belgonerd1/status/1431368780437929984###/hashtag/Afghanistan?src=hashtag_click###/hashtag/migrantcrisis?src=hashtag_click###/hashtag/simplisme?src=hashtag_click###/vrtnws;migrantcrisis;2024-10-13 10_18_03.146116;0.011305084452033;0.000006193373792;0.000071519745688;0.000194654188817;0.000074605522968;0.000812798738480;0.000085416926595;5. Is neutral.
6;02c193e18c564c78;afa7b3d0ac082475;808f768ee705142a;2022-08-29T09:04:31.000Z;@D66  en @VVD  zeggen kom maar hoor wij hebben plek zat! #migrantcrisis  ‘Monstermoesson’ in Pakistan: 33 miljoen mensen op de vlucht https://ad.nl/buitenland/monstermoesson-in-pakistan-33-miljoen-mensen-op-de-vlucht~a7729c1af/?utm_source=twitter&utm_medium=social&utm_campaign=socialsharing_web…;;;;/hetdieptepunt###/hetdieptepunt###/hetdieptepunt/status/1564177163825340416###/D66###/VVD###/hashtag/migrantcrisis?src=hashtag_click###https://t.co/zegkbruBuB;migrantcrisis;2024-10-13 10_18_03.146116;0.016697490587830;0.000465256976895;0.000023214139219;0.000137800132507;0.000045445431169;0.015969181433320;0.000328321213601;1. Against immigration, migrants, foreigners, refugees, or Muslims.
7;f4c62253bd42748f;c5753345f65416a3;d426e75bc6b6ac36;2018-06-24T16:55:09.000Z;"Blog op Zondag | Opvangcentra in Europa voor migranten zijn geen goed idee. Drie redenen. https://bit.ly/2lzZ6vz
#migranten #MigrantCrisis #EU #opvangcentra #MigrationEU";;1.0;1.0;/BlogopZondag###/BlogopZondag###/BlogopZondag/status/1010929330023739393###https://t.co/pX3OvNZx3F###/hashtag/migranten?src=hashtag_click###/hashtag/MigrantCrisis?src=hashtag_click###/hashtag/EU?src=hashtag_click###/hashtag/opvangcentra?src=hashtag_click###/hashtag/MigrationEU?src=hashtag_click;migrantcrisis;2024-10-13 10_18_03.146116;0.095592699944973;0.000083872218966;0.000002278152124;0.000131022548885;0.000187091078260;0.000810529454611;0.000011948016436;1. Against immigration, migrants, foreigners, refugees, or Muslims.
8;20e4492af6ff8ad1;74607ab5486101c8;3f4b06727f5114f1;2024-08-26T12:05:33.000Z;"Opnieuw 301 illegale migranten aangekomen in Lampedusa op 8 boten 

Vandaag arriveerden 301 migranten in Lampedusa, terwijl er gisteren al 450 aankwamen. De korte termijn opvangcentra zijn inmiddels overvol. Een nieuwe migrantcrisis lijkt zich te ontwikkelen op Lampedusa";4.0;5.0;2.0;380;migrantcrisis;2024-10-13 10_18_03.146116;0.078819736838341;0.000735753739718;0.000207481512916;0.002849531592801;0.004227765370160;0.019401161000132;0.000215249863686;5. Is neutral.
9;48445a75892f070d;1934fec4d9309d32;a22310a113639dbb;2022-07-18T08:43:16.000Z;"Een paspoort kopen vind EU niet leuk.

Men moet namelijk afhankelijk zijn, jarenlang in de migratiemolen hangen, zodat alle migratiebaantjes intact blijven.

Zomaar een zak geld op tafel leggen, dat is veelste efficient!

#migrantcrisis #miljonairs";;;;/Democratikusje###/Democratikusje###/Democratikusje/status/1548951525141118980###/hashtag/migrantcrisis?src=hashtag_click###/hashtag/miljonairs?src=hashtag_click;migrantcrisis;2024-10-13 10_18_03.146116;0.085448749363422;0.000053530671721;0.000011912257833;0.000029692075259;0.000005044983482;0.000999555923045;0.000094048366009;1. Against immigration, migrants, foreigners, refugees, or Muslims.
10;c66ca19d259ef363;28fbc175ccf963db;5915afe945514a83;2020-08-28T09:09:06.000Z;"#criminals #migrantcrisis
@catmoureaux stond erbij en keek ernaar.
https://bruzz.be/samenleving/doodsbange-bewoonster-sippelbergwijk-wil-van-hangjongeren-hier-wet-2020-08-27…";;;;/Belgonerd1###/Belgonerd1###/Belgonerd1/status/1299272788096749569###/hashtag/criminals?src=hashtag_click###/hashtag/migrantcrisis?src=hashtag_click###/catmoureaux###https://t.co/AL8AHrJERB;migrantcrisis;2024-10-13 10_18_03.146116;0.100158341228962;0.000723653822206;0.000415126152802;0.000161580610438;0.000064926302002;0.007173922844231;0.000103759382910;1. Against immigration, migrants, foreigners, refugees, or Muslims.
11;e603f092707ac638;c5753345f65416a3;d426e75bc6b6ac36;2018-07-29T14:27:06.000Z;Blog op Zondag | Stop de (gewelddadige) asieleiser https://bit.ly/2v19t0g #Ceuta #asieleiser #migranten #EU #buitengrens #borderpatrol #Spanje #borderprotection #bordercontrol #migrantcrisis #EUmigrantcrisis;;3.0;3.0;/BlogopZondag###/BlogopZondag###/BlogopZondag/status/1023575648294658048###https://t.co/VxtpbvIozV###/hashtag/Ceuta?src=hashtag_click###/hashtag/asieleiser?src=hashtag_click###/hashtag/migranten?src=hashtag_click###/hashtag/EU?src=hashtag_click###/hashtag/buitengrens?src=hashtag_click###/hashtag/borderpatrol?src=hashtag_click###/hashtag/Spanje?src=hashtag_click###/hashtag/borderprotection?src=hashtag_click###/hashtag/bordercontrol?src=hashtag_click###/hashtag/migrantcrisis?src=hashtag_click###/hashtag/EUmigrantcrisis?src=hashtag_click;migrantcrisis;2024-10-13 10_18_03.146116;0.049288392066955;0.000510531303007;0.000078436467447;0.000298180966638;0.000046093624405;0.015070088207722;0.000108801941678;1. Against immigration, migrants, foreigners, refugees, or Muslims.
12;ea4e301f4c5c0f30;e72bf2cdaa2a3cce;93a969571e1d7c6d;2023-03-26T19:12:47.000Z;"Volle boot met #gelukszoekers onderweg Luilekkerland.
#ASIELSTOP #migrantcrisis";43.0;67.0;77.0;4K;migrantcrisis;2024-10-13 10_18_03.146116;0.002384479856118;0.000038576694351;0.000088939850684;0.000672064255923;0.000260375294602;0.000345456675859;0.000014890334569;1. Against immigration, migrants, foreigners, refugees, or Muslims.
13;cb0b5059b8a4d694;3947eb5bdd00c1cb;07a7c39c709d04d1;2022-10-25T13:02:09.000Z;"Amper 25 km de EU-grens over. Kamp bij het Servische Sombor. Duizenden jonge mannen,
vooral uit Syrië, stranden hier. Volgende hindernis: het hek van Orbán #migrantcrisis";7.0;11.0;13.0;/tijnsadee###/tijnsadee###/tijnsadee/status/1584893076312817664###/hashtag/migrantcrisis?src=hashtag_click;migrantcrisis;2024-10-13 10_18_03.146116;0.003769404720515;0.000037152007280;0.000851715274621;0.000660121790133;0.000452414358733;0.003285614540800;0.000265500246314;5. Is neutral.
14;e1a8150169e4bf65;8f4d75b6c8ab495e;73dc5bda3e02cb96;2019-02-27T09:37:40.000Z;"De zogenaamde ""Smokkelaar Express"" #GolfoAzzurro voorbereiden om weer uit te varen ... #NoMoreDeathsAtSea #Migrantcrisis #Humansmuggling #Frontex #Europol @NLambLib @CvNieuwenhuizen @SvVeldhoven @KarlijnRensink @MvanToorenburg @MalikAzmani @LWegewijs @NatashaBertaud @MajaEUspox";2.0;4.0;6.0;/rgowans###/rgowans###/rgowans/status/1100691425816166400###/rgowans###/hashtag/GolfoAzzurro?src=hashtag_click###/hashtag/NoMoreDeathsAtSea?src=hashtag_click###/hashtag/Migrantcrisis?src=hashtag_click###/hashtag/Humansmuggling?src=hashtag_click###/hashtag/Frontex?src=hashtag_click###/hashtag/Europol?src=hashtag_click###/NLambLib###/CvNieuwenhuizen###/SvVeldhoven###/KarlijnRensink###/MvanToorenburg###/MalikAzmani###/LWegewijs###/NatashaBertaud###/MajaEUspox;migrantcrisis;2024-10-13 10_18_03.146116;0.000514594255947;0.000060822552769;0.000211685648537;0.000220682282816;0.000263759866357;0.003406291594729;0.000027540338124;5. Is neutral.
15;e03b205c8b9dd4cd;8e1456e0b8d3c21d;0bd9cb1abfc43224;2023-08-25T06:38:33.000Z;Wie zijn deze NGO’s? #asielindustrie #migrantcrisis #migranten #ASIELSTOP;1.0;2.0;3.0;468;migrantcrisis;2024-10-13 10_18_03.146116;0.017099250108004;0.000032265270420;0.000000608092762;0.000046977958846;0.000044645850721;0.000229026903980;0.000015409865227;1. Against immigration, migrants, foreigners, refugees, or Muslims.
16;2471ad1911ac2e67;fcbc16f6db2bcb04;73301691d62d680a;2020-08-20T04:40:23.000Z;"#migrantcrisis
#Marokkanenprobleem
#zwartepiet 

FVD presenteert: ""De Prijs van Diversiteit"" https://youtu.be/FQJXwnRm4Qw via @YouTube";;;;/Lucas1248421###/Lucas1248421###/Lucas1248421/status/1296306059074777088###/hashtag/migrantcrisis?src=hashtag_click###/hashtag/Marokkanenprobleem?src=hashtag_click###/hashtag/zwartepiet?src=hashtag_click###https://t.co/ToTr20xkAk###/YouTube;migrantcrisis;2024-10-13 10_18_03.146116;0.133756950497627;0.000721750780940;0.000000535025777;0.000343158317264;0.000089385888714;0.004710764158517;0.000242520778556;1. Against immigration, migrants, foreigners, refugees, or Muslims.
17;c96c9a2fdfb39ac8;fcbc16f6db2bcb04;73301691d62d680a;2020-08-23T19:45:43.000Z;"#migration
#migrantcrisis
#immigrazione
#immigrati
#Immigrants
#Marokkanenprobleem 

FVD presenteert: ""De Prijs van Diversiteit"" https://youtu.be/agru78oVa7Y via @YouTube";;;;/Lucas1248421###/Lucas1248421###/Lucas1248421/status/1297621056757301248###/hashtag/migration?src=hashtag_click###/hashtag/migrantcrisis?src=hashtag_click###/hashtag/immigrazione?src=hashtag_click###/hashtag/immigrati?src=hashtag_click###/hashtag/Immigrants?src=hashtag_click###/hashtag/Marokkanenprobleem?src=hashtag_click###https://t.co/trYHoq4far###/YouTube;migrantcrisis;2024-10-13 10_18_03.146116;0.033192027360201;0.000201774368179;0.000000999453505;0.000249241304118;0.000023522719857;0.002553342608735;0.000150005231262;1. Against immigration, migrants, foreigners, refugees, or Muslims.
18;b316e7eaf9bbbb14;244cfe4e5bde16f2;57539ddb120ee5e6;2021-05-30T14:32:26.000Z;De zegeningen van #migratie Moordcijfer #Zweden hoger dan meeste andere Europese landen: ‘Geen ander land heeft zo’n stijging meeg... https://volkskrant.nl/ts-b42e3b1f via @volkskrant #europa #sweden #migrantcrisis #drugs #gangs #murder;;;;/MrTops17###/MrTops17###/MrTops17/status/1399010820927938564###/hashtag/migratie?src=hashtag_click###/hashtag/Zweden?src=hashtag_click###https://t.co/WMxRNvuRGk###/volkskrant###/hashtag/europa?src=hashtag_click###/hashtag/sweden?src=hashtag_click###/hashtag/migrantcrisis?src=hashtag_click###/hashtag/drugs?src=hashtag_click###/hashtag/gangs?src=hashtag_click###/hashtag/murder?src=hashtag_click;migrantcrisis;2024-10-13 10_18_03.146116;0.049718778580427;0.000336310273269;0.001314072404057;0.000300761690596;0.000145397250890;0.051955278962851;0.001538357231766;1. Against immigration, migrants, foreigners, refugees, or Muslims.
19;;;;;This post is unavailable.;;;;;migrantcrisis;2024-10-13 10_18_03.146116;0.000118929085147;0.000000015512335;0.000000097311784;0.000661179888994;0.000003063055601;0.000033176205761;0.000041807754315;
20;;;;;This post is unavailable.;;;;;migrantcrisis;2024-10-13 10_18_03.146116;0.000118929085147;0.000000015512335;0.000000097311784;0.000661179888994;0.000003063055601;0.000033176205761;0.000041807754315;
21;022d8f144ef74cd1;b431949cdab713d7;95c62bc92dad6b9a;2024-07-04T07:55:02.000Z;Waarom stemmen kiezers #rechts, @PVVpers , @VVD of rechtser? Waarom is de #integratie mislukt, maar de #infiltratie in volle gang? Alles in 1 clip #Turen #segregatie #pvv #vvd #migrantcrisis;;;;21;migrantcrisis;2024-10-13 10_18_03.146116;0.062847204506397;0.002212917897850;0.000015204200281;0.000439117284259;0.000530223653186;0.008759900927544;0.008973072282970;1. Against immigration, migrants, foreigners, refugees, or Muslims.
22;;;;;This post is unavailable.;;;;;migrantcrisis;2024-10-13 10_18_03.146116;0.000118929085147;0.000000015512335;0.000000097311784;0.000661179888994;0.000003063055601;0.000033176205761;0.000041807754315;
23;;;;;This post is unavailable.;;;;;migrantcrisis;2024-10-13 10_18_03.146116;0.000118929085147;0.000000015512335;0.000000097311784;0.000661179888994;0.000003063055601;0.000033176205761;0.000041807754315;
24;;;;;This post is unavailable.;;;;;migrantcrisis;2024-10-13 10_18_03.146116;0.000118929085147;0.000000015512335;0.000000097311784;0.000661179888994;0.000003063055601;0.000033176205761;0.000041807754315;
25;;;;;This post is unavailable.;;;;;migrantcrisis;2024-10-13 10_18_03.146116;0.000118929085147;0.000000015512335;0.000000097311784;0.000661179888994;0.000003063055601;0.000033176205761;0.000041807754315;
26;e3b62069719f83a6;d957b9f1c86f53a2;c45f83925c2b470b;2023-09-26T20:27:37.000Z;"Caarnaast, nogmaals #migrantcrisis is geen #vluchtelingencrisis.
#migranten, zelf zorgen voor onderdak, eten, etc. Moet iedere migrant. Dus huisje #opjebeurtwachten. #6160224test nooitvoorang";;;;18;migrantcrisis;2024-10-13 10_18_03.146116;0.060412019491196;0.000005234108357;0.000044208791223;0.000028746015232;0.000004275786068;0.000513187726028;0.000002962511189;1. Against immigration, migrants, foreigners, refugees, or Muslims.
27;730c6762c8d890ea;b90db7f7679436cf;0824f8e85a25c935;2024-02-17T14:19:51.000Z;Fophef, helder woord. #migrantcrisis #vvd;;;;23;migrantcrisis;2024-10-13 10_18_03.146116;0.001875512418337;0.000008972588148;0.000003658266223;0.000005382245490;0.000004029463980;0.000095365343441;0.000017185637262;5. Is neutral.
28;;;;;This post is unavailable.;;;;;migrantcrisis;2024-10-13 10_18_03.146116;0.000118929085147;0.000000015512335;0.000000097311784;0.000661179888994;0.000003063055601;0.000033176205761;0.000041807754315;
29;;;;;This post is unavailable.;;;;;migrantcrisis;2024-10-13 10_18_03.146116;0.000118929085147;0.000000015512335;0.000000097311784;0.000661179888994;0.000003063055601;0.000033176205761;0.000041807754315;
30;5887092a43d55d20;718df065be404bc5;476bd9c958f02c8e;2023-08-08T20:43:54.000Z;"Open Borders Altruism.

#NYC #MigrantCrisis #Migrants #Jews #Brooklyn #NewYork #Manhattan #WakeUp";;;1.0;220;migrantcrisis;2024-10-13 10_18_03.146116;0.002659989055246;0.000009945578313;0.000000416402827;0.000009023939128;0.000000691421860;0.000080067613453;0.000001982463345;6. Other: unclear stance on immigration.
31;1eb2831714e0a0c7;0a277c42f331e1ac;cc7b7a3ae5c97d47;2023-07-14T15:57:35.000Z;Hongarije #migrantcrisis   heeft de oplossing: Geen afgeronde asiel procedure géén toegang tot de EU.;;3.0;3.0;111;migrantcrisis;2024-10-13 10_18_03.146116;0.061486888676882;0.000507664866745;0.000938215758651;0.000026544759749;0.000026743206035;0.026800176128745;0.002227390184999;1. Against immigration, migrants, foreigners, refugees, or Muslims.
32;;;;;This post is unavailable.;;;;;migrantcrisis;2024-10-13 10_18_03.146116;0.000118929085147;0.000000015512335;0.000000097311784;0.000661179888994;0.000003063055601;0.000033176205761;0.000041807754315;
33;;;;;This post is unavailable.;;;;;migrantcrisis;2024-10-13 10_18_03.146116;0.000118929085147;0.000000015512335;0.000000097311784;0.000661179888994;0.000003063055601;0.000033176205761;0.000041807754315;
34;83985646b91d35a3;42e546fddcccc9c2;4421cbcb4a93c5ef;2023-09-17T12:29:05.000Z;Sommigen, de meesten slagen op de vlucht om hier hetzelfde te doen waarvoor ze gevlucht zijn … #migrantcrisis;;;2.0;30;migrantcrisis;2024-10-13 10_18_03.146116;0.026722351089120;0.000019268045435;0.000250966317253;0.000075832555012;0.000024032215151;0.005215044599026;0.000310969335260;1. Against immigration, migrants, foreigners, refugees, or Muslims.
35;50841b5fbf606282;5338ee3335229270;9d861812acabf53f;2023-06-24T09:56:46.000Z;"Migratiedeal? In #Tunesië : ’Ik stop pas als ik miljonair ben’ 

De smokkelaar heeft slechts één regel: hij werkt niet met zwarte Afrikanen. „Die zijn shit. Ze luisteren niet en brengen ons in gevaar.”
#migrantcrisis
https://telegraaf.nl/nieuws/1099426470/migratiedeal-in-tunesie-lachen-smokkelaars-erom-ik-stop-pas-als-ik-miljonair-ben/?utm_source=t.co&utm_medium=referral&utm_campaign=twitter… #telegraafpremium via @Telegraaf";;;1.0;28;migrantcrisis;2024-10-13 10_18_03.146116;0.483479440212250;0.000182398260222;0.000138851508382;0.000278188730590;0.000076198768511;0.001949002384208;0.000009913003851;1. Against immigration, migrants, foreigners, refugees, or Muslims.
36;36e58c3aa5913270;cef678ad462ddafc;24d29350c6dbbcdc;2024-02-17T20:08:06.000Z;Je vergeet uitzetten! Nog beter: niet binnen laten! #rellen #DenHaag #migrantcrisis;;;3.0;876;migrantcrisis;2024-10-13 10_18_03.146116;0.133503824472427;0.000152335720486;0.000002102683311;0.000045745320676;0.000030211951525;0.005438787396997;0.000000981280209;1. Against immigration, migrants, foreigners, refugees, or Muslims.
37;;;;;This post is unavailable.;;;;;migrantcrisis;2024-10-13 10_18_03.146116;0.000118929085147;0.000000015512335;0.000000097311784;0.000661179888994;0.000003063055601;0.000033176205761;0.000041807754315;
38;;;;;This post is unavailable.;;;;;migrantcrisis;2024-10-13 10_18_03.146116;0.000118929085147;0.000000015512335;0.000000097311784;0.000661179888994;0.000003063055601;0.000033176205761;0.000041807754315;
39;7c0368f3e3d75ef5;42e546fddcccc9c2;4421cbcb4a93c5ef;2023-10-04T10:50:14.000Z;Volgens mij gaan er veel slachtoffers vallen door het massaal binnenbrengen van misdadigers die nu al dagelijks het nieuws halen ! #migrantcrisis;;;3.0;42;migrantcrisis;2024-10-13 10_18_03.146116;0.269722223281860;0.002067184075713;0.000102633923234;0.000181288400199;0.000119787124277;0.262545466423035;0.000697606126778;1. Against immigration, migrants, foreigners, refugees, or Muslims.
40;f5f9f8e9974c5637;606cfc0382b97ba3;e787278e03e14a9f;2023-03-29T22:24:44.000Z;"Zou Eric vd Burg nog wakker zijn ? Denk het niet , morgen weer n dag .
#migrantcrisis";;;;43;migrantcrisis;2024-10-13 10_18_03.146116;0.013163610361516;0.000441778392997;0.000017100051991;0.000053329717048;0.000031914143619;0.007783190812916;0.000022803606043;5. Is neutral.
41;e062c62299a63a86;606cfc0382b97ba3;e787278e03e14a9f;2023-07-16T21:05:21.000Z;Rutte : Ze komen via LIBIË . #asielinstroom migrantcrisis;;;;143;migrantcrisis;2024-10-13 10_18_03.146116;0.048801548779011;0.000047927049309;0.000001279435992;0.000162348471349;0.000060542817664;0.005742084700614;0.000153343804413;5. Is neutral.
42;;;;;This post is unavailable.;;;;;migrantcrisis;2024-10-13 10_18_03.146116;0.000118929085147;0.000000015512335;0.000000097311784;0.000661179888994;0.000003063055601;0.000033176205761;0.000041807754315;
43;;;;;This post is unavailable.;;;;;migrantcrisis;2024-10-13 10_18_03.146116;0.000118929085147;0.000000015512335;0.000000097311784;0.000661179888994;0.000003063055601;0.000033176205761;0.000041807754315;
44;901cd4acf3e2355f;f1d80082eb97ede1;38c3d6f7860dda45;2023-02-18T09:04:04.000Z;Ik vraag mij elke dag af wanneer Nederland, en de rest van de wereld, massaal in opstand komt. Zijn de slapende schapen nog steeds in de meerderheid? #WEF #D666 #Rutte #kaag #Ohio #Ukraina #Epstein #Biden #migrantcrisis #boeren;2.0;3.0;16.0;672;migrantcrisis;2024-10-13 10_18_03.146116;0.410441726446152;0.062907792627811;0.000200057140319;0.002196847461164;0.000964916136581;0.379260212182999;0.000316642137477;6. Other: Criticizes government and global issues.
45;563b1a95a8c2e68d;85456455686f3b48;ab042d189d94de07;2023-10-06T10:48:48.000Z;"Nou die schipper neemt vast ontslag bij die pendelboot 
#kansparels #migrantcrisis
@StemZeWegNL1 @StemZeWegNL Migranten proberen Nederlands schip te kapen dat hen net heeft gered";;;1.0;77;migrantcrisis;2024-10-13 10_18_03.146116;0.265848755836487;0.010932495817542;0.013041752390563;0.000605743378401;0.000781127542723;0.079792857170105;0.000221836889978;1. Against immigration, migrants, foreigners, refugees, or Muslims.
46;75a631ecf90e805e;606cfc0382b97ba3;e787278e03e14a9f;2023-08-22T14:01:43.000Z;Het kàn dus wél , maar zij noemen het ook Illegale  Migranten !#migrantcrisis;;;1.0;111;migrantcrisis;2024-10-13 10_18_03.146116;0.017394140362740;0.000006031131306;0.000000902093518;0.000005950847481;0.000001604309659;0.000459825445432;0.000009477786989;1. Against immigration, migrants, foreigners, refugees, or Muslims.
47;;;;;This post is unavailable.;;;;;migrantcrisis;2024-10-13 10_18_03.146116;0.000118929085147;0.000000015512335;0.000000097311784;0.000661179888994;0.000003063055601;0.000033176205761;0.000041807754315;
48;;;;;This post is unavailable.;;;;;migrantcrisis;2024-10-13 10_18_03.146116;0.000118929085147;0.000000015512335;0.000000097311784;0.000661179888994;0.000003063055601;0.000033176205761;0.000041807754315;
49;;;;;This post is unavailable.;;;;;migrantcrisis;2024-10-13 10_18_03.146116;0.000118929085147;0.000000015512335;0.000000097311784;0.000661179888994;0.000003063055601;0.000033176205761;0.000041807754315;
50;;;;;This post is unavailable.;;;;;migrantcrisis;2024-10-13 10_18_03.146116;0.000118929085147;0.000000015512335;0.000000097311784;0.000661179888994;0.000003063055601;0.000033176205761;0.000041807754315;
51;fe9a7c0dbb04fa22;d6c0f022538ba98c;66bbd5b805809c94;2024-04-21T14:02:39.000Z;Migratiedeals kunnen mensonterende omstandigheden veroorzaken: overvolle kampen, geen onderdak en onvoldoende eten en water. Nederland moet nú stoppen met onderhandelen over mensenlevens. Teken de oproep! https://amnesty.nl/forms/dealbreakers… via @amnestynl #migration #migrants #migrantcrisis;;;;13;migrantcrisis;2024-10-13 10_18_03.146116;0.057884417474270;0.001558780902997;0.000162448661285;0.000042936753744;0.000008042960872;0.021702393889427;0.000035858771298;2. In support of immigration, migrants, foreigners, refugees, or Muslims.
52;9c366e7728e6a444;ea72c79594296e45;d09aeb5ec90ef02c;2023-03-07T17:01:38.000Z;D66 is juist trots op de testosteronbommen uit de zandbak. En continu schaamteloos deze kansparels blijven verdedigen! #stemzeweg #NPO66 #censuur #remigratie #migrantcrisis #VVD66;;;;26;migrantcrisis;2024-10-13 10_18_03.146116;0.353839278221130;0.001456360449083;0.000162041003932;0.010222757235169;0.004660815931857;0.030839905142784;0.000105775980046;1. Against immigration, migrants, foreigners, refugees, or Muslims.
53;;;;;This post is unavailable.;;;;;migrantcrisis;2024-10-13 10_18_03.146116;0.000118929085147;0.000000015512335;0.000000097311784;0.000661179888994;0.000003063055601;0.000033176205761;0.000041807754315;
54;;;;;This post is unavailable.;;;;;migrantcrisis;2024-10-13 10_18_03.146116;0.000118929085147;0.000000015512335;0.000000097311784;0.000661179888994;0.000003063055601;0.000033176205761;0.000041807754315;
55;cc0524d94eb058b3;44597143c123b7f1;2d832b60a168d460;2024-08-13T14:55:20.000Z;"Zijn de Westerse 'vrije' samenlevingen in een terminale staat of is de zaak nog te redden? #klimaathysterie #FreeSpeech #migrantcrisis #WEF etc... RT = 
@Kijkverder1";3.0;7.0;6.0;474;migrantcrisis;2024-10-13 10_18_03.146116;0.060721807181835;0.000797353917733;0.000001074817533;0.000094569506473;0.000005675221018;0.013749605976045;0.000500224065035;5. Is neutral.
56;c3e157a8b102685a;2fd4d07bef02642d;ff61fa6f8110fc0e;2024-08-04T13:02:54.000Z;"De Nederlandse journalistiek heeft al grotendeels gecapituleerd, of zit in een verknipte groupthink gevangen.

#migrantcrisis";;1.0;20.0;897;migrantcrisis;2024-10-13 10_18_03.146116;0.207384511828422;0.000472033018013;0.000496646272950;0.000180467119208;0.000264640984824;0.005588292609900;0.001159076229669;6. Other: Criticizes Dutch journalism's groupthink.
57;;;;;This post is unavailable.;;;;;migrantcrisis;2024-10-13 10_18_03.146116;0.000118929085147;0.000000015512335;0.000000097311784;0.000661179888994;0.000003063055601;0.000033176205761;0.000041807754315;
58;;;;;This post is unavailable.;;;;;migrantcrisis;2024-10-13 10_18_03.146116;0.000118929085147;0.000000015512335;0.000000097311784;0.000661179888994;0.000003063055601;0.000033176205761;0.000041807754315;
59;;;;;This post is unavailable.;;;;;migrantcrisis;2024-10-13 10_18_03.146116;0.000118929085147;0.000000015512335;0.000000097311784;0.000661179888994;0.000003063055601;0.000033176205761;0.000041807754315;
60;;;;;This post is unavailable.;;;;;migrantcrisis;2024-10-13 10_18_03.146116;0.000118929085147;0.000000015512335;0.000000097311784;0.000661179888994;0.000003063055601;0.000033176205761;0.000041807754315;
61;;;;;This post is unavailable.;;;;;migrantcrisis;2024-10-13 10_18_03.146116;0.000118929085147;0.000000015512335;0.000000097311784;0.000661179888994;0.000003063055601;0.000033176205761;0.000041807754315;
62;;;;;This post is unavailable.;;;;;migrantcrisis;2024-10-13 10_18_03.146116;0.000118929085147;0.000000015512335;0.000000097311784;0.000661179888994;0.000003063055601;0.000033176205761;0.000041807754315;
63;;;;;This post is unavailable.;;;;;migrantcrisis;2024-10-13 10_18_03.146116;0.000118929085147;0.000000015512335;0.000000097311784;0.000661179888994;0.000003063055601;0.000033176205761;0.000041807754315;
64;;;;;This post is unavailable.;;;;;migrantcrisis;2024-10-13 10_18_03.146116;0.000118929085147;0.000000015512335;0.000000097311784;0.000661179888994;0.000003063055601;0.000033176205761;0.000041807754315;
65;;;;;This post is unavailable.;;;;;migrantcrisis;2024-10-13 10_18_03.146116;0.000118929085147;0.000000015512335;0.000000097311784;0.000661179888994;0.000003063055601;0.000033176205761;0.000041807754315;
66;;;;;This post is unavailable.;;;;;migrantcrisis;2024-10-13 10_18_03.146116;0.000118929085147;0.000000015512335;0.000000097311784;0.000661179888994;0.000003063055601;0.000033176205761;0.000041807754315;
67;;;;;This post is unavailable.;;;;;migrantcrisis;2024-10-13 10_18_03.146116;0.000118929085147;0.000000015512335;0.000000097311784;0.000661179888994;0.000003063055601;0.000033176205761;0.000041807754315;
68;;;;;This post is unavailable.;;;;;migrantcrisis;2024-10-13 10_18_03.146116;0.000118929085147;0.000000015512335;0.000000097311784;0.000661179888994;0.000003063055601;0.000033176205761;0.000041807754315;
69;;;;;This post is unavailable.;;;;;migrantcrisis;2024-10-13 10_18_03.146116;0.000118929085147;0.000000015512335;0.000000097311784;0.000661179888994;0.000003063055601;0.000033176205761;0.000041807754315;
70;;;;;This post is unavailable.;;;;;migrantcrisis;2024-10-13 10_18_03.146116;0.000118929085147;0.000000015512335;0.000000097311784;0.000661179888994;0.000003063055601;0.000033176205761;0.000041807754315;
71;;;;;This post is unavailable.;;;;;migrantcrisis;2024-10-13 10_18_03.146116;0.000118929085147;0.000000015512335;0.000000097311784;0.000661179888994;0.000003063055601;0.000033176205761;0.000041807754315;
72;;;;;This post is unavailable.;;;;;migrantcrisis;2024-10-13 10_18_03.146116;0.000118929085147;0.000000015512335;0.000000097311784;0.000661179888994;0.000003063055601;0.000033176205761;0.000041807754315;
73;;;;;This post is unavailable.;;;;;migrantcrisis;2024-10-13 10_18_03.146116;0.000118929085147;0.000000015512335;0.000000097311784;0.000661179888994;0.000003063055601;0.000033176205761;0.000041807754315;
74;;;;;This post is unavailable.;;;;;migrantcrisis;2024-10-13 10_18_03.146116;0.000118929085147;0.000000015512335;0.000000097311784;0.000661179888994;0.000003063055601;0.000033176205761;0.000041807754315;
75;;;;;This post is unavailable.;;;;;migrantcrisis;2024-10-13 10_18_03.146116;0.000118929085147;0.000000015512335;0.000000097311784;0.000661179888994;0.000003063055601;0.000033176205761;0.000041807754315;
76;;;;;This post is unavailable.;;;;;migrantcrisis;2024-10-13 10_18_03.146116;0.000118929085147;0.000000015512335;0.000000097311784;0.000661179888994;0.000003063055601;0.000033176205761;0.000041807754315;
1;6a5695b19f2122e3;e96e536bfed7d12a;59d2013510f52df9;2023-05-15T06:13:01.000Z;Uitstekend idee dit @StasJenV !? Zo draai je het verdienmodel van de mensensmokkelaars de nek om en dan stokt migratie vanzelf. Ietsom over na te denken toch!? #migrantcrisis;;;;13;migrantcrisis;2024-10-06 09_57_10.118611;0.108791477978229;0.002765034558252;0.000172852334799;0.000045652624976;0.000004703967988;0.043769866228104;0.000238612687099;1. Against immigration, migrants, foreigners, refugees, or Muslims.
2;b3b1312ccdcea55b;30de264b292732e5;6d2942f8760f3370;2023-01-26T22:13:55.000Z;"De beste grappen hoor je in verkiezingstijd
in 1 jaar 402.000 migranten zonder uitnodiging.
#verkiezingen #VVD #D66 #groenlinks #Politiek #migrantcrisis #Mensenhandel zonder Grenzen ( op andermans kosten ) #Politiek";;;;80;migrantcrisis;2024-10-06 09_57_10.118611;0.020132267847657;0.000053326108173;0.000014462745639;0.000924904481508;0.000078056524217;0.003248497843742;0.000097952834039;1. Against immigration, migrants, foreigners, refugees, or Muslims.
3;c4ac8fde51ab3d2f;28fbc175ccf963db;5915afe945514a83;2021-08-27T21:31:25.000Z;"#Afghanistan #migrantcrisis 
Oef, wat een opluchting zeg !
#simplisme bij @vrtnws";;;2.0;/Belgonerd1###/Belgonerd1###/Belgonerd1/status/1431368780437929984###/hashtag/Afghanistan?src=hashtag_click###/hashtag/migrantcrisis?src=hashtag_click###/hashtag/simplisme?src=hashtag_click###/vrtnws;migrantcrisis;2024-10-06 09_57_10.118611;0.011305084452033;0.000006193373792;0.000071519745688;0.000194654188817;0.000074605522968;0.000812798738480;0.000085416926595;5. Is neutral.
4;ea4e301f4c5c0f30;6da958ba3e5cb76c;93a969571e1d7c6d;2023-03-26T19:12:47.000Z;"Volle boot met #gelukszoekers onderweg Luilekkerland.
#ASIELSTOP #migrantcrisis";43.0;67.0;77.0;4K;migrantcrisis;2024-10-06 09_57_10.118611;0.002384479856118;0.000038576694351;0.000088939850684;0.000672064255923;0.000260375294602;0.000345456675859;0.000014890334569;1. Against immigration, migrants, foreigners, refugees, or Muslims.
5;48445a75892f070d;1934fec4d9309d32;a22310a113639dbb;2022-07-18T08:43:16.000Z;"Een paspoort kopen vind EU niet leuk.

Men moet namelijk afhankelijk zijn, jarenlang in de migratiemolen hangen, zodat alle migratiebaantjes intact blijven.

Zomaar een zak geld op tafel leggen, dat is veelste efficient!

#migrantcrisis #miljonairs";;;;/Democratikusje###/Democratikusje###/Democratikusje/status/1548951525141118980###/hashtag/migrantcrisis?src=hashtag_click###/hashtag/miljonairs?src=hashtag_click;migrantcrisis;2024-10-06 09_57_10.118611;0.085448749363422;0.000053530671721;0.000011912257833;0.000029692075259;0.000005044983482;0.000999555923045;0.000094048366009;1. Against immigration, migrants, foreigners, refugees, or Muslims.
6;f4c62253bd42748f;c5753345f65416a3;d426e75bc6b6ac36;2018-06-24T16:55:09.000Z;"Blog op Zondag | Opvangcentra in Europa voor migranten zijn geen goed idee. Drie redenen. https://bit.ly/2lzZ6vz
#migranten #MigrantCrisis #EU #opvangcentra #MigrationEU";;1.0;1.0;/BlogopZondag###/BlogopZondag###/BlogopZondag/status/1010929330023739393###https://t.co/pX3OvNZx3F###/hashtag/migranten?src=hashtag_click###/hashtag/MigrantCrisis?src=hashtag_click###/hashtag/EU?src=hashtag_click###/hashtag/opvangcentra?src=hashtag_click###/hashtag/MigrationEU?src=hashtag_click;migrantcrisis;2024-10-06 09_57_10.118611;0.095592699944973;0.000083872218966;0.000002278152124;0.000131022548885;0.000187091078260;0.000810529454611;0.000011948016436;1. Against immigration, migrants, foreigners, refugees, or Muslims.
7;20e4492af6ff8ad1;74607ab5486101c8;3f4b06727f5114f1;2024-08-26T12:05:33.000Z;"Opnieuw 301 illegale migranten aangekomen in Lampedusa op 8 boten 

Vandaag arriveerden 301 migranten in Lampedusa, terwijl er gisteren al 450 aankwamen. De korte termijn opvangcentra zijn inmiddels overvol. Een nieuwe migrantcrisis lijkt zich te ontwikkelen op Lampedusa";4.0;5.0;2.0;375;migrantcrisis;2024-10-06 09_57_10.118611;0.078819736838341;0.000735753739718;0.000207481512916;0.002849531592801;0.004227765370160;0.019401161000132;0.000215249863686;5. Is neutral.
8;e603f092707ac638;c5753345f65416a3;d426e75bc6b6ac36;2018-07-29T14:27:06.000Z;Blog op Zondag | Stop de (gewelddadige) asieleiser https://bit.ly/2v19t0g #Ceuta #asieleiser #migranten #EU #buitengrens #borderpatrol #Spanje #borderprotection #bordercontrol #migrantcrisis #EUmigrantcrisis;;3.0;3.0;/BlogopZondag###/BlogopZondag###/BlogopZondag/status/1023575648294658048###https://t.co/VxtpbvIozV###/hashtag/Ceuta?src=hashtag_click###/hashtag/asieleiser?src=hashtag_click###/hashtag/migranten?src=hashtag_click###/hashtag/EU?src=hashtag_click###/hashtag/buitengrens?src=hashtag_click###/hashtag/borderpatrol?src=hashtag_click###/hashtag/Spanje?src=hashtag_click###/hashtag/borderprotection?src=hashtag_click###/hashtag/bordercontrol?src=hashtag_click###/hashtag/migrantcrisis?src=hashtag_click###/hashtag/EUmigrantcrisis?src=hashtag_click;migrantcrisis;2024-10-06 09_57_10.118611;0.049288392066955;0.000510531303007;0.000078436467447;0.000298180966638;0.000046093624405;0.015070088207722;0.000108801941678;1. Against immigration, migrants, foreigners, refugees, or Muslims.
9;9f4e6bc65f0c49a3;ed5324cd4ee8b88f;2dc80c0a078bfdcd;2022-07-30T18:50:55.000Z;"Er móét gewoon een verdienmodel aan ten grondslag liggen getuige de vele tripjes tussen Libië en Italië van #NGO-schepen, die met volledig medeweten en goedkeuring van de #EuropeseUnie 1000-en #migranten Europa in smokkelen. 
#migrantcrisis #Immigration";3.0;55.0;54.0;/CoraWeg###/CoraWeg###/CoraWeg/status/1553453100287025156###/hashtag/NGO?src=hashtag_click###/hashtag/EuropeseUnie?src=hashtag_click###/hashtag/migranten?src=hashtag_click###/hashtag/migrantcrisis?src=hashtag_click###/hashtag/Immigration?src=hashtag_click;migrantcrisis;2024-10-06 09_57_10.118611;0.033936806023121;0.000047389577958;0.000032524054404;0.001304855919443;0.001452531432733;0.003652906510979;0.000094316710602;1. Against immigration, migrants, foreigners, refugees, or Muslims.
10;cb0b5059b8a4d694;3947eb5bdd00c1cb;07a7c39c709d04d1;2022-10-25T13:02:09.000Z;"Amper 25 km de EU-grens over. Kamp bij het Servische Sombor. Duizenden jonge mannen,
vooral uit Syrië, stranden hier. Volgende hindernis: het hek van Orbán #migrantcrisis";7.0;11.0;13.0;/tijnsadee###/tijnsadee###/tijnsadee/status/1584893076312817664###/hashtag/migrantcrisis?src=hashtag_click;migrantcrisis;2024-10-06 09_57_10.118611;0.003769404720515;0.000037152007280;0.000851715274621;0.000660121790133;0.000452414358733;0.003285614540800;0.000265500246314;5. Is neutral.
11;e3b62069719f83a6;d957b9f1c86f53a2;c45f83925c2b470b;2023-09-26T20:27:37.000Z;"Caarnaast, nogmaals #migrantcrisis is geen #vluchtelingencrisis.
#migranten, zelf zorgen voor onderdak, eten, etc. Moet iedere migrant. Dus huisje #opjebeurtwachten. #6160224test nooitvoorang";;;;14;migrantcrisis;2024-10-06 09_57_10.118611;0.060412019491196;0.000005234108357;0.000044208791223;0.000028746015232;0.000004275786068;0.000513187726028;0.000002962511189;1. Against immigration, migrants, foreigners, refugees, or Muslims.
12;6d495b658ccb36d6;f38fc9ea7ba75f04;dd00fc95aacb2c72;2020-08-14T18:57:22.000Z;"Inside Europe: Ten Years of Turmoil

It covers matters affecting the European Union, and in particular #Brexit, the #debtcrisis and the #migrantcrisis

Als je deze 3 crisissen uiteindelijk bekijkt, door de ogen van deze leiders, besef je dat Europa nog veel uitdagingen heeft.";1.0;;1.0;/KarlBoumans###/KarlBoumans###/KarlBoumans/status/1294347400472072192###/hashtag/Brexit?src=hashtag_click###/hashtag/debtcrisis?src=hashtag_click###/hashtag/migrantcrisis?src=hashtag_click;migrantcrisis;2024-10-06 09_57_10.118611;0.001297234324738;0.000000790602712;0.000000137253451;0.000097016367363;0.000012057387721;0.000127578634419;0.000038749542000;5. Is neutral.
13;e36a4bf37f0dce58;35c88f9b583366e5;2b3368832de6e0d0;2023-07-14T17:26:17.000Z;"#klaarmetRutte 
Hongarije heeft de oplossing gevonden voor de migrantcrisis : geen afgeronde asielprocedure, geen toegang tot de EU. Dit is het Hongaarse systeem en het werkt. Nu wil Brussel het vernietigen.! dit laat ik niet gebeuren  Orbán Viktor";3.0;33.0;48.0;1,6K;migrantcrisis;2024-10-06 09_57_10.118611;0.074231825768948;0.001509936177172;0.001013013999909;0.000059270172642;0.000037079727917;0.099818587303162;0.000858579820488;1. Against immigration, migrants, foreigners, refugees, or Muslims.
14;901cd4acf3e2355f;f1d80082eb97ede1;38c3d6f7860dda45;2023-02-18T09:04:04.000Z;Ik vraag mij elke dag af wanneer Nederland, en de rest van de wereld, massaal in opstand komt. Zijn de slapende schapen nog steeds in de meerderheid? #WEF #D666 #Rutte #kaag #Ohio #Ukraina #Epstein #Biden #migrantcrisis #boeren;2.0;3.0;16.0;668;migrantcrisis;2024-10-06 09_57_10.118611;0.410441726446152;0.062907792627811;0.000200057140319;0.002196847461164;0.000964916136581;0.379260212182999;0.000316642137477;6. Other: Criticizes government and global issues.
15;c66ca19d259ef363;28fbc175ccf963db;5915afe945514a83;2020-08-28T09:09:06.000Z;"#criminals #migrantcrisis
@catmoureaux stond erbij en keek ernaar.
https://bruzz.be/samenleving/doodsbange-bewoonster-sippelbergwijk-wil-van-hangjongeren-hier-wet-2020-08-27…";;;;/Belgonerd1###/Belgonerd1###/Belgonerd1/status/1299272788096749569###/hashtag/criminals?src=hashtag_click###/hashtag/migrantcrisis?src=hashtag_click###/catmoureaux###https://t.co/AL8AHrJERB;migrantcrisis;2024-10-06 09_57_10.118611;0.100158341228962;0.000723653822206;0.000415126152802;0.000161580610438;0.000064926302002;0.007173922844231;0.000103759382910;1. Against immigration, migrants, foreigners, refugees, or Muslims.
16;e03b205c8b9dd4cd;8e1456e0b8d3c21d;0bd9cb1abfc43224;2023-08-25T06:38:33.000Z;Wie zijn deze NGO’s? #asielindustrie #migrantcrisis #migranten #ASIELSTOP;1.0;2.0;3.0;464;migrantcrisis;2024-10-06 09_57_10.118611;0.017099250108004;0.000032265270420;0.000000608092762;0.000046977958846;0.000044645850721;0.000229026903980;0.000015409865227;1. Against immigration, migrants, foreigners, refugees, or Muslims.
17;1eb2831714e0a0c7;0a277c42f331e1ac;cc7b7a3ae5c97d47;2023-07-14T15:57:35.000Z;Hongarije #migrantcrisis   heeft de oplossing: Geen afgeronde asiel procedure géén toegang tot de EU.;;3.0;3.0;107;migrantcrisis;2024-10-06 09_57_10.118611;0.061486888676882;0.000507664866745;0.000938215758651;0.000026544759749;0.000026743206035;0.026800176128745;0.002227390184999;1. Against immigration, migrants, foreigners, refugees, or Muslims.
18;cc0524d94eb058b3;44597143c123b7f1;2d832b60a168d460;2024-08-13T14:55:20.000Z;"Zijn de Westerse 'vrije' samenlevingen in een terminale staat of is de zaak nog te redden? #klimaathysterie #FreeSpeech #migrantcrisis #WEF etc... RT = 
@Kijkverder1";3.0;7.0;6.0;471;migrantcrisis;2024-10-06 09_57_10.118611;0.060721807181835;0.000797353917733;0.000001074817533;0.000094569506473;0.000005675221018;0.013749605976045;0.000500224065035;5. Is neutral.
19;be568eacb84aac7e;b7cde170f4d1b3bf;7e2c9d4c3686a57e;2021-07-21T21:25:34.000Z;Weer een paar mensen die het licht zien. Niet arbeidsmigratie faciliteren en  stimuleren, maar het verplaatsen van sectoren naar de landen waar wel arbeid is, is de oplossing! Goed voor iedereen, behalve voor uitbuitende en/of slechtbetalende ondernemers ! #migrantcrisis;5.0;6.0;16.0;/JacquesMonasch###/JacquesMonasch###/JacquesMonasch/status/1417958956857708549###/hashtag/migrantcrisis?src=hashtag_click;migrantcrisis;2024-10-06 09_57_10.118611;0.015322159044445;0.000788839592133;0.000024416782253;0.000042194307753;0.000003286137144;0.004442997742444;0.000062717255787;1. Against immigration, migrants, foreigners, refugees, or Muslims.
20;9157eb9cde4730fb;008d3baa5195d527;e79a054808a459bd;2021-10-14T05:06:23.000Z;"Hmmmmm. Alles passeert de revu behalve statushouders die met voorang woningen krijgen. 
#woningnood #migrantcrisis";;;1.0;/alfred_silenus###/alfred_silenus###/alfred_silenus/status/1448515506399551488###/denieuwsbv###/poeetweet###/pieterderks###/hashtag/woningnood?src=hashtag_click###/hashtag/migrantcrisis?src=hashtag_click;migrantcrisis;2024-10-06 09_57_10.118611;0.003736767219380;0.000002381077365;0.000001256687028;0.000013641462829;0.000005437401796;0.000040613358578;0.000014041837858;1. Against immigration, migrants, foreigners, refugees, or Muslims.
21;e1a8150169e4bf65;8f4d75b6c8ab495e;73dc5bda3e02cb96;2019-02-27T09:37:40.000Z;"De zogenaamde ""Smokkelaar Express"" #GolfoAzzurro voorbereiden om weer uit te varen ... #NoMoreDeathsAtSea #Migrantcrisis #Humansmuggling #Frontex #Europol @NLambLib @CvNieuwenhuizen @SvVeldhoven @KarlijnRensink @MvanToorenburg @MalikAzmani @LWegewijs @NatashaBertaud @MajaEUspox";2.0;4.0;6.0;/rgowans###/rgowans###/rgowans/status/1100691425816166400###/rgowans###/hashtag/GolfoAzzurro?src=hashtag_click###/hashtag/NoMoreDeathsAtSea?src=hashtag_click###/hashtag/Migrantcrisis?src=hashtag_click###/hashtag/Humansmuggling?src=hashtag_click###/hashtag/Frontex?src=hashtag_click###/hashtag/Europol?src=hashtag_click###/NLambLib###/CvNieuwenhuizen###/SvVeldhoven###/KarlijnRensink###/MvanToorenburg###/MalikAzmani###/LWegewijs###/NatashaBertaud###/MajaEUspox;migrantcrisis;2024-10-06 09_57_10.118611;0.000514594255947;0.000060822552769;0.000211685648537;0.000220682282816;0.000263759866357;0.003406291594729;0.000027540338124;5. Is neutral.
22;7cd0bd96f380953c;28fbc175ccf963db;5915afe945514a83;2021-11-16T14:20:23.000Z;Het is alweer pijnlijk tekenend voor de zwakte van @EU_Commission @vonderleyen @eucopresident dat #Merkel met #Loekasjenko heeft moeten bellen i.v.m. deze #migrantcrisis.;;;1.0;/Belgonerd1###/Belgonerd1###/Belgonerd1/status/1460613723375161344###/HLN_BE###/EU_Commission###/vonderleyen###/eucopresident###/hashtag/Merkel?src=hashtag_click###/hashtag/Loekasjenko?src=hashtag_click###/hashtag/migrantcrisis?src=hashtag_click;migrantcrisis;2024-10-06 09_57_10.118611;0.053022149950266;0.000003288250355;0.000698017131072;0.000068696674134;0.000039728391130;0.002722605597228;0.000078006378317;5. Is neutral.
23;69f30239b0400cbb;28fbc175ccf963db;5915afe945514a83;2020-03-02T07:18:41.000Z;#MigrantCrisis #taxpayers Ik ken er alvast een aantal die geen moer om blanke #Europeans geven: @EU_Commission met @TimmermansEU en @vonderleyen, leden van de @EUCouncil en zeker de @eucopresident, @MeyremAlmaci @WouterDeVriendt @guyverhofstadt @kristofcalvo @BartSomers. @EU4BE;;;1.0;/Belgonerd1###/Belgonerd1###/Belgonerd1/status/1234377570399006722###/ivovd2###/me2_of3###/hashtag/MigrantCrisis?src=hashtag_click###/hashtag/taxpayers?src=hashtag_click###/hashtag/Europeans?src=hashtag_click###/EU_Commission###/TimmermansEU###/vonderleyen###/EUCouncil###/eucopresident###/MeyremAlmaci###/guyverhofstadt###/kristofcalvo###/BartSomers###/EU4BE;migrantcrisis;2024-10-06 09_57_10.118611;0.189577564597130;0.000026578574762;0.005372708197683;0.000637435994577;0.000040169510612;0.000924558611587;0.000100991361251;1. Against immigration, migrants, foreigners, refugees, or Muslims.
24;;;;;This post is unavailable.;;;;;migrantcrisis;2024-10-06 09_57_10.118611;0.000118929085147;0.000000015512335;0.000000097311784;0.000661179888994;0.000003063055601;0.000033176205761;0.000041807754315;
25;;;;;This post is unavailable.;;;;;migrantcrisis;2024-10-06 09_57_10.118611;0.000118929085147;0.000000015512335;0.000000097311784;0.000661179888994;0.000003063055601;0.000033176205761;0.000041807754315;
26;36e58c3aa5913270;cef678ad462ddafc;24d29350c6dbbcdc;2024-02-17T20:08:06.000Z;Je vergeet uitzetten! Nog beter: niet binnen laten! #rellen #DenHaag #migrantcrisis;;;3.0;873;migrantcrisis;2024-10-06 09_57_10.118611;0.133503824472427;0.000152335720486;0.000002102683311;0.000045745320676;0.000030211951525;0.005438787396997;0.000000981280209;1. Against immigration, migrants, foreigners, refugees, or Muslims.
27;c3a78ee2ea8c2fdf;9be0c52ff0437319;ac8b50c67e27202a;2020-03-06T15:08:18.000Z;850 miljoen mensen die honger hebben en te zwak of arm zijn om naar de Europese grenzen te lopen. #MigrantCrisis #Migranten;;;2.0;/ReneZalm###/ReneZalm###/ReneZalm/status/1235945306291871744###/LodewijkA###/hashtag/MigrantCrisis?src=hashtag_click###/hashtag/Migranten?src=hashtag_click;migrantcrisis;2024-10-06 09_57_10.118611;0.019915148615837;0.000018457531041;0.000166013443959;0.000445421756012;0.000065462576458;0.001183309708722;0.000026414332751;5. Is neutral.
28;29fc1326de342da1;28fbc175ccf963db;5915afe945514a83;2020-03-09T08:16:40.000Z;Aangezien uw logische suggestie een minimum aan moed en gezond verstand vergt,is ze niet aan  #Cowards als @eucopresident noch aan @EU_Commission van @vonderleyen @TimmermansEU besteed. Die #idiots zullen aan  #CriminalInChief #Erdogan juist méér toegevingen doen. #MigrantCrisis;1.0;;;/Belgonerd1###/Belgonerd1###/Belgonerd1/status/1236928880570753025###/DirkGerard###/hashtag/Cowards?src=hashtag_click###/eucopresident###/EU_Commission###/vonderleyen###/TimmermansEU###/hashtag/idiots?src=hashtag_click###/hashtag/CriminalInChief?src=hashtag_click###/hashtag/Erdogan?src=hashtag_click###/hashtag/MigrantCrisis?src=hashtag_click;migrantcrisis;2024-10-06 09_57_10.118611;0.439433872699737;0.000107227308035;0.000019477325623;0.001047313213348;0.000156799840624;0.010013840161264;0.000061377475504;1. Against immigration, migrants, foreigners, refugees, or Muslims.
29;a16c1a2826d27cc5;c5753345f65416a3;d426e75bc6b6ac36;2018-06-24T17:32:33.000Z;Nog maar eens in de herhaling. Een blog uit 2015. Blog op zondag | 10 Oplossingsrichtingen voor de vluchtelingencrisi... http://edwindemol.blogspot.com/2015/08/10-oplossingsrichtingen-voor-de.html?spref=tw… #migrants #migratietop #MigrantCrisis #Macron #blog #Migranten #vluchtelingen #Merkel #EU #Europe;;;;/BlogopZondag###/BlogopZondag###/BlogopZondag/status/1010938742289453056###https://t.co/uPyyMUpad8###/hashtag/migrants?src=hashtag_click###/hashtag/migratietop?src=hashtag_click###/hashtag/MigrantCrisis?src=hashtag_click###/hashtag/Macron?src=hashtag_click###/hashtag/blog?src=hashtag_click###/hashtag/Migranten?src=hashtag_click###/hashtag/vluchtelingen?src=hashtag_click###/hashtag/Merkel?src=hashtag_click###/hashtag/EU?src=hashtag_click###/hashtag/Europe?src=hashtag_click;migrantcrisis;2024-10-06 09_57_10.118611;0.021664578467607;0.000066488384618;0.000006278767160;0.000127163017169;0.000135480077006;0.001557332347147;0.000127739695017;5. Is neutral.
30;;;;;This post is unavailable.;;;;;migrantcrisis;2024-10-06 09_57_10.118611;0.000118929085147;0.000000015512335;0.000000097311784;0.000661179888994;0.000003063055601;0.000033176205761;0.000041807754315;
31;;;;;This post is unavailable.;;;;;migrantcrisis;2024-10-06 09_57_10.118611;0.000118929085147;0.000000015512335;0.000000097311784;0.000661179888994;0.000003063055601;0.000033176205761;0.000041807754315;
32;f81bff0a42cee0a4;1d7b87193b0d6da8;55e047b5525c00d2;2021-11-10T13:58:25.000Z;"Misschien had die Duitse activiste beter aan de Wit-Russische kant van de grens kunnen gaan staan Gutmenschouwehoeren...

Alsjeblieft zeg, niet de hele wereld naar Europa slepen!
#grenzendicht #migrantcrisis #polandbelarus #PolandHoldTheLine";3.0;3.0;23.0;/PeterBeuker###/PeterBeuker###/PeterBeuker/status/1458433869493964802###/hashtag/grenzendicht?src=hashtag_click###/hashtag/migrantcrisis?src=hashtag_click###/hashtag/polandbelarus?src=hashtag_click###/hashtag/PolandHoldTheLine?src=hashtag_click;migrantcrisis;2024-10-06 09_57_10.118611;0.493081152439117;0.000253161939327;0.000019099968995;0.010953319258988;0.000899482809473;0.009327229112387;0.000019790837541;1. Against immigration, migrants, foreigners, refugees, or Muslims.
33;;;;;This post is unavailable.;;;;;migrantcrisis;2024-10-06 09_57_10.118611;0.000118929085147;0.000000015512335;0.000000097311784;0.000661179888994;0.000003063055601;0.000033176205761;0.000041807754315;
34;;;;;This post is unavailable.;;;;;migrantcrisis;2024-10-06 09_57_10.118611;0.000118929085147;0.000000015512335;0.000000097311784;0.000661179888994;0.000003063055601;0.000033176205761;0.000041807754315;
35;f888009779a3ac0e;0f5e0cde310ca883;64065b2fc4117a46;2018-06-22T20:30:47.000Z;#MigrantCrisis Wat een oplichters. maar toch lukt t deze organisaties met hulp van ngo s migratiegeld binnen te harken.;;;;/paulavhulten###/paulavhulten###/paulavhulten/status/1010258822034788352###/hashtag/MigrantCrisis?src=hashtag_click;migrantcrisis;2024-10-06 09_57_10.118611;0.748936891555786;0.000322798499838;0.000164369659615;0.000440199451987;0.000064881234721;0.155058234930038;0.000559257925488;1. Against immigration, migrants, foreigners, refugees, or Muslims.
36;603bcc9ba901e084;27bc67289adeebe0;f0b8a8c400410492;2022-10-29T07:48:27.000Z;Wie kent het liedje nog 15 miljoen mensen. #migrantcrisis https://youtu.be/9k9ZNf_aJUM;;;;/Lexveldhuizen###/Lexveldhuizen###/Lexveldhuizen/status/1586263682635268096###/hashtag/migrantcrisis?src=hashtag_click###https://t.co/61JAYsZhMD;migrantcrisis;2024-10-06 09_57_10.118611;0.001283726072870;0.000000754450241;0.000000168856346;0.000117850184324;0.000028943988582;0.000732863263693;0.000008196346243;5. Is neutral.
37;730c6762c8d890ea;b90db7f7679436cf;0824f8e85a25c935;2024-02-17T14:19:51.000Z;Fophef, helder woord. #migrantcrisis #vvd;;;;20;migrantcrisis;2024-10-06 09_57_10.118611;0.001875512418337;0.000008972588148;0.000003658266223;0.000005382245490;0.000004029463980;0.000095365343441;0.000017185637262;5. Is neutral.
38;;;;;This post is unavailable.;;;;;migrantcrisis;2024-10-06 09_57_10.118611;0.000118929085147;0.000000015512335;0.000000097311784;0.000661179888994;0.000003063055601;0.000033176205761;0.000041807754315;
39;;;;;This post is unavailable.;;;;;migrantcrisis;2024-10-06 09_57_10.118611;0.000118929085147;0.000000015512335;0.000000097311784;0.000661179888994;0.000003063055601;0.000033176205761;0.000041807754315;
40;5887092a43d55d20;718df065be404bc5;476bd9c958f02c8e;2023-08-08T20:43:54.000Z;"Open Borders Altruism.

#NYC #MigrantCrisis #Migrants #Jews #Brooklyn #NewYork #Manhattan #WakeUp";;;1.0;217;migrantcrisis;2024-10-06 09_57_10.118611;0.002659989055246;0.000009945578313;0.000000416402827;0.000009023939128;0.000000691421860;0.000080067613453;0.000001982463345;6. Other: unclear stance on immigration.
41;f7b7da8c56735f87;b6a343454acb9c76;6ca4e18e1fa7d34d;2022-06-09T14:39:26.000Z;Er zijn vast wel wat lege mega stallen te gebruiken van boeren die weg getreiterd zijn door de overheid om de gelukzoekers op te vangen  #grenzendicht #migrantcrisis #nexit;;;;/ArtEenhoorn###/ArtEenhoorn###/ArtEenhoorn/status/1534908029442850817###/RTLnieuws###/hashtag/grenzendicht?src=hashtag_click###/hashtag/migrantcrisis?src=hashtag_click###/hashtag/migrantcrisis?src=hashtag_click###/hashtag/nexit?src=hashtag_click;migrantcrisis;2024-10-06 09_57_10.118611;0.049386501312256;0.000078019395005;0.000428816856583;0.000685017905198;0.000049503400078;0.014103757217526;0.000246280978899;1. Against immigration, migrants, foreigners, refugees, or Muslims.
42;;;;;This post is unavailable.;;;;;migrantcrisis;2024-10-06 09_57_10.118611;0.000118929085147;0.000000015512335;0.000000097311784;0.000661179888994;0.000003063055601;0.000033176205761;0.000041807754315;
43;;;;;This post is unavailable.;;;;;migrantcrisis;2024-10-06 09_57_10.118611;0.000118929085147;0.000000015512335;0.000000097311784;0.000661179888994;0.000003063055601;0.000033176205761;0.000041807754315;
44;9bc7d5137ce7e435;e9a212ebcbadfaef;5b5fbc4888bde4ce;2021-11-27T08:59:53.000Z;Die “arme” gevluchte mensen. #MigrantCrisis #Migrationspolitik #IstandWithPoland;;;;/HietbrinkWilma###/HietbrinkWilma###/HietbrinkWilma/status/1464519336211664901###/hashtag/MigrantCrisis?src=hashtag_click###/hashtag/Migrationspolitik?src=hashtag_click###/hashtag/IstandWithPoland?src=hashtag_click;migrantcrisis;2024-10-06 09_57_10.118611;0.004347805399448;0.000008437898032;0.000000171624919;0.000052535866416;0.000002478659553;0.001445204368792;0.000013216279513;1. Against immigration, migrants, foreigners, refugees, or Muslims.
45;;;;;This post is unavailable.;;;;;migrantcrisis;2024-10-06 09_57_10.118611;0.000118929085147;0.000000015512335;0.000000097311784;0.000661179888994;0.000003063055601;0.000033176205761;0.000041807754315;
46;;;;;This post is unavailable.;;;;;migrantcrisis;2024-10-06 09_57_10.118611;0.000118929085147;0.000000015512335;0.000000097311784;0.000661179888994;0.000003063055601;0.000033176205761;0.000041807754315;
47;;;;;This post is unavailable.;;;;;migrantcrisis;2024-10-06 09_57_10.118611;0.000118929085147;0.000000015512335;0.000000097311784;0.000661179888994;0.000003063055601;0.000033176205761;0.000041807754315;
48;;;;;This post is unavailable.;;;;;migrantcrisis;2024-10-06 09_57_10.118611;0.000118929085147;0.000000015512335;0.000000097311784;0.000661179888994;0.000003063055601;0.000033176205761;0.000041807754315;
49;7c0368f3e3d75ef5;42e546fddcccc9c2;4421cbcb4a93c5ef;2023-10-04T10:50:14.000Z;Volgens mij gaan er veel slachtoffers vallen door het massaal binnenbrengen van misdadigers die nu al dagelijks het nieuws halen ! #migrantcrisis;;;3.0;39;migrantcrisis;2024-10-06 09_57_10.118611;0.269722223281860;0.002067184075713;0.000102633923234;0.000181288400199;0.000119787124277;0.262545466423035;0.000697606126778;1. Against immigration, migrants, foreigners, refugees, or Muslims.
50;157eb75d1aa34189;569f1e6290922bbb;f3230e281fe30b0b;2020-03-26T10:38:48.000Z;@CharlesMichel @vonderleyen hebben een strikt geheime meeting...Italië werd door voorgangers ook niet geholpen tijdens #migrantcrisis ...moeten we helpen of niet...een communiqué wordt verwacht rond 1mei !!! Ze willen dit SNEL beslissen, geen tijd verliezen, go go go @EP_Belgium;;;;/FrankDePauw1###/FrankDePauw1###/FrankDePauw1/status/1243125242748338176###/CharlesMichel###/vonderleyen###/hashtag/migrantcrisis?src=hashtag_click;migrantcrisis;2024-10-06 09_57_10.118611;0.002635032869875;0.000214773841435;0.000006592318186;0.000083478524175;0.000014314607142;0.002551981480792;0.000012949761185;5. Is neutral.
51;;;;;This post is unavailable.;;;;;migrantcrisis;2024-10-06 09_57_10.118611;0.000118929085147;0.000000015512335;0.000000097311784;0.000661179888994;0.000003063055601;0.000033176205761;0.000041807754315;
52;;;;;This post is unavailable.;;;;;migrantcrisis;2024-10-06 09_57_10.118611;0.000118929085147;0.000000015512335;0.000000097311784;0.000661179888994;0.000003063055601;0.000033176205761;0.000041807754315;
53;;;;;This post is unavailable.;;;;;migrantcrisis;2024-10-06 09_57_10.118611;0.000118929085147;0.000000015512335;0.000000097311784;0.000661179888994;0.000003063055601;0.000033176205761;0.000041807754315;
54;;;;;This post is unavailable.;;;;;migrantcrisis;2024-10-06 09_57_10.118611;0.000118929085147;0.000000015512335;0.000000097311784;0.000661179888994;0.000003063055601;0.000033176205761;0.000041807754315;
55;563b1a95a8c2e68d;85456455686f3b48;ab042d189d94de07;2023-10-06T10:48:48.000Z;"Nou die schipper neemt vast ontslag bij die pendelboot 
#kansparels #migrantcrisis
@StemZeWegNL1 @StemZeWegNL Migranten proberen Nederlands schip te kapen dat hen net heeft gered";;;1.0;74;migrantcrisis;2024-10-06 09_57_10.118611;0.265848755836487;0.010932495817542;0.013041752390563;0.000605743378401;0.000781127542723;0.079792857170105;0.000221836889978;1. Against immigration, migrants, foreigners, refugees, or Muslims.
56;;;;;This post is unavailable.;;;;;migrantcrisis;2024-10-06 09_57_10.118611;0.000118929085147;0.000000015512335;0.000000097311784;0.000661179888994;0.000003063055601;0.000033176205761;0.000041807754315;
57;;;;;This post is unavailable.;;;;;migrantcrisis;2024-10-06 09_57_10.118611;0.000118929085147;0.000000015512335;0.000000097311784;0.000661179888994;0.000003063055601;0.000033176205761;0.000041807754315;
58;9233f5aa89389eb2;e2ee4a2a39bddb02;156ba705d959b7a5;2018-08-19T11:25:12.000Z;"CD&V'er Hendrik Bogaert pleit voor versnelde uitbreiding gesloten centra
@cdenv @hendrikbogaert
#migrants #Belgie #migrantcrisis
https://demorgen.be/politiek/cd-v-er-hendrik-bogaert-pleit-voor-versnelde-uitbreiding-gesloten-centra-b58b8c8f/…";;;;/petrodom###/petrodom###/petrodom/status/1031140017454891008###/cdenv###/hendrikbogaert###/hashtag/migrants?src=hashtag_click###/hashtag/Belgie?src=hashtag_click###/hashtag/migrantcrisis?src=hashtag_click###https://t.co/T9hqz8ehU1;migrantcrisis;2024-10-06 09_57_10.118611;0.002140609547496;0.000068221481342;0.000002541977892;0.000086654436018;0.000039547103370;0.000315694749588;0.000009971201507;1. Against immigration, migrants, foreigners, refugees, or Muslims.
59;;;;;This post is unavailable.;;;;;migrantcrisis;2024-10-06 09_57_10.118611;0.000118929085147;0.000000015512335;0.000000097311784;0.000661179888994;0.000003063055601;0.000033176205761;0.000041807754315;
60;;;;;This post is unavailable.;;;;;migrantcrisis;2024-10-06 09_57_10.118611;0.000118929085147;0.000000015512335;0.000000097311784;0.000661179888994;0.000003063055601;0.000033176205761;0.000041807754315;
61;;;;;This post is unavailable.;;;;;migrantcrisis;2024-10-06 09_57_10.118611;0.000118929085147;0.000000015512335;0.000000097311784;0.000661179888994;0.000003063055601;0.000033176205761;0.000041807754315;
62;;;;;This post is unavailable.;;;;;migrantcrisis;2024-10-06 09_57_10.118611;0.000118929085147;0.000000015512335;0.000000097311784;0.000661179888994;0.000003063055601;0.000033176205761;0.000041807754315;
63;;;;;This post is unavailable.;;;;;migrantcrisis;2024-10-06 09_57_10.118611;0.000118929085147;0.000000015512335;0.000000097311784;0.000661179888994;0.000003063055601;0.000033176205761;0.000041807754315;
64;;;;;This post is unavailable.;;;;;migrantcrisis;2024-10-06 09_57_10.118611;0.000118929085147;0.000000015512335;0.000000097311784;0.000661179888994;0.000003063055601;0.000033176205761;0.000041807754315;
65;ce6b85348fb16ab5;b542767e17237470;c9823a769263a068;2022-08-29T07:39:52.000Z;"Zij liggen in het gras; in Brussel liggen ze op steen en niemand maakt zich daar druk over. #migrantcrisis";;;;/LawWarrier###/LawWarrier###/LawWarrier/status/1564155862582714368###/NUnl###/hashtag/migrantcrisis?src=hashtag_click;migrantcrisis;2024-10-06 09_57_10.118611;0.154905423521995;0.000041110695747;0.000032196141547;0.000050361868489;0.000016261663404;0.007156569045037;0.000271428783890;1. Against immigration, migrants, foreigners, refugees, or Muslims.
66;b407c2e736c85206;3b4f737df54b1dc7;06e32dc9ec1bb85e;2022-12-05T17:27:09.000Z;"Zonder migratierem ontspoort Nederland. Dat zie je nu toch al? Onze huisvestingstekort en social voorzieningen worden onhoudbaar.
#migrantcrisis @D66";;;;/MrPerfect1008###/MrPerfect1008###/MrPerfect1008/status/1599817667413934080###/jpaternotte###/hashtag/migrantcrisis?src=hashtag_click###/D66;migrantcrisis;2024-10-06 09_57_10.118611;0.051185321062803;0.000079543118773;0.000007205489510;0.000018292686946;0.000022241092665;0.001531536690891;0.000025806670237;1. Against immigration, migrants, foreigners, refugees, or Muslims.
67;ff6dd3092014f550;b542767e17237470;c9823a769263a068;2022-08-10T14:33:13.000Z;Deze Haagse idioten helpen ons land naar de kloten: @markrutte @SigridKaag @WBHoekstra @TjeerdD66 @RobJetten @jpaternotte #RutteMoetWeg #stopmigratie #migrantcrisis;;;1.0;/LawWarrier###/LawWarrier###/LawWarrier/status/1557374512584441858###/Gerard1945X###/markrutte###/SigridKaag###/WBHoekstra###/TjeerdD66###/RobJetten###/jpaternotte###/hashtag/RutteMoetWeg?src=hashtag_click###/hashtag/stopmigratie?src=hashtag_click###/hashtag/migrantcrisis?src=hashtag_click;migrantcrisis;2024-10-06 09_57_10.118611;0.649303495883942;0.000645947409794;0.000011496000297;0.000012274600522;0.000003449511723;0.023323843255639;0.000044350461394;1. Against immigration, migrants, foreigners, refugees, or Muslims.
68;83985646b91d35a3;42e546fddcccc9c2;4421cbcb4a93c5ef;2023-09-17T12:29:05.000Z;Sommigen, de meesten slagen op de vlucht om hier hetzelfde te doen waarvoor ze gevlucht zijn … #migrantcrisis;;;2.0;27;migrantcrisis;2024-10-06 09_57_10.118611;0.026722351089120;0.000019268045435;0.000250966317253;0.000075832555012;0.000024032215151;0.005215044599026;0.000310969335260;1. Against immigration, migrants, foreigners, refugees, or Muslims.
69;9c366e7728e6a444;ea72c79594296e45;d09aeb5ec90ef02c;2023-03-07T17:01:38.000Z;D66 is juist trots op de testosteronbommen uit de zandbak. En continu schaamteloos deze kansparels blijven verdedigen! #stemzeweg #NPO66 #censuur #remigratie #migrantcrisis #VVD66;;;;25;migrantcrisis;2024-10-06 09_57_10.118611;0.353839278221130;0.001456360449083;0.000162041003932;0.010222757235169;0.004660815931857;0.030839905142784;0.000105775980046;1. Against immigration, migrants, foreigners, refugees, or Muslims.
70;76746fd862c95133;2fd4d07bef02642d;ff61fa6f8110fc0e;2020-03-05T00:05:47.000Z;"Écht even filmpje kijken, @ChrisAalberts is hilarisch:

""Laan we nou niet moeilijk doen over die paar tienduizend mensen...
.. kijk, da's de andere kant van hetzelfde verhaal""

#GreeceUnderAttack #MigrantCrisis";1.0;5.0;3.0;/JanOoms9###/JanOoms9###/JanOoms9/status/1235355793215631361###/ChrisAalberts###/hashtag/GreeceUnderAttack?src=hashtag_click###/hashtag/MigrantCrisis?src=hashtag_click;migrantcrisis;2024-10-06 09_57_10.118611;0.020919850096107;0.000259379972704;0.000010090065189;0.000182967676665;0.000041158313252;0.011866286396980;0.000075028590800;5. Is neutral.
71;33aa282e88d3f7c3;26ecb4f131f7a083;ebc2f897b9b03fcf;2020-03-13T16:28:16.000Z;"#vluchtelingenkinderen in #Griekenland. Terwijl Duitsland, Frankrijk, Luxemburg, Portugal, Finland ""zijn bereid in totaal 2.500 minderjarigen over te laten komen"", Nederland ""zal zich daar niet bij aansluiten.""  #migrantcrisis #vluchtelingenkinderen";;;1.0;/2022_emm###/2022_emm###/2022_emm/status/1238502147538522114###/hashtag/vluchtelingenkinderen?src=hashtag_click###/hashtag/Griekenland?src=hashtag_click###/hashtag/migrantcrisis?src=hashtag_click###/hashtag/vluchtelingenkinderen?src=hashtag_click;migrantcrisis;2024-10-06 09_57_10.118611;0.003515775781125;0.000014999664927;0.000023753869755;0.001403268543072;0.004615031648427;0.001955465180799;0.000073262948717;5. Is neutral.
72;be479e861ffa690d;d8b877d977aeaecf;b8c1738b8649ed7e;2020-03-01T01:28:54.000Z;"Of alle toekomstige doden door een #coronavirusNederland #Coronavid19  of #Migrant #MigrantCrisis komt maakt geen tyfus uit  
@MinPres en de rest van die zooi in den haag doet er toch geen pleuris aan   bedoel grenzen bewaken is al een probleem...#boontjekomtomzeloontje";;;;/Je_MoederT###/Je_MoederT###/Je_MoederT/status/1233927159917531137###/hashtag/coronavirusNederland?src=hashtag_click###/hashtag/Coronavid19?src=hashtag_click###/hashtag/Migrant?src=hashtag_click###/hashtag/MigrantCrisis?src=hashtag_click###/MinPres###/hashtag/boontjekomtomzeloontje?src=hashtag_click;migrantcrisis;2024-10-06 09_57_10.118611;0.739993274211884;0.001936578424647;0.000064219464548;0.000020890731321;0.000015971110770;0.152401581406593;0.000005665589924;1. Against immigration, migrants, foreigners, refugees, or Muslims.
73;;;;;This post is unavailable.;;;;;migrantcrisis;2024-10-06 09_57_10.118611;0.000118929085147;0.000000015512335;0.000000097311784;0.000661179888994;0.000003063055601;0.000033176205761;0.000041807754315;
74;;;;;This post is unavailable.;;;;;migrantcrisis;2024-10-06 09_57_10.118611;0.000118929085147;0.000000015512335;0.000000097311784;0.000661179888994;0.000003063055601;0.000033176205761;0.000041807754315;
75;;;;;This post is unavailable.;;;;;migrantcrisis;2024-10-06 09_57_10.118611;0.000118929085147;0.000000015512335;0.000000097311784;0.000661179888994;0.000003063055601;0.000033176205761;0.000041807754315;
76;;;;;This post is unavailable.;;;;;migrantcrisis;2024-10-06 09_57_10.118611;0.000118929085147;0.000000015512335;0.000000097311784;0.000661179888994;0.000003063055601;0.000033176205761;0.000041807754315;
77;53a26b2e33a5851b;8fde200208c4e9bc;83c3bf352d2e9471;2020-03-14T15:05:01.000Z;Onmiddellijk jullie vloot inzetten om deze slachtoffers van mensenhandel over te brengen naar #Turkije ... blijkt namelijk dat het #DNA daar immuun is voor #Covid_19 ... jullie hebben het materiaal en de contacten... #ArtsenzonderGrenzen #migrantcrisis #IStandWithGreece;;1.0;2.0;/RNCrypto74###/RNCrypto74###/RNCrypto74/status/1238843584289308672###/AzG_nl###/hashtag/Turkije?src=hashtag_click###/hashtag/DNA?src=hashtag_click###/hashtag/Covid_19?src=hashtag_click###/hashtag/ArtsenzonderGrenzen?src=hashtag_click###/hashtag/migrantcrisis?src=hashtag_click###/hashtag/IStandWithGreece?src=hashtag_click;migrantcrisis;2024-10-06 09_57_10.118611;0.075182795524597;0.008448590524495;0.000032130748878;0.002205176046118;0.000319871644024;0.192992091178894;0.000756093766540;1. Against immigration, migrants, foreigners, refugees, or Muslims.
78;;;;;This post is unavailable.;;;;;migrantcrisis;2024-10-06 09_57_10.118611;0.000118929085147;0.000000015512335;0.000000097311784;0.000661179888994;0.000003063055601;0.000033176205761;0.000041807754315;
79;;;;;This post is unavailable.;;;;;migrantcrisis;2024-10-06 09_57_10.118611;0.000118929085147;0.000000015512335;0.000000097311784;0.000661179888994;0.000003063055601;0.000033176205761;0.000041807754315;
80;;;;;This post is unavailable.;;;;;migrantcrisis;2024-10-06 09_57_10.118611;0.000118929085147;0.000000015512335;0.000000097311784;0.000661179888994;0.000003063055601;0.000033176205761;0.000041807754315;
81;;;;;This post is unavailable.;;;;;migrantcrisis;2024-10-06 09_57_10.118611;0.000118929085147;0.000000015512335;0.000000097311784;0.000661179888994;0.000003063055601;0.000033176205761;0.000041807754315;
82;;;;;This post is unavailable.;;;;;migrantcrisis;2024-10-06 09_57_10.118611;0.000118929085147;0.000000015512335;0.000000097311784;0.000661179888994;0.000003063055601;0.000033176205761;0.000041807754315;
83;;;;;This post is unavailable.;;;;;migrantcrisis;2024-10-06 09_57_10.118611;0.000118929085147;0.000000015512335;0.000000097311784;0.000661179888994;0.000003063055601;0.000033176205761;0.000041807754315;
84;;;;;This post is unavailable.;;;;;migrantcrisis;2024-10-06 09_57_10.118611;0.000118929085147;0.000000015512335;0.000000097311784;0.000661179888994;0.000003063055601;0.000033176205761;0.000041807754315;
85;;;;;This post is unavailable.;;;;;migrantcrisis;2024-10-06 09_57_10.118611;0.000118929085147;0.000000015512335;0.000000097311784;0.000661179888994;0.000003063055601;0.000033176205761;0.000041807754315;
86;d4104fba356df61f;8fde200208c4e9bc;83c3bf352d2e9471;2023-02-20T18:27:32.000Z;"Misschien es #airbnb proberen ... kwestie van geen onderlingen jaloezie te creeeren tussen de verschillende aanbieders van accomodaties in BXL..
@Nicole_demoor #vivaldi #Molenbeek #migrantcrisis
@PSofficiel
https://hln.be/brussel/politiek-zoekt-dringende-oplossing-voor-tentenkamp-in-molenbeek-situatie-is-te-onveilig~a37b04c0/…";1.0;;;37;migrantcrisis;2024-10-06 09_57_10.118611;0.001394796767272;0.000058733581682;0.000089575158199;0.000479943002574;0.000314358825563;0.000590839656070;0.000046595323511;5. Is neutral.
87;c3e157a8b102685a;2fd4d07bef02642d;ff61fa6f8110fc0e;2024-08-04T13:02:54.000Z;"De Nederlandse journalistiek heeft al grotendeels gecapituleerd, of zit in een verknipte groupthink gevangen.

#migrantcrisis";;1.0;20.0;894;migrantcrisis;2024-10-06 09_57_10.118611;0.207384511828422;0.000472033018013;0.000496646272950;0.000180467119208;0.000264640984824;0.005588292609900;0.001159076229669;6. Other: Criticizes Dutch journalism's groupthink.
88;f01170704d1dbdca;a59b1da0739609cf;388701bafc266f67;2022-11-05T16:07:27.000Z;"Wow beginnen ze het eindelijk te zien? Of zijn er binnenkort weer verkiezingen @WBHoekstra ?
Dit is echt een Kabinet van list en bedrog.
#migrantcrisis #woningnood #vluchtelingen
https://telegraaf.nl/nieuws/334849718/cda-leider-hoekstra-huidige-instroom-migranten-is-niet-vol-te-houden…";;2.0;2.0;/antznl###/antznl###/antznl/status/1588925971700551680###/WBHoekstra###/hashtag/migrantcrisis?src=hashtag_click###/hashtag/woningnood?src=hashtag_click###/hashtag/vluchtelingen?src=hashtag_click###https://t.co/54fBOcV2Ne;migrantcrisis;2024-10-06 09_57_10.118611;0.164451360702515;0.000089575747552;0.000037961803173;0.000200179463718;0.000118589014164;0.002994951093569;0.000062051265559;1. Against immigration, migrants, foreigners, refugees, or Muslims.
89;;;;;This post is unavailable.;;;;;migrantcrisis;2024-10-06 09_57_10.118611;0.000118929085147;0.000000015512335;0.000000097311784;0.000661179888994;0.000003063055601;0.000033176205761;0.000041807754315;
90;;;;;This post is unavailable.;;;;;migrantcrisis;2024-10-06 09_57_10.118611;0.000118929085147;0.000000015512335;0.000000097311784;0.000661179888994;0.000003063055601;0.000033176205761;0.000041807754315;
91;;;;;This post is unavailable.;;;;;migrantcrisis;2024-10-06 09_57_10.118611;0.000118929085147;0.000000015512335;0.000000097311784;0.000661179888994;0.000003063055601;0.000033176205761;0.000041807754315;
92;;;;;This post is unavailable.;;;;;migrantcrisis;2024-10-06 09_57_10.118611;0.000118929085147;0.000000015512335;0.000000097311784;0.000661179888994;0.000003063055601;0.000033176205761;0.000041807754315;
93;;;;;This post is unavailable.;;;;;migrantcrisis;2024-10-06 09_57_10.118611;0.000118929085147;0.000000015512335;0.000000097311784;0.000661179888994;0.000003063055601;0.000033176205761;0.000041807754315;
94;;;;;This post is unavailable.;;;;;migrantcrisis;2024-10-06 09_57_10.118611;0.000118929085147;0.000000015512335;0.000000097311784;0.000661179888994;0.000003063055601;0.000033176205761;0.000041807754315;
95;e572380fc77e7c9a;81f8f6dde88365f3;20011cde6912ac60;2022-05-16T12:55:36.000Z;"Dan moet het #COA DE DEUREN GESLOTEN HOUDEN.
BINNEN 2 WEKEN IS HET GESTOPT MET DE GROTE AANTALLEN. #migrantcrisis";;;1.0;/j_flamingo###/j_flamingo###/j_flamingo/status/1526184590158835713###/hashtag/COA?src=hashtag_click###/hashtag/migrantcrisis?src=hashtag_click;migrantcrisis;2024-10-06 09_57_10.118611;0.047936189919710;0.000158609604114;0.000084835141024;0.000021741372620;0.000040589620767;0.002899535465986;0.000012530079402;1. Against immigration, migrants, foreigners, refugees, or Muslims.
96;910cce765d0a605a;c41cfa88daa6acca;8adf88c2e4a5be33;2019-10-13T18:32:18.000Z;"Het heeft alleen geen reet zin! 

De EU komt niet in beweging. Spreekt alleen foei uit en gaan weer over tot de orde vd dag. Slappe hap!! 

EU had al veel eerder in moeten grijpen en de woorden van Trump destijds serieus moeten nemen.

#migrantcrisis
#ErdoganWarCriminal";;;1.0;/cedonulli0###/cedonulli0###/cedonulli0/status/1183450405088497666###/AfshinEllian1###/MalikAzmani###/hashtag/migrantcrisis?src=hashtag_click###/hashtag/ErdoganWarCriminal?src=hashtag_click;migrantcrisis;2024-10-06 09_57_10.118611;0.255322545766830;0.001741185900755;0.000002852137868;0.000962294230703;0.000061161699705;0.082195125520229;0.000079764460679;1. Against immigration, migrants, foreigners, refugees, or Muslims.
97;;;;;This post is unavailable.;;;;;migrantcrisis;2024-10-06 09_57_10.118611;0.000118929085147;0.000000015512335;0.000000097311784;0.000661179888994;0.000003063055601;0.000033176205761;0.000041807754315;
98;;;;;This post is unavailable.;;;;;migrantcrisis;2024-10-06 09_57_10.118611;0.000118929085147;0.000000015512335;0.000000097311784;0.000661179888994;0.000003063055601;0.000033176205761;0.000041807754315;
99;;;;;This post is unavailable.;;;;;migrantcrisis;2024-10-06 09_57_10.118611;0.000118929085147;0.000000015512335;0.000000097311784;0.000661179888994;0.000003063055601;0.000033176205761;0.000041807754315;
100;;;;;This post is unavailable.;;;;;migrantcrisis;2024-10-06 09_57_10.118611;0.000118929085147;0.000000015512335;0.000000097311784;0.000661179888994;0.000003063055601;0.000033176205761;0.000041807754315;
101;;;;;This post is unavailable.;;;;;migrantcrisis;2024-10-06 09_57_10.118611;0.000118929085147;0.000000015512335;0.000000097311784;0.000661179888994;0.000003063055601;0.000033176205761;0.000041807754315;
102;;;;;This post is unavailable.;;;;;migrantcrisis;2024-10-06 09_57_10.118611;0.000120758515550;0.000000015473033;0.000000095923419;0.000657045049593;0.000003047194241;0.000032781201298;0.000040792296204;
103;50841b5fbf606282;5338ee3335229270;9d861812acabf53f;2023-06-24T09:56:46.000Z;"Migratiedeal? In #Tunesië : ’Ik stop pas als ik miljonair ben’ 

De smokkelaar heeft slechts één regel: hij werkt niet met zwarte Afrikanen. „Die zijn shit. Ze luisteren niet en brengen ons in gevaar.”
#migrantcrisis
https://telegraaf.nl/nieuws/1099426470/migratiedeal-in-tunesie-lachen-smokkelaars-erom-ik-stop-pas-als-ik-miljonair-ben/?utm_source=t.co&utm_medium=referral&utm_campaign=twitter… #telegraafpremium via @Telegraaf";;;1.0;25;migrantcrisis;2024-10-06 09_57_10.118611;0.483479440212250;0.000182398260222;0.000138851508382;0.000278188730590;0.000076198768511;0.001949002384208;0.000009913003851;1. Against immigration, migrants, foreigners, refugees, or Muslims.
104;02c193e18c564c78;afa7b3d0ac082475;808f768ee705142a;2022-08-29T09:04:31.000Z;@D66  en @VVD  zeggen kom maar hoor wij hebben plek zat! #migrantcrisis  ‘Monstermoesson’ in Pakistan: 33 miljoen mensen op de vlucht https://ad.nl/buitenland/monstermoesson-in-pakistan-33-miljoen-mensen-op-de-vlucht~a7729c1af/?utm_source=twitter&utm_medium=social&utm_campaign=socialsharing_web…;;;;/hetdieptepunt###/hetdieptepunt###/hetdieptepunt/status/1564177163825340416###/D66###/VVD###/hashtag/migrantcrisis?src=hashtag_click###https://t.co/zegkbruBuB;migrantcrisis;2024-10-06 09_57_10.118611;0.016697490587830;0.000465256976895;0.000023214139219;0.000137800132507;0.000045445431169;0.015969181433320;0.000328321213601;1. Against immigration, migrants, foreigners, refugees, or Muslims.
105;a7cc6928401dc2bf;20526387bce5cbce;0a42c88d276fdbf6;2023-07-18T09:28:35.000Z;"https://thesun.co.uk/news/politics/23088163/bibby-stockholm-arrives-in-dorset/?utm_medium=browser_notifications&utm_source=pushly&utm_campaign=HK-pushly… (July 18, 2023; 16:30 HKT) #MIGRANTCRISIS #ENGLAND";;;;16;migrantcrisis;2024-10-06 09_57_10.118611;0.001944455085322;0.000054183030443;0.000002931973313;0.000167991500348;0.000062836807047;0.000904465327039;0.000090714987891;6. Other: link without expressed sentiment.
106;;;;;This post is unavailable.;;;;;migrantcrisis;2024-10-06 09_57_10.118611;0.000118929085147;0.000000015512335;0.000000097311784;0.000661179888994;0.000003063055601;0.000033176205761;0.000041807754315;
107;;;;;This post is unavailable.;;;;;migrantcrisis;2024-10-06 09_57_10.118611;0.000118929085147;0.000000015512335;0.000000097311784;0.000661179888994;0.000003063055601;0.000033176205761;0.000041807754315;
108;;;;;This post is unavailable.;;;;;migrantcrisis;2024-10-06 09_57_10.118611;0.000118929085147;0.000000015512335;0.000000097311784;0.000661179888994;0.000003063055601;0.000033176205761;0.000041807754315;
109;;;;;This post is unavailable.;;;;;migrantcrisis;2024-10-06 09_57_10.118611;0.000118929085147;0.000000015512335;0.000000097311784;0.000661179888994;0.000003063055601;0.000033176205761;0.000041807754315;
110;;;;;This post is unavailable.;;;;;migrantcrisis;2024-10-06 09_57_10.118611;0.000118929085147;0.000000015512335;0.000000097311784;0.000661179888994;0.000003063055601;0.000033176205761;0.000041807754315;
111;;;;;This post is unavailable.;;;;;migrantcrisis;2024-10-06 09_57_10.118611;0.000118929085147;0.000000015512335;0.000000097311784;0.000661179888994;0.000003063055601;0.000033176205761;0.000041807754315;
112;;;;;This post is unavailable.;;;;;migrantcrisis;2024-10-06 09_57_10.118611;0.000118929085147;0.000000015512335;0.000000097311784;0.000661179888994;0.000003063055601;0.000033176205761;0.000041807754315;
113;;;;;This post is unavailable.;;;;;migrantcrisis;2024-10-06 09_57_10.118611;0.000118929085147;0.000000015512335;0.000000097311784;0.000661179888994;0.000003063055601;0.000033176205761;0.000041807754315;
114;;;;;This post is unavailable.;;;;;migrantcrisis;2024-10-06 09_57_10.118611;0.000118929085147;0.000000015512335;0.000000097311784;0.000661179888994;0.000003063055601;0.000033176205761;0.000041807754315;
115;;;;;This post is unavailable.;;;;;migrantcrisis;2024-10-06 09_57_10.118611;0.000118929085147;0.000000015512335;0.000000097311784;0.000661179888994;0.000003063055601;0.000033176205761;0.000041807754315;
116;;;;;This post is unavailable.;;;;;migrantcrisis;2024-10-06 09_57_10.118611;0.000118929085147;0.000000015512335;0.000000097311784;0.000661179888994;0.000003063055601;0.000033176205761;0.000041807754315;
117;;;;;This post is unavailable.;;;;;migrantcrisis;2024-10-06 09_57_10.118611;0.000118929085147;0.000000015512335;0.000000097311784;0.000661179888994;0.000003063055601;0.000033176205761;0.000041807754315;
118;;;;;This post is unavailable.;;;;;migrantcrisis;2024-10-06 09_57_10.118611;0.000118929085147;0.000000015512335;0.000000097311784;0.000661179888994;0.000003063055601;0.000033176205761;0.000041807754315;
119;;;;;This post is unavailable.;;;;;migrantcrisis;2024-10-06 09_57_10.118611;0.000118929085147;0.000000015512335;0.000000097311784;0.000661179888994;0.000003063055601;0.000033176205761;0.000041807754315;
120;;;;;This post is unavailable.;;;;;migrantcrisis;2024-10-06 09_57_10.118611;0.000120758631965;0.000000015473063;0.000000095923419;0.000657045340631;0.000003047197197;0.000032781234040;0.000040792296204;
121;;;;;This post is unavailable.;;;;;migrantcrisis;2024-10-06 09_57_10.118611;0.000118929085147;0.000000015512335;0.000000097311784;0.000661179888994;0.000003063055601;0.000033176205761;0.000041807754315;
122;;;;;This post is unavailable.;;;;;migrantcrisis;2024-10-06 09_57_10.118611;0.000118929085147;0.000000015512335;0.000000097311784;0.000661179888994;0.000003063055601;0.000033176205761;0.000041807754315;
123;;;;;This post is unavailable.;;;;;migrantcrisis;2024-10-06 09_57_10.118611;0.000118929085147;0.000000015512335;0.000000097311784;0.000661179888994;0.000003063055601;0.000033176205761;0.000041807754315;
124;;;;;This post is unavailable.;;;;;migrantcrisis;2024-10-06 09_57_10.118611;0.000118929085147;0.000000015512335;0.000000097311784;0.000661179888994;0.000003063055601;0.000033176205761;0.000041807754315;
125;;;;;This post is unavailable.;;;;;migrantcrisis;2024-10-06 09_57_10.118611;0.000118929085147;0.000000015512335;0.000000097311784;0.000661179888994;0.000003063055601;0.000033176205761;0.000041807754315;
126;;;;;This post is unavailable.;;;;;migrantcrisis;2024-10-06 09_57_10.118611;0.000118929085147;0.000000015512335;0.000000097311784;0.000661179888994;0.000003063055601;0.000033176205761;0.000041807754315;
127;;;;;This post is unavailable.;;;;;migrantcrisis;2024-10-06 09_57_10.118611;0.000118929085147;0.000000015512335;0.000000097311784;0.000661179888994;0.000003063055601;0.000033176205761;0.000041807754315;
128;;;;;This post is unavailable.;;;;;migrantcrisis;2024-10-06 09_57_10.118611;0.000118929085147;0.000000015512335;0.000000097311784;0.000661179888994;0.000003063055601;0.000033176205761;0.000041807754315;
129;;;;;This post is unavailable.;;;;;migrantcrisis;2024-10-06 09_57_10.118611;0.000118929085147;0.000000015512335;0.000000097311784;0.000661179888994;0.000003063055601;0.000033176205761;0.000041807754315;
130;;;;;This post is unavailable.;;;;;migrantcrisis;2024-10-06 09_57_10.118611;0.000118929085147;0.000000015512335;0.000000097311784;0.000661179888994;0.000003063055601;0.000033176205761;0.000041807754315;
131;;;;;This post is unavailable.;;;;;migrantcrisis;2024-10-06 09_57_10.118611;0.000118929085147;0.000000015512335;0.000000097311784;0.000661179888994;0.000003063055601;0.000033176205761;0.000041807754315;
132;;;;;This post is unavailable.;;;;;migrantcrisis;2024-10-06 09_57_10.118611;0.000118929085147;0.000000015512335;0.000000097311784;0.000661179888994;0.000003063055601;0.000033176205761;0.000041807754315;
133;;;;;This post is unavailable.;;;;;migrantcrisis;2024-10-06 09_57_10.118611;0.000118929085147;0.000000015512335;0.000000097311784;0.000661179888994;0.000003063055601;0.000033176205761;0.000041807754315;
134;;;;;This post is unavailable.;;;;;migrantcrisis;2024-10-06 09_57_10.118611;0.000118929085147;0.000000015512335;0.000000097311784;0.000661179888994;0.000003063055601;0.000033176205761;0.000041807754315;
135;;;;;This post is unavailable.;;;;;migrantcrisis;2024-10-06 09_57_10.118611;0.000118929085147;0.000000015512335;0.000000097311784;0.000661179888994;0.000003063055601;0.000033176205761;0.000041807754315;
136;;;;;This post is unavailable.;;;;;migrantcrisis;2024-10-06 09_57_10.118611;0.000118929085147;0.000000015512335;0.000000097311784;0.000661179888994;0.000003063055601;0.000033176205761;0.000041807754315;
137;;;;;This post is unavailable.;;;;;migrantcrisis;2024-10-06 09_57_10.118611;0.000118929085147;0.000000015512335;0.000000097311784;0.000661179888994;0.000003063055601;0.000033176205761;0.000041807754315;
138;;;;;This post is unavailable.;;;;;migrantcrisis;2024-10-06 09_57_10.118611;0.000118929085147;0.000000015512335;0.000000097311784;0.000661179888994;0.000003063055601;0.000033176205761;0.000041807754315;
139;;;;;This post is unavailable.;;;;;migrantcrisis;2024-10-06 09_57_10.118611;0.000118929085147;0.000000015512335;0.000000097311784;0.000661179888994;0.000003063055601;0.000033176205761;0.000041807754315;
140;;;;;This post is unavailable.;;;;;migrantcrisis;2024-10-06 09_57_10.118611;0.000118929085147;0.000000015512335;0.000000097311784;0.000661179888994;0.000003063055601;0.000033176205761;0.000041807754315;
141;;;;;This post is unavailable.;;;;;migrantcrisis;2024-10-06 09_57_10.118611;0.000118929085147;0.000000015512335;0.000000097311784;0.000661179888994;0.000003063055601;0.000033176205761;0.000041807754315;
142;;;;;This post is unavailable.;;;;;migrantcrisis;2024-10-06 09_57_10.118611;0.000118929085147;0.000000015512335;0.000000097311784;0.000661179888994;0.000003063055601;0.000033176205761;0.000041807754315;
143;;;;;This post is unavailable.;;;;;migrantcrisis;2024-10-06 09_57_10.118611;0.000118929085147;0.000000015512335;0.000000097311784;0.000661179888994;0.000003063055601;0.000033176205761;0.000041807754315;
144;;;;;This post is unavailable.;;;;;migrantcrisis;2024-10-06 09_57_10.118611;0.000118929085147;0.000000015512335;0.000000097311784;0.000661179888994;0.000003063055601;0.000033176205761;0.000041807754315;
145;;;;;This post is unavailable.;;;;;migrantcrisis;2024-10-06 09_57_10.118611;0.000118929085147;0.000000015512335;0.000000097311784;0.000661179888994;0.000003063055601;0.000033176205761;0.000041807754315;
146;;;;;This post is unavailable.;;;;;migrantcrisis;2024-10-06 09_57_10.118611;0.000118929085147;0.000000015512335;0.000000097311784;0.000661179888994;0.000003063055601;0.000033176205761;0.000041807754315;
147;;;;;This post is unavailable.;;;;;migrantcrisis;2024-10-06 09_57_10.118611;0.000118929085147;0.000000015512335;0.000000097311784;0.000661179888994;0.000003063055601;0.000033176205761;0.000041807754315;
148;;;;;This post is unavailable.;;;;;migrantcrisis;2024-10-06 09_57_10.118611;0.000118929085147;0.000000015512335;0.000000097311784;0.000661179888994;0.000003063055601;0.000033176205761;0.000041807754315;
149;;;;;This post is unavailable.;;;;;migrantcrisis;2024-10-06 09_57_10.118611;0.000118929085147;0.000000015512335;0.000000097311784;0.000661179888994;0.000003063055601;0.000033176205761;0.000041807754315;
150;;;;;This post is unavailable.;;;;;migrantcrisis;2024-10-06 09_57_10.118611;0.000118929085147;0.000000015512335;0.000000097311784;0.000661179888994;0.000003063055601;0.000033176205761;0.000041807754315;
151;;;;;This post is unavailable.;;;;;migrantcrisis;2024-10-06 09_57_10.118611;0.000118929085147;0.000000015512335;0.000000097311784;0.000661179888994;0.000003063055601;0.000033176205761;0.000041807754315;
1;6a5695b19f2122e3;e96e536bfed7d12a;59d2013510f52df9;2023-05-15T06:13:01.000Z;Uitstekend idee dit @StasJenV !? Zo draai je het verdienmodel van de mensensmokkelaars de nek om en dan stokt migratie vanzelf. Ietsom over na te denken toch!? #migrantcrisis;;;;11;migrantcrisis;2024-10-04 12_38_17.294265;0.108791477978229;0.002765034558252;0.000172852334799;0.000045652624976;0.000004703967988;0.043769866228104;0.000238612687099;1. Against immigration, migrants, foreigners, refugees, or Muslims.
2;ea4e301f4c5c0f30;6da958ba3e5cb76c;93a969571e1d7c6d;2023-03-26T19:12:47.000Z;"Volle boot met #gelukszoekers onderweg Luilekkerland.
#ASIELSTOP #migrantcrisis";43.0;67.0;77.0;4K;migrantcrisis;2024-10-04 12_38_17.294265;0.002384479856118;0.000038576694351;0.000088939850684;0.000672064255923;0.000260375294602;0.000345456675859;0.000014890334569;1. Against immigration, migrants, foreigners, refugees, or Muslims.
3;b3b1312ccdcea55b;30de264b292732e5;6d2942f8760f3370;2023-01-26T22:13:55.000Z;"De beste grappen hoor je in verkiezingstijd
in 1 jaar 402.000 migranten zonder uitnodiging.
#verkiezingen #VVD #D66 #groenlinks #Politiek #migrantcrisis #Mensenhandel zonder Grenzen ( op andermans kosten ) #Politiek";;;;78;migrantcrisis;2024-10-04 12_38_17.294265;0.020132267847657;0.000053326108173;0.000014462745639;0.000924904481508;0.000078056524217;0.003248497843742;0.000097952834039;1. Against immigration, migrants, foreigners, refugees, or Muslims.
4;20e4492af6ff8ad1;74607ab5486101c8;3f4b06727f5114f1;2024-08-26T12:05:33.000Z;"Opnieuw 301 illegale migranten aangekomen in Lampedusa op 8 boten 

Vandaag arriveerden 301 migranten in Lampedusa, terwijl er gisteren al 450 aankwamen. De korte termijn opvangcentra zijn inmiddels overvol. Een nieuwe migrantcrisis lijkt zich te ontwikkelen op Lampedusa";4.0;5.0;2.0;373;migrantcrisis;2024-10-04 12_38_17.294265;0.078819736838341;0.000735753739718;0.000207481512916;0.002849531592801;0.004227765370160;0.019401161000132;0.000215249863686;5. Is neutral.
5;e3b62069719f83a6;d957b9f1c86f53a2;c45f83925c2b470b;2023-09-26T20:27:37.000Z;"Caarnaast, nogmaals #migrantcrisis is geen #vluchtelingencrisis.
#migranten, zelf zorgen voor onderdak, eten, etc. Moet iedere migrant. Dus huisje #opjebeurtwachten. #6160224test nooitvoorang";;;;12;migrantcrisis;2024-10-04 12_38_17.294265;0.060412019491196;0.000005234108357;0.000044208791223;0.000028746015232;0.000004275786068;0.000513187726028;0.000002962511189;1. Against immigration, migrants, foreigners, refugees, or Muslims.
6;e36a4bf37f0dce58;35c88f9b583366e5;2b3368832de6e0d0;2023-07-14T17:26:17.000Z;"#klaarmetRutte 
Hongarije heeft de oplossing gevonden voor de migrantcrisis : geen afgeronde asielprocedure, geen toegang tot de EU. Dit is het Hongaarse systeem en het werkt. Nu wil Brussel het vernietigen.! dit laat ik niet gebeuren  Orbán Viktor";3.0;33.0;48.0;1,6K;migrantcrisis;2024-10-04 12_38_17.294265;0.074231825768948;0.001509936177172;0.001013013999909;0.000059270172642;0.000037079727917;0.099818587303162;0.000858579820488;1. Against immigration, migrants, foreigners, refugees, or Muslims.
7;1eb2831714e0a0c7;0a277c42f331e1ac;cc7b7a3ae5c97d47;2023-07-14T15:57:35.000Z;Hongarije #migrantcrisis   heeft de oplossing: Geen afgeronde asiel procedure géén toegang tot de EU.;;3.0;3.0;105;migrantcrisis;2024-10-04 12_38_17.294265;0.061486888676882;0.000507664866745;0.000938215758651;0.000026544759749;0.000026743206035;0.026800176128745;0.002227390184999;1. Against immigration, migrants, foreigners, refugees, or Muslims.
8;e03b205c8b9dd4cd;8e1456e0b8d3c21d;0bd9cb1abfc43224;2023-08-25T06:38:33.000Z;Wie zijn deze NGO’s? #asielindustrie #migrantcrisis #migranten #ASIELSTOP;1.0;2.0;3.0;462;migrantcrisis;2024-10-04 12_38_17.294265;0.017099250108004;0.000032265270420;0.000000608092762;0.000046977958846;0.000044645850721;0.000229026903980;0.000015409865227;1. Against immigration, migrants, foreigners, refugees, or Muslims.
9;36e58c3aa5913270;cef678ad462ddafc;24d29350c6dbbcdc;2024-02-17T20:08:06.000Z;Je vergeet uitzetten! Nog beter: niet binnen laten! #rellen #DenHaag #migrantcrisis;;;3.0;872;migrantcrisis;2024-10-04 12_38_17.294265;0.133503824472427;0.000152335720486;0.000002102683311;0.000045745320676;0.000030211951525;0.005438787396997;0.000000981280209;1. Against immigration, migrants, foreigners, refugees, or Muslims.
10;cc0524d94eb058b3;44597143c123b7f1;2d832b60a168d460;2024-08-13T14:55:20.000Z;"Zijn de Westerse 'vrije' samenlevingen in een terminale staat of is de zaak nog te redden? #klimaathysterie #FreeSpeech #migrantcrisis #WEF etc... RT = 
@Kijkverder1";3.0;7.0;6.0;469;migrantcrisis;2024-10-04 12_38_17.294265;0.060721807181835;0.000797353917733;0.000001074817533;0.000094569506473;0.000005675221018;0.013749605976045;0.000500224065035;5. Is neutral.
11;;;;;This post is unavailable.;;;;;migrantcrisis;2024-10-04 12_38_17.294265;0.000118929085147;0.000000015512335;0.000000097311784;0.000661179888994;0.000003063055601;0.000033176205761;0.000041807754315;
12;;;;;This post is unavailable.;;;;;migrantcrisis;2024-10-04 12_38_17.294265;0.000118929085147;0.000000015512335;0.000000097311784;0.000661179888994;0.000003063055601;0.000033176205761;0.000041807754315;
13;;;;;This post is unavailable.;;;;;migrantcrisis;2024-10-04 12_38_17.294265;0.000118929085147;0.000000015512335;0.000000097311784;0.000661179888994;0.000003063055601;0.000033176205761;0.000041807754315;
14;;;;;This post is unavailable.;;;;;migrantcrisis;2024-10-04 12_38_17.294265;0.000118929085147;0.000000015512335;0.000000097311784;0.000661179888994;0.000003063055601;0.000033176205761;0.000041807754315;
15;7c0368f3e3d75ef5;42e546fddcccc9c2;4421cbcb4a93c5ef;2023-10-04T10:50:14.000Z;Volgens mij gaan er veel slachtoffers vallen door het massaal binnenbrengen van misdadigers die nu al dagelijks het nieuws halen ! #migrantcrisis;;;3.0;38;migrantcrisis;2024-10-04 12_38_17.294265;0.269722223281860;0.002067184075713;0.000102633923234;0.000181288400199;0.000119787124277;0.262545466423035;0.000697606126778;1. Against immigration, migrants, foreigners, refugees, or Muslims.
16;730c6762c8d890ea;b90db7f7679436cf;0824f8e85a25c935;2024-02-17T14:19:51.000Z;Fophef, helder woord. #migrantcrisis #vvd;;;;19;migrantcrisis;2024-10-04 12_38_17.294265;0.001875512418337;0.000008972588148;0.000003658266223;0.000005382245490;0.000004029463980;0.000095365343441;0.000017185637262;5. Is neutral.
17;563b1a95a8c2e68d;85456455686f3b48;ab042d189d94de07;2023-10-06T10:48:48.000Z;"Nou die schipper neemt vast ontslag bij die pendelboot 
#kansparels #migrantcrisis
@StemZeWegNL1 @StemZeWegNL Migranten proberen Nederlands schip te kapen dat hen net heeft gered";;;1.0;73;migrantcrisis;2024-10-04 12_38_17.294265;0.265848755836487;0.010932495817542;0.013041752390563;0.000605743378401;0.000781127542723;0.079792857170105;0.000221836889978;1. Against immigration, migrants, foreigners, refugees, or Muslims.
18;;;;;This post is unavailable.;;;;;migrantcrisis;2024-10-04 12_38_17.294265;0.000118929085147;0.000000015512335;0.000000097311784;0.000661179888994;0.000003063055601;0.000033176205761;0.000041807754315;
19;;;;;This post is unavailable.;;;;;migrantcrisis;2024-10-04 12_38_17.294265;0.000118929085147;0.000000015512335;0.000000097311784;0.000661179888994;0.000003063055601;0.000033176205761;0.000041807754315;
20;c3e157a8b102685a;2fd4d07bef02642d;ff61fa6f8110fc0e;2024-08-04T13:02:54.000Z;"De Nederlandse journalistiek heeft al grotendeels gecapituleerd, of zit in een verknipte groupthink gevangen.

#migrantcrisis";;1.0;20.0;893;migrantcrisis;2024-10-04 12_38_17.294265;0.207384511828422;0.000472033018013;0.000496646272950;0.000180467119208;0.000264640984824;0.005588292609900;0.001159076229669;6. Other: Criticizes Dutch journalism's groupthink.
21;83985646b91d35a3;42e546fddcccc9c2;4421cbcb4a93c5ef;2023-09-17T12:29:05.000Z;Sommigen, de meesten slagen op de vlucht om hier hetzelfde te doen waarvoor ze gevlucht zijn … #migrantcrisis;;;2.0;26;migrantcrisis;2024-10-04 12_38_17.294265;0.026722351089120;0.000019268045435;0.000250966317253;0.000075832555012;0.000024032215151;0.005215044599026;0.000310969335260;1. Against immigration, migrants, foreigners, refugees, or Muslims.
22;f5f9f8e9974c5637;606cfc0382b97ba3;e787278e03e14a9f;2023-03-29T22:24:44.000Z;"Zou Eric vd Burg nog wakker zijn ? Denk het niet , morgen weer n dag .
#migrantcrisis";;;;40;migrantcrisis;2024-10-04 12_38_17.294265;0.013163610361516;0.000441778392997;0.000017100051991;0.000053329717048;0.000031914143619;0.007783190812916;0.000022803606043;5. Is neutral.
23;;;;;This post is unavailable.;;;;;migrantcrisis;2024-10-04 12_38_17.294265;0.000118929085147;0.000000015512335;0.000000097311784;0.000661179888994;0.000003063055601;0.000033176205761;0.000041807754315;
24;;;;;This post is unavailable.;;;;;migrantcrisis;2024-10-04 12_38_17.294265;0.000118929085147;0.000000015512335;0.000000097311784;0.000661179888994;0.000003063055601;0.000033176205761;0.000041807754315;
25;50841b5fbf606282;5338ee3335229270;9d861812acabf53f;2023-06-24T09:56:46.000Z;"Migratiedeal? In #Tunesië : ’Ik stop pas als ik miljonair ben’ 

De smokkelaar heeft slechts één regel: hij werkt niet met zwarte Afrikanen. „Die zijn shit. Ze luisteren niet en brengen ons in gevaar.”
#migrantcrisis
https://telegraaf.nl/nieuws/1099426470/migratiedeal-in-tunesie-lachen-smokkelaars-erom-ik-stop-pas-als-ik-miljonair-ben/?utm_source=t.co&utm_medium=referral&utm_campaign=twitter… #telegraafpremium via @Telegraaf";;;1.0;24;migrantcrisis;2024-10-04 12_38_17.294265;0.483479440212250;0.000182398260222;0.000138851508382;0.000278188730590;0.000076198768511;0.001949002384208;0.000009913003851;1. Against immigration, migrants, foreigners, refugees, or Muslims.
26;9c366e7728e6a444;ea72c79594296e45;d09aeb5ec90ef02c;2023-03-07T17:01:38.000Z;D66 is juist trots op de testosteronbommen uit de zandbak. En continu schaamteloos deze kansparels blijven verdedigen! #stemzeweg #NPO66 #censuur #remigratie #migrantcrisis #VVD66;;;;24;migrantcrisis;2024-10-04 12_38_17.294265;0.353839278221130;0.001456360449083;0.000162041003932;0.010222757235169;0.004660815931857;0.030839905142784;0.000105775980046;1. Against immigration, migrants, foreigners, refugees, or Muslims.
27;fe9a7c0dbb04fa22;d6c0f022538ba98c;66bbd5b805809c94;2024-04-21T14:02:39.000Z;Migratiedeals kunnen mensonterende omstandigheden veroorzaken: overvolle kampen, geen onderdak en onvoldoende eten en water. Nederland moet nú stoppen met onderhandelen over mensenlevens. Teken de oproep! https://amnesty.nl/forms/dealbreakers… via @amnestynl #migration #migrants #migrantcrisis;;;;12;migrantcrisis;2024-10-04 12_38_17.294265;0.057884417474270;0.001558780902997;0.000162448661285;0.000042936753744;0.000008042960872;0.021702393889427;0.000035858771298;2. In support of immigration, migrants, foreigners, refugees, or Muslims.
28;;;;;This post is unavailable.;;;;;migrantcrisis;2024-10-04 12_38_17.294265;0.000118929085147;0.000000015512335;0.000000097311784;0.000661179888994;0.000003063055601;0.000033176205761;0.000041807754315;
29;;;;;This post is unavailable.;;;;;migrantcrisis;2024-10-04 12_38_17.294265;0.000118929085147;0.000000015512335;0.000000097311784;0.000661179888994;0.000003063055601;0.000033176205761;0.000041807754315;
30;;;;;This post is unavailable.;;;;;migrantcrisis;2024-10-04 12_38_17.294265;0.000118929085147;0.000000015512335;0.000000097311784;0.000661179888994;0.000003063055601;0.000033176205761;0.000041807754315;
31;;;;;This post is unavailable.;;;;;migrantcrisis;2024-10-04 12_38_17.294265;0.000118929085147;0.000000015512335;0.000000097311784;0.000661179888994;0.000003063055601;0.000033176205761;0.000041807754315;
32;;;;;This post is unavailable.;;;;;migrantcrisis;2024-10-04 12_38_17.294265;0.000118929085147;0.000000015512335;0.000000097311784;0.000661179888994;0.000003063055601;0.000033176205761;0.000041807754315;
33;;;;;This post is unavailable.;;;;;migrantcrisis;2024-10-04 12_38_17.294265;0.000118929085147;0.000000015512335;0.000000097311784;0.000661179888994;0.000003063055601;0.000033176205761;0.000041807754315;
34;c4ac8fde51ab3d2f;28fbc175ccf963db;5915afe945514a83;2021-08-27T21:31:25.000Z;"#Afghanistan #migrantcrisis 
Oef, wat een opluchting zeg !
#simplisme bij @vrtnws";;;2.0;/Belgonerd1###/Belgonerd1###/Belgonerd1/status/1431368780437929984###/hashtag/Afghanistan?src=hashtag_click###/hashtag/migrantcrisis?src=hashtag_click###/hashtag/simplisme?src=hashtag_click###/vrtnws;migrantcrisis;2024-10-04 12_38_17.294265;0.011305084452033;0.000006193373792;0.000071519745688;0.000194654188817;0.000074605522968;0.000812798738480;0.000085416926595;5. Is neutral.
35;48445a75892f070d;1934fec4d9309d32;a22310a113639dbb;2022-07-18T08:43:16.000Z;"Een paspoort kopen vind EU niet leuk.

Men moet namelijk afhankelijk zijn, jarenlang in de migratiemolen hangen, zodat alle migratiebaantjes intact blijven.

Zomaar een zak geld op tafel leggen, dat is veelste efficient!

#migrantcrisis #miljonairs";;;;/Democratikusje###/Democratikusje###/Democratikusje/status/1548951525141118980###/hashtag/migrantcrisis?src=hashtag_click###/hashtag/miljonairs?src=hashtag_click;migrantcrisis;2024-10-04 12_38_17.294265;0.085448749363422;0.000053530671721;0.000011912257833;0.000029692075259;0.000005044983482;0.000999555923045;0.000094048366009;1. Against immigration, migrants, foreigners, refugees, or Muslims.
36;f4c62253bd42748f;c5753345f65416a3;d426e75bc6b6ac36;2018-06-24T16:55:09.000Z;"Blog op Zondag | Opvangcentra in Europa voor migranten zijn geen goed idee. Drie redenen. https://bit.ly/2lzZ6vz
#migranten #MigrantCrisis #EU #opvangcentra #MigrationEU";;1.0;1.0;/BlogopZondag###/BlogopZondag###/BlogopZondag/status/1010929330023739393###https://t.co/pX3OvNZx3F###/hashtag/migranten?src=hashtag_click###/hashtag/MigrantCrisis?src=hashtag_click###/hashtag/EU?src=hashtag_click###/hashtag/opvangcentra?src=hashtag_click###/hashtag/MigrationEU?src=hashtag_click;migrantcrisis;2024-10-04 12_38_17.294265;0.095592699944973;0.000083872218966;0.000002278152124;0.000131022548885;0.000187091078260;0.000810529454611;0.000011948016436;1. Against immigration, migrants, foreigners, refugees, or Muslims.
37;;;;;This post is unavailable.;;;;;migrantcrisis;2024-10-04 12_38_17.294265;0.000118929085147;0.000000015512335;0.000000097311784;0.000661179888994;0.000003063055601;0.000033176205761;0.000041807754315;
38;;;;;This post is unavailable.;;;;;migrantcrisis;2024-10-04 12_38_17.294265;0.000118929085147;0.000000015512335;0.000000097311784;0.000661179888994;0.000003063055601;0.000033176205761;0.000041807754315;
39;9f4e6bc65f0c49a3;ed5324cd4ee8b88f;2dc80c0a078bfdcd;2022-07-30T18:50:55.000Z;"Er móét gewoon een verdienmodel aan ten grondslag liggen getuige de vele tripjes tussen Libië en Italië van #NGO-schepen, die met volledig medeweten en goedkeuring van de #EuropeseUnie 1000-en #migranten Europa in smokkelen. 
#migrantcrisis #Immigration";3.0;55.0;54.0;/CoraWeg###/CoraWeg###/CoraWeg/status/1553453100287025156###/hashtag/NGO?src=hashtag_click###/hashtag/EuropeseUnie?src=hashtag_click###/hashtag/migranten?src=hashtag_click###/hashtag/migrantcrisis?src=hashtag_click###/hashtag/Immigration?src=hashtag_click;migrantcrisis;2024-10-04 12_38_17.294265;0.033936806023121;0.000047389577958;0.000032524054404;0.001304855919443;0.001452531432733;0.003652906510979;0.000094316710602;1. Against immigration, migrants, foreigners, refugees, or Muslims.
40;e603f092707ac638;c5753345f65416a3;d426e75bc6b6ac36;2018-07-29T14:27:06.000Z;Blog op Zondag | Stop de (gewelddadige) asieleiser https://bit.ly/2v19t0g #Ceuta #asieleiser #migranten #EU #buitengrens #borderpatrol #Spanje #borderprotection #bordercontrol #migrantcrisis #EUmigrantcrisis;;3.0;3.0;/BlogopZondag###/BlogopZondag###/BlogopZondag/status/1023575648294658048###https://t.co/VxtpbvIozV###/hashtag/Ceuta?src=hashtag_click###/hashtag/asieleiser?src=hashtag_click###/hashtag/migranten?src=hashtag_click###/hashtag/EU?src=hashtag_click###/hashtag/buitengrens?src=hashtag_click###/hashtag/borderpatrol?src=hashtag_click###/hashtag/Spanje?src=hashtag_click###/hashtag/borderprotection?src=hashtag_click###/hashtag/bordercontrol?src=hashtag_click###/hashtag/migrantcrisis?src=hashtag_click###/hashtag/EUmigrantcrisis?src=hashtag_click;migrantcrisis;2024-10-04 12_38_17.294265;0.049288392066955;0.000510531303007;0.000078436467447;0.000298180966638;0.000046093624405;0.015070088207722;0.000108801941678;1. Against immigration, migrants, foreigners, refugees, or Muslims.
41;cb0b5059b8a4d694;3947eb5bdd00c1cb;07a7c39c709d04d1;2022-10-25T13:02:09.000Z;"Amper 25 km de EU-grens over. Kamp bij het Servische Sombor. Duizenden jonge mannen,
vooral uit Syrië, stranden hier. Volgende hindernis: het hek van Orbán #migrantcrisis";7.0;11.0;13.0;/tijnsadee###/tijnsadee###/tijnsadee/status/1584893076312817664###/hashtag/migrantcrisis?src=hashtag_click;migrantcrisis;2024-10-04 12_38_17.294265;0.003769404720515;0.000037152007280;0.000851715274621;0.000660121790133;0.000452414358733;0.003285614540800;0.000265500246314;5. Is neutral.
42;6d495b658ccb36d6;f38fc9ea7ba75f04;dd00fc95aacb2c72;2020-08-14T18:57:22.000Z;"Inside Europe: Ten Years of Turmoil

It covers matters affecting the European Union, and in particular #Brexit, the #debtcrisis and the #migrantcrisis

Als je deze 3 crisissen uiteindelijk bekijkt, door de ogen van deze leiders, besef je dat Europa nog veel uitdagingen heeft.";1.0;;1.0;/KarlBoumans###/KarlBoumans###/KarlBoumans/status/1294347400472072192###/hashtag/Brexit?src=hashtag_click###/hashtag/debtcrisis?src=hashtag_click###/hashtag/migrantcrisis?src=hashtag_click;migrantcrisis;2024-10-04 12_38_17.294265;0.001297234324738;0.000000790602712;0.000000137253451;0.000097016367363;0.000012057387721;0.000127578634419;0.000038749542000;5. Is neutral.
43;901cd4acf3e2355f;f1d80082eb97ede1;38c3d6f7860dda45;2023-02-18T09:04:04.000Z;Ik vraag mij elke dag af wanneer Nederland, en de rest van de wereld, massaal in opstand komt. Zijn de slapende schapen nog steeds in de meerderheid? #WEF #D666 #Rutte #kaag #Ohio #Ukraina #Epstein #Biden #migrantcrisis #boeren;2.0;3.0;16.0;666;migrantcrisis;2024-10-04 12_38_17.294265;0.410441726446152;0.062907792627811;0.000200057140319;0.002196847461164;0.000964916136581;0.379260212182999;0.000316642137477;6. Other: Criticizes government and global issues.
44;c66ca19d259ef363;28fbc175ccf963db;5915afe945514a83;2020-08-28T09:09:06.000Z;"#criminals #migrantcrisis
@catmoureaux stond erbij en keek ernaar.
https://bruzz.be/samenleving/doodsbange-bewoonster-sippelbergwijk-wil-van-hangjongeren-hier-wet-2020-08-27…";;;;/Belgonerd1###/Belgonerd1###/Belgonerd1/status/1299272788096749569###/hashtag/criminals?src=hashtag_click###/hashtag/migrantcrisis?src=hashtag_click###/catmoureaux###https://t.co/AL8AHrJERB;migrantcrisis;2024-10-04 12_38_17.294265;0.100158341228962;0.000723653822206;0.000415126152802;0.000161580610438;0.000064926302002;0.007173922844231;0.000103759382910;1. Against immigration, migrants, foreigners, refugees, or Muslims.
45;9157eb9cde4730fb;008d3baa5195d527;e79a054808a459bd;2021-10-14T05:06:23.000Z;"Hmmmmm. Alles passeert de revu behalve statushouders die met voorang woningen krijgen. 
#woningnood #migrantcrisis";;;1.0;/alfred_silenus###/alfred_silenus###/alfred_silenus/status/1448515506399551488###/denieuwsbv###/poeetweet###/pieterderks###/hashtag/woningnood?src=hashtag_click###/hashtag/migrantcrisis?src=hashtag_click;migrantcrisis;2024-10-04 12_38_17.294265;0.003736767219380;0.000002381077365;0.000001256687028;0.000013641462829;0.000005437401796;0.000040613358578;0.000014041837858;1. Against immigration, migrants, foreigners, refugees, or Muslims.
46;e1a8150169e4bf65;8f4d75b6c8ab495e;73dc5bda3e02cb96;2019-02-27T09:37:40.000Z;"De zogenaamde ""Smokkelaar Express"" #GolfoAzzurro voorbereiden om weer uit te varen ... #NoMoreDeathsAtSea #Migrantcrisis #Humansmuggling #Frontex #Europol @NLambLib @CvNieuwenhuizen @SvVeldhoven @KarlijnRensink @MvanToorenburg @MalikAzmani @LWegewijs @NatashaBertaud @MajaEUspox";2.0;4.0;6.0;/rgowans###/rgowans###/rgowans/status/1100691425816166400###/rgowans###/hashtag/GolfoAzzurro?src=hashtag_click###/hashtag/NoMoreDeathsAtSea?src=hashtag_click###/hashtag/Migrantcrisis?src=hashtag_click###/hashtag/Humansmuggling?src=hashtag_click###/hashtag/Frontex?src=hashtag_click###/hashtag/Europol?src=hashtag_click###/NLambLib###/CvNieuwenhuizen###/SvVeldhoven###/KarlijnRensink###/MvanToorenburg###/MalikAzmani###/LWegewijs###/NatashaBertaud###/MajaEUspox;migrantcrisis;2024-10-04 12_38_17.294265;0.000514594255947;0.000060822552769;0.000211685648537;0.000220682282816;0.000263759866357;0.003406291594729;0.000027540338124;5. Is neutral.
47;69f30239b0400cbb;28fbc175ccf963db;5915afe945514a83;2020-03-02T07:18:41.000Z;#MigrantCrisis #taxpayers Ik ken er alvast een aantal die geen moer om blanke #Europeans geven: @EU_Commission met @TimmermansEU en @vonderleyen, leden van de @EUCouncil en zeker de @eucopresident, @MeyremAlmaci @WouterDeVriendt @guyverhofstadt @kristofcalvo @BartSomers. @EU4BE;;;1.0;/Belgonerd1###/Belgonerd1###/Belgonerd1/status/1234377570399006722###/ivovd2###/me2_of3###/hashtag/MigrantCrisis?src=hashtag_click###/hashtag/taxpayers?src=hashtag_click###/hashtag/Europeans?src=hashtag_click###/EU_Commission###/TimmermansEU###/vonderleyen###/EUCouncil###/eucopresident###/MeyremAlmaci###/WouterDeVriendt###/guyverhofstadt###/kristofcalvo###/BartSomers###/EU4BE;migrantcrisis;2024-10-04 12_38_17.294265;0.189577564597130;0.000026578574762;0.005372708197683;0.000637435994577;0.000040169510612;0.000924558611587;0.000100991361251;1. Against immigration, migrants, foreigners, refugees, or Muslims.
48;603bcc9ba901e084;27bc67289adeebe0;f0b8a8c400410492;2022-10-29T07:48:27.000Z;Wie kent het liedje nog 15 miljoen mensen. #migrantcrisis https://youtu.be/9k9ZNf_aJUM;;;;/Lexveldhuizen###/Lexveldhuizen###/Lexveldhuizen/status/1586263682635268096###/hashtag/migrantcrisis?src=hashtag_click###https://t.co/61JAYsZhMD;migrantcrisis;2024-10-04 12_38_17.294265;0.001283726072870;0.000000754450241;0.000000168856346;0.000117850184324;0.000028943988582;0.000732863263693;0.000008196346243;5. Is neutral.
49;be568eacb84aac7e;b7cde170f4d1b3bf;7e2c9d4c3686a57e;2021-07-21T21:25:34.000Z;Weer een paar mensen die het licht zien. Niet arbeidsmigratie faciliteren en  stimuleren, maar het verplaatsen van sectoren naar de landen waar wel arbeid is, is de oplossing! Goed voor iedereen, behalve voor uitbuitende en/of slechtbetalende ondernemers ! #migrantcrisis;5.0;6.0;16.0;/JacquesMonasch###/JacquesMonasch###/JacquesMonasch/status/1417958956857708549###/hashtag/migrantcrisis?src=hashtag_click;migrantcrisis;2024-10-04 12_38_17.294265;0.015322159044445;0.000788839592133;0.000024416782253;0.000042194307753;0.000003286137144;0.004442997742444;0.000062717255787;1. Against immigration, migrants, foreigners, refugees, or Muslims.
50;c3a78ee2ea8c2fdf;9be0c52ff0437319;ac8b50c67e27202a;2020-03-06T15:08:18.000Z;850 miljoen mensen die honger hebben en te zwak of arm zijn om naar de Europese grenzen te lopen. #MigrantCrisis #Migranten;;;2.0;/ReneZalm###/ReneZalm###/ReneZalm/status/1235945306291871744###/LodewijkA###/hashtag/MigrantCrisis?src=hashtag_click###/hashtag/Migranten?src=hashtag_click;migrantcrisis;2024-10-04 12_38_17.294265;0.019915148615837;0.000018457531041;0.000166013443959;0.000445421756012;0.000065462576458;0.001183309708722;0.000026414332751;5. Is neutral.
51;a16c1a2826d27cc5;c5753345f65416a3;d426e75bc6b6ac36;2018-06-24T17:32:33.000Z;Nog maar eens in de herhaling. Een blog uit 2015. Blog op zondag | 10 Oplossingsrichtingen voor de vluchtelingencrisi... http://edwindemol.blogspot.com/2015/08/10-oplossingsrichtingen-voor-de.html?spref=tw… #migrants #migratietop #MigrantCrisis #Macron #blog #Migranten #vluchtelingen #Merkel #EU #Europe;;;;/BlogopZondag###/BlogopZondag###/BlogopZondag/status/1010938742289453056###https://t.co/uPyyMUpad8###/hashtag/migrants?src=hashtag_click###/hashtag/migratietop?src=hashtag_click###/hashtag/MigrantCrisis?src=hashtag_click###/hashtag/Macron?src=hashtag_click###/hashtag/blog?src=hashtag_click###/hashtag/Migranten?src=hashtag_click###/hashtag/vluchtelingen?src=hashtag_click###/hashtag/Merkel?src=hashtag_click###/hashtag/EU?src=hashtag_click###/hashtag/Europe?src=hashtag_click;migrantcrisis;2024-10-04 12_38_17.294265;0.021664578467607;0.000066488384618;0.000006278767160;0.000127163017169;0.000135480077006;0.001557332347147;0.000127739695017;5. Is neutral.
52;157eb75d1aa34189;569f1e6290922bbb;f3230e281fe30b0b;2020-03-26T10:38:48.000Z;@CharlesMichel @vonderleyen hebben een strikt geheime meeting...Italië werd door voorgangers ook niet geholpen tijdens #migrantcrisis ...moeten we helpen of niet...een communiqué wordt verwacht rond 1mei !!! Ze willen dit SNEL beslissen, geen tijd verliezen, go go go @EP_Belgium;;;;/FrankDePauw1###/FrankDePauw1###/FrankDePauw1/status/1243125242748338176###/CharlesMichel###/vonderleyen###/hashtag/migrantcrisis?src=hashtag_click###/EP_Belgium;migrantcrisis;2024-10-04 12_38_17.294265;0.002635032869875;0.000214773841435;0.000006592318186;0.000083478524175;0.000014314607142;0.002551981480792;0.000012949761185;5. Is neutral.
53;;;;;This post is unavailable.;;;;;migrantcrisis;2024-10-04 12_38_17.294265;0.000118929085147;0.000000015512335;0.000000097311784;0.000661179888994;0.000003063055601;0.000033176205761;0.000041807754315;
54;;;;;This post is unavailable.;;;;;migrantcrisis;2024-10-04 12_38_17.294265;0.000118929085147;0.000000015512335;0.000000097311784;0.000661179888994;0.000003063055601;0.000033176205761;0.000041807754315;
55;;;;;This post is unavailable.;;;;;migrantcrisis;2024-10-04 12_38_17.294265;0.000118929085147;0.000000015512335;0.000000097311784;0.000661179888994;0.000003063055601;0.000033176205761;0.000041807754315;
56;;;;;This post is unavailable.;;;;;migrantcrisis;2024-10-04 12_38_17.294265;0.000118929085147;0.000000015512335;0.000000097311784;0.000661179888994;0.000003063055601;0.000033176205761;0.000041807754315;
57;5887092a43d55d20;718df065be404bc5;476bd9c958f02c8e;2023-08-08T20:43:54.000Z;"Open Borders Altruism.

#NYC #MigrantCrisis #Migrants #Jews #Brooklyn #NewYork #Manhattan #WakeUp";;;1.0;216;migrantcrisis;2024-10-04 12_38_17.294265;0.002659989055246;0.000009945578313;0.000000416402827;0.000009023939128;0.000000691421860;0.000080067613453;0.000001982463345;6. Other: unclear stance on immigration.
58;7cd0bd96f380953c;28fbc175ccf963db;5915afe945514a83;2021-11-16T14:20:23.000Z;Het is alweer pijnlijk tekenend voor de zwakte van @EU_Commission @vonderleyen @eucopresident dat #Merkel met #Loekasjenko heeft moeten bellen i.v.m. deze #migrantcrisis.;;;1.0;/Belgonerd1###/Belgonerd1###/Belgonerd1/status/1460613723375161344###/HLN_BE###/EU_Commission###/vonderleyen###/eucopresident###/hashtag/Merkel?src=hashtag_click###/hashtag/Loekasjenko?src=hashtag_click###/hashtag/migrantcrisis?src=hashtag_click;migrantcrisis;2024-10-04 12_38_17.294265;0.053673923015594;0.000003231835763;0.000689761422109;0.000067556669819;0.000038920494262;0.002708377549425;0.000077412660175;5. Is neutral.
59;;;;;This post is unavailable.;;;;;migrantcrisis;2024-10-04 12_38_17.294265;0.000119008036563;0.000000015481534;0.000000096838157;0.000660309335217;0.000003002462108;0.000032935211493;0.000041273044189;
60;;;;;This post is unavailable.;;;;;migrantcrisis;2024-10-04 12_38_17.294265;0.000118929085147;0.000000015512335;0.000000097311784;0.000661179888994;0.000003063055601;0.000033176205761;0.000041807754315;
61;;;;;This post is unavailable.;;;;;migrantcrisis;2024-10-04 12_38_17.294265;0.000118929085147;0.000000015512335;0.000000097311784;0.000661179888994;0.000003063055601;0.000033176205761;0.000041807754315;
62;;;;;This post is unavailable.;;;;;migrantcrisis;2024-10-04 12_38_17.294265;0.000118929085147;0.000000015512335;0.000000097311784;0.000661179888994;0.000003063055601;0.000033176205761;0.000041807754315;
63;;;;;This post is unavailable.;;;;;migrantcrisis;2024-10-04 12_38_17.294265;0.000118929085147;0.000000015512335;0.000000097311784;0.000661179888994;0.000003063055601;0.000033176205761;0.000041807754315;
64;;;;;This post is unavailable.;;;;;migrantcrisis;2024-10-04 12_38_17.294265;0.000118929085147;0.000000015512335;0.000000097311784;0.000661179888994;0.000003063055601;0.000033176205761;0.000041807754315;
65;0e8d7a90a903c98b;e040d5f8edabd7ee;b2e26a2d63858081;2015-09-19T17:12:20.000Z;Ik gooi schoonvader zijn gedacht maar eventjes in de groep. #migrantcrisis #begov @de_NVA;4.0;25.0;9.0;/GeertGooris###/GeertGooris###/GeertGooris/status/645284300418588672###/hashtag/migrantcrisis?src=hashtag_click###/hashtag/begov?src=hashtag_click###/de_NVA;migrantcrisis;2024-10-04 12_38_17.294265;0.249400362372398;0.001216124510393;0.000006347788712;0.000057718872995;0.000054794349126;0.132014378905296;0.000051430535677;6. Other: unclear stance on immigration.
66;c0fd01fdbbd08849;d7d04e98e501ed07;c1a0fa053f73f6f2;2016-03-07T19:13:40.000Z;#Erdogan heeft het spel keihard gespeeld met de #migrantcrisis en het #EU lidmaatschap krijgt hij nu cadeau. #EUtop;3.0;31.0;11.0;/Keutelt###/Keutelt###/Keutelt/status/706920769524252672###/hashtag/Erdogan?src=hashtag_click###/hashtag/migrantcrisis?src=hashtag_click###/hashtag/EU?src=hashtag_click###/hashtag/EUtop?src=hashtag_click;migrantcrisis;2024-10-04 12_38_17.294265;0.029303874820471;0.000129535677843;0.000012846804566;0.000196275839699;0.000024948047212;0.004453934729099;0.000086233791080;5. Is neutral.
67;c5c796f690dfec63;6884bd33cec15484;adb92a31d60991a8;2015-08-12T15:32:16.000Z;Oplossing voor die #migrantcrisis , zeg de migranten dat deze vrouw werd gezien in hun land van herkomst;;;;/PTRVDA###/PTRVDA###/PTRVDA/status/631488377028804608###/hashtag/migrantcrisis?src=hashtag_click;migrantcrisis;2024-10-04 12_38_17.294265;0.049569945782423;0.000580705469474;0.000017672360627;0.000028133314117;0.000008319203516;0.010332696139812;0.000011606601220;1. Against immigration, migrants, foreigners, refugees, or Muslims.
68;7110c1f41f7e9a70;4b2ea796adaf3428;e133130ee01b5bd6;2015-09-04T12:19:56.000Z;De Syriërs die we volgen, zojuist aangekomen in Athene #migrantcrisis;;1.0;;/CameraHan###/CameraHan###/CameraHan/status/639774896613126144###/hashtag/migrantcrisis?src=hashtag_click;migrantcrisis;2024-10-04 12_38_17.294265;0.004687739070505;0.000073325783887;0.000015532752514;0.000066700493335;0.000010518832823;0.002704511629418;0.000644632265903;5. Is neutral.
69;;;;;This post is unavailable.;;;;;migrantcrisis;2024-10-04 12_38_17.294265;0.000118929085147;0.000000015512335;0.000000097311784;0.000661179888994;0.000003063055601;0.000033176205761;0.000041807754315;
70;;;;;This post is unavailable.;;;;;migrantcrisis;2024-10-04 12_38_17.294265;0.000118929085147;0.000000015512335;0.000000097311784;0.000661179888994;0.000003063055601;0.000033176205761;0.000041807754315;
71;df433a815a955940;57f0bdc43423339d;697560432cd22772;2016-04-12T18:45:32.000Z;"En nu springen! 
Wat een kolossale fouten maakt Merkel #Oekraine #migrantcrisis #EUTurkeyDeal";;4.0;2.0;/jangajentaan###/jangajentaan###/jangajentaan/status/719959654646865922###/hashtag/Oekraine?src=hashtag_click###/hashtag/migrantcrisis?src=hashtag_click###/hashtag/EUTurkeyDeal?src=hashtag_click;migrantcrisis;2024-10-04 12_38_17.294265;0.210104748606682;0.000013915262571;0.000005350907941;0.000334316515364;0.000361848302418;0.002810263773426;0.000018609158360;1. Against immigration, migrants, foreigners, refugees, or Muslims.
72;;;;;This post is unavailable.;;;;;migrantcrisis;2024-10-04 12_38_17.294265;0.000118929085147;0.000000015512335;0.000000097311784;0.000661179888994;0.000003063055601;0.000033176205761;0.000041807754315;
73;;;;;This post is unavailable.;;;;;migrantcrisis;2024-10-04 12_38_17.294265;0.000118929085147;0.000000015512335;0.000000097311784;0.000661179888994;0.000003063055601;0.000033176205761;0.000041807754315;
74;10ebfaf72a6a1789;645b04eac9c440a4;930e396518a00563;2016-06-10T16:42:28.000Z;Merkel's #Europe #RegressiveLeft #SocialJustice #SocJus #FreeSpeech #Germany #SJW #MigrantCrisis... http://fb.me/2hXuLN5zM;;;;/BadIdeasVs###/BadIdeasVs###/BadIdeasVs/status/741309566005215232###/hashtag/Europe?src=hashtag_click###/hashtag/RegressiveLeft?src=hashtag_click###/hashtag/SocialJustice?src=hashtag_click###/hashtag/SocJus?src=hashtag_click###/hashtag/FreeSpeech?src=hashtag_click###/hashtag/Germany?src=hashtag_click###/hashtag/SJW?src=hashtag_click###/hashtag/MigrantCrisis?src=hashtag_click###https://t.co/rDvBZR3ONT;migrantcrisis;2024-10-04 12_38_17.294265;0.081633344292641;0.000026943313060;0.000000011559737;0.000090680550784;0.000011107733371;0.000407627521781;0.000008772190995;6. Other: unclear stance on immigration.
75;599faa64f5dd5913;8f4d75b6c8ab495e;73dc5bda3e02cb96;2017-12-19T08:25:02.000Z;"#libya Navy ship ""Ibn Ouf"" rescuing #migrants - BRAVO ZULU #humansmuggling #migrantcrisis #togetherforrescue #NGO #seenotrettung #msf #frontex #europol #reuters #unhcr #ong #migranti #bbc #seawatchcrew #afp #EU #refugees #dpa #cnn";;1.0;;/rgowans###/rgowans###/rgowans/status/943034425318760448###/hashtag/libya?src=hashtag_click###/hashtag/migrants?src=hashtag_click###/hashtag/humansmuggling?src=hashtag_click###/hashtag/migrantcrisis?src=hashtag_click###/hashtag/togetherforrescue?src=hashtag_click###/hashtag/NGO?src=hashtag_click###/hashtag/seenotrettung?src=hashtag_click###/hashtag/msf?src=hashtag_click###/hashtag/frontex?src=hashtag_click###/hashtag/europol?src=hashtag_click###/hashtag/reuters?src=hashtag_click###/hashtag/unhcr?src=hashtag_click###/hashtag/ong?src=hashtag_click###/hashtag/migranti?src=hashtag_click###/hashtag/bbc?src=hashtag_click###/hashtag/seawatchcrew?src=hashtag_click###/hashtag/afp?src=hashtag_click###/hashtag/EU?src=hashtag_click###/hashtag/refugees?src=hashtag_click###/hashtag/dpa?src=hashtag_click###/hashtag/cnn?src=hashtag_click;migrantcrisis;2024-10-04 12_38_17.294265;0.000477469584439;0.000041540606617;0.000007546398137;0.000560067128390;0.000070750305895;0.000503027928062;0.000050663315051;2. In support of immigration, migrants, foreigners, refugees, or Muslims.
76;;;;;This post is unavailable.;;;;;migrantcrisis;2024-10-04 12_38_17.294265;0.000118929085147;0.000000015512335;0.000000097311784;0.000661179888994;0.000003063055601;0.000033176205761;0.000041807754315;
77;;;;;This post is unavailable.;;;;;migrantcrisis;2024-10-04 12_38_17.294265;0.000118929085147;0.000000015512335;0.000000097311784;0.000661179888994;0.000003063055601;0.000033176205761;0.000041807754315;
78;447a7272634fc790;62fe2998899b04c3;007e5b147ca986b9;2016-03-10T12:09:48.000Z;"Oef #pijnlijk ingezonden brief: 
""Turken zijn #mensensmokkelaars""

#VK
http://geenstijl.nl/mt/archieven/2016/03/hallo_sunweb_we_willen_graag_die_alinkloesif_antalya_even_omboeken.html…
#migrantcrisis #EU";1.0;4.0;3.0;/Seccie###/Seccie###/Seccie/status/707901263770468353###/hashtag/pijnlijk?src=hashtag_click###/hashtag/mensensmokkelaars?src=hashtag_click###/hashtag/VK?src=hashtag_click###https://t.co/nQhnRgqpwA###/hashtag/migrantcrisis?src=hashtag_click###/hashtag/EU?src=hashtag_click;migrantcrisis;2024-10-04 12_38_17.294265;0.688899278640747;0.000288071227260;0.000406499457313;0.001502404338680;0.000195206594071;0.003251184010878;0.000215313091758;1. Against immigration, migrants, foreigners, refugees, or Muslims.
79;549b220f97d1e2cb;c3a4a53ea2b4dd28;1250574dbc40530d;2015-09-16T15:45:16.000Z;"Terechte aanhalingstekens @demorgen. Geen sprake van stemmingmakerij. #not #migrantcrisis
https://youtube.com/watch?v=RfrpwAEMe0c…";;2.0;;/EliMellemans###/EliMellemans###/EliMellemans/status/644175224783683584###/demorgen###/hashtag/not?src=hashtag_click###/hashtag/migrantcrisis?src=hashtag_click###https://t.co/EguXUc3Ehw;migrantcrisis;2024-10-04 12_38_17.294265;0.011550910770893;0.000039393195038;0.000004297985015;0.000064135616412;0.000024946548365;0.000513624225277;0.000008226588761;5. Is neutral.
80;0f0bfcae9be2874d;730ef67f712637b1;73d1ea42334f26ac;2015-11-13T14:20:36.000Z;Drukke marktkraam Ter Apel,  doet 5 keer per week goede zaken aan hek aanmeldcentrum #migrantcrisis#eenvandaag;3.0;3.0;1.0;/harmvanatteveld###/harmvanatteveld###/harmvanatteveld/status/665172415480258560;migrantcrisis;2024-10-04 12_38_17.294265;0.000885134562850;0.000007530072708;0.000055535147112;0.000015733481632;0.000064588384703;0.002087075263262;0.000068064357038;5. Is neutral.
81;5ff341a37642757e;668005a76c76c96b;d31dafad072c57e8;2015-10-20T05:55:36.000Z;Met brief aan asielzoekers probeert Dijkhoff hun verwachtingen te temperen #migrantcrisis http://bit.ly/1GQm9E3;3.0;4.0;1.0;/ewmagazinenl###/ewmagazinenl###/ewmagazinenl/status/656348018254442496###/hashtag/migrantcrisis?src=hashtag_click###https://t.co/oXGa32HIhw;migrantcrisis;2024-10-04 12_38_17.294265;0.006827096920460;0.000325742206769;0.000054656054999;0.000196988825337;0.000134228903334;0.004468882456422;0.000038226487959;5. Is neutral.
82;99e7d367e5553899;eb196efe2703852b;4c2cf4bcbcf770d3;2016-05-09T12:06:58.000Z;Nieuwe seizoen voor veerdienst Afrika -  Europa officieel geopend? #migrantcrisis @MSF_Sea;3.0;1.0;;/naald###/naald###/naald/status/729643826013409286###/hashtag/migrantcrisis?src=hashtag_click###/MSF_Sea;migrantcrisis;2024-10-04 12_38_17.294265;0.000532149395440;0.000037722111301;0.000014963119611;0.000502563547343;0.000125605394715;0.000515350198839;0.000087298554718;5. Is neutral.
83;d0ac3784dc90a2bf;4b2ea796adaf3428;e133130ee01b5bd6;2015-10-30T16:50:44.000Z;Vanavond in @Nieuwsuur! @stolkav #vluchtelingenstroom #vluchtelingen #migrantcrisis #Duitsland;;;;/CameraHan###/CameraHan###/CameraHan/status/660136766301687809###/Nieuwsuur###/stolkav###/hashtag/vluchtelingenstroom?src=hashtag_click###/hashtag/vluchtelingen?src=hashtag_click###/hashtag/migrantcrisis?src=hashtag_click###/hashtag/Duitsland?src=hashtag_click;migrantcrisis;2024-10-04 12_38_17.294265;0.010005779564381;0.000014653071048;0.000016423377019;0.000134772315505;0.000421872391598;0.006447176914662;0.000311651092488;5. Is neutral.
84;4f4448b7067df981;6450099d6d06af65;43c51fa1190037b3;2015-09-12T05:27:00.000Z;Tientallen vluchtelingen marcheren naar Mytilene in #Lesbos. Onvermoeibaar, tot 50 km ver #vrtnieuws #migrantcrisis;;;1.0;/stevencraneTV###/stevencraneTV###/stevencraneTV/status/642570080270876672###/hashtag/Lesbos?src=hashtag_click###/hashtag/vrtnieuws?src=hashtag_click###/hashtag/migrantcrisis?src=hashtag_click;migrantcrisis;2024-10-04 12_38_17.294265;0.004285854753107;0.000047165056458;0.000157073547598;0.001009716303088;0.000082458311226;0.008251195773482;0.000058778688981;5. Is neutral.
85;f57f27c6b10aefaf;6450099d6d06af65;43c51fa1190037b3;2015-09-12T05:27:30.000Z;De vluchtelingen blijven marcheren naar Mytilene, soms tot 50 km. #Lesbos #vrtnieuws #MigrantCrisis;1.0;;;/stevencraneTV###/stevencraneTV###/stevencraneTV/status/642570208876593152###/hashtag/Lesbos?src=hashtag_click###/hashtag/vrtnieuws?src=hashtag_click###/hashtag/MigrantCrisis?src=hashtag_click;migrantcrisis;2024-10-04 12_38_17.294265;0.002742883283645;0.000034411434171;0.000015944708139;0.000300426676404;0.000055224085372;0.002606548834592;0.000033736774640;5. Is neutral.
86;481570287c112056;6450099d6d06af65;43c51fa1190037b3;2015-09-09T16:48:03.000Z;Elke dag komen meer dan duizend vluchtelingen aan in #Lesbos. #vrtnieuws #MigrantCrisis;2.0;1.0;;/stevencraneTV###/stevencraneTV###/stevencraneTV/status/641654310284173313###/hashtag/Lesbos?src=hashtag_click###/hashtag/vrtnieuws?src=hashtag_click###/hashtag/MigrantCrisis?src=hashtag_click;migrantcrisis;2024-10-04 12_38_17.294265;0.001004379475489;0.000009848420632;0.000052227758715;0.000282931985566;0.000042529441998;0.002345200860873;0.000034824523027;5. Is neutral.
87;c26b537c9f3bba2d;6450099d6d06af65;43c51fa1190037b3;2015-09-08T17:09:40.000Z;Haven van Mytilini in #Lesbos: honderden vluchtelingen wachten op ferry naar Athene #vrtnieuws #migrantcrisis;1.0;1.0;1.0;/stevencraneTV###/stevencraneTV###/stevencraneTV/status/641297363584294912###/hashtag/Lesbos?src=hashtag_click###/hashtag/vrtnieuws?src=hashtag_click###/hashtag/migrantcrisis?src=hashtag_click;migrantcrisis;2024-10-04 12_38_17.294265;0.000859441701323;0.000058336416259;0.000252828060184;0.000380848534405;0.000371195725165;0.001127925235778;0.000210741156479;5. Is neutral.
88;4df2880353194b6a;248d5aca4c5b5c39;9112aaae83c6998f;2015-09-06T15:54:54.000Z;#migrantcrisis in Brussels! #refugeeswelcome;;2.0;5.0;/dansobov###/dansobov###/dansobov/status/640553770691227648###/hashtag/migrantcrisis?src=hashtag_click###/hashtag/refugeeswelcome?src=hashtag_click;migrantcrisis;2024-10-04 12_38_17.294265;0.000327811401803;0.000005137866992;0.000001828357881;0.000076397467637;0.000003458959782;0.000073296279879;0.000000479277162;2. In support of immigration, migrants, foreigners, refugees, or Muslims.
89;a3eee29d46d3c615;6450099d6d06af65;43c51fa1190037b3;2015-08-27T14:23:49.000Z;Langs de spoorlijn op de grens tussen Servië en Hongarije passeren duizenden vluchtelingen #vrtnieuws #migrantcrisis;;;1.0;/stevencraneTV###/stevencraneTV###/stevencraneTV/status/636906970352644096###/hashtag/vrtnieuws?src=hashtag_click###/hashtag/migrantcrisis?src=hashtag_click;migrantcrisis;2024-10-04 12_38_17.294265;0.007382314186543;0.000090426430688;0.000532042642590;0.000438519986346;0.000299448729493;0.009516222402453;0.000502757320646;5. Is neutral.
90;cfd8b97d555fa98f;645b04eac9c440a4;930e396518a00563;2017-01-22T09:56:05.000Z;"Typical Merkel 
#MigrantCrisis #Germeny #MEGA https://youtube.com/watch?v=M7EMl92iphU… @Kraut_and_Tea @scroweman";;2.0;3.0;/BadIdeasVs###/BadIdeasVs###/BadIdeasVs/status/823106957640765440###/hashtag/MigrantCrisis?src=hashtag_click###/hashtag/Germeny?src=hashtag_click###/hashtag/MEGA?src=hashtag_click###https://t.co/ghpOI34twi###/Kraut_and_Tea###/scroweman;migrantcrisis;2024-10-04 12_38_17.294265;0.252695381641388;0.000108773092506;0.000000345854659;0.000634127587546;0.000150604013470;0.001251799636520;0.000014972697500;6. Other: unclear stance on immigration.
1;6a5695b19f2122e3;e96e536bfed7d12a;59d2013510f52df9;2023-05-15T06:13:01.000Z;Uitstekend idee dit @StasJenV !? Zo draai je het verdienmodel van de mensensmokkelaars de nek om en dan stokt migratie vanzelf. Ietsom over na te denken toch!? #migrantcrisis;;;;14;migrantcrisis;2024-10-07 10_50_22.360731;0.108791477978229;0.002765034558252;0.000172852334799;0.000045652624976;0.000004703967988;0.043769866228104;0.000238612687099;1. Against immigration, migrants, foreigners, refugees, or Muslims.
2;ea4e301f4c5c0f30;6da958ba3e5cb76c;93a969571e1d7c6d;2023-03-26T19:12:47.000Z;"Volle boot met #gelukszoekers onderweg Luilekkerland.
#ASIELSTOP #migrantcrisis";43.0;67.0;77.0;4K;migrantcrisis;2024-10-07 10_50_22.360731;0.002384479856118;0.000038576694351;0.000088939850684;0.000672064255923;0.000260375294602;0.000345456675859;0.000014890334569;1. Against immigration, migrants, foreigners, refugees, or Muslims.
3;c4ac8fde51ab3d2f;28fbc175ccf963db;5915afe945514a83;2021-08-27T21:31:25.000Z;"#Afghanistan #migrantcrisis 
Oef, wat een opluchting zeg !
#simplisme bij @vrtnws";;;2.0;/Belgonerd1###/Belgonerd1###/Belgonerd1/status/1431368780437929984###/hashtag/Afghanistan?src=hashtag_click###/hashtag/migrantcrisis?src=hashtag_click###/hashtag/simplisme?src=hashtag_click###/vrtnws;migrantcrisis;2024-10-07 10_50_22.360731;0.011305084452033;0.000006193373792;0.000071519745688;0.000194654188817;0.000074605522968;0.000812798738480;0.000085416926595;5. Is neutral.
4;b3b1312ccdcea55b;30de264b292732e5;6d2942f8760f3370;2023-01-26T22:13:55.000Z;"De beste grappen hoor je in verkiezingstijd
in 1 jaar 402.000 migranten zonder uitnodiging.
#verkiezingen #VVD #D66 #groenlinks #Politiek #migrantcrisis #Mensenhandel zonder Grenzen ( op andermans kosten ) #Politiek";;;;81;migrantcrisis;2024-10-07 10_50_22.360731;0.020132267847657;0.000053326108173;0.000014462745639;0.000924904481508;0.000078056524217;0.003248497843742;0.000097952834039;1. Against immigration, migrants, foreigners, refugees, or Muslims.
5;48445a75892f070d;1934fec4d9309d32;a22310a113639dbb;2022-07-18T08:43:16.000Z;"Een paspoort kopen vind EU niet leuk.

Men moet namelijk afhankelijk zijn, jarenlang in de migratiemolen hangen, zodat alle migratiebaantjes intact blijven.

Zomaar een zak geld op tafel leggen, dat is veelste efficient!

#migrantcrisis #miljonairs";;;;/Democratikusje###/Democratikusje###/Democratikusje/status/1548951525141118980###/hashtag/migrantcrisis?src=hashtag_click###/hashtag/miljonairs?src=hashtag_click;migrantcrisis;2024-10-07 10_50_22.360731;0.085448749363422;0.000053530671721;0.000011912257833;0.000029692075259;0.000005044983482;0.000999555923045;0.000094048366009;1. Against immigration, migrants, foreigners, refugees, or Muslims.
6;f4c62253bd42748f;c5753345f65416a3;d426e75bc6b6ac36;2018-06-24T16:55:09.000Z;"Blog op Zondag | Opvangcentra in Europa voor migranten zijn geen goed idee. Drie redenen. https://bit.ly/2lzZ6vz
#migranten #MigrantCrisis #EU #opvangcentra #MigrationEU";;1.0;1.0;/BlogopZondag###/BlogopZondag###/BlogopZondag/status/1010929330023739393###https://t.co/pX3OvNZx3F###/hashtag/migranten?src=hashtag_click###/hashtag/MigrantCrisis?src=hashtag_click###/hashtag/EU?src=hashtag_click###/hashtag/opvangcentra?src=hashtag_click###/hashtag/MigrationEU?src=hashtag_click;migrantcrisis;2024-10-07 10_50_22.360731;0.095592699944973;0.000083872218966;0.000002278152124;0.000131022548885;0.000187091078260;0.000810529454611;0.000011948016436;1. Against immigration, migrants, foreigners, refugees, or Muslims.
7;20e4492af6ff8ad1;74607ab5486101c8;3f4b06727f5114f1;2024-08-26T12:05:33.000Z;"Opnieuw 301 illegale migranten aangekomen in Lampedusa op 8 boten 

Vandaag arriveerden 301 migranten in Lampedusa, terwijl er gisteren al 450 aankwamen. De korte termijn opvangcentra zijn inmiddels overvol. Een nieuwe migrantcrisis lijkt zich te ontwikkelen op Lampedusa";4.0;5.0;2.0;376;migrantcrisis;2024-10-07 10_50_22.360731;0.078819736838341;0.000735753739718;0.000207481512916;0.002849531592801;0.004227765370160;0.019401161000132;0.000215249863686;5. Is neutral.
8;cb0b5059b8a4d694;3947eb5bdd00c1cb;07a7c39c709d04d1;2022-10-25T13:02:09.000Z;"Amper 25 km de EU-grens over. Kamp bij het Servische Sombor. Duizenden jonge mannen,
vooral uit Syrië, stranden hier. Volgende hindernis: het hek van Orbán #migrantcrisis";7.0;11.0;13.0;/tijnsadee###/tijnsadee###/tijnsadee/status/1584893076312817664###/hashtag/migrantcrisis?src=hashtag_click;migrantcrisis;2024-10-07 10_50_22.360731;0.003769404720515;0.000037152007280;0.000851715274621;0.000660121790133;0.000452414358733;0.003285614540800;0.000265500246314;5. Is neutral.
9;9f4e6bc65f0c49a3;ed5324cd4ee8b88f;2dc80c0a078bfdcd;2022-07-30T18:50:55.000Z;"Er móét gewoon een verdienmodel aan ten grondslag liggen getuige de vele tripjes tussen Libië en Italië van #NGO-schepen, die met volledig medeweten en goedkeuring van de #EuropeseUnie 1000-en #migranten Europa in smokkelen. 
#migrantcrisis #Immigration";3.0;55.0;54.0;/CoraWeg###/CoraWeg###/CoraWeg/status/1553453100287025156###/hashtag/NGO?src=hashtag_click###/hashtag/EuropeseUnie?src=hashtag_click###/hashtag/migranten?src=hashtag_click###/hashtag/migrantcrisis?src=hashtag_click###/hashtag/Immigration?src=hashtag_click;migrantcrisis;2024-10-07 10_50_22.360731;0.033936806023121;0.000047389577958;0.000032524054404;0.001304855919443;0.001452531432733;0.003652906510979;0.000094316710602;1. Against immigration, migrants, foreigners, refugees, or Muslims.
10;6d495b658ccb36d6;f38fc9ea7ba75f04;dd00fc95aacb2c72;2020-08-14T18:57:22.000Z;"Inside Europe: Ten Years of Turmoil

It covers matters affecting the European Union, and in particular #Brexit, the #debtcrisis and the #migrantcrisis

Als je deze 3 crisissen uiteindelijk bekijkt, door de ogen van deze leiders, besef je dat Europa nog veel uitdagingen heeft.";1.0;;1.0;/KarlBoumans###/KarlBoumans###/KarlBoumans/status/1294347400472072192###/hashtag/Brexit?src=hashtag_click###/hashtag/debtcrisis?src=hashtag_click###/hashtag/migrantcrisis?src=hashtag_click;migrantcrisis;2024-10-07 10_50_22.360731;0.001297234324738;0.000000790602712;0.000000137253451;0.000097016367363;0.000012057387721;0.000127578634419;0.000038749542000;5. Is neutral.
11;e603f092707ac638;c5753345f65416a3;d426e75bc6b6ac36;2018-07-29T14:27:06.000Z;Blog op Zondag | Stop de (gewelddadige) asieleiser https://bit.ly/2v19t0g #Ceuta #asieleiser #migranten #EU #buitengrens #borderpatrol #Spanje #borderprotection #bordercontrol #migrantcrisis #EUmigrantcrisis;;3.0;3.0;/BlogopZondag###/BlogopZondag###/BlogopZondag/status/1023575648294658048###https://t.co/VxtpbvIozV###/hashtag/Ceuta?src=hashtag_click###/hashtag/asieleiser?src=hashtag_click###/hashtag/migranten?src=hashtag_click###/hashtag/EU?src=hashtag_click###/hashtag/buitengrens?src=hashtag_click###/hashtag/borderpatrol?src=hashtag_click###/hashtag/Spanje?src=hashtag_click###/hashtag/borderprotection?src=hashtag_click###/hashtag/bordercontrol?src=hashtag_click###/hashtag/migrantcrisis?src=hashtag_click###/hashtag/EUmigrantcrisis?src=hashtag_click;migrantcrisis;2024-10-07 10_50_22.360731;0.049288392066955;0.000510531303007;0.000078436467447;0.000298180966638;0.000046093624405;0.015070088207722;0.000108801941678;1. Against immigration, migrants, foreigners, refugees, or Muslims.
12;e3b62069719f83a6;d957b9f1c86f53a2;c45f83925c2b470b;2023-09-26T20:27:37.000Z;"Caarnaast, nogmaals #migrantcrisis is geen #vluchtelingencrisis.
#migranten, zelf zorgen voor onderdak, eten, etc. Moet iedere migrant. Dus huisje #opjebeurtwachten. #6160224test nooitvoorang";;;;15;migrantcrisis;2024-10-07 10_50_22.360731;0.060412019491196;0.000005234108357;0.000044208791223;0.000028746015232;0.000004275786068;0.000513187726028;0.000002962511189;1. Against immigration, migrants, foreigners, refugees, or Muslims.
13;e36a4bf37f0dce58;35c88f9b583366e5;2b3368832de6e0d0;2023-07-14T17:26:17.000Z;"#klaarmetRutte 
Hongarije heeft de oplossing gevonden voor de migrantcrisis : geen afgeronde asielprocedure, geen toegang tot de EU. Dit is het Hongaarse systeem en het werkt. Nu wil Brussel het vernietigen.! dit laat ik niet gebeuren  Orbán Viktor";3.0;33.0;48.0;1,6K;migrantcrisis;2024-10-07 10_50_22.360731;0.074231825768948;0.001509936177172;0.001013013999909;0.000059270172642;0.000037079727917;0.099818587303162;0.000858579820488;1. Against immigration, migrants, foreigners, refugees, or Muslims.
14;cc0524d94eb058b3;44597143c123b7f1;2d832b60a168d460;2024-08-13T14:55:20.000Z;"Zijn de Westerse 'vrije' samenlevingen in een terminale staat of is de zaak nog te redden? #klimaathysterie #FreeSpeech #migrantcrisis #WEF etc... RT = 
@Kijkverder1";3.0;7.0;6.0;472;migrantcrisis;2024-10-07 10_50_22.360731;0.060721807181835;0.000797353917733;0.000001074817533;0.000094569506473;0.000005675221018;0.013749605976045;0.000500224065035;5. Is neutral.
15;be568eacb84aac7e;b7cde170f4d1b3bf;7e2c9d4c3686a57e;2021-07-21T21:25:34.000Z;Weer een paar mensen die het licht zien. Niet arbeidsmigratie faciliteren en  stimuleren, maar het verplaatsen van sectoren naar de landen waar wel arbeid is, is de oplossing! Goed voor iedereen, behalve voor uitbuitende en/of slechtbetalende ondernemers ! #migrantcrisis;5.0;6.0;16.0;/JacquesMonasch###/JacquesMonasch###/JacquesMonasch/status/1417958956857708549###/hashtag/migrantcrisis?src=hashtag_click;migrantcrisis;2024-10-07 10_50_22.360731;0.015322159044445;0.000788839592133;0.000024416782253;0.000042194307753;0.000003286137144;0.004442997742444;0.000062717255787;1. Against immigration, migrants, foreigners, refugees, or Muslims.
16;e03b205c8b9dd4cd;8e1456e0b8d3c21d;0bd9cb1abfc43224;2023-08-25T06:38:33.000Z;Wie zijn deze NGO’s? #asielindustrie #migrantcrisis #migranten #ASIELSTOP;1.0;2.0;3.0;465;migrantcrisis;2024-10-07 10_50_22.360731;0.017099250108004;0.000032265270420;0.000000608092762;0.000046977958846;0.000044645850721;0.000229026903980;0.000015409865227;1. Against immigration, migrants, foreigners, refugees, or Muslims.
17;1eb2831714e0a0c7;0a277c42f331e1ac;cc7b7a3ae5c97d47;2023-07-14T15:57:35.000Z;Hongarije #migrantcrisis   heeft de oplossing: Geen afgeronde asiel procedure géén toegang tot de EU.;;3.0;3.0;108;migrantcrisis;2024-10-07 10_50_22.360731;0.061486888676882;0.000507664866745;0.000938215758651;0.000026544759749;0.000026743206035;0.026800176128745;0.002227390184999;1. Against immigration, migrants, foreigners, refugees, or Muslims.
18;;;;;This post is unavailable.;;;;;migrantcrisis;2024-10-07 10_50_22.360731;0.000118929085147;0.000000015512335;0.000000097311784;0.000661179888994;0.000003063055601;0.000033176205761;0.000041807754315;
19;;;;;This post is unavailable.;;;;;migrantcrisis;2024-10-07 10_50_22.360731;0.000118929085147;0.000000015512335;0.000000097311784;0.000661179888994;0.000003063055601;0.000033176205761;0.000041807754315;
20;;;;;This post is unavailable.;;;;;migrantcrisis;2024-10-07 10_50_22.360731;0.000118929085147;0.000000015512335;0.000000097311784;0.000661179888994;0.000003063055601;0.000033176205761;0.000041807754315;
21;;;;;This post is unavailable.;;;;;migrantcrisis;2024-10-07 10_50_22.360731;0.000118929085147;0.000000015512335;0.000000097311784;0.000661179888994;0.000003063055601;0.000033176205761;0.000041807754315;
22;901cd4acf3e2355f;f1d80082eb97ede1;38c3d6f7860dda45;2023-02-18T09:04:04.000Z;Ik vraag mij elke dag af wanneer Nederland, en de rest van de wereld, massaal in opstand komt. Zijn de slapende schapen nog steeds in de meerderheid? #WEF #D666 #Rutte #kaag #Ohio #Ukraina #Epstein #Biden #migrantcrisis #boeren;2.0;3.0;16.0;669;migrantcrisis;2024-10-07 10_50_22.360731;0.410441726446152;0.062907792627811;0.000200057140319;0.002196847461164;0.000964916136581;0.379260212182999;0.000316642137477;6. Other: Criticizes government and global issues.
23;a16c1a2826d27cc5;c5753345f65416a3;d426e75bc6b6ac36;2018-06-24T17:32:33.000Z;Nog maar eens in de herhaling. Een blog uit 2015. Blog op zondag | 10 Oplossingsrichtingen voor de vluchtelingencrisi... http://edwindemol.blogspot.com/2015/08/10-oplossingsrichtingen-voor-de.html?spref=tw… #migrants #migratietop #MigrantCrisis #Macron #blog #Migranten #vluchtelingen #Merkel #EU #Europe;;;;/BlogopZondag###/BlogopZondag###/BlogopZondag/status/1010938742289453056###https://t.co/uPyyMUpad8###/hashtag/migrants?src=hashtag_click###/hashtag/migratietop?src=hashtag_click###/hashtag/MigrantCrisis?src=hashtag_click###/hashtag/Macron?src=hashtag_click###/hashtag/blog?src=hashtag_click###/hashtag/Migranten?src=hashtag_click###/hashtag/vluchtelingen?src=hashtag_click###/hashtag/Merkel?src=hashtag_click###/hashtag/EU?src=hashtag_click###/hashtag/Europe?src=hashtag_click;migrantcrisis;2024-10-07 10_50_22.360731;0.021664578467607;0.000066488384618;0.000006278767160;0.000127163017169;0.000135480077006;0.001557332347147;0.000127739695017;5. Is neutral.
24;;;;;This post is unavailable.;;;;;migrantcrisis;2024-10-07 10_50_22.360731;0.000118929085147;0.000000015512335;0.000000097311784;0.000661179888994;0.000003063055601;0.000033176205761;0.000041807754315;
25;;;;;This post is unavailable.;;;;;migrantcrisis;2024-10-07 10_50_22.360731;0.000118929085147;0.000000015512335;0.000000097311784;0.000661179888994;0.000003063055601;0.000033176205761;0.000041807754315;
26;;;;;This post is unavailable.;;;;;migrantcrisis;2024-10-07 10_50_22.360731;0.000118929085147;0.000000015512335;0.000000097311784;0.000661179888994;0.000003063055601;0.000033176205761;0.000041807754315;
27;;;;;This post is unavailable.;;;;;migrantcrisis;2024-10-07 10_50_22.360731;0.000118929085147;0.000000015512335;0.000000097311784;0.000661179888994;0.000003063055601;0.000033176205761;0.000041807754315;
28;;;;;This post is unavailable.;;;;;migrantcrisis;2024-10-07 10_50_22.360731;0.000118929085147;0.000000015512335;0.000000097311784;0.000661179888994;0.000003063055601;0.000033176205761;0.000041807754315;
29;;;;;This post is unavailable.;;;;;migrantcrisis;2024-10-07 10_50_22.360731;0.000118929085147;0.000000015512335;0.000000097311784;0.000661179888994;0.000003063055601;0.000033176205761;0.000041807754315;
30;9157eb9cde4730fb;008d3baa5195d527;e79a054808a459bd;2021-10-14T05:06:23.000Z;"Hmmmmm. Alles passeert de revu behalve statushouders die met voorang woningen krijgen. 
#woningnood #migrantcrisis";;;1.0;/alfred_silenus###/alfred_silenus###/alfred_silenus/status/1448515506399551488###/denieuwsbv###/poeetweet###/pieterderks###/hashtag/woningnood?src=hashtag_click###/hashtag/migrantcrisis?src=hashtag_click;migrantcrisis;2024-10-07 10_50_22.360731;0.003736767219380;0.000002381077365;0.000001256687028;0.000013641462829;0.000005437401796;0.000040613358578;0.000014041837858;1. Against immigration, migrants, foreigners, refugees, or Muslims.
31;c66ca19d259ef363;28fbc175ccf963db;5915afe945514a83;2020-08-28T09:09:06.000Z;"#criminals #migrantcrisis
@catmoureaux stond erbij en keek ernaar.
https://bruzz.be/samenleving/doodsbange-bewoonster-sippelbergwijk-wil-van-hangjongeren-hier-wet-2020-08-27…";;;;/Belgonerd1###/Belgonerd1###/Belgonerd1/status/1299272788096749569###/hashtag/criminals?src=hashtag_click###/hashtag/migrantcrisis?src=hashtag_click###/catmoureaux###https://t.co/AL8AHrJERB;migrantcrisis;2024-10-07 10_50_22.360731;0.100158341228962;0.000723653822206;0.000415126152802;0.000161580610438;0.000064926302002;0.007173922844231;0.000103759382910;1. Against immigration, migrants, foreigners, refugees, or Muslims.
32;9bc7d5137ce7e435;e9a212ebcbadfaef;5b5fbc4888bde4ce;2021-11-27T08:59:53.000Z;Die “arme” gevluchte mensen. #MigrantCrisis #Migrationspolitik #IstandWithPoland;;;;/HietbrinkWilma###/HietbrinkWilma###/HietbrinkWilma/status/1464519336211664901###/hashtag/MigrantCrisis?src=hashtag_click###/hashtag/Migrationspolitik?src=hashtag_click###/hashtag/IstandWithPoland?src=hashtag_click;migrantcrisis;2024-10-07 10_50_22.360731;0.004347805399448;0.000008437898032;0.000000171624919;0.000052535866416;0.000002478659553;0.001445204368792;0.000013216279513;1. Against immigration, migrants, foreigners, refugees, or Muslims.
33;c3a78ee2ea8c2fdf;9be0c52ff0437319;ac8b50c67e27202a;2020-03-06T15:08:18.000Z;850 miljoen mensen die honger hebben en te zwak of arm zijn om naar de Europese grenzen te lopen. #MigrantCrisis #Migranten;;;2.0;/ReneZalm###/ReneZalm###/ReneZalm/status/1235945306291871744###/LodewijkA###/hashtag/MigrantCrisis?src=hashtag_click###/hashtag/Migranten?src=hashtag_click;migrantcrisis;2024-10-07 10_50_22.360731;0.019915148615837;0.000018457531041;0.000166013443959;0.000445421756012;0.000065462576458;0.001183309708722;0.000026414332751;5. Is neutral.
34;7cd0bd96f380953c;28fbc175ccf963db;5915afe945514a83;2021-11-16T14:20:23.000Z;Het is alweer pijnlijk tekenend voor de zwakte van @EU_Commission @vonderleyen @eucopresident dat #Merkel met #Loekasjenko heeft moeten bellen i.v.m. deze #migrantcrisis.;;;1.0;/Belgonerd1###/Belgonerd1###/Belgonerd1/status/1460613723375161344###/HLN_BE###/EU_Commission###/vonderleyen###/eucopresident###/hashtag/Merkel?src=hashtag_click###/hashtag/Loekasjenko?src=hashtag_click###/hashtag/migrantcrisis?src=hashtag_click;migrantcrisis;2024-10-07 10_50_22.360731;0.053673923015594;0.000003231835763;0.000689761422109;0.000067556669819;0.000038920494262;0.002708377549425;0.000077412660175;5. Is neutral.
35;69f30239b0400cbb;28fbc175ccf963db;5915afe945514a83;2020-03-02T07:18:41.000Z;#MigrantCrisis #taxpayers Ik ken er alvast een aantal die geen moer om blanke #Europeans geven: @EU_Commission met @TimmermansEU en @vonderleyen, leden van de @EUCouncil en zeker de @eucopresident, @MeyremAlmaci @WouterDeVriendt @guyverhofstadt @kristofcalvo @BartSomers. @EU4BE;;;1.0;/Belgonerd1###/Belgonerd1###/Belgonerd1/status/1234377570399006722###/ivovd2###/me2_of3###/hashtag/MigrantCrisis?src=hashtag_click###/hashtag/taxpayers?src=hashtag_click###/hashtag/Europeans?src=hashtag_click###/EU_Commission###/TimmermansEU###/vonderleyen###/EUCouncil###/eucopresident###/MeyremAlmaci###/guyverhofstadt###/kristofcalvo###/BartSomers###/EU4BE;migrantcrisis;2024-10-07 10_50_22.360731;0.189577564597130;0.000026578574762;0.005372708197683;0.000637435994577;0.000040169510612;0.000924558611587;0.000100991361251;1. Against immigration, migrants, foreigners, refugees, or Muslims.
36;36e58c3aa5913270;cef678ad462ddafc;24d29350c6dbbcdc;2024-02-17T20:08:06.000Z;Je vergeet uitzetten! Nog beter: niet binnen laten! #rellen #DenHaag #migrantcrisis;;;3.0;874;migrantcrisis;2024-10-07 10_50_22.360731;0.133503824472427;0.000152335720486;0.000002102683311;0.000045745320676;0.000030211951525;0.005438787396997;0.000000981280209;1. Against immigration, migrants, foreigners, refugees, or Muslims.
37;7c0368f3e3d75ef5;42e546fddcccc9c2;4421cbcb4a93c5ef;2023-10-04T10:50:14.000Z;Volgens mij gaan er veel slachtoffers vallen door het massaal binnenbrengen van misdadigers die nu al dagelijks het nieuws halen ! #migrantcrisis;;;3.0;40;migrantcrisis;2024-10-07 10_50_22.360731;0.269722223281860;0.002067184075713;0.000102633923234;0.000181288400199;0.000119787124277;0.262545466423035;0.000697606126778;1. Against immigration, migrants, foreigners, refugees, or Muslims.
38;29fc1326de342da1;28fbc175ccf963db;5915afe945514a83;2020-03-09T08:16:40.000Z;Aangezien uw logische suggestie een minimum aan moed en gezond verstand vergt,is ze niet aan  #Cowards als @eucopresident noch aan @EU_Commission van @vonderleyen @TimmermansEU besteed. Die #idiots zullen aan  #CriminalInChief #Erdogan juist méér toegevingen doen. #MigrantCrisis;1.0;;;/Belgonerd1###/Belgonerd1###/Belgonerd1/status/1236928880570753025###/DirkGerard###/hashtag/Cowards?src=hashtag_click###/eucopresident###/EU_Commission###/vonderleyen###/TimmermansEU###/hashtag/idiots?src=hashtag_click###/hashtag/CriminalInChief?src=hashtag_click###/hashtag/Erdogan?src=hashtag_click###/hashtag/MigrantCrisis?src=hashtag_click;migrantcrisis;2024-10-07 10_50_22.360731;0.439433872699737;0.000107227308035;0.000019477325623;0.001047313213348;0.000156799840624;0.010013840161264;0.000061377475504;1. Against immigration, migrants, foreigners, refugees, or Muslims.
39;f888009779a3ac0e;0f5e0cde310ca883;64065b2fc4117a46;2018-06-22T20:30:47.000Z;#MigrantCrisis Wat een oplichters. maar toch lukt t deze organisaties met hulp van ngo s migratiegeld binnen te harken.;;;;/paulavhulten###/paulavhulten###/paulavhulten/status/1010258822034788352###/hashtag/MigrantCrisis?src=hashtag_click;migrantcrisis;2024-10-07 10_50_22.360731;0.748936891555786;0.000322798499838;0.000164369659615;0.000440199451987;0.000064881234721;0.155058234930038;0.000559257925488;1. Against immigration, migrants, foreigners, refugees, or Muslims.
40;;;;;This post is unavailable.;;;;;migrantcrisis;2024-10-07 10_50_22.360731;0.000118929085147;0.000000015512335;0.000000097311784;0.000661179888994;0.000003063055601;0.000033176205761;0.000041807754315;
41;;;;;This post is unavailable.;;;;;migrantcrisis;2024-10-07 10_50_22.360731;0.000118929085147;0.000000015512335;0.000000097311784;0.000661179888994;0.000003063055601;0.000033176205761;0.000041807754315;
42;;;;;This post is unavailable.;;;;;migrantcrisis;2024-10-07 10_50_22.360731;0.000118929085147;0.000000015512335;0.000000097311784;0.000661179888994;0.000003063055601;0.000033176205761;0.000041807754315;
43;;;;;This post is unavailable.;;;;;migrantcrisis;2024-10-07 10_50_22.360731;0.000118929085147;0.000000015512335;0.000000097311784;0.000661179888994;0.000003063055601;0.000033176205761;0.000041807754315;
44;f7b7da8c56735f87;b6a343454acb9c76;6ca4e18e1fa7d34d;2022-06-09T14:39:26.000Z;Er zijn vast wel wat lege mega stallen te gebruiken van boeren die weg getreiterd zijn door de overheid om de gelukzoekers op te vangen  #grenzendicht #migrantcrisis #nexit;;;;/ArtEenhoorn###/ArtEenhoorn###/ArtEenhoorn/status/1534908029442850817###/RTLnieuws###/hashtag/grenzendicht?src=hashtag_click###/hashtag/migrantcrisis?src=hashtag_click###/hashtag/migrantcrisis?src=hashtag_click###/hashtag/nexit?src=hashtag_click;migrantcrisis;2024-10-07 10_50_22.360731;0.049386501312256;0.000078019395005;0.000428816856583;0.000685017905198;0.000049503400078;0.014103757217526;0.000246280978899;1. Against immigration, migrants, foreigners, refugees, or Muslims.
45;730c6762c8d890ea;b90db7f7679436cf;0824f8e85a25c935;2024-02-17T14:19:51.000Z;Fophef, helder woord. #migrantcrisis #vvd;;;;21;migrantcrisis;2024-10-07 10_50_22.360731;0.001875512418337;0.000008972588148;0.000003658266223;0.000005382245490;0.000004029463980;0.000095365343441;0.000017185637262;5. Is neutral.
46;f81bff0a42cee0a4;1d7b87193b0d6da8;55e047b5525c00d2;2021-11-10T13:58:25.000Z;"Misschien had die Duitse activiste beter aan de Wit-Russische kant van de grens kunnen gaan staan Gutmenschouwehoeren...

Alsjeblieft zeg, niet de hele wereld naar Europa slepen!
#grenzendicht #migrantcrisis #polandbelarus #PolandHoldTheLine";3.0;3.0;23.0;/PeterBeuker###/PeterBeuker###/PeterBeuker/status/1458433869493964802###/hashtag/grenzendicht?src=hashtag_click###/hashtag/migrantcrisis?src=hashtag_click###/hashtag/polandbelarus?src=hashtag_click###/hashtag/PolandHoldTheLine?src=hashtag_click;migrantcrisis;2024-10-07 10_50_22.360731;0.493081152439117;0.000253161939327;0.000019099968995;0.010953319258988;0.000899482809473;0.009327229112387;0.000019790837541;1. Against immigration, migrants, foreigners, refugees, or Muslims.
47;;;;;This post is unavailable.;;;;;migrantcrisis;2024-10-07 10_50_22.360731;0.000118929085147;0.000000015512335;0.000000097311784;0.000661179888994;0.000003063055601;0.000033176205761;0.000041807754315;
48;;;;;This post is unavailable.;;;;;migrantcrisis;2024-10-07 10_50_22.360731;0.000118929085147;0.000000015512335;0.000000097311784;0.000661179888994;0.000003063055601;0.000033176205761;0.000041807754315;
49;;;;;This post is unavailable.;;;;;migrantcrisis;2024-10-07 10_50_22.360731;0.000118929085147;0.000000015512335;0.000000097311784;0.000661179888994;0.000003063055601;0.000033176205761;0.000041807754315;
50;;;;;This post is unavailable.;;;;;migrantcrisis;2024-10-07 10_50_22.360731;0.000118929085147;0.000000015512335;0.000000097311784;0.000661179888994;0.000003063055601;0.000033176205761;0.000041807754315;
51;5887092a43d55d20;718df065be404bc5;476bd9c958f02c8e;2023-08-08T20:43:54.000Z;"Open Borders Altruism.

#NYC #MigrantCrisis #Migrants #Jews #Brooklyn #NewYork #Manhattan #WakeUp";;;1.0;218;migrantcrisis;2024-10-07 10_50_22.360731;0.002659989055246;0.000009945578313;0.000000416402827;0.000009023939128;0.000000691421860;0.000080067613453;0.000001982463345;6. Other: unclear stance on immigration.
52;;;;;This post is unavailable.;;;;;migrantcrisis;2024-10-07 10_50_22.360731;0.000118929085147;0.000000015512335;0.000000097311784;0.000661179888994;0.000003063055601;0.000033176205761;0.000041807754315;
53;;;;;This post is unavailable.;;;;;migrantcrisis;2024-10-07 10_50_22.360731;0.000118929085147;0.000000015512335;0.000000097311784;0.000661179888994;0.000003063055601;0.000033176205761;0.000041807754315;
54;;;;;This post is unavailable.;;;;;migrantcrisis;2024-10-07 10_50_22.360731;0.000118929085147;0.000000015512335;0.000000097311784;0.000661179888994;0.000003063055601;0.000033176205761;0.000041807754315;
55;;;;;This post is unavailable.;;;;;migrantcrisis;2024-10-07 10_50_22.360731;0.000118929085147;0.000000015512335;0.000000097311784;0.000661179888994;0.000003063055601;0.000033176205761;0.000041807754315;
56;603bcc9ba901e084;27bc67289adeebe0;f0b8a8c400410492;2022-10-29T07:48:27.000Z;Wie kent het liedje nog 15 miljoen mensen. #migrantcrisis https://youtu.be/9k9ZNf_aJUM;;;;/Lexveldhuizen###/Lexveldhuizen###/Lexveldhuizen/status/1586263682635268096###/hashtag/migrantcrisis?src=hashtag_click###https://t.co/61JAYsZhMD;migrantcrisis;2024-10-07 10_50_22.360731;0.001283726072870;0.000000754450241;0.000000168856346;0.000117850184324;0.000028943988582;0.000732863263693;0.000008196346243;5. Is neutral.
57;9233f5aa89389eb2;e2ee4a2a39bddb02;156ba705d959b7a5;2018-08-19T11:25:12.000Z;"CD&V'er Hendrik Bogaert pleit voor versnelde uitbreiding gesloten centra
@cdenv @hendrikbogaert
#migrants #Belgie #migrantcrisis
https://demorgen.be/politiek/cd-v-er-hendrik-bogaert-pleit-voor-versnelde-uitbreiding-gesloten-centra-b58b8c8f/…";;;;/petrodom###/petrodom###/petrodom/status/1031140017454891008###/cdenv###/hendrikbogaert###/hashtag/migrants?src=hashtag_click###/hashtag/Belgie?src=hashtag_click###/hashtag/migrantcrisis?src=hashtag_click###https://t.co/T9hqz8ehU1;migrantcrisis;2024-10-07 10_50_22.360731;0.002140609547496;0.000068221481342;0.000002541977892;0.000086654436018;0.000039547103370;0.000315694749588;0.000009971201507;1. Against immigration, migrants, foreigners, refugees, or Muslims.
58;;;;;This post is unavailable.;;;;;migrantcrisis;2024-10-07 10_50_22.360731;0.000118929085147;0.000000015512335;0.000000097311784;0.000661179888994;0.000003063055601;0.000033176205761;0.000041807754315;
59;;;;;This post is unavailable.;;;;;migrantcrisis;2024-10-07 10_50_22.360731;0.000118929085147;0.000000015512335;0.000000097311784;0.000661179888994;0.000003063055601;0.000033176205761;0.000041807754315;
60;157eb75d1aa34189;569f1e6290922bbb;f3230e281fe30b0b;2020-03-26T10:38:48.000Z;@CharlesMichel @vonderleyen hebben een strikt geheime meeting...Italië werd door voorgangers ook niet geholpen tijdens #migrantcrisis ...moeten we helpen of niet...een communiqué wordt verwacht rond 1mei !!! Ze willen dit SNEL beslissen, geen tijd verliezen, go go go @EP_Belgium;;;;/FrankDePauw1###/FrankDePauw1###/FrankDePauw1/status/1243125242748338176###/CharlesMichel###/vonderleyen###/hashtag/migrantcrisis?src=hashtag_click;migrantcrisis;2024-10-07 10_50_22.360731;0.002635032869875;0.000214773841435;0.000006592318186;0.000083478524175;0.000014314607142;0.002551981480792;0.000012949761185;5. Is neutral.
61;33aa282e88d3f7c3;26ecb4f131f7a083;ebc2f897b9b03fcf;2020-03-13T16:28:16.000Z;"#vluchtelingenkinderen in #Griekenland. Terwijl Duitsland, Frankrijk, Luxemburg, Portugal, Finland ""zijn bereid in totaal 2.500 minderjarigen over te laten komen"", Nederland ""zal zich daar niet bij aansluiten.""  #migrantcrisis #vluchtelingenkinderen";;;1.0;/2022_emm###/2022_emm###/2022_emm/status/1238502147538522114###/hashtag/vluchtelingenkinderen?src=hashtag_click###/hashtag/Griekenland?src=hashtag_click###/hashtag/migrantcrisis?src=hashtag_click###/hashtag/vluchtelingenkinderen?src=hashtag_click;migrantcrisis;2024-10-07 10_50_22.360731;0.003515775781125;0.000014999664927;0.000023753869755;0.001403268543072;0.004615031648427;0.001955465180799;0.000073262948717;5. Is neutral.
62;;;;;This post is unavailable.;;;;;migrantcrisis;2024-10-07 10_50_22.360731;0.000118929085147;0.000000015512335;0.000000097311784;0.000661179888994;0.000003063055601;0.000033176205761;0.000041807754315;
63;;;;;This post is unavailable.;;;;;migrantcrisis;2024-10-07 10_50_22.360731;0.000118929085147;0.000000015512335;0.000000097311784;0.000661179888994;0.000003063055601;0.000033176205761;0.000041807754315;
64;;;;;This post is unavailable.;;;;;migrantcrisis;2024-10-07 10_50_22.360731;0.000118929085147;0.000000015512335;0.000000097311784;0.000661179888994;0.000003063055601;0.000033176205761;0.000041807754315;
65;;;;;This post is unavailable.;;;;;migrantcrisis;2024-10-07 10_50_22.360731;0.000118929085147;0.000000015512335;0.000000097311784;0.000661179888994;0.000003063055601;0.000033176205761;0.000041807754315;
66;910cce765d0a605a;c41cfa88daa6acca;8adf88c2e4a5be33;2019-10-13T18:32:18.000Z;"Het heeft alleen geen reet zin! 

De EU komt niet in beweging. Spreekt alleen foei uit en gaan weer over tot de orde vd dag. Slappe hap!! 

EU had al veel eerder in moeten grijpen en de woorden van Trump destijds serieus moeten nemen.

#migrantcrisis
#ErdoganWarCriminal";;;1.0;/cedonulli0###/cedonulli0###/cedonulli0/status/1183450405088497666###/AfshinEllian1###/MalikAzmani###/hashtag/migrantcrisis?src=hashtag_click###/hashtag/ErdoganWarCriminal?src=hashtag_click;migrantcrisis;2024-10-07 10_50_22.360731;0.255322545766830;0.001741185900755;0.000002852137868;0.000962294230703;0.000061161699705;0.082195125520229;0.000079764460679;1. Against immigration, migrants, foreigners, refugees, or Muslims.
67;;;;;This post is unavailable.;;;;;migrantcrisis;2024-10-07 10_50_22.360731;0.000118929085147;0.000000015512335;0.000000097311784;0.000661179888994;0.000003063055601;0.000033176205761;0.000041807754315;
68;;;;;This post is unavailable.;;;;;migrantcrisis;2024-10-07 10_50_22.360731;0.000118929085147;0.000000015512335;0.000000097311784;0.000661179888994;0.000003063055601;0.000033176205761;0.000041807754315;
69;;;;;This post is unavailable.;;;;;migrantcrisis;2024-10-07 10_50_22.360731;0.000118929085147;0.000000015512335;0.000000097311784;0.000661179888994;0.000003063055601;0.000033176205761;0.000041807754315;
70;;;;;This post is unavailable.;;;;;migrantcrisis;2024-10-07 10_50_22.360731;0.000118929085147;0.000000015512335;0.000000097311784;0.000661179888994;0.000003063055601;0.000033176205761;0.000041807754315;
71;563b1a95a8c2e68d;85456455686f3b48;ab042d189d94de07;2023-10-06T10:48:48.000Z;"Nou die schipper neemt vast ontslag bij die pendelboot 
#kansparels #migrantcrisis
@StemZeWegNL1 @StemZeWegNL Migranten proberen Nederlands schip te kapen dat hen net heeft gered";;;1.0;75;migrantcrisis;2024-10-07 10_50_22.360731;0.265848755836487;0.010932495817542;0.013041752390563;0.000605743378401;0.000781127542723;0.079792857170105;0.000221836889978;1. Against immigration, migrants, foreigners, refugees, or Muslims.
72;c3e157a8b102685a;2fd4d07bef02642d;ff61fa6f8110fc0e;2024-08-04T13:02:54.000Z;"De Nederlandse journalistiek heeft al grotendeels gecapituleerd, of zit in een verknipte groupthink gevangen.

#migrantcrisis";;1.0;20.0;895;migrantcrisis;2024-10-07 10_50_22.360731;0.207384511828422;0.000472033018013;0.000496646272950;0.000180467119208;0.000264640984824;0.005588292609900;0.001159076229669;6. Other: Criticizes Dutch journalism's groupthink.
73;e020f197e91b6602;606cfc0382b97ba3;e787278e03e14a9f;2021-08-01T21:42:47.000Z;Leest u weer even mee ? Het houdt niet op ! #migrantcrisis;;;1.0;/Paradijsvogel2###/Paradijsvogel2###/Paradijsvogel2/status/1421949554841329664###/hashtag/migrantcrisis?src=hashtag_click;migrantcrisis;2024-10-07 10_50_22.360731;0.044270537793636;0.000157181100803;0.000005930350198;0.000075667645433;0.000114010144898;0.002241066424176;0.000052498206060;1. Against immigration, migrants, foreigners, refugees, or Muslims.
74;76746fd862c95133;2fd4d07bef02642d;ff61fa6f8110fc0e;2020-03-05T00:05:47.000Z;"Écht even filmpje kijken, @ChrisAalberts is hilarisch:

""Laan we nou niet moeilijk doen over die paar tienduizend mensen...
.. kijk, da's de andere kant van hetzelfde verhaal""

#GreeceUnderAttack #MigrantCrisis";1.0;5.0;3.0;/JanOoms9###/JanOoms9###/JanOoms9/status/1235355793215631361###/ChrisAalberts###/hashtag/GreeceUnderAttack?src=hashtag_click###/hashtag/MigrantCrisis?src=hashtag_click;migrantcrisis;2024-10-07 10_50_22.360731;0.020919850096107;0.000259379972704;0.000010090065189;0.000182967676665;0.000041158313252;0.011866286396980;0.000075028590800;5. Is neutral.
75;83985646b91d35a3;42e546fddcccc9c2;4421cbcb4a93c5ef;2023-09-17T12:29:05.000Z;Sommigen, de meesten slagen op de vlucht om hier hetzelfde te doen waarvoor ze gevlucht zijn … #migrantcrisis;;;2.0;28;migrantcrisis;2024-10-07 10_50_22.360731;0.026722351089120;0.000019268045435;0.000250966317253;0.000075832555012;0.000024032215151;0.005215044599026;0.000310969335260;1. Against immigration, migrants, foreigners, refugees, or Muslims.
76;;;;;This post is unavailable.;;;;;migrantcrisis;2024-10-07 10_50_22.360731;0.000118929085147;0.000000015512335;0.000000097311784;0.000661179888994;0.000003063055601;0.000033176205761;0.000041807754315;
77;;;;;This post is unavailable.;;;;;migrantcrisis;2024-10-07 10_50_22.360731;0.000118929085147;0.000000015512335;0.000000097311784;0.000661179888994;0.000003063055601;0.000033176205761;0.000041807754315;
78;ff6dd3092014f550;b542767e17237470;c9823a769263a068;2022-08-10T14:33:13.000Z;Deze Haagse idioten helpen ons land naar de kloten: @markrutte @SigridKaag @WBHoekstra @TjeerdD66 @RobJetten @jpaternotte #RutteMoetWeg #stopmigratie #migrantcrisis;;;1.0;/LawWarrier###/LawWarrier###/LawWarrier/status/1557374512584441858###/Gerard1945X###/markrutte###/SigridKaag###/WBHoekstra###/TjeerdD66###/RobJetten###/jpaternotte###/hashtag/RutteMoetWeg?src=hashtag_click###/hashtag/stopmigratie?src=hashtag_click###/hashtag/migrantcrisis?src=hashtag_click;migrantcrisis;2024-10-07 10_50_22.360731;0.649303495883942;0.000645947409794;0.000011496000297;0.000012274600522;0.000003449511723;0.023323843255639;0.000044350461394;1. Against immigration, migrants, foreigners, refugees, or Muslims.
79;02c193e18c564c78;afa7b3d0ac082475;808f768ee705142a;2022-08-29T09:04:31.000Z;@D66  en @VVD  zeggen kom maar hoor wij hebben plek zat! #migrantcrisis  ‘Monstermoesson’ in Pakistan: 33 miljoen mensen op de vlucht https://ad.nl/buitenland/monstermoesson-in-pakistan-33-miljoen-mensen-op-de-vlucht~a7729c1af/?utm_source=twitter&utm_medium=social&utm_campaign=socialsharing_web…;;;;/hetdieptepunt###/hetdieptepunt###/hetdieptepunt/status/1564177163825340416###/D66###/VVD###/hashtag/migrantcrisis?src=hashtag_click###https://t.co/zegkbruBuB;migrantcrisis;2024-10-07 10_50_22.360731;0.016697490587830;0.000465256976895;0.000023214139219;0.000137800132507;0.000045445431169;0.015969181433320;0.000328321213601;1. Against immigration, migrants, foreigners, refugees, or Muslims.
80;b407c2e736c85206;3b4f737df54b1dc7;06e32dc9ec1bb85e;2022-12-05T17:27:09.000Z;"Zonder migratierem ontspoort Nederland. Dat zie je nu toch al? Onze huisvestingstekort en social voorzieningen worden onhoudbaar.
#migrantcrisis @D66";;;;/MrPerfect1008###/MrPerfect1008###/MrPerfect1008/status/1599817667413934080###/jpaternotte###/hashtag/migrantcrisis?src=hashtag_click###/D66;migrantcrisis;2024-10-07 10_50_22.360731;0.051185321062803;0.000079543118773;0.000007205489510;0.000018292686946;0.000022241092665;0.001531536690891;0.000025806670237;1. Against immigration, migrants, foreigners, refugees, or Muslims.
81;;;;;This post is unavailable.;;;;;migrantcrisis;2024-10-07 10_50_22.360731;0.000118929085147;0.000000015512335;0.000000097311784;0.000661179888994;0.000003063055601;0.000033176205761;0.000041807754315;
82;;;;;This post is unavailable.;;;;;migrantcrisis;2024-10-07 10_50_22.360731;0.000118929085147;0.000000015512335;0.000000097311784;0.000661179888994;0.000003063055601;0.000033176205761;0.000041807754315;
83;e572380fc77e7c9a;81f8f6dde88365f3;20011cde6912ac60;2022-05-16T12:55:36.000Z;"Dan moet het #COA DE DEUREN GESLOTEN HOUDEN.
BINNEN 2 WEKEN IS HET GESTOPT MET DE GROTE AANTALLEN. #migrantcrisis";;;1.0;/j_flamingo###/j_flamingo###/j_flamingo/status/1526184590158835713###/hashtag/COA?src=hashtag_click###/hashtag/migrantcrisis?src=hashtag_click;migrantcrisis;2024-10-07 10_50_22.360731;0.047936189919710;0.000158609604114;0.000084835141024;0.000021741372620;0.000040589620767;0.002899535465986;0.000012530079402;1. Against immigration, migrants, foreigners, refugees, or Muslims.
84;be479e861ffa690d;d8b877d977aeaecf;b8c1738b8649ed7e;2020-03-01T01:28:54.000Z;"Of alle toekomstige doden door een #coronavirusNederland #Coronavid19  of #Migrant #MigrantCrisis komt maakt geen tyfus uit  
@MinPres en de rest van die zooi in den haag doet er toch geen pleuris aan   bedoel grenzen bewaken is al een probleem...#boontjekomtomzeloontje";;;;/Je_MoederT###/Je_MoederT###/Je_MoederT/status/1233927159917531137###/hashtag/coronavirusNederland?src=hashtag_click###/hashtag/Coronavid19?src=hashtag_click###/hashtag/Migrant?src=hashtag_click###/hashtag/MigrantCrisis?src=hashtag_click###/MinPres###/hashtag/boontjekomtomzeloontje?src=hashtag_click;migrantcrisis;2024-10-07 10_50_22.360731;0.739993274211884;0.001936578424647;0.000064219464548;0.000020890731321;0.000015971110770;0.152401581406593;0.000005665589924;1. Against immigration, migrants, foreigners, refugees, or Muslims.
85;;;;;This post is unavailable.;;;;;migrantcrisis;2024-10-07 10_50_22.360731;0.000118929085147;0.000000015512335;0.000000097311784;0.000661179888994;0.000003063055601;0.000033176205761;0.000041807754315;
86;;;;;This post is unavailable.;;;;;migrantcrisis;2024-10-07 10_50_22.360731;0.000118929085147;0.000000015512335;0.000000097311784;0.000661179888994;0.000003063055601;0.000033176205761;0.000041807754315;
87;f11c79aeb8819616;606cfc0382b97ba3;e787278e03e14a9f;2021-08-01T08:21:42.000Z;En deze ‘boefjes’ migranten probeerden te ontsnappen ! #migrantcrisis;;;2.0;/Paradijsvogel2###/Paradijsvogel2###/Paradijsvogel2/status/1421747955942531089###/hashtag/migrantcrisis?src=hashtag_click;migrantcrisis;2024-10-07 10_50_22.360731;0.605175733566284;0.002271343721077;0.000017009493604;0.001168194808997;0.000165434626979;0.058837946504354;0.000229028213653;1. Against immigration, migrants, foreigners, refugees, or Muslims.
88;;;;;This post is unavailable.;;;;;migrantcrisis;2024-10-07 10_50_22.360731;0.000118929085147;0.000000015512335;0.000000097311784;0.000661179888994;0.000003063055601;0.000033176205761;0.000041807754315;
89;;;;;This post is unavailable.;;;;;migrantcrisis;2024-10-07 10_50_22.360731;0.000118929085147;0.000000015512335;0.000000097311784;0.000661179888994;0.000003063055601;0.000033176205761;0.000041807754315;
90;ce6b85348fb16ab5;b542767e17237470;c9823a769263a068;2022-08-29T07:39:52.000Z;"Zij liggen in het gras; in Brussel liggen ze op steen en niemand maakt zich daar druk over. #migrantcrisis";;;;/LawWarrier###/LawWarrier###/LawWarrier/status/1564155862582714368###/NUnl###/hashtag/migrantcrisis?src=hashtag_click;migrantcrisis;2024-10-07 10_50_22.360731;0.154905423521995;0.000041110695747;0.000032196141547;0.000050361868489;0.000016261663404;0.007156569045037;0.000271428783890;1. Against immigration, migrants, foreigners, refugees, or Muslims.
91;c2669ddfc345c8d8;4733db3c189c8aa4;27d2ec383950752b;2021-09-13T16:42:20.000Z;"Mega woningen tekort, onhoudbare druk op de zorg. Tekort aan sociale voorzieningen. Ons land kan de grote instroom aan mensen helemaal niet aan. 
#migrantcrisis #migratienoodtoestand #VVD";;1.0;1.0;/VdhurkL###/VdhurkL###/VdhurkL/status/1437456622239027208###/hashtag/migrantcrisis?src=hashtag_click###/hashtag/migratienoodtoestand?src=hashtag_click###/hashtag/VVD?src=hashtag_click;migrantcrisis;2024-10-07 10_50_22.360731;0.047248601913452;0.000074199604569;0.000094285685918;0.000009397297617;0.000043030253437;0.001132901292294;0.000130884945975;1. Against immigration, migrants, foreigners, refugees, or Muslims.
92;;;;;This post is unavailable.;;;;;migrantcrisis;2024-10-07 10_50_22.360731;0.000118929085147;0.000000015512335;0.000000097311784;0.000661179888994;0.000003063055601;0.000033176205761;0.000041807754315;
93;;;;;This post is unavailable.;;;;;migrantcrisis;2024-10-07 10_50_22.360731;0.000118929085147;0.000000015512335;0.000000097311784;0.000661179888994;0.000003063055601;0.000033176205761;0.000041807754315;
94;;;;;This post is unavailable.;;;;;migrantcrisis;2024-10-07 10_50_22.360731;0.000118929085147;0.000000015512335;0.000000097311784;0.000661179888994;0.000003063055601;0.000033176205761;0.000041807754315;
95;;;;;This post is unavailable.;;;;;migrantcrisis;2024-10-07 10_50_22.360731;0.000118929085147;0.000000015512335;0.000000097311784;0.000661179888994;0.000003063055601;0.000033176205761;0.000041807754315;
96;;;;;This post is unavailable.;;;;;migrantcrisis;2024-10-07 10_50_22.360731;0.000118929085147;0.000000015512335;0.000000097311784;0.000661179888994;0.000003063055601;0.000033176205761;0.000041807754315;
97;;;;;This post is unavailable.;;;;;migrantcrisis;2024-10-07 10_50_22.360731;0.000118929085147;0.000000015512335;0.000000097311784;0.000661179888994;0.000003063055601;0.000033176205761;0.000041807754315;
98;;;;;This post is unavailable.;;;;;migrantcrisis;2024-10-07 10_50_22.360731;0.000118929085147;0.000000015512335;0.000000097311784;0.000661179888994;0.000003063055601;0.000033176205761;0.000041807754315;
99;;;;;This post is unavailable.;;;;;migrantcrisis;2024-10-07 10_50_22.360731;0.000118929085147;0.000000015512335;0.000000097311784;0.000661179888994;0.000003063055601;0.000033176205761;0.000041807754315;
100;a1cded2afbe9c8ce;d35846b9254b035a;4060b4e73ccd44c0;2022-11-03T10:07:42.000Z;Het begin is er @markrutte nu wij nog!! #migrantcrisis #asielinstroom;;3.0;3.0;/GKLASSEZUNA###/GKLASSEZUNA###/GKLASSEZUNA/status/1588110664475840513###/markrutte###/hashtag/migrantcrisis?src=hashtag_click###/hashtag/asielinstroom?src=hashtag_click;migrantcrisis;2024-10-07 10_50_22.360731;0.009187002666295;0.000025226623620;0.000003616522463;0.000014353523511;0.000056364264310;0.000998950446956;0.000023527227313;5. Is neutral.
101;;;;;This post is unavailable.;;;;;migrantcrisis;2024-10-07 10_50_22.360731;0.000118929085147;0.000000015512335;0.000000097311784;0.000661179888994;0.000003063055601;0.000033176205761;0.000041807754315;
102;;;;;This post is unavailable.;;;;;migrantcrisis;2024-10-07 10_50_22.360731;0.000118929085147;0.000000015512335;0.000000097311784;0.000661179888994;0.000003063055601;0.000033176205761;0.000041807754315;
103;;;;;This post is unavailable.;;;;;migrantcrisis;2024-10-07 10_50_22.360731;0.000118929085147;0.000000015512335;0.000000097311784;0.000661179888994;0.000003063055601;0.000033176205761;0.000041807754315;
104;;;;;This post is unavailable.;;;;;migrantcrisis;2024-10-07 10_50_22.360731;0.000118929085147;0.000000015512335;0.000000097311784;0.000661179888994;0.000003063055601;0.000033176205761;0.000041807754315;
105;50841b5fbf606282;5338ee3335229270;9d861812acabf53f;2023-06-24T09:56:46.000Z;"Migratiedeal? In #Tunesië : ’Ik stop pas als ik miljonair ben’ 

De smokkelaar heeft slechts één regel: hij werkt niet met zwarte Afrikanen. „Die zijn shit. Ze luisteren niet en brengen ons in gevaar.”
#migrantcrisis
https://telegraaf.nl/nieuws/1099426470/migratiedeal-in-tunesie-lachen-smokkelaars-erom-ik-stop-pas-als-ik-miljonair-ben/?utm_source=t.co&utm_medium=referral&utm_campaign=twitter… #telegraafpremium via @Telegraaf";;;1.0;26;migrantcrisis;2024-10-07 10_50_22.360731;0.483479440212250;0.000182398260222;0.000138851508382;0.000278188730590;0.000076198768511;0.001949002384208;0.000009913003851;1. Against immigration, migrants, foreigners, refugees, or Muslims.
106;b316e7eaf9bbbb14;244cfe4e5bde16f2;57539ddb120ee5e6;2021-05-30T14:32:26.000Z;De zegeningen van #migratie Moordcijfer #Zweden hoger dan meeste andere Europese landen: ‘Geen ander land heeft zo’n stijging meeg... https://volkskrant.nl/ts-b42e3b1f via @volkskrant #europa #sweden #migrantcrisis #drugs #gangs #murder;;;;/MrTops17###/MrTops17###/MrTops17/status/1399010820927938564###/hashtag/migratie?src=hashtag_click###/hashtag/Zweden?src=hashtag_click###https://t.co/WMxRNvuRGk###/volkskrant###/hashtag/europa?src=hashtag_click###/hashtag/sweden?src=hashtag_click###/hashtag/migrantcrisis?src=hashtag_click###/hashtag/drugs?src=hashtag_click###/hashtag/gangs?src=hashtag_click###/hashtag/murder?src=hashtag_click;migrantcrisis;2024-10-07 10_50_22.360731;0.049718778580427;0.000336310273269;0.001314072404057;0.000300761690596;0.000145397250890;0.051955278962851;0.001538357231766;1. Against immigration, migrants, foreigners, refugees, or Muslims.
107;f5f9f8e9974c5637;606cfc0382b97ba3;e787278e03e14a9f;2023-03-29T22:24:44.000Z;"Zou Eric vd Burg nog wakker zijn ? Denk het niet , morgen weer n dag .
#migrantcrisis";;;;41;migrantcrisis;2024-10-07 10_50_22.360731;0.013163610361516;0.000441778392997;0.000017100051991;0.000053329717048;0.000031914143619;0.007783190812916;0.000022803606043;5. Is neutral.
108;;;;;This post is unavailable.;;;;;migrantcrisis;2024-10-07 10_50_22.360731;0.000118929085147;0.000000015512335;0.000000097311784;0.000661179888994;0.000003063055601;0.000033176205761;0.000041807754315;
109;;;;;This post is unavailable.;;;;;migrantcrisis;2024-10-07 10_50_22.360731;0.000118929085147;0.000000015512335;0.000000097311784;0.000661179888994;0.000003063055601;0.000033176205761;0.000041807754315;
110;;;;;This post is unavailable.;;;;;migrantcrisis;2024-10-07 10_50_22.360731;0.000118929085147;0.000000015512335;0.000000097311784;0.000661179888994;0.000003063055601;0.000033176205761;0.000041807754315;
111;;;;;This post is unavailable.;;;;;migrantcrisis;2024-10-07 10_50_22.360731;0.000118929085147;0.000000015512335;0.000000097311784;0.000661179888994;0.000003063055601;0.000033176205761;0.000041807754315;
112;53a26b2e33a5851b;8fde200208c4e9bc;83c3bf352d2e9471;2020-03-14T15:05:01.000Z;Onmiddellijk jullie vloot inzetten om deze slachtoffers van mensenhandel over te brengen naar #Turkije ... blijkt namelijk dat het #DNA daar immuun is voor #Covid_19 ... jullie hebben het materiaal en de contacten... #ArtsenzonderGrenzen #migrantcrisis #IStandWithGreece;;1.0;2.0;/RNCrypto74###/RNCrypto74###/RNCrypto74/status/1238843584289308672###/AzG_nl###/hashtag/Turkije?src=hashtag_click###/hashtag/DNA?src=hashtag_click###/hashtag/Covid_19?src=hashtag_click###/hashtag/ArtsenzonderGrenzen?src=hashtag_click###/hashtag/migrantcrisis?src=hashtag_click###/hashtag/IStandWithGreece?src=hashtag_click;migrantcrisis;2024-10-07 10_50_22.360731;0.075182795524597;0.008448590524495;0.000032130748878;0.002205176046118;0.000319871644024;0.192992091178894;0.000756093766540;1. Against immigration, migrants, foreigners, refugees, or Muslims.
113;;;;;This post is unavailable.;;;;;migrantcrisis;2024-10-07 10_50_22.360731;0.000118929085147;0.000000015512335;0.000000097311784;0.000661179888994;0.000003063055601;0.000033176205761;0.000041807754315;
114;;;;;This post is unavailable.;;;;;migrantcrisis;2024-10-07 10_50_22.360731;0.000118929085147;0.000000015512335;0.000000097311784;0.000661179888994;0.000003063055601;0.000033176205761;0.000041807754315;
115;;;;;This post is unavailable.;;;;;migrantcrisis;2024-10-07 10_50_22.360731;0.000118929085147;0.000000015512335;0.000000097311784;0.000661179888994;0.000003063055601;0.000033176205761;0.000041807754315;
116;;;;;This post is unavailable.;;;;;migrantcrisis;2024-10-07 10_50_22.360731;0.000118929085147;0.000000015512335;0.000000097311784;0.000661179888994;0.000003063055601;0.000033176205761;0.000041807754315;
117;;;;;This post is unavailable.;;;;;migrantcrisis;2024-10-07 10_50_22.360731;0.000118929085147;0.000000015512335;0.000000097311784;0.000661179888994;0.000003063055601;0.000033176205761;0.000041807754315;
118;;;;;This post is unavailable.;;;;;migrantcrisis;2024-10-07 10_50_22.360731;0.000118929085147;0.000000015512335;0.000000097311784;0.000661179888994;0.000003063055601;0.000033176205761;0.000041807754315;
119;;;;;This post is unavailable.;;;;;migrantcrisis;2024-10-07 10_50_22.360731;0.000118929085147;0.000000015512335;0.000000097311784;0.000661179888994;0.000003063055601;0.000033176205761;0.000041807754315;
120;;;;;This post is unavailable.;;;;;migrantcrisis;2024-10-07 10_50_22.360731;0.000118929085147;0.000000015512335;0.000000097311784;0.000661179888994;0.000003063055601;0.000033176205761;0.000041807754315;
121;;;;;This post is unavailable.;;;;;migrantcrisis;2024-10-07 10_50_22.360731;0.000118929085147;0.000000015512335;0.000000097311784;0.000661179888994;0.000003063055601;0.000033176205761;0.000041807754315;
122;;;;;This post is unavailable.;;;;;migrantcrisis;2024-10-07 10_50_22.360731;0.000118929085147;0.000000015512335;0.000000097311784;0.000661179888994;0.000003063055601;0.000033176205761;0.000041807754315;
123;;;;;This post is unavailable.;;;;;migrantcrisis;2024-10-07 10_50_22.360731;0.000118929085147;0.000000015512335;0.000000097311784;0.000661179888994;0.000003063055601;0.000033176205761;0.000041807754315;
124;;;;;This post is unavailable.;;;;;migrantcrisis;2024-10-07 10_50_22.360731;0.000118929085147;0.000000015512335;0.000000097311784;0.000661179888994;0.000003063055601;0.000033176205761;0.000041807754315;
125;;;;;This post is unavailable.;;;;;migrantcrisis;2024-10-07 10_50_22.360731;0.000118929085147;0.000000015512335;0.000000097311784;0.000661179888994;0.000003063055601;0.000033176205761;0.000041807754315;
126;;;;;This post is unavailable.;;;;;migrantcrisis;2024-10-07 10_50_22.360731;0.000118929085147;0.000000015512335;0.000000097311784;0.000661179888994;0.000003063055601;0.000033176205761;0.000041807754315;
127;;;;;This post is unavailable.;;;;;migrantcrisis;2024-10-07 10_50_22.360731;0.000118929085147;0.000000015512335;0.000000097311784;0.000661179888994;0.000003063055601;0.000033176205761;0.000041807754315;
128;;;;;This post is unavailable.;;;;;migrantcrisis;2024-10-07 10_50_22.360731;0.000118929085147;0.000000015512335;0.000000097311784;0.000661179888994;0.000003063055601;0.000033176205761;0.000041807754315;
129;;;;;This post is unavailable.;;;;;migrantcrisis;2024-10-07 10_50_22.360731;0.000118929085147;0.000000015512335;0.000000097311784;0.000661179888994;0.000003063055601;0.000033176205761;0.000041807754315;
130;;;;;This post is unavailable.;;;;;migrantcrisis;2024-10-07 10_50_22.360731;0.000118929085147;0.000000015512335;0.000000097311784;0.000661179888994;0.000003063055601;0.000033176205761;0.000041807754315;
131;;;;;This post is unavailable.;;;;;migrantcrisis;2024-10-07 10_50_22.360731;0.000118929085147;0.000000015512335;0.000000097311784;0.000661179888994;0.000003063055601;0.000033176205761;0.000041807754315;
132;;;;;This post is unavailable.;;;;;migrantcrisis;2024-10-07 10_50_22.360731;0.000118929085147;0.000000015512335;0.000000097311784;0.000661179888994;0.000003063055601;0.000033176205761;0.000041807754315;
