rank;id;tweeter;tweeterid;time;text;replies;reposts;likes;views;query;datetime;Hate Score;Hate Threatening Score;Self-Harm Score;Sexual Score;Sexual Minors Score;Violence Score;Violence Graphic Score;position
1;760ee49448e89123;c7db0e7ae9b7bc74;d5e6b500af19b582;2024-09-24T18:05:27.000Z;En wie was er kritisch? Juist, ja. De PvdA. En dat vanwege de verdringing van Nederlandse werknemers en de druk op de lonen. Daarom eiste de PvdA dat gastarbeiders maar twee jaar mochten blijven. /11 @VVD @DilanYesilgoz;1.0;1.0;3;47;gastarbeiders;2024-10-01 17_04_48.163647;0.012380379252136;0.000080388628703;0.000006022567050;0.000470327824587;0.000224455521675;0.002497338224202;0.000394066271838;1. Against immigration, migrants, foreigners, refugees, or Muslims.
2;d553585439c160d4;c7db0e7ae9b7bc74;d5e6b500af19b582;2024-09-24T18:06:54.000Z;"De actieve werving van gastarbeiders werd in 1973 door het kabinet-Den Uyl gestaakt; het wervingsverdrag werd gestopt. Voor de jonge lezers: Den Uyl was geen VVD’er. /13 @VVD @DilanYesilgoz";1.0;2.0;4;123;gastarbeiders;2024-10-01 17_04_48.163647;0.001415866659954;0.000001443751557;0.000001029103601;0.000245995353907;0.000209000048926;0.000705852406099;0.000102475787571;5. Is neutral.
3;d56bd74a66351ee1;a059ebd6b03f65c6;1f5b1c22e960d0a5;2024-09-25T16:34:56.000Z;Goede draad. Voor mensen die twijfelen -> https://historiek.net/gastarbeiders-nederland-betekenis-marokko-turkije/135726/…;;;4;265;gastarbeiders;2024-10-01 17_04_48.163647;0.000765472126659;0.000005600775694;0.000011335855561;0.000064650870627;0.000077715398220;0.000445267447503;0.000051788782002;5. Is neutral.
4;9bd2f17c8a7a2e81;b8f5b09425eb8025;457190826e0f2ea1;2024-09-25T10:19:13.000Z;Was er dan niemand kritisch in die tijd? Jazeker. De PvdA. De linkse partij waarschuwde voor verdringing van Nederlandse werknemers en de druk op de lonen. Daarom eiste de PvdA dat gastarbeiders maar twee jaar mochten blijven.;6.0;32.0;243;8,4K;gastarbeiders;2024-10-01 17_04_48.163647;0.011446328833699;0.000059359772422;0.000261230656179;0.000034835087718;0.000183915530215;0.006249436177313;0.000586216454394;1. Against immigration, migrants, foreigners, refugees, or Muslims.
5;1644423ca0d042cb;18c8e698e67a7e81;b02c4b400d921556;2024-09-27T02:01:55.000Z;Ik bedoel dat de gastarbeiders indertijd graag wilde assimileren met hun gastland. Ik denk niet dat ze stonden te springen om hun cultuur of religie te importeren naar hier. Latere generaties hebben die drang meer en meer gekregen wat m.i. de verdeeldheid alleen maar voedt.;1.0;;14;1,2K;gastarbeiders;2024-10-01 17_04_48.163647;0.072240635752678;0.000010811166248;0.000623629603069;0.000028205682611;0.000186195218703;0.017209179699421;0.000544078939129;1. Against immigration, migrants, foreigners, refugees, or Muslims.
6;fe35887bad7f8f24;03073f718ed81d74;da85485925c0c26c;2024-09-30T14:12:07.000Z;De eerste moslimmigranten in Nederland waren geen #Turkse en #Marokkaanse gastarbeiders, maar #Indonesiërs en #Surinamers uit de koloniën, toont de eerste tentoonstelling van het @moslimarchief. Zie link hieronder voor het hele verhaal.  https://buff.ly/3Y3uPbd #islam #moslims;1.0;6.0;5;598;gastarbeiders;2024-10-01 17_04_48.163647;0.001282870885916;0.000006954990113;0.000000179558015;0.000070416244853;0.000038689613575;0.000098706426797;0.000019353936295;5. Is neutral.
7;ca595020257713f2;855717c44a2d9a1a;b96c950d445a4eb5;2024-09-27T07:55:25.000Z;Je liegt ook, die gastarbeiders kwamen op het geld af, mijnwerkers waren goed betaald in die tijd in verhouding tot andere arbeiders.  Ze kwamen ook uit regio's in Marokko waar er weinig te verdienen viel.;;;5;130;gastarbeiders;2024-10-01 17_04_48.163647;0.012228545732796;0.000005716902251;0.000115977498353;0.000060303180362;0.000040584513044;0.001394371152855;0.000917628989555;1. Against immigration, migrants, foreigners, refugees, or Muslims.
8;b1fe46d3343fbf24;481cf487bc5a5e60;69ae89ffac055d21;2024-09-28T07:59:33.000Z;Banen in slachthuizen. Vooral gastarbeiders. In de bouw kunnen ze het dubbele verdienen.;;;3;58;gastarbeiders;2024-10-01 17_04_48.163647;0.061233203858137;0.000651609094348;0.001613353961147;0.000408643973060;0.000092367292382;0.174953177571297;0.022037392482162;5. Is neutral.
9;f020be1960c2f966;77fd91771febafff;9dedcae3ea4a2e6a;2024-09-27T06:16:10.000Z;Mensen en dus ook kinderen kunnen walgelijk zijn. We krijgen via de oveheid en de media te horen dat elk kind veilig moet zijn op school. Iets van 50 jr geleden trof mijn moeder een mes bij mijn jongste broertje aan. Alle jongens van gastarbeiders hebben een mes zei hij, ik moet;1.0;;7;504;gastarbeiders;2024-10-01 17_04_48.163647;0.202125370502472;0.000712905777618;0.001355989021249;0.000150057021528;0.000192788065760;0.628342926502228;0.066680260002613;1. Against immigration, migrants, foreigners, refugees, or Muslims.
10;a28797774d570ac3;07bd5ed0e667e1be;7d25f32ba8a80124;2024-09-25T10:44:58.000Z;En vergeet niet dat toen de werkloosheid hoog was en o.a. deze Turkse gastarbeiders minder productief waren, ze in de WAO werden gedumpt door de werkgevers. De Nederlandse taal niet spreken woog mee als criterium. En Kok ( PVDA) heeft de WAO vereisten daarna aangepast.;2.0;;10;906;gastarbeiders;2024-10-01 17_04_48.163647;0.096113115549087;0.000035468674469;0.000527076830622;0.000054616823036;0.000122019751870;0.009829771704972;0.000119303229439;5. Is neutral.
11;d5647f07ff09bb70;bb2d01e4ad68f9ac;c1f802ab5c6c3147;2024-09-24T13:18:48.000Z;Ik ken de verhalen van nazaten van arbeidsmigranten, eerder betiteld met gastarbeiders o.m. vanuit mijn betrokkenheid bij een minor aan de HHS, over onwrikbare schooladviezen beneden competentie waar ze tegen in moesten vechten. Vaak pas stapsgewijs op competentieniveau;;;2;20;gastarbeiders;2024-10-01 17_04_48.163647;0.027056509628892;0.000023111642804;0.002278089290485;0.001201566308737;0.000662224832922;0.029631944373250;0.001278035459109;5. Is neutral.
12;0fdf96b43c995d53;b8f5b09425eb8025;457190826e0f2ea1;2024-09-25T10:18:14.000Z;Wilde de VVD die gastarbeiders dan weren? Welnee, samen met de voorgangers van het CDA werden er complete wervingsverdragen afgesloten met Turkije en Marokko. Sterker: er werden kantoren geopend om mensen naar Nederland te halen.;2.0;15.0;201;7,9K;gastarbeiders;2024-10-01 17_04_48.163647;0.025449633598328;0.000120057578897;0.000085750318249;0.000004186432307;0.000010184079656;0.012911821715534;0.000283574685454;5. Is neutral.
13;5e56819582de263d;ac594214fd8448c8;fbbfb806752ec7d2;2024-09-30T07:07:30.000Z;Ik zag een reportage over een tentoonstelling van de 1e generatie gastarbeiders. Bijzonder was dat de geïnterviewde Nederturkse moeder/oma tot op heden gebrekkig Nederlands spreekt.;1.0;;2;91;gastarbeiders;2024-10-01 17_04_48.163647;0.020143494009972;0.000001636243610;0.000169396051206;0.000712503038812;0.000674804090522;0.001906299730763;0.000285003101453;5. Is neutral.
14;5bf47a34dc45f082;802c3b4801afc8c8;2068287c1efb63f7;2024-09-24T17:06:38.000Z;De VVD ... sloot wervingsverdragen af met Turkije en Marokko... En wie was er kritisch? Juist, ja. De PvdA... Daarom eiste de PvdA dat gastarbeiders maar twee jaar mochten blijven. En wat deed de VVD? Die eiste dat Turken en Marokkanen... hun gezin mee mochten nemen...;3.0;1.0;10;1,7K;gastarbeiders;2024-10-01 17_04_48.163647;0.057232487946749;0.000074472096458;0.000173580876435;0.000056071330619;0.000433105364209;0.052814319729805;0.004301172215492;1. Against immigration, migrants, foreigners, refugees, or Muslims.
15;b9a010e1a9a79d19;1d568bc6bf3c9ead;9dfa69920d236bd2;2024-09-23T19:22:20.000Z;Deze barbaren zijn ooit hierheen gehaald als GASTARBEIDERS om de economie te boosten. Soit. Maar op de premisse dat ze TERUG zouden gaan! Niet om de rest van hun (vaak achterlijke) familie ook nog eens hierheen te laten komen. Dat is helaas in 2005 al vastgelegd in de EVRM.;;;4;75;gastarbeiders;2024-10-01 17_04_48.163647;0.804923176765442;0.000102015699667;0.000003644046046;0.000026203881134;0.000006670338280;0.208164542913437;0.001017776783556;1. Against immigration, migrants, foreigners, refugees, or Muslims.
16;f43ae2d2188da944;e18ac37a224ffc42;599ca3fbe02e8bd4;2024-09-27T08:08:06.000Z;Hou op deze onzinnige leugen te verspreiden dat gastarbeiders weinig verdienden. De koolputters waren de best betaalde werkers en gastarbeiders kregen hetzelfde loon. Het waren nooit meer dan 15% gastarbeiders trouwens, de rest waren Limburgse zonen en vaders.;;;7;121;gastarbeiders;2024-10-01 17_04_48.163647;0.359955221414566;0.000110212880827;0.000032900399674;0.000085783191025;0.000365037674783;0.028169302269816;0.000063718573074;5. Is neutral.
17;d531df14f03a06d3;65256347c323244f;7f31f4ac37bf41f0;2024-09-28T09:24:01.000Z;Jij bent een kind van gastarbeiders. Dus niet de Servische agressie op de Balkan meegemaakt. Je hebt dus wel meegemaakt dat mensen van de Balkan hierheen vluchtten. Ik heb het zelf meegemaakt. Er waren GEEN alleenstaande mannen die vluchtten. Waarom doen de Arabieren dit wel?;1.0;2.0;25;566;gastarbeiders;2024-10-01 17_04_48.163647;0.235739901661873;0.000001045876957;0.000196078297449;0.000636290060356;0.001012227265164;0.062135260552168;0.000752530584577;1. Against immigration, migrants, foreigners, refugees, or Muslims.
18;7b0231efc8d87377;50e98a278d9f498c;ddbb547b7042316e;2024-09-27T21:28:44.000Z;"Goede oude Nederlandse mentaliteit: we hebben je nodig en wanneer niet meer kan je wel stikken. Deden ze met kolonies, gastarbeiders en immigranten. Wie verbaast zich nog over dit kabinet?
#Afghanen";4.0;9.0;31;478;gastarbeiders;2024-10-01 17_04_48.163647;0.869331300258636;0.756503164768219;0.002579338150099;0.000083625447587;0.000018194874428;0.869246363639832;0.010495189577341;1. Against immigration, migrants, foreigners, refugees, or Muslims.
19;96ad70cbaea46f0d;62ca5c3ba92a473f;7b1f5f70d8fe4899;2024-09-29T20:51:11.000Z;Hoezo mijn vieze werk? Dat doe ikzelf. Dat doet geen enkele allochtoon voor mij. Daarnaast associeer jijzelf deze criminelen met gastarbeiders.;1.0;;2;26;gastarbeiders;2024-10-01 17_04_48.163647;0.667727351188660;0.000110345805297;0.000007505524081;0.000014834223293;0.000000544461670;0.023179307579994;0.000018862607249;1. Against immigration, migrants, foreigners, refugees, or Muslims.
20;21ffeb6146bc1915;51764b97c1f56709;73b6d156e75a8c1f;2024-09-22T09:46:25.000Z;"Zitten we niet te wachten op weer een godsdienst? De eerste gastarbeiders kwamen, met hun religie, in de jaren 50/60. Die ""nieuwe"" godsdienst is dus al een jaartje of 70 in ons land.";2.0;;4;418;gastarbeiders;2024-10-01 17_04_48.163647;0.030566288158298;0.000006891999874;0.000007562406154;0.000028646267310;0.000095651776064;0.003042474389076;0.000295981939416;1. Against immigration, migrants, foreigners, refugees, or Muslims.
21;0a7e8fdf5e7f5efc;05cd66aec3eb89f6;33b9046513227fbe;2024-09-05T04:56:29.000Z;Arbeidsmigratie door SELECTIE aan de poort, zoals vroeger gastarbeiders werden geselecteerd voor specifiek werk  #vandaaginside;;4.0;4;1,9K;gastarbeiders;2024-10-01 17_04_48.163647;0.004064431879669;0.000184353222721;0.000010988548638;0.000185774770216;0.000074038456660;0.010995184071362;0.000451457104646;5. Is neutral.
22;8e49d3b739ab2594;534a4d9b27e87da0;353588cd3dd6d774;2024-09-12T06:17:54.000Z;"En degene die niet werken, worden die geweigerd?

Toen we nog gastarbeiders hadden werkte het prima
Niet werken, lekker weer naar huis

Rond 1982 was er ook tekort aan werkkrachten

Het toverwoord was automatiseren";;;;/AntiLinksGedram###/AntiLinksGedram###/AntiLinksGedram/status/1834114193005400227###https://t.co/a2oTGN2Cu5###https://t.co/a2oTGN2Cu5;gastarbeiders;2024-10-01 17_04_48.163647;0.248775690793991;0.000834192382172;0.000186566467164;0.000066318178142;0.000027402667911;0.047523822635412;0.000293977325782;1. Against immigration, migrants, foreigners, refugees, or Muslims.
23;bc0de96755cbf414;d04546263b2b2f14;26f2c77050b17f32;2024-09-28T08:50:13.000Z;Je bent in 1959 geboren en nadert je pensioen. In 1959 had Nederland 2.294 gastarbeiders, waarvan 1.884 Italianen. Van buiten Europa: 9 Turken en 3 Marokkanen. Vandaag: zo’n 2 miljoen buiten Europa geboren nld’se inwoners, miljoenen meer 2e generatie. En het gaat steeds sneller.;;;;25;gastarbeiders;2024-10-01 17_04_48.163647;0.000895275676157;0.000003218803386;0.000012381256056;0.000026457517379;0.000017794955056;0.000220099798753;0.000020985258743;5. Is neutral.
24;935577b780ee65df;b92debe984465eba;158433b105cff657;2024-08-19T05:55:06.000Z;"""Nederland is een mooi land, als je de taal spreekt"" zegt de Turkse vrouw die 50 jaar in Nederland woont en amper Nederlands spreekt.

60 jaar Turkse gastarbeiders in Nederland: 'Hebben onze jaren gegeven' /via @NOS";;;;150;gastarbeiders;2024-10-01 17_04_48.163647;0.008138000033796;0.000020386734832;0.000020136165404;0.002445447258651;0.001595197478309;0.000341165374266;0.000117947427498;5. Is neutral.
25;c8f547469d32688f;9a78afb4c45ae8db;69056dd75df3af36;2024-08-06T09:22:57.000Z;'Kinderachtige leugens': Hongarije ontkent EU-verwijten over Russische gastarbeiders;2.0;;3;41;gastarbeiders;2024-10-01 17_04_48.163647;0.024247515946627;0.000155582922161;0.000072607013863;0.000666217063554;0.003065125551075;0.002326587913558;0.000062156381318;5. Is neutral.
26;7c2f4df07d0e31fd;361cde1b152e57dc;f8733c9649197545;2024-09-16T21:42:45.000Z;#barlaat de fout is in de jaren 70 en 80 gemaakt door de gastarbeiders niet terug te sturen na einde werk..en dat is geescaleerd nu..In Dubai moet je oprotten als je baan klaar is. Wat naturaliseren? ROT OP!!;;;;172;gastarbeiders;2024-10-01 17_04_48.163647;0.232559114694595;0.000645921623800;0.000006868116998;0.000050620092225;0.000012258105926;0.024855766445398;0.000019306193280;1. Against immigration, migrants, foreigners, refugees, or Muslims.
27;71f1fa24ae34ef22;f1c182e54245d2b7;a002abd51fb44e09;2024-09-16T04:34:44.000Z;Dat mensen kansen moeten krijgen om te integreren. Nederland kan niet weer de fouten maken die ze met de gastarbeiders in de jaren 60 maakten.;2.0;;;127;gastarbeiders;2024-10-01 17_04_48.163647;0.033839050680399;0.000016423986381;0.000001101230851;0.000022331973014;0.000020916128051;0.008877641521394;0.000082890728663;2. In support of immigration, migrants, foreigners, refugees, or Muslims.
28;8595894a73146abd;8a53a8a45a6f87a1;9cb89660e4fb9ac3;2024-09-15T20:08:04.000Z;#Nederland  Problemen met te weinig parkeerplaatsen in div steden - dorpen, DenHaag bijv Iedereen moet gaan dokken  Tja volgestopt met gastarbeiders en wat al niet  Volle bak dus;;;;108;gastarbeiders;2024-10-01 17_04_48.163647;0.223647981882095;0.000288807350444;0.000640589860268;0.000442057673354;0.000183055977686;0.039071049541235;0.000092554742878;1. Against immigration, migrants, foreigners, refugees, or Muslims.
29;981123f0b109a088;fce77c34d3fec987;49389f4662f2a410;2024-09-18T17:48:10.000Z;"Is er nou vanavond alweer een programma/serie over “gastarbeiders”..?

Waarom wordt belastinggeld gebruikt om een politieke mening populair te maken?

En mensen maar klagen over ON, want dit is zeker niet “sturend” bedoeld..(?).";;;;3;gastarbeiders;2024-10-01 17_04_48.163647;0.049534354358912;0.000435083551565;0.000067278364440;0.000033764616092;0.000014765304513;0.080672688782215;0.000340520549798;1. Against immigration, migrants, foreigners, refugees, or Muslims.
30;5a931e5bc7862beb;fe31c899b5794b09;9887c29f1ddfd2d1;2024-09-06T15:08:18.000Z;de Volkskrant 26 april 1980 En weer EIST het bedrijfsleven de komst van 'gastarbeiders'. VVD, CDA gehoorzamen als bereidwillige politieke knechten. PvdA en vakbeweging protesteren tevergeefs. Oh, natuurlijk schelden verdeel-en-heersknechtjes de geronselde buitenlanders voor rot.;;;;13;gastarbeiders;2024-10-01 17_04_48.163647;0.406736940145492;0.000252318772255;0.001315606408752;0.000153615706949;0.000050586841098;0.256838649511337;0.001223442959599;1. Against immigration, migrants, foreigners, refugees, or Muslims.
31;57b8c4150ecb6956;fe31c899b5794b09;9887c29f1ddfd2d1;2024-09-02T12:41:58.000Z;"19/08/1964 Den Haag, Nederland: KVP/ ARP/ CHU/ VVD-kabinet-Victor Marijnen/ Turks minister van Arbeid Bülent Ecevit tekenen wervingscontract voor Turkse ""gastarbeiders"" - ""Blonde Geert"" beweert al jaren dat 'links' dat deed, maar dat LIEGT-ie";;;;29;gastarbeiders;2024-10-01 17_04_48.163647;0.031000770628452;0.000053750423831;0.000344058498740;0.002261245390400;0.002005380345508;0.007708726450801;0.000526299700141;3. Against those that oppose immigration or are negative towards migrants, foreigners, refugees, or Muslims.
32;4a0a0f1dc292a548;b14ff67048a3b878;0a4b5aeba6d0354a;2024-09-22T18:00:01.000Z;"Vanavond in De Sociëteit om 22:52 uur op NPO2.

Het is 60 jaar geleden dat de eerste Turkse gastarbeiders in Nederland aankwamen. Wat bracht het hen en wat bracht het Nederland? We gaan het er uitgebreid over hebben.";1.0;1.0;2;232;gastarbeiders;2024-10-01 17_04_48.163647;0.001097547356039;0.000003403528581;0.000001468768801;0.000024997751098;0.000182341216714;0.002001691376790;0.000245636561885;5. Is neutral.
33;283852a03f2becbe;a0fa7e33d3b6e588;09542772e4404112;2024-09-24T18:56:21.000Z;"Wow, een resumé van de trucs van ⁦@DilanYesilgoz⁩ . 
“Daarom eiste de PvdA dat gastarbeiders maar 2 jaar mochten blijven. En wat deed de VVD? Die eiste dat Turken en Marokkanen het recht kregen om hun gezin mee te nemen. Zei iemand gezinshereniging?”";;;;84;gastarbeiders;2024-10-01 17_04_48.163647;0.026635996997356;0.000064870044298;0.000005893348316;0.000145816549775;0.001072296523489;0.053071215748787;0.009794739075005;5. Is neutral.
34;28910507f52b0706;cad2da138473aea6;165c15b4d84c5c5a;2024-09-11T08:10:44.000Z;"Eating cats and dogs......ik herinner me dat jaaaaaren geleden dezelfde verhalen de ronde deden over Turkse en Marokkaanse gastarbeiders... 

Racisten zijn niet bepaald origineel.";;;;31;gastarbeiders;2024-10-01 17_04_48.163647;0.398987948894501;0.000009056371709;0.000069457099016;0.000119792042824;0.000007219508007;0.341678559780121;0.130309626460075;3. Against those that oppose immigration or are negative towards migrants, foreigners, refugees, or Muslims.
35;f108355dfc0392cd;da928a3d4fede4d3;31b838d28858eaa4;2024-09-04T21:01:10.000Z;"#VaarwelVaderland
De gastarbeiders en mensen uit Indonesië vertellen over hun reden ,aankomst en leven in Nederland .Boeiend maar ook komt de vraag op ,waarom en wanneer begon het mis te gaan.";;;;109;gastarbeiders;2024-10-01 17_04_48.163647;0.006726731080562;0.000068439767347;0.000388514570659;0.000657023454551;0.000621847517323;0.001095874700695;0.000258036190644;5. Is neutral.
36;71a03a7ec53594e8;a195a1a4fcc35cd3;b2776c41e10c69ea;2024-09-14T09:14:38.000Z;"Never give in for abuis. Wat? Check; hoog conjunctuur alleen (?) bij slavernij rn gastarbeiders. Tuurlijk ook uw gezin (ja, soort '67 Palasteina) oei, oei wij hebben het fout gedaan, dat kost u geld. Emigratie belasting, bij vertrekpoort ff strippen 
https://youtu.be/YySW9cF7N7Y?si=GwkVq-vQOC8i8XsJ…";;;;45;gastarbeiders;2024-10-01 17_04_48.163647;0.130237609148026;0.001613197964616;0.000011783093214;0.001847306382842;0.000378830329282;0.026659583672881;0.003512299386784;1. Against immigration, migrants, foreigners, refugees, or Muslims.
37;54ad841119728cbe;5992e467defe2643;b4454cc2d50b7392;2024-09-20T09:01:12.000Z;Mijn stuk gaat over vluchtelingen, niet over gastarbeiders van wie niet werd verwacht dat ze zouden blijven, zelf ook lange tijd aan terugkeer dachten en die al hun energie in zwaar en slecht betaald werk hebben gestoken. Dat is een heel andere dynamiek;1.0;;1;24;gastarbeiders;2024-10-01 17_04_48.163647;0.034682590514421;0.000004287231150;0.000283382541966;0.000065569918661;0.000045336862968;0.003038086695596;0.000189451689948;5. Is neutral.
38;c10c226def4404d9;ade77a82af47447d;6cf7b68127143870;2024-09-13T09:11:28.000Z;Wat in de jaren 60/70 begon met 'gastarbeiders'.....;;;1;10;gastarbeiders;2024-10-01 17_04_48.163647;0.087305761873722;0.000123080346384;0.000010234581168;0.000067003114964;0.000138250397868;0.005049700848758;0.001567214960232;1. Against immigration, migrants, foreigners, refugees, or Muslims.
39;15a83d61bf8a1524;9776e9b1b6571a7a;bfd86cd4447e0dae;2024-09-25T14:06:17.000Z;"""#Marokkaanse Gastarbeiders"" | KRO Brandpunt 27-11-1965 ! 

Met dank aan @ZihniOzdil voor het uploaden .
#Casablanca 1965 
Cc: @aborifi";;1.0;1;64;gastarbeiders;2024-10-01 17_04_48.163647;0.000566387781873;0.000022881789846;0.000000942142208;0.000143820201629;0.000088537744887;0.000099673357909;0.000035597237002;5. Is neutral.
40;1e3075a4474bd19d;8df0e6b512155a85;1860e0518434e096;2024-08-18T12:28:23.000Z;Komst tienduizenden Turkse gastarbeiders nu zestig jaar geleden was ’win-win’: ’Het salaris bedroeg 180 gulden per maand’ https://telegraaf.nl/nieuws/1661344888/komst-tienduizenden-turkse-gastarbeiders-nu-zestig-jaar-geleden-was-win-win-het-salaris-bedroeg-180-gulden-per-maand… via @telegraaf;1.0;;;21;gastarbeiders;2024-10-01 17_04_48.163647;0.009519503451884;0.000140772302984;0.000002499686843;0.000245360133704;0.000399409909733;0.001228797133081;0.000484982418129;5. Is neutral.
41;c1b1642df7e3e153;54107398ec94b895;d08bd88c6c6c4f0c;2024-08-23T13:00:11.000Z;"Hallo @RPlasterk, een onverwachte inkijk. Nu mijn vragen:
Ja, rechts heeft in de beginne #gastarbeiders binnengehaald, maar wie heeft toegestaan of gepromoot om de werkers hun gezinnen te laten overkomen? 
Waarom is niet gekozen voor max 5 jaar en terug, en kan je broertje komen?";;;;11;gastarbeiders;2024-10-01 17_04_48.163647;0.006472241133451;0.000719659496099;0.000035774508433;0.000231158861425;0.000692954636179;0.010353103280067;0.000581772474106;1. Against immigration, migrants, foreigners, refugees, or Muslims.
42;851d3d83cf9376f9;ae3a1762d22dd110;b48bc7ccb31924db;2024-09-05T22:52:23.000Z;"Onze ‘gastarbeiders’ pasten niet in het wereldbeeld van vele suburbane Vlamingen, in de crisis opgejut door een autoritaire en racistische antivreemdelingenpartij.
http://sampol.be/2024/09/communautarisme-versus-democratie… via @Sampol_magazine";12.0;3.0;6;844;gastarbeiders;2024-10-01 17_04_48.163647;0.008886477909982;0.000013553426470;0.000001617129897;0.000084536586655;0.000002827600838;0.002341359620914;0.000105406943476;3. Against those that oppose immigration or are negative towards migrants, foreigners, refugees, or Muslims.
43;29031b44b3fa77ad;997361bcc2b804ba;50fd38825c7242dc;2024-08-25T15:22:12.000Z;"'Dat juist een aanzienlijk deel van de tweede en derde generatie moslimimmigranten aanmerkelijk fanatieker is dan de goedlachse gastarbeiders van weleer.'
Moslims in de polder: a match made in heaven https://ewmagazine.nl/nederland/opinie/2024/04/moslims-in-de-polder-a-match-made-in-heaven-69398w/… via @ewmagazinenl";2.0;;;95;gastarbeiders;2024-10-01 17_04_48.163647;0.090293794870377;0.000067544242484;0.000000763261937;0.000136370494147;0.000214434592635;0.001490589347668;0.000020792187570;1. Against immigration, migrants, foreigners, refugees, or Muslims.
44;11c78cdfcd4ded75;ac46e0a99e1e3edf;5a0285521e1af22a;2024-08-24T03:08:19.000Z;Ik zie een zekere overeenkomst met de selectie van gastarbeiders in de jaren zeventig, geen echte selectie, dat kost immers geld.;;;;10;gastarbeiders;2024-10-01 17_04_48.163647;0.050017353147268;0.000476786692161;0.000083214654296;0.000050094353355;0.000134416564833;0.041620440781116;0.000472410261864;5. Is neutral.
45;176295271ba8e520;14eb839283d64f19;2d556e84a43f21bc;2024-09-25T10:28:40.000Z;De vraag is dan ook: Waar en wanneer zal dit leger worden ingezet. Hoe was dit met de Turkse en Marokkaanse gastarbeiders die in WO2 vochten @superjan. Ik weet het niet, het klopt iig totaal niet.;;;;17;gastarbeiders;2024-10-01 17_04_48.163647;0.081964805722237;0.000039556194679;0.000004046253707;0.000075115785876;0.000052160765335;0.068889282643795;0.000539091823157;6. Other: unclear stance on immigration.
46;411746cae8ea156b;49ec9289b87de408;d816a91f4356ac0a;2024-09-04T11:31:02.000Z;Op 25 september kan je naar Pakhuis de Zwijger in Amsterdam, waar het boek “Van dankbaar naar strijdbaar” van Bilal Ben Abdelkarim  centraal staat. Het vertelt het verhaal van Marokkaanse Nederlanders die zich niet alleen hebben ontwikkeld van gastarbeiders naar trotse burgers,;;2.0;12;1,2K;gastarbeiders;2024-10-01 17_04_48.163647;0.001799822319299;0.000004686295142;0.000080424440966;0.000025935974918;0.000003163067049;0.003405359108001;0.000028518703402;5. Is neutral.
47;e044f17bd2faf879;b36ea842fa3c7eb6;700cf1cff904f138;2024-09-05T13:44:27.000Z;Eerlijk gezegd kreeg u gisteren de bingo-kaart uit de jaren 80-90 aardig vol: 'de gastarbeiders kwamen de baantjes doen waar wij ons te goed voor voelden'.;2.0;;15;998;gastarbeiders;2024-10-01 17_04_48.163647;0.013907020911574;0.000060328718973;0.000023106640583;0.000076210460975;0.000051293784054;0.007249199785292;0.000098253876786;5. Is neutral.
48;453638cbbe8039ba;715fc733c5eef228;39825c12e6b16e4b;2024-08-21T13:38:37.000Z;Inderdaad. Zo was Willem Drees sr. destijds een groot voorstander van remigratie van gastarbeiders. Lees hiervoor het boek 'De schijn-élite van de valse munters' (sic) van @Martinbosma_pvv.;;1.0;12;702;gastarbeiders;2024-10-01 17_04_48.163647;0.005064715165645;0.000007369738796;0.000078015007603;0.000047903693485;0.000147063474287;0.001972321653739;0.000039712027501;1. Against immigration, migrants, foreigners, refugees, or Muslims.
49;bdcb3c594ae5ed89;2b4923ac43fd2652;94dc68c32f17ecd1;2024-08-30T21:12:57.000Z;De gastarbeiders kwamen na de opbouw van Nederland, het was hoogconjuctuur er viel weinig meer op te bouwen.;;;7;101;gastarbeiders;2024-10-01 17_04_48.163647;0.013589640147984;0.000145332378452;0.001115042367019;0.000055555265135;0.000024427892640;0.004054988734424;0.000552017532755;5. Is neutral.
50;a3c53fba81242a4a;4e0493d6c0d62f06;ac7e99a9635e0de9;2024-08-30T13:35:36.000Z;"Erm? ""Vanaf 1949 begon de Nederlandse overheid actief emigratie te plannen en te bevorderen. In het hoogtepuntjaar van 1952 emigreerden maar liefst 48.690 Nederlanders naar landen als Canada, Australië, Nieuw-Zeeland en de VS""

En dan is er nog iets met nood aan gastarbeiders.";1.0;;3;181;gastarbeiders;2024-10-01 17_04_48.163647;0.001749344868585;0.000056104818213;0.000195249202079;0.000025256569643;0.000055954882555;0.001019551418722;0.000241438741796;5. Is neutral.
51;ba9d485035522a44;da234f602db8b874;c38c746509cffe05;2024-09-27T08:13:01.000Z;Ik ken het uit mijn jeugd, bij vriendinnen van mijn moeder die in elkaar werden geslagen door hun mannen. Lang voor er gastarbeiders kwamen. Gewone meneren die in pak naar hun werk gingen in hun Opel. Ik ken n jonge vrouw die kort geleden bijna gewurgd werd door haar man.;2.0;;1;27;gastarbeiders;2024-10-01 17_04_48.163647;0.055980507284403;0.000158518872922;0.045149590820074;0.018412942066789;0.000814015627839;0.621003687381744;0.061561554670334;6. Other: domestic violence not immigration related.
52;048a895d1cbb4700;10e7d9c072116897;ca22881e6293cd21;2024-09-11T10:35:00.000Z;"Zo'n 60 jaar geleden kwamen de eerste Turkse gastarbeiders naar Nederland. Maar hoe zit het met de vrouwen die hun man achterna reisden? Fotograaf en journalist Çiğdem Yüksel brengt deze verhalen tot leven in haar tentoonstelling en boek ""Je moest eens weten"".";;1.0;4;1,2K;gastarbeiders;2024-10-01 17_04_48.163647;0.001030900864862;0.000019237784727;0.000000741413203;0.000065591615567;0.000055900858570;0.001425236230716;0.000122288925922;5. Is neutral.
53;1bde75556b49a712;0ed0afc90598061e;893577e3e8c65f69;2024-09-01T21:46:41.000Z;Niet vergeten...het waren gastarbeiders dus tijdelijke krachten.;;;1;14;gastarbeiders;2024-10-01 17_04_48.163647;0.021996337920427;0.000073591480032;0.000014971954442;0.000016576035705;0.000021996575015;0.008679172024131;0.000083079859905;1. Against immigration, migrants, foreigners, refugees, or Muslims.
54;0a2a69dc72ae9958;075f118a96e30609;e85d636dcfd44189;2024-09-20T10:21:13.000Z;"Joop den Uyl maakte in 1973 een eind aan de werving van gastarbeiders die door rechts  conservatieve regeringen hierheen waren gehaald.
Job Cohen was staatsecretaris en heeft een strenger vreemdelingenwet ingevoerd. 
Wilders verteld zoals gewoonlijk sprookjes.
#APB2024";159.0;415.0;1,2K;39K;gastarbeiders;2024-10-01 17_04_48.163647;0.041742533445358;0.000043802527216;0.000058228539274;0.000734727538656;0.000263272697339;0.004917001351714;0.000485407450469;5. Is neutral.
55;6cafa9d8319ebeae;880bd15a3bc2aac7;f99674404d740e7e;2024-08-31T08:27:46.000Z;Ken je geschiedenis eikel. Je bedoelt dat ze de sociale dienst hadden ontdekt. Het waren de Turken, Spanjaarden, Italianen, Hongaren die als gastarbeiders hier echt hebben gewerkt. De rest alleen maar gevangen en geprofiteerd.;;;;59;gastarbeiders;2024-10-01 17_04_48.163647;0.342065006494522;0.000008810261534;0.000289080926450;0.001832619193010;0.000162466167239;0.015122480690479;0.000977860763669;1. Against immigration, migrants, foreigners, refugees, or Muslims.
56;c696dd0a7595b3ca;b74c936a856cecc8;9d4bb69970a2387e;2024-09-02T07:59:03.000Z;Heel wat Nederlanders zijn toen vervangen door de goedkope gastarbeiders.;2.0;1.0;5;39;gastarbeiders;2024-10-01 17_04_48.163647;0.454468846321106;0.000887065834831;0.000008730836271;0.000125644684886;0.000106187595520;0.032813135534525;0.001106767915189;1. Against immigration, migrants, foreigners, refugees, or Muslims.
57;849c603aa7237483;df7d22e0b2af8629;8e2c0d57e9f55425;2024-08-19T15:45:41.000Z;60 jaar Turkse gastarbeiders in Nederland - met @GulsahErcetin;;;1;166;gastarbeiders;2024-10-01 17_04_48.163647;0.002186940051615;0.000081439065980;0.000018305112462;0.003455483354628;0.001167853712104;0.000447508820798;0.000053314361139;5. Is neutral.
58;085b5d7cb1c4b235;2b4923ac43fd2652;94dc68c32f17ecd1;2024-08-09T12:54:44.000Z;Het probleem met deze puber is, dat hij niet beter weet. Hij heeft geen notie van de tijd voor de massale toestroom van gastarbeiders, gezinshereniging, massale toestroom van zgn ‘vluchtelingen’, wij senioren of boomers hebben dat wel! Dat is het verschil!;1.0;;3;85;gastarbeiders;2024-10-01 17_04_48.163647;0.025736145675182;0.000005804438388;0.000015101140889;0.000498228997458;0.001270363456570;0.010308174416423;0.000080820223957;1. Against immigration, migrants, foreigners, refugees, or Muslims.
59;5bb08b21996a112e;ebdf7c3b031d3a3c;4502b9b01a4c8766;2024-09-13T19:34:05.000Z;"Ach wat schattig, Duitsland gaat de jaren 60 gastarbeiders-periode weer helemaal over doen…

#WhatCouldPossiblyGoWrong";;;;59;gastarbeiders;2024-10-01 17_04_48.163647;0.220861092209816;0.000061064201873;0.000000079194692;0.000707776518539;0.000412392982980;0.001865512109362;0.000057342898799;1. Against immigration, migrants, foreigners, refugees, or Muslims.
60;d9359cc49bed8b3c;3d32264d59b0c2f8;58882edb0b0f4df1;2024-09-19T09:52:07.000Z;"Precies laatst ook een Turkse man en zijn zus. Zus was 60 jaar in NL en sprak geen woord NLs.
Dit waren de gastarbeiders die kwamen werken dat precies 2 jaar deden en vervolgens in de ZW en uiteindelijk in de WAO terecht kwamen, vanwege rugpijn.";;3.0;9;240;gastarbeiders;2024-10-01 17_04_48.163647;0.091302610933781;0.000095418457931;0.011481535620987;0.000594045210164;0.000276759907138;0.026972213760018;0.004659301135689;1. Against immigration, migrants, foreigners, refugees, or Muslims.
61;69be6eeaa2af63e6;b8f5b09425eb8025;457190826e0f2ea1;2024-09-25T10:20:44.000Z;"We hadden dus een rechtse partij die actieve werving van gastarbeiders mogelijk maakte en zelfs gezinshereniging stimuleerde. Die actieve werving werd in 1973 door het kabinet-Den Uyl gestaakt; het wervingsverdrag werd gestopt. Voor de jonge lezers: Den Uyl was geen VVD’er.";2.0;35.0;245;7,8K;gastarbeiders;2024-10-01 17_04_48.163647;0.001103162765503;0.000002011528977;0.000017583899535;0.000022072728825;0.000050222159189;0.001977503066882;0.000152105378220;5. Is neutral.
62;428a6c6242e29907;40f77b9d8fe2b797;0a3efe0ea7ab463c;2024-08-31T08:10:30.000Z;"Blijft een moeilijke combinatie, @leolucassen en het correct weergeven van feiten. In de jaren '60 was er een hoogconjunctuur met een tekort aan werknemers, daarom kwamen Turkse en Marokkaanse gastarbeiders naar Nederland.

Gastarbeiders in Nederland: http://tinyurl.com/4rstpx92";5.0;4.0;20;2,1K;gastarbeiders;2024-10-01 17_04_48.163647;0.001242134603672;0.000006484534424;0.000000343353065;0.000027993744879;0.000111760877189;0.000047343277402;0.000013605746062;5. Is neutral.
63;15788ad57306404d;c2535034c76330ce;b491f6b570d9d018;2024-09-05T17:19:39.000Z;"Ik heb alleen de uitzending gezien.
Daarin vielen mij zaken op, bijvoorbeeld dat uitgekauwde verhaal dat de gastarbeiders destijds kwamen 'omdat Nederlanders het vuile werk niet wilden doen.'
Dat verhaal is 45 jaar geleden al weerlegd.
https://ugp.rug.nl/sogi/article/view/20714/18186…";6.0;2.0;12;492;gastarbeiders;2024-10-01 17_04_48.163647;0.026187246665358;0.000005846727618;0.000027101385058;0.000103139580460;0.000068804329203;0.000897002988495;0.000019824687115;1. Against immigration, migrants, foreigners, refugees, or Muslims.
64;f196b74d5249218f;b437c188e2d84d32;f29ced99b79e25dc;2024-09-05T17:32:48.000Z;Verreweg de meeste Italiaanse en Spaanse gastarbeiders keerden terug naar hun land!!!;2.0;1.0;9;155;gastarbeiders;2024-10-01 17_04_48.163647;0.127928897738457;0.000023825381504;0.001974884886295;0.000073441100540;0.000019546192561;0.001481926301494;0.000009943074474;5. Is neutral.
65;cf8fc139a1b19765;0ed0afc90598061e;893577e3e8c65f69;2024-09-08T13:23:22.000Z;Dat was in de jaren 60 al zo... gastarbeiders helaas nam het een andere wending.;;;;4;gastarbeiders;2024-10-01 17_04_48.163647;0.068907469511032;0.000078044169641;0.000195261687622;0.000066995708039;0.000041619397962;0.019779648631811;0.000255244784057;5. Is neutral.
66;07127219639560b1;5d51228c630a722d;9ce6aef8d8ac7b31;2024-09-01T10:04:56.000Z;"Maar wie beweert dat dan/heeft ooit beweerd dat er na de oorlog alleen immigratie was?

Helemaal niemand. Het is een stropop.

Jij e.a. volgelingen van Lucassen hebben geen argumenten, alleen drogredenen en mythes (gastarbeiders zouden NL h opgebouwd).";2.0;1.0;3;358;gastarbeiders;2024-10-01 17_04_48.163647;0.269609034061432;0.000047331723181;0.000068624518462;0.000121878918435;0.000078013959865;0.020332681015134;0.000090826295491;3. Against those that oppose immigration or are negative towards migrants, foreigners, refugees, or Muslims.
67;295ecb6779aec721;1b4c2ad6238e60b8;6b8590b87794a9e4;2024-09-04T15:05:47.000Z;De onvoorstelbare luxe: Bijbelvertalingen voor iedere soort gebruiker. Gratis Nieuwe Testamenten in alle talen van vluchtelingen en gastarbeiders. Maar de verspreiding van de HSV gaat de kerk de das om doen. Get a life people!;;;2;90;gastarbeiders;2024-10-01 17_04_48.163647;0.141281932592392;0.000080866091594;0.000385967374314;0.000284705456579;0.000026184598028;0.035246774554253;0.001189458998851;5. Is neutral.
68;20398cac64fa4e27;1c85e83deef66028;cd90c7e3604a7059;2024-08-20T09:36:41.000Z;"We weten al dat nareizigers een probleem is sinds de jaren 70 met de gastarbeiders, en nog steeds onderschatten we het.

En familie is veel belangrijker voor deze culturen, dan in Nederland, waar we individueel zijn.";;;;11;gastarbeiders;2024-10-01 17_04_48.163647;0.059965159744024;0.000002849905513;0.000019007153242;0.000012552577573;0.000030712737498;0.001261791447178;0.000021456547984;1. Against immigration, migrants, foreigners, refugees, or Muslims.
69;ff0237b53a23aa5c;5d51228c630a722d;9ce6aef8d8ac7b31;2024-09-06T11:34:58.000Z;Je kunt toch teruglezen? Het draadje begon met commentaar van Syp op de populaire mythe dat de gastarbeiders na de oorlog ons land hebben opgebouwd.;1.0;;;55;gastarbeiders;2024-10-01 17_04_48.163647;0.014194647781551;0.000015377701857;0.000072872891906;0.000059740363213;0.000165641395142;0.014433288946748;0.000138007904752;1. Against immigration, migrants, foreigners, refugees, or Muslims.
70;16b43177d5dc08ea;e0c6277f17c991c8;281772972fe3316e;2024-09-23T09:24:35.000Z;Het spreekwoord gasten en verse vis,blijven 3 dagen fris. Gastarbeiders voor 3 dagen is inderdaad wat kort, maar 3 jaar had het maximum moeten zijn. Had een heleboel problemen bespaard en hadden we nu geen parallelle gemeenschap in Nederland gehad.;;1.0;3;87;gastarbeiders;2024-10-01 17_04_48.163647;0.053340483456850;0.003661247901618;0.000395517330617;0.000034766057070;0.000105518578493;0.081237971782684;0.004564776550978;1. Against immigration, migrants, foreigners, refugees, or Muslims.
71;9bc6d60900c0f8d6;af0ea405278c597e;c32b90b43f824191;2024-08-27T22:18:29.000Z;Mag je niet zeggen Wierd, maar wat heb je gelijk. Ik was 8 jaar in 1955 heb het allemaal meegemaakt in Nederland. De Hongaarse vluchtelingen, de gastarbeiders, de Tsjechische vluchtelingen na de Praagse Lente en ga maar door. Onvergelijkbaar met wat er op dit moment gebeurt;;;9;491;gastarbeiders;2024-10-01 17_04_48.163647;0.011394234374166;0.000000880468292;0.000003589295829;0.000296916579828;0.000823718437459;0.006978490855545;0.001338818110526;1. Against immigration, migrants, foreigners, refugees, or Muslims.
72;6d6bc1942dd35d9d;fa670524812142f4;537bac69f78b3abb;2024-08-30T19:58:41.000Z;"Kende in de jaren 90 iemand die directeur was van een arbeidsbureau. Gastarbeiders hadden  de innovatie en economische groei juist belemmerd.
Veel bedrijven die draaiden op gastarbeiders gingen alsnog failliet en veel gastarbeiders belandden al na 10 - 15 jaar in de WAO.";;2.0;11;253;gastarbeiders;2024-10-01 17_04_48.163647;0.060871049761772;0.000116804003483;0.000769298116211;0.000151656437083;0.000052500854508;0.004829907324165;0.000371471833205;1. Against immigration, migrants, foreigners, refugees, or Muslims.
73;93d39da853e36bd3;5d51228c630a722d;9ce6aef8d8ac7b31;2024-09-01T10:12:12.000Z;"PS Fabers opmerking dat NL'ers na de oorlog land weer h opgebouwd, is niet in strijd md emigratie - op instigatie vd overheid!!! - van 450.000 Nederlanders nr Australië, Nieuw Zeeland, Canada, VS. 

Even later import gastarbeiders, hoe dom 
@MinisterAenM";1.0;;2;52;gastarbeiders;2024-10-01 17_04_48.163647;0.101796656847000;0.000149467814481;0.000008581775546;0.000033215619624;0.000041038660129;0.015712777152657;0.000149978062836;5. Is neutral.
74;87486a5598d57ebe;5b2ab6f43d9bee59;ee5a48f57d345fcd;2024-08-19T12:34:26.000Z;Podcast De Dag: 60 jaar Turkse gastarbeiders in Nederland;24.0;2.0;11;21K;gastarbeiders;2024-10-01 17_04_48.163647;0.003381410380825;0.000079587880464;0.000025923711291;0.003158856881782;0.001336314366199;0.002413949929178;0.000304787565256;5. Is neutral.
75;0986f892bc90aa99;1eb16bce3a4d3ad6;062eb7695309ca8c;2024-09-23T11:16:37.000Z;wat 'n idiote inschatting. zie 't onderzoek van brunt & bovenkerk uit de jaren '80 naar het zich terugtrekken van de gastarbeiders ná de gezinshereniging (daarvoor deden ze vaak mee aan buurtactiviteiten en zo) enfin, hier 'n foto van kaboel uit 1972. ook veranderd door wilders?;;;9;75;gastarbeiders;2024-10-01 17_04_48.163647;0.188885018229485;0.000225327821681;0.000115262628242;0.000437138136476;0.000163350021467;0.014983061701059;0.000309579627355;6. Other: Critiques historical immigration policy.
76;0eea07acbddad726;d95fb78b57007512;05b507067d50703c;2024-09-28T21:57:01.000Z;En breek de dijken door. Ga vechten met Indonesië. Vul je fabrieken met gastarbeiders. Laat je burgers schurft en polio krijgen. Ga 's- zondags 2x naar de kerk ! Want zo was Nederland in een ver verleden. In een zijn dat niet bestond.;;;1;44;gastarbeiders;2024-10-01 17_04_48.163647;0.652511596679688;0.209749102592468;0.000062628205342;0.000653680646792;0.000107691397716;0.830832540988922;0.000366438413039;6. Other: Critiques nostalgic view of past.
77;d64dbd4a01ed16a4;bde1f5efac7d8c73;9bccea6ce9288bd4;2024-08-31T18:45:21.000Z;Zo kun je ook tegen gastarbeiders aankijken.;;;;120;gastarbeiders;2024-10-01 17_04_48.163647;0.162485301494598;0.000016162159227;0.000000540596261;0.000001315865461;0.000000242726827;0.010180281475186;0.000019111739675;1. Against immigration, migrants, foreigners, refugees, or Muslims.
78;0445d0b27f2063b6;5b2ab6f43d9bee59;ee5a48f57d345fcd;2016-05-12T16:33:34.000Z;'Vluchtelingen in Duitsland zijn niet de gastarbeiders van toen': http://nos.nl/l/2104635;;7.0;;/NOS###/NOS###/NOS/status/730798080757501952###https://t.co/2zyzN7RXg0;gastarbeiders;2024-10-01 17_04_48.163647;0.041203174740076;0.000011020987586;0.000001437530614;0.000011524154615;0.000016634152416;0.000478930945974;0.000008572344086;5. Is neutral.
79;71fdf2a7d1365688;4744f13b3ec4a2af;7fcc1503af04a384;2024-08-19T18:20:56.000Z;"""SNEL @BLIKOPENER333 NIEUWS"" 60 jaar Turkse gastarbeiders in Nederland. 
Nu ook in het 20.00 uur Journaal van maandagavond 19 augustus 2024
https://youtu.be/BNumiJxPvlc?si=mJSSuGz-d5-wXG_g… @J41963735 @LidwienNews @Grard05542415";;1.0;;88;gastarbeiders;2024-10-01 17_04_48.163647;0.003114558523521;0.000020159664928;0.000005918288025;0.000529752578586;0.000467970414320;0.002674902090803;0.000263787282165;5. Is neutral.
80;382159a69884148b;9c25e1e7400d1682;869da18ad076077a;2024-09-20T21:10:55.000Z;niet door rechts conservatieve regeringen. Die zagen alleen geen problemen (niemand niet) bij het door onze grote bedrijven (philips, akzo, aldel, textiel) ronselen van gastarbeiders.;;;;22;gastarbeiders;2024-10-01 17_04_48.163647;0.049617301672697;0.000066370244895;0.000137020804686;0.000327208806993;0.000148365768837;0.002678479067981;0.000963936734479;5. Is neutral.
81;562689ee733fc563;49c87216cbad38f4;2a4fb281220b50e0;2024-09-02T08:13:18.000Z;"Italiaanse, Spaanse, Griekse en Turkse gastarbeiders hebben in West-Duitsland wél keihard gezwoegd en konden niet rekenen op dezelfde sociale hangmat als in bv Nederland (oa WAO). 
Oprechte rechts-conservatieve duiders wegen deze nuances mee in hun harde maar faire beschouwingen";2.0;;2;546;gastarbeiders;2024-10-01 17_04_48.163647;0.040457047522068;0.000252583762631;0.000460084149381;0.000128609404783;0.000021868447220;0.016671817749739;0.000161274758284;5. Is neutral.
82;7abd7fd0a29ec95b;5d92b7f26290a31b;c891d71f6a3fca97;2024-09-27T18:50:41.000Z;Het is alsof je de geallieerden de maat gaat nemen om dat die meer luchtaanvallen gepleegd hebben op Duitsland dan andersom. Iran (incl Hamas, Houthi's, Hezbollah) wil alle Israëlieten dood, ook de arabieren en de gastarbeiders. Israël vecht voor haar bestaan en doen dat goed;;;2;134;gastarbeiders;2024-10-01 17_04_48.163647;0.279431700706482;0.065804123878479;0.000953103415668;0.001607819460332;0.000045054650400;0.873110830783844;0.007720812223852;5. Is neutral.
83;18f1c1f6b88f4bb8;5b2ab6f43d9bee59;ee5a48f57d345fcd;2013-11-10T14:51:54.000Z;"In Rotterdam is een standbeeld onthuld voor de tienduizenden gastarbeiders die in de jaren 60 naar Nederland kwamen:
http://nos.nl/artikel/573312";;8.0;2;/NOS###/NOS###/NOS/status/399549987358384128###http://t.co/VRV1JyBjCn;gastarbeiders;2024-10-01 17_04_48.163647;0.004566854797304;0.000033272495784;0.000021747009669;0.000088801214588;0.000023665552362;0.001880751573481;0.000069280074968;5. Is neutral.
84;f5815491c3b02429;ccdeae35b9524689;955f870a4a122171;2024-09-27T13:16:35.000Z;Pleidooi voor monument gastarbeiders: ‘Zij hebben een onaantastbare bijdrage aan de samenleving geleverd‘;;;;393;gastarbeiders;2024-10-01 17_04_48.163647;0.010666092857718;0.000089737848612;0.000013154363842;0.000102297221019;0.000041099716327;0.009996251203120;0.000068306697358;2. In support of immigration, migrants, foreigners, refugees, or Muslims.
85;2846ac2a2a374e08;3baee9f30bd535b5;85d21f86d9a47be2;2024-09-07T15:54:52.000Z;Goede nieuwe serie (6 delen van 50 min.) over #migratie/eerste #gastarbeiders. Titel 'Vaarwel Vaderland'. De feiten kloppen (grotendeels)(schreef er zelf 10 jaar geleden over). #Geschiednisles #geschiedenis #politiek #economie #arbeidsmigratie.;1.0;;1;83;gastarbeiders;2024-10-01 17_04_48.163647;0.003014185465872;0.000008338712178;0.000009895246876;0.000177590307430;0.000327543384628;0.001706346170977;0.000359034806024;5. Is neutral.
86;10f4d9cad3ad735d;5b2ab6f43d9bee59;ee5a48f57d345fcd;2012-06-04T05:23:03.000Z;Audio: Oekraïense gastarbeiders zoeken heil in Polen http://nos.nl/l/379958;;1.0;;/NOS###/NOS###/NOS/status/209515589230796801###http://t.co/EfwivULY;gastarbeiders;2024-10-01 17_04_48.163647;0.003748752642423;0.000033713651646;0.000028394113542;0.000663235434331;0.000391120498534;0.004010839853436;0.000067966808274;5. Is neutral.
87;6d2a07b64da2da5f;e43a432804eb97e5;d449a3fb17e2e49c;2024-09-28T14:56:50.000Z;"Mijn ouders waren gastarbeiders.
Mijn vader heeft in de kool mijnen gewerkt. 
Ikzelf heb het Nederlands moeten leren en ben daar heel dankbaar voor dat ik de kans heb gekregen. 
Ik heb het geluk gehad om te kunnen bijdragen aan de maatschappij en de maatschappij is goed voor mij";;;4;29;gastarbeiders;2024-10-01 17_04_48.163647;0.001773084397428;0.000001415060183;0.000084976993094;0.000132341738208;0.000092944697826;0.002136176452041;0.000623739906587;2. In support of immigration, migrants, foreigners, refugees, or Muslims.
88;8b3121cb60e41c55;b74c936a856cecc8;9d4bb69970a2387e;2024-09-01T19:11:18.000Z;Klopt. De wederopbouw was al in 1955 praktisch voltooid door hardwerkende Nederlanders. Dus nog ver voor de eerste gastarbeiders als goedkope arbeidskrachten naar Nederland kwamen. Overigens eerst uit Zuid-Europa en later in de jaren '60 uit Turkije en Marokko.;2.0;6.0;10;244;gastarbeiders;2024-10-01 17_04_48.163647;0.005034811329097;0.000020815221433;0.000033675703889;0.000009122006304;0.000024046637918;0.001827058382332;0.000044400312618;5. Is neutral.
89;0dbb7bf4d607ff67;0144d9f452f0064e;bb2e10da010dbbf3;2024-08-10T16:47:48.000Z;"Anekdote: 
Dat was ook al zo toen de eerste 'gastarbeiders' hier kwamen. Dat waren Italianen. Nederlandse mannen waren jaloers op de charmeurs, hahaha";2.0;;1;60;gastarbeiders;2024-10-01 17_04_48.163647;0.119864970445633;0.000003777654456;0.000124660014990;0.001414085971192;0.000760721741244;0.002376383403316;0.000191548344446;5. Is neutral.
90;e4ceb80d30680027;5b2ab6f43d9bee59;ee5a48f57d345fcd;2011-03-03T20:05:05.000Z;Video: Afrikaanse gastarbeiders zijn blij om Libië te ontvluchten http://nos.nl/l/223044;;;;/NOS###/NOS###/NOS/status/43401530593918976;gastarbeiders;2024-10-01 17_04_48.163647;0.010994095355272;0.000232046106248;0.000007773665857;0.001712232129648;0.000386394240195;0.016343660652637;0.000330569106154;5. Is neutral.
91;f46889f0713bd138;4c9fb9fd31cfb6f7;1228bbfb47667e32;2024-09-21T08:19:14.000Z;"Vaals is trouwens ook heel mooi al is er op dat park geen reet te doen.

Dunimar viel echt tegen, prachtige huisjes maar kale vlakte en veel gastarbeiders in de huisjes

Als je een keer iets nieuws zoekt dan raad ik de Lommerbergen echt aan, prachtig in het bos met veel beestjes.";1.0;;2;53;gastarbeiders;2024-10-01 17_04_48.163647;0.014775110408664;0.000011885783351;0.001194392680190;0.000075537587691;0.000117105570098;0.000883035303559;0.000017710237444;1. Against immigration, migrants, foreigners, refugees, or Muslims.
92;15c7702f6143f3fc;054d01610e298641;5ac1daa43f23a2b2;2024-09-25T19:06:00.000Z;Op donderdagmiddag 3 oktober wandelt Ries  een route waarbij we stil staan b verhalen van gastarbeiders.  We verzamelen om 14.00 uur bij Bemuurde Weerd Oostzijde 3.  Na afloop is er gelegenheid tot napraten.;;1.0;;69;gastarbeiders;2024-10-01 17_04_48.163647;0.004368593450636;0.000237090323935;0.000167381673236;0.000120477889141;0.000048345456889;0.004275982733816;0.000080478137534;5. Is neutral.
93;711c8d8e115b3240;90f58980f970fa5f;3614f00ea10ebf64;2024-09-22T13:16:01.000Z;"Dit zijn werklozen...werkloosheid in deze arbeidsmarkt zet mij aan het denken. 
Gastarbeiders zijn het, bij ontslag of.einde werkzaamheden retour land van herkomst.";;;5;60;gastarbeiders;2024-10-01 17_04_48.163647;0.101834461092949;0.000132044617203;0.001288373256102;0.000037878086005;0.000007996970453;0.009590211324394;0.000596872414462;1. Against immigration, migrants, foreigners, refugees, or Muslims.
94;09de07e9b3708694;8a1ab5c9838bd140;17b3148909b116a0;2024-09-15T05:52:31.000Z;60 jaar Turkse gastarbeiders in Nederland: rondreizende tentoonstelling vertelt hun verhaal;19.0;9.0;20;8,9K;gastarbeiders;2024-10-01 17_04_48.163647;0.000865620095283;0.000025453948183;0.000161790914717;0.001838794793002;0.000354823278030;0.001470221090130;0.000447642640211;5. Is neutral.
95;d21ad7d27f6e6a72;5b2ab6f43d9bee59;ee5a48f57d345fcd;2015-09-21T13:06:56.000Z;De Franse spoorwegmaatschappij is veroordeeld voor het stelselmatig discrimineren van gastarbeiders in de jaren 70: http://nos.nl/l/2058926;;6.0;;/NOS###/NOS###/NOS/status/645947319561678849###http://t.co/1FHPtU7Eiu;gastarbeiders;2024-10-01 17_04_48.163647;0.020838662981987;0.000012480063560;0.000001987419182;0.000301597261569;0.000028116171961;0.007125326897949;0.000284441717667;5. Is neutral.
96;d78f7ecdc18efee3;bb2d01e4ad68f9ac;c1f802ab5c6c3147;2024-09-24T13:25:10.000Z;Ik ken de verhalen van nazaten van arbeidsmigranten, eerder betiteld met gastarbeiders, o.m. vanuit m’n betrokkenheid bij een minor aan de HHS, over onwrikbare schooladviezen beneden competentie waar ze tegenin moesten vechten. Vaak stapsgewijs pas op competentieniveau. #racisme;1.0;;6;192;gastarbeiders;2024-10-01 17_04_48.163647;0.026422165334225;0.000039974958781;0.000155176225235;0.000633710122202;0.000535714672878;0.004858394619077;0.000183429001481;3. Against those that oppose immigration or are negative towards migrants, foreigners, refugees, or Muslims.
97;d1def237f4e3c923;e04c4e80256247d1;d143b46ea69311c2;2024-09-27T11:45:26.000Z;Uiteraard waren NIET alle gastarbeiders die toen naar hier kwamen 20 en kinderloos.  Vrouw en kinderen bleven vaak aanvankelijk in het thuisland en kwamen enkele jaren nadien. U hebt geen enkele grond om deze jongedame voor leugenaar uit te maken.;;;1;33;gastarbeiders;2024-10-01 17_04_48.163647;0.006093939766288;0.000040971124690;0.000011859209735;0.000764830445405;0.001562193967402;0.022856881842017;0.000008225906640;5. Is neutral.
98;74725896b2defb4d;dfb0ce2ed5c4608c;3f4c4996012292ac;2024-08-18T16:26:11.000Z;precies, ooit was de SP tegen het inbrengen van gastarbeiders. En sinds ze helemaal zijn omgedraaid gaat het bergafwaarts met die partij. PvdA en GroenLinks zijn de lui die eindeloze migratie toejuichen vanuit hun villa-wijkjes.;;;1;9;gastarbeiders;2024-10-01 17_04_48.163647;0.566430032253265;0.000055912856624;0.000534206104930;0.000074385789048;0.000216210231883;0.047144182026386;0.000591350079048;1. Against immigration, migrants, foreigners, refugees, or Muslims.
99;0a0bf103dd4e259f;d1431cb52feaa021;a21389091bcf938d;2024-09-05T06:42:32.000Z;True story. Conservatisme is ook te merken op de middelbare scholen in Amsterdam. Het is net de Turkse cultuur toen de gastarbeiders naar Nederland kwamen. Vooral als het gaat liefdesrelaties. Ik weet niet wat ik meemaak.;;;2;592;gastarbeiders;2024-10-01 17_04_48.163647;0.036469932645559;0.000000480523852;0.000177924710442;0.000755006563850;0.007577391341329;0.000840417866129;0.000256351806456;5. Is neutral.
100;69f1340d35b22790;f7b8c5b577ae5c49;094451673f059776;2024-08-19T12:21:59.000Z;Respect! 60 jaar Turkse gastarbeiders in Nederland: 'Hebben onze jaren gegeven' /via @NOS;;;;43;gastarbeiders;2024-10-01 17_04_48.163647;0.002348116831854;0.000015866120521;0.000004634283414;0.000844923255499;0.000513075443450;0.000152555090608;0.000033478772821;2. In support of immigration, migrants, foreigners, refugees, or Muslims.
101;cc6310cdca0c03b2;075f118a96e30609;e85d636dcfd44189;2024-09-07T09:48:09.000Z;Van Beek bevestigt niets. Migratie van 50 jaar terug heeft niets met asiel van nu te maken. Na de komst van de gastarbeiders zijn zij volledig genegeerd. Dat heeft gevolgen. Wat dat ons leert is om niet in dezelfde fout te vervallen. Helaas is de regering daar nu hard mee bezig.;2.0;1.0;2;36;gastarbeiders;2024-10-01 17_04_48.163647;0.013705189339816;0.000003820063284;0.000080625395640;0.000084157756646;0.000106328443508;0.009820309467614;0.000133866924443;1. Against immigration, migrants, foreigners, refugees, or Muslims.
102;99d71bf50e23dcef;a65fa73608f1e670;4e8be56748eb184b;2024-09-01T13:13:23.000Z;Nee, veel later joh. Aanvankelijk waren hier Spaanse en Italiaanse 'gastarbeiders' (dat heette toen niet zo hoor). Die vertrokken toen ook de economie in Italië en Spanje aantrok. Turken kwamen rond 1966 ofzo denk ik, Marokkanen pas in 1969 en later.;1.0;;1;202;gastarbeiders;2024-10-01 17_04_48.163647;0.009811711497605;0.000019327118935;0.000239141285419;0.000009176075764;0.000017328882677;0.001867873477750;0.000317666534101;5. Is neutral.
103;20c4caefbab94d26;1e9a003afea3fb29;04322359a9c6f1df;2024-09-10T09:34:29.000Z;Nederland is een land dat bestaat dankzij grote groepen die van buiten gekomen zijn, vaak als vluchteling, zoals Joden uit Spanje, Hugenoten, soldaten uit Zwitserland, Duitse handelaren en arbeiders, chinezen, Indische mensen, Surinamers, gastarbeiders, vluchtelingen, enz.;1.0;3.0;11;261;gastarbeiders;2024-10-01 17_04_48.163647;0.002915124874562;0.000013162132745;0.000017330965420;0.000050500279031;0.000007848274436;0.000907414359972;0.000175383145688;2. In support of immigration, migrants, foreigners, refugees, or Muslims.
104;4d740cd48d319830;b74c936a856cecc8;9d4bb69970a2387e;2024-09-17T09:41:46.000Z;Klopt. Dat begon al in mijn tijd begin jaren '60 met Spaanse gastarbeiders. Waren voormalige vissers en die goedkope arbeidskrachten konden ze goed gebruiken bij ons aan boord.;1.0;;3;200;gastarbeiders;2024-10-01 17_04_48.163647;0.008130540139973;0.000029381111744;0.000124298938317;0.000174501576112;0.000074060553743;0.002627226989716;0.000441510230303;5. Is neutral.
105;24e560002cf1e8b5;e78be1430d6e1d46;9c3fcdbc3e534f9e;2024-09-25T20:56:19.000Z;"Nope… dat zit Europa niet. Nederland al helemaal niet met per hoofd van de bevolking ónder het Europees gemiddelde.

Die wachtlijst is veroorzaakt door fout politiek beleid, met name door de VVD. Nederlanders staan al decennia op wachtlijsten… ver voor de eerste gastarbeiders.";2.0;;5;133;gastarbeiders;2024-10-01 17_04_48.163647;0.076359242200851;0.000008182225429;0.000014977509636;0.000013658112039;0.000040398084820;0.002005739137530;0.000114902148198;5. Is neutral.
106;4c053d7ef2b7550b;3dd390bd7e992d00;61139fc3c485acf9;2024-09-16T16:13:37.000Z;Koppel laat gastarbeiders in ongeschikte kamers wonen en riskeert monsterboete: “Hadden nooit slechte bedoelingen” http://dlvr.it/TDJPJt;;;;36;gastarbeiders;2024-10-01 17_04_48.163647;0.015346776694059;0.000093507245765;0.000005281215181;0.003051550593227;0.000046687706345;0.007113446015865;0.000009190586752;5. Is neutral.
107;151b7e2ca019e725;3ff41ca81c424737;50118ba59067f24c;2024-09-23T08:30:09.000Z;"Dat was vroeger al 70-tiger jaren. Achter op de vuilniswagen stonden enkel autochtonen, terwijl men dacht dat de turken juist als gastarbeiders kwamen om het vuile werkt te doen waar Nederlanders hun neus voor optrokken...
Tsja in  die tijd verdiende ze FL 2.600 bruto/mnd ! Een";1.0;;5;199;gastarbeiders;2024-10-01 17_04_48.163647;0.326303929090500;0.000049468857469;0.000108660613478;0.000149607978528;0.000688252446707;0.010743191465735;0.001835206407122;5. Is neutral.
108;388559f24b8f2ca4;e6c3e25d1ee05bda;c314f3e75728631b;2024-09-28T19:06:01.000Z;"Rijk Rechts, was en is bezig met massale immigratie. Eerst Marokkaanse en Turkse gastarbeiders gevolgd door massale arbeidsimport uit Oost-Europa. Verder wordt ondermeer A’dam massaal verhuurd aan expats
en  BUITENLANDSE kopers , dankzij internationale reclame door minister Blok>";1.0;1.0;2;62;gastarbeiders;2024-10-01 17_04_48.163647;0.100053265690804;0.000063943247369;0.000042740990466;0.000157229384058;0.000112634101242;0.005065404810011;0.001056890818290;1. Against immigration, migrants, foreigners, refugees, or Muslims.
109;33ec7d1ae2355dee;5ca4044b08cd0b22;ae8deca3bc9d2cf4;2024-08-20T12:37:53.000Z;Op de webcambeelden van grenspost Kapikule-Kapitan Andreevo zag ik lange rijen auto’s. Ze hebben de jaarlijkse grote vakantie in het moederland gehad en zijn op weg terug naar Duitsland, Nederland, België, Frankrijk, Oostenrijk en Denemarken.;;;;137;gastarbeiders;2024-10-01 17_04_48.163647;0.007199903484434;0.000004363612334;0.000009058264368;0.000079326018749;0.000028921835110;0.002289538970217;0.000038950867747;5. Is neutral.
110;d168dd2b86b55b10;679946faad78f61c;53cd566c3703a8a6;2024-08-30T09:30:27.000Z;https://bnr.nl/nieuws/economie/10555434/bewoners-worden-uit-volkswijken-verdreven… Wat een complete onzin. De bewoners van de volkswijken zijn decennia geleden al verjaagd met de komst van de gastarbeiders. Complete wijken zijn omgevolkt. Meer dan de helft van de inwoners van Den Haag is van niet-Nederlandse oorsprong inmiddels.;;;;14;gastarbeiders;2024-10-01 17_04_48.163647;0.059439741075039;0.000090462905064;0.000113845882879;0.000066262793553;0.000019225279175;0.120019190013409;0.003675288055092;1. Against immigration, migrants, foreigners, refugees, or Muslims.
111;210898f6651d8834;23281e501744c763;98160ba83dfe1ecf;2024-08-30T23:24:37.000Z;"Precies.   De eerste gastarbeiders kwamen begin 60.
Die werkten vrijwel allemaal.";1.0;1.0;3;234;gastarbeiders;2024-10-01 17_04_48.163647;0.012190600857139;0.000033639080357;0.000580284686293;0.000862706452608;0.000278234074358;0.002660875907168;0.000242456502747;5. Is neutral.
112;7ec52bba49600272;113b6fffd5478091;5e1e332894a82fb2;2024-09-24T14:30:55.000Z;Goed genuanceerd stuk over het #DeenseModel. Dat is zo bijzonder niet. Het is vooral gebaseerd op de EU-opt out, waardoor Denemarken al heel lang net iets strenger kan zijn dan andere landen. Denemarken is van oudsher wars van migranten en heeft ook nooit gastarbeiders gekend.;1.0;;;44;gastarbeiders;2024-10-01 17_04_48.163647;0.028434202075005;0.000001656172230;0.000044981239625;0.000014560408999;0.000018762173568;0.000774520041887;0.000156248381245;5. Is neutral.
113;b86c73dfc6ef3648;cc0d74e5d5dfa200;26e5349912c9603b;2024-09-30T06:51:46.000Z;CDA is inderdaad een naar clubje. Stonden aan het begin van veel ellende zoals de verkwanseling van aardgasbaten en de golven gastarbeiders.;;;2;28;gastarbeiders;2024-10-01 17_04_48.163647;0.195808961987495;0.000074728704931;0.000080201571109;0.000415108748712;0.000109692737169;0.008098462596536;0.001144194277003;1. Against immigration, migrants, foreigners, refugees, or Muslims.
114;fd184d61a2da287f;5ca4044b08cd0b22;ae8deca3bc9d2cf4;2024-09-30T14:12:19.000Z;De eerste moslimmigranten in Nederland waren geen #Turkse en #Marokkaanse gastarbeiders, maar #Indonesiërs en #Surinamers uit de koloniën, toont de eerste tentoonstelling van het @moslimarchief. Zie link hieronder voor het hele verhaal.  https://buff.ly/3Y3uPbd #islam #moslims;;;1;132;gastarbeiders;2024-10-01 17_04_48.163647;0.001282870885916;0.000006954990113;0.000000179558015;0.000070416244853;0.000038689613575;0.000098706426797;0.000019353936295;5. Is neutral.
115;f9a8a51d8d2101fd;3f9ec4bdc76416c1;f29231e3360b4c8d;2024-09-03T09:43:06.000Z;Een belachelijk frame - als het niet zo vilein was - We hebben net vier rechtse kabinetten gehad. Er is sinds Den Uyl geen links kabinet meer geweest. De VVD haalde de gastarbeiders binnen, sloopte de huizenmarkt en de zorg.;1.0;;;17;gastarbeiders;2024-10-01 17_04_48.163647;0.187616795301437;0.000039489787014;0.000125427424791;0.000058660865761;0.000033463005821;0.045801617205143;0.001305426936597;5. Is neutral.
116;f55cd176a05904f6;ea1d3c3c97ca44df;c95113d6dfb4454a;2024-09-18T08:01:37.000Z;"Ook weer zo'n migratiemythe: namelijk dat links massaal gastarbeiders naar Nederland haalde, terwijl de SP vanaf het begin niet blij was met de komst van gastarbeiders (overigens spatte de xenofobie toen al van de SP standpunten af). 

Maar het is allemaal de schuld van links...";1.0;;;220;gastarbeiders;2024-10-01 17_04_48.163647;0.324826419353485;0.000059821944888;0.000378590630135;0.000037761015847;0.000057317367464;0.008368434384465;0.000084444254753;3. Against those that oppose immigration or are negative towards migrants, foreigners, refugees, or Muslims.
117;c626f66a99d57804;113b6fffd5478091;5e1e332894a82fb2;2024-09-23T12:45:22.000Z;Marokkanen zijn hier gekomen als gastarbeiders. Die waren toen heel kansrijk vanzelfsprekend. Door de economische crisis na 1980 werden E echter massaal werkloos en daarom behoren zij (en hun kinderen) nu tot de lagere klasse. En in de lagere klasse vind je meer criminaliteit.;1.0;;2;96;gastarbeiders;2024-10-01 17_04_48.163647;0.319375425577164;0.000004648012691;0.001937595312484;0.000088392473117;0.000202881696168;0.004805997014046;0.000273022887995;5. Is neutral.
118;29167a01585a62a7;a846649b74b8a087;f875e1889f419a15;2024-09-05T14:47:35.000Z;"Ik zag ""vaarwel vaderland"" over gastarbeiders. Het was moeilijk, hard en zwaar werk. Maar wat kregen zij daarvoor terug wat ze in eigen  land nooit hadden gekregen. En ze prijzen de gastvrijheid en hulp van de nederlanders. Waar komt het anti Nederland 3e generatie dan vandaan?";;;;25;gastarbeiders;2024-10-01 17_04_48.163647;0.066634491086006;0.000088591034000;0.000068334185926;0.000113092151878;0.000462088588392;0.007334538269788;0.000067605848017;5. Is neutral.
119;51d5898e768474b5;f27c823b8d56c8c2;9c9bb8201dc1805d;2024-08-17T09:02:50.000Z;We kunnen nog iets leren van Oman, gastarbeiders mogen er werken en moeten dan weer vertrekken! Geen naturalisaties of wat dan ook. Zo moet het!;2.0;;2;317;gastarbeiders;2024-10-01 17_04_48.163647;0.097729310393333;0.000676366034895;0.000071846901847;0.000015042469386;0.000024561695682;0.129106536507607;0.000102303361928;1. Against immigration, migrants, foreigners, refugees, or Muslims.
120;c1c616ff95bc4a3b;a21e0ba0ca44daea;c82c663964cb358f;2024-09-25T19:43:03.000Z;Zelfde met de PvdA: gastarbeiders en immigranten werden met open armen ontvangen omdat het potentiële vakbondsleden en later PvdA-stemmers waren (dachten ze).;;;3;36;gastarbeiders;2024-10-01 17_04_48.163647;0.180198580026627;0.000012936109670;0.000225536306971;0.000116334820632;0.000083029888629;0.008961139246821;0.000342852232279;5. Is neutral.
121;fdfe26f7cdfca6ab;4f866134b2a7fdb7;efa56f68c617a710;2024-09-05T13:53:28.000Z;Het ontbrekende detail in #VaarwelVaderland van @OmroepMAX: de ontheemde gezinnen uit Indonesië betaalden de hoofdprijs voor hun gedwongen verblijf in #contractpensions. Die als opvanglocaties vervolgens op uitgekookte wijze geëxploiteerd werden voor de opvang van gastarbeiders.;;3.0;4;259;gastarbeiders;2024-10-01 17_04_48.163647;0.003703943220898;0.000018743146939;0.000028191780075;0.000866237678565;0.000241028887103;0.035329580307007;0.001343536539935;5. Is neutral.
122;f7b893d301c7d80c;9fe6cbb9e933ad0b;2ef37bd848a4d26c;2024-09-05T15:04:54.000Z;Jaren 60 vorige eeuw kwamen gastarbeiders naar NL om ons te helpen,Nu meer dan 60 jaar later zitten ze nog in onze huizen,passen zich niet aan,spreken amper Nederlands en hun kinderen en kleinkinderen vormen een gigantisch probleem in onze steden.;4.0;3.0;4;138;gastarbeiders;2024-10-01 17_04_48.163647;0.593506515026093;0.000026344170692;0.000000025004178;0.000030600735045;0.000033425945730;0.007808722555637;0.000010033767467;1. Against immigration, migrants, foreigners, refugees, or Muslims.
123;12fe6b81af09a159;c617ac153b68c253;3136ea36b1c47a45;2024-09-24T13:16:32.000Z;De buitenlandse werving van Spaanse, Marokkaanse en Turkse arbeiders, (1961 en 1964) werd gestart door het toenmalige kabinet van KVP, ARP, CHU en VVD. In 1973 beëindigde het kabinet-Den Uyl de officiële werving van gastarbeiders.;;4.0;16;767;gastarbeiders;2024-10-01 17_04_48.163647;0.002111543668434;0.000332891038852;0.000102785634226;0.000010030113117;0.000004025040198;0.003219283418730;0.000095683702966;5. Is neutral.
124;478ee5068c3e166a;b7ba366af35cfabe;aaad6f322f465edf;2024-08-31T07:33:13.000Z;Klopt niet. De eerste gastarbeiders werden vooral ingezet in de industrieën die opgegeven waren zoals de textiel, auto en de mijnindustrie.;;2.0;10;125;gastarbeiders;2024-10-01 17_04_48.163647;0.002688200213015;0.000011599053323;0.000154302455485;0.000043973963329;0.000074939714978;0.003028777893633;0.000271141936537;5. Is neutral.
125;1c37d1deda7849cd;5de4b0694632ebd0;2350ab61a96bb83c;2024-09-26T17:07:38.000Z;Inderdaad, de corrupte Midden-Europese elite ondermijnt de Europese veiligheid door Russische gastarbeiders toe te laten in Hongarije, en daarmee ook in de gehele Schengen-zone. Dit geeft Rusland vrij spel om spionageactiviteiten te ontplooien in Europa, wat de hybride;2.0;10.0;19;2,1K;gastarbeiders;2024-10-01 17_04_48.163647;0.240669101476669;0.000135178386699;0.000125221398775;0.003720322623849;0.000231256039115;0.037941008806229;0.000414347712649;1. Against immigration, migrants, foreigners, refugees, or Muslims.
126;76f8dc5e600243ce;a65c4bcfec9c8f74;a1214e9c0b894410;2024-09-27T20:21:03.000Z;Dat is niet waar. Natuurlijk wilden de gastarbeiders destijds hun cultuur meenemen. Integreren wil niet zeggen dat je je cultuur volledig verloochent. Ikzelf zou bepaalde culturele zaken meenemen vanuit België mocht ik verhuizen en het is belachelijk om te doen alsof dat fout is;1.0;;3;389;gastarbeiders;2024-10-01 17_04_48.163647;0.024399973452091;0.000001579170544;0.000053673487855;0.000020737612431;0.000011491901205;0.011720953509212;0.000212901140912;2. In support of immigration, migrants, foreigners, refugees, or Muslims.
127;57516818d8fe5308;a65fa73608f1e670;4e8be56748eb184b;2024-09-17T02:14:01.000Z;In de jaren '80 heb ik mijn scriptie geschreven over in hoeverre wij (NL) onze wetten/regels oprekten om (toen nog) gastarbeiders te accommoderen. Dat was mij toen al een doorn in het oog. Je kunt bijv. geen contract sluiten (althans: ben er niet aan gehouden) als je 'je wil niet;1.0;3.0;18;637;gastarbeiders;2024-10-01 17_04_48.163647;0.041188552975655;0.000021983700208;0.000173620108399;0.000135763300932;0.000250579207204;0.007634457666427;0.000064930383814;1. Against immigration, migrants, foreigners, refugees, or Muslims.
128;d43cc0df90b07eb8;bf70552eb765992c;ad9f8c27f8ab5da3;2024-09-10T15:33:51.000Z;"zo stom al die gastarbeiders!
maar in eigen land voor laag loon werken en dan indirect inhuren.. dan is t helemaal prima.

dacht je van lonen op peil in de gevangenissen? wel heel gek idee he
stelletje xenofobe hypocrieten op rechts, als er maar geld te verdienen valt";;;;21;gastarbeiders;2024-10-01 17_04_48.163647;0.614893555641174;0.012725811451674;0.000597387494054;0.000235129336943;0.000006390032013;0.123298957943916;0.000488378689624;3. Against those that oppose immigration or are negative towards migrants, foreigners, refugees, or Muslims.
129;c866605b98a11e1e;3d5b86071d96d682;8d85db31e1d471c4;2024-09-02T22:31:35.000Z;"Jaja, dames en heren. 
Volgens Pieter is er werk aan de winkel. 
Anders haalt Hengelo de 100.000 niet...
(Ow, Ok, sorry, komt dus goed met gastarbeiders...)

NSC-leider Omtzigt waarschuwt voor lage geboortecijfers: 'Gevolgen zijn groot'";;1.0;3;108;gastarbeiders;2024-10-01 17_04_48.163647;0.015587231144309;0.000166157100466;0.000098062650068;0.000345401989762;0.000391970796045;0.007318308111280;0.000032136296795;6. Other: sarcastic about guest workers.
130;b0ea27b6a40781fd;50c7b2261510b833;063d99531a88c182;2024-09-05T13:55:14.000Z;"gastarbeiders waren idd slechts een paar duizend marokkanen, die zich binnen afzienbare tijd nagenoeg allemaal in de WAO ""gewerkt"" hadden";7.0;7.0;74;1,5K;gastarbeiders;2024-10-01 17_04_48.163647;0.182985544204712;0.000245762581471;0.001158225815743;0.000061489321524;0.000048064037401;0.003935055807233;0.000210829559364;1. Against immigration, migrants, foreigners, refugees, or Muslims.
131;bd828efd09a37397;f46cf2b95a332ba2;c8083fd928f6ceb1;2024-09-20T19:33:37.000Z;De VVD wilde gastarbeiders naar Nederland halen, want de werkgevers (en dat vinden ze nog steeds) zijn williger, gehoorzamer en goedkoper. Het is vooral en met en met name de VVD, men Wilders, de berg volksverlakker waar u uitgekropen bent, omdat u daar zelfs niet tussen paste.;;;1;46;gastarbeiders;2024-10-01 17_04_48.163647;0.263691484928131;0.000442596938228;0.001427509356290;0.000096883792139;0.000040312766941;0.091225899755955;0.000275756668998;1. Against immigration, migrants, foreigners, refugees, or Muslims.
132;81aa67567cf57599;b74c936a856cecc8;9d4bb69970a2387e;2024-09-06T06:52:03.000Z;Van die Spaanse gastarbeiders had je geen last. De ellende is pas begonnen met die Marokkaanse gezinshereniging uit het Rifgebergte.;;4.0;9;101;gastarbeiders;2024-10-01 17_04_48.163647;0.603222072124481;0.000095848619821;0.000014981896129;0.000038863414375;0.000245753210038;0.110141821205616;0.000603608146776;1. Against immigration, migrants, foreigners, refugees, or Muslims.
133;6272dbd3e82771e0;b74c936a856cecc8;9d4bb69970a2387e;2024-09-05T16:07:02.000Z;De wederopbouw was al in 1955 praktisch voltooid door hardwerkende Nederlanders. Dus nog ver voor de eerste gastarbeiders als goedkope arbeidskrachten naar Nederland kwamen. Overigens eerst uit Zuid-Europa en later in de jaren '60 uit Turkije en Marokko.;24.0;146.0;450;8,1K;gastarbeiders;2024-10-01 17_04_48.163647;0.005713527556509;0.000019490556951;0.000049545244110;0.000007869845831;0.000018569588065;0.001410196651705;0.000071283677244;5. Is neutral.
134;df64939d0eaa2a6e;03073f718ed81d74;da85485925c0c26c;2024-09-16T10:00:24.000Z;In de Openbare Bibliotheek Amsterdam @OBAmsterdam is een expositie te zien over de Turkse #arbeidsmigratie naar Nederland. https://dekanttekening.nl/nieuws/expositie-over-60-jaar-turkse-gastarbeiders/… #Turkije #Turks #Amsterdam;;2.0;2;342;gastarbeiders;2024-10-01 17_04_48.163647;0.000548182113562;0.000001960303507;0.000002108409944;0.000044170697947;0.000071419010055;0.000125637146994;0.000022282747523;5. Is neutral.
135;10477843685423a9;4758b776b12395b0;bd5424675976ece8;2024-09-05T21:10:57.000Z;Heb je die zogenaamde professor gisteren bij Vi, gezien, die lulde het zelfde als den Uil, dat die gastarbeiders het werk kwamen doen omdat de Nederlanders dat te vuil werk vonden. Hufters, nee ze waren goedkoper van hun loon ging namelijk niet net zo als bij ons, veel lasten af.;1.0;1.0;2;57;gastarbeiders;2024-10-01 17_04_48.163647;0.739443778991699;0.000069617177360;0.000054865722632;0.000958014337812;0.000173571272171;0.017163569107652;0.000164965065778;1. Against immigration, migrants, foreigners, refugees, or Muslims.
136;78548484e93ea243;2308555a2dcb035c;0f5654b655fb743b;2024-09-27T12:47:06.000Z;Het vermoeden dat een verzetsstrijder aanwezig is, is al  voldoende om een huis weg te vagen. En maar liegen en jammeren over 7 okt toen er ook veel doden (wo gastarbeiders) vielen door de Hannibal doctrine, isr bronnen bevestigen dat. Maar dd buitenlandse doden krijgen niet aan;1.0;;;43;gastarbeiders;2024-10-01 17_04_48.163647;0.086038023233414;0.002273934427649;0.000608770060353;0.000039082024159;0.000029331782571;0.413911759853363;0.003387442091480;1. Against immigration, migrants, foreigners, refugees, or Muslims.
137;fb26ed6428134c13;d235d56f7980b5f9;839ac6472fa06bed;2024-09-20T14:06:52.000Z;"Vroeger moesten de gastarbeiders terug.
Den Uyl heeft hierin verandering gebracht met de wet ""recht of gezinshereniging"" in 1974.
Daarvoor waren het GASTarbeiders en zoals het woord het al zegt, te gast en men ging terug. Kom in Spanje nog veel mensen tegen uit die 
tijd.";6.0;2.0;23;1,1K;gastarbeiders;2024-10-01 17_04_48.163647;0.003335467306897;0.000005284540293;0.000013082941223;0.000003662004701;0.000007363696568;0.000695628405083;0.000015817231542;1. Against immigration, migrants, foreigners, refugees, or Muslims.
138;7084ad603e432389;b74c936a856cecc8;9d4bb69970a2387e;2024-09-05T17:02:07.000Z;De lonen werden begin jaren '60 te hoog en de werkgevers hebben toen sterk aangedrongen op goedkope gastarbeiders. Heel wat Nederlanders zijn toen werkloos geraakt. Daar heb ik nog eens een stukje over geschreven.;2.0;5.0;22;185;gastarbeiders;2024-10-01 17_04_48.163647;0.011155469343066;0.000003709980092;0.000325081404299;0.000051458016969;0.000059382931795;0.001960692694411;0.000182760355528;1. Against immigration, migrants, foreigners, refugees, or Muslims.
139;1f9223704b4bb4ff;3257a254816525b6;5cfa6481da558e1b;2024-09-10T09:38:55.000Z;Afgezien van hun gruwelijk lot: iedere generatie is daardoor weer een 'eerste generatie'. Van integratie in de samenleving is geen sprake, niet van die vrouwen en niet van hun kinderen. Als je alleen maar telt gaat het om de 4e generatie 'gastarbeiders', maar in feite om 4x de;;2.0;7;375;gastarbeiders;2024-10-01 17_04_48.163647;0.292437493801117;0.000223761511734;0.000036305224057;0.000346624845406;0.000123420104501;0.053009197115898;0.000664233870339;1. Against immigration, migrants, foreigners, refugees, or Muslims.
140;c3852e49fbc0c4d1;7dbcffc21343fb75;7d86f1fdfdfc588d;2024-09-18T12:01:34.000Z;En intussen heeft iedereen ( behalve @leolucassen en zijn aanhang ) begrepen dat m.n. vluchtelingen uit het M-Oosten volledig faalden te integreren in onze cultuur. evenmin als de 70er jaren gastarbeiders, zelfs hun kleinkinderen niet.;;;1;7;gastarbeiders;2024-10-01 17_04_48.163647;0.444516360759735;0.000048941303248;0.000051903043641;0.000018988799638;0.000038832964492;0.048885706812143;0.000552297569811;1. Against immigration, migrants, foreigners, refugees, or Muslims.
1;39ab2d5f5189f6d3;74eb76c43c076b0b;3d8b0c83c4fa6567;2024-10-04T18:15:33.000Z;60 jaar Turkse gastarbeiders in Nederland: een mijlpaal vol hard werk en doorzettingsvermogen. Als derde generatie en raadslid volg ik in de voetsporen van mijn vader, vastberaden om impact te maken op mijn gemeente en hun nalatenschap voort te zetten. #trotsedeventenaar;;;6;169;gastarbeiders;2024-10-05 12_05_13.810843;0.000338429206749;0.000009540777683;0.000004327272563;0.000492441875394;0.001432730234228;0.000202171286219;0.000016814281480;2. In support of immigration, migrants, foreigners, refugees, or Muslims.
2;57b8c4150ecb6956;fe31c899b5794b09;9887c29f1ddfd2d1;2024-09-02T12:41:58.000Z;"19/08/1964 Den Haag, Nederland: KVP/ ARP/ CHU/ VVD-kabinet-Victor Marijnen/ Turks minister van Arbeid Bülent Ecevit tekenen wervingscontract voor Turkse ""gastarbeiders"" - ""Blonde Geert"" beweert al jaren dat 'links' dat deed, maar dat LIEGT-ie";;;;32;gastarbeiders;2024-10-05 12_05_13.810843;0.031000770628452;0.000053750423831;0.000344058498740;0.002261245390400;0.002005380345508;0.007708726450801;0.000526299700141;3. Against those that oppose immigration or are negative towards migrants, foreigners, refugees, or Muslims.
3;5a931e5bc7862beb;fe31c899b5794b09;9887c29f1ddfd2d1;2024-09-06T15:08:18.000Z;de Volkskrant 26 april 1980 En weer EIST het bedrijfsleven de komst van 'gastarbeiders'. VVD, CDA gehoorzamen als bereidwillige politieke knechten. PvdA en vakbeweging protesteren tevergeefs. Oh, natuurlijk schelden verdeel-en-heersknechtjes de geronselde buitenlanders voor rot.;;;;16;gastarbeiders;2024-10-05 12_05_13.810843;0.406736940145492;0.000252318772255;0.001315606408752;0.000153615706949;0.000050586841098;0.256838649511337;0.001223442959599;1. Against immigration, migrants, foreigners, refugees, or Muslims.
4;981123f0b109a088;fce77c34d3fec987;49389f4662f2a410;2024-09-18T17:48:10.000Z;"Is er nou vanavond alweer een programma/serie over “gastarbeiders”..?

Waarom wordt belastinggeld gebruikt om een politieke mening populair te maken?

En mensen maar klagen over ON, want dit is zeker niet “sturend” bedoeld..(?).";;;;6;gastarbeiders;2024-10-05 12_05_13.810843;0.049534354358912;0.000435083551565;0.000067278364440;0.000033764616092;0.000014765304513;0.080672688782215;0.000340520549798;1. Against immigration, migrants, foreigners, refugees, or Muslims.
5;4a0a0f1dc292a548;b14ff67048a3b878;0a4b5aeba6d0354a;2024-09-22T18:00:01.000Z;"Vanavond in De Sociëteit om 22:52 uur op NPO2.

Het is 60 jaar geleden dat de eerste Turkse gastarbeiders in Nederland aankwamen. Wat bracht het hen en wat bracht het Nederland? We gaan het er uitgebreid over hebben.";1.0;1.0;2;239;gastarbeiders;2024-10-05 12_05_13.810843;0.001097547356039;0.000003403528581;0.000001468768801;0.000024997751098;0.000182341216714;0.002001691376790;0.000245636561885;5. Is neutral.
6;fe35887bad7f8f24;03073f718ed81d74;da85485925c0c26c;2024-09-30T14:12:07.000Z;De eerste moslimmigranten in Nederland waren geen #Turkse en #Marokkaanse gastarbeiders, maar #Indonesiërs en #Surinamers uit de koloniën, toont de eerste tentoonstelling van het @moslimarchief. Zie link hieronder voor het hele verhaal.  https://buff.ly/3Y3uPbd #islam #moslims;1.0;6.0;5;666;gastarbeiders;2024-10-05 12_05_13.810843;0.001282870885916;0.000006954990113;0.000000179558015;0.000070416244853;0.000038689613575;0.000098706426797;0.000019353936295;5. Is neutral.
7;c1b1642df7e3e153;54107398ec94b895;d08bd88c6c6c4f0c;2024-08-23T13:00:11.000Z;"Hallo @RPlasterk, een onverwachte inkijk. Nu mijn vragen:
Ja, rechts heeft in de beginne #gastarbeiders binnengehaald, maar wie heeft toegestaan of gepromoot om de werkers hun gezinnen te laten overkomen? 
Waarom is niet gekozen voor max 5 jaar en terug, en kan je broertje komen?";;;;14;gastarbeiders;2024-10-05 12_05_13.810843;0.006472241133451;0.000719659496099;0.000035774508433;0.000231158861425;0.000692954636179;0.010353103280067;0.000581772474106;1. Against immigration, migrants, foreigners, refugees, or Muslims.
8;a3c53fba81242a4a;4e0493d6c0d62f06;ac7e99a9635e0de9;2024-08-30T13:35:36.000Z;"Erm? ""Vanaf 1949 begon de Nederlandse overheid actief emigratie te plannen en te bevorderen. In het hoogtepuntjaar van 1952 emigreerden maar liefst 48.690 Nederlanders naar landen als Canada, Australië, Nieuw-Zeeland en de VS""

En dan is er nog iets met nood aan gastarbeiders.";1.0;;3;185;gastarbeiders;2024-10-05 12_05_13.810843;0.001749344868585;0.000056104818213;0.000195249202079;0.000025256544177;0.000055954882555;0.001019551418722;0.000241438508965;5. Is neutral.
9;0a2a69dc72ae9958;075f118a96e30609;e85d636dcfd44189;2024-09-20T10:21:13.000Z;"Joop den Uyl maakte in 1973 een eind aan de werving van gastarbeiders die door rechts  conservatieve regeringen hierheen waren gehaald.
Job Cohen was staatsecretaris en heeft een strenger vreemdelingenwet ingevoerd. 
Wilders verteld zoals gewoonlijk sprookjes.
#APB2024";159.0;414.0;1,2K;39K;gastarbeiders;2024-10-05 12_05_13.810843;0.041742533445358;0.000043802527216;0.000058228539274;0.000734727538656;0.000263272697339;0.004917001351714;0.000485407450469;5. Is neutral.
10;6272dbd3e82771e0;b74c936a856cecc8;9d4bb69970a2387e;2024-09-05T16:07:02.000Z;De wederopbouw was al in 1955 praktisch voltooid door hardwerkende Nederlanders. Dus nog ver voor de eerste gastarbeiders als goedkope arbeidskrachten naar Nederland kwamen. Overigens eerst uit Zuid-Europa en later in de jaren '60 uit Turkije en Marokko.;24.0;146.0;450;8,1K;gastarbeiders;2024-10-05 12_05_13.810843;0.005713527556509;0.000019490556951;0.000049545244110;0.000007869845831;0.000018569588065;0.001410196651705;0.000071283677244;5. Is neutral.
11;7e35a8a6ffb6bb49;9423e9de4698b5e8;f922e83e14545af6;2024-10-03T17:02:39.000Z;"kleine reminder een 50 jaar geleden was de campagne van het vlaams blok: 400.000 werklozen waarom nog gastarbeiders?

Het is dus nooit goed.";;;2;295;gastarbeiders;2024-10-05 12_05_13.810843;0.093890316784382;0.000104323997220;0.000016817166397;0.000050426984672;0.000047609177273;0.006485436111689;0.000051647628425;1. Against immigration, migrants, foreigners, refugees, or Muslims.
12;8b3121cb60e41c55;b74c936a856cecc8;9d4bb69970a2387e;2024-09-01T19:11:18.000Z;Klopt. De wederopbouw was al in 1955 praktisch voltooid door hardwerkende Nederlanders. Dus nog ver voor de eerste gastarbeiders als goedkope arbeidskrachten naar Nederland kwamen. Overigens eerst uit Zuid-Europa en later in de jaren '60 uit Turkije en Marokko.;2.0;6.0;10;247;gastarbeiders;2024-10-05 12_05_13.810843;0.005034811329097;0.000020815221433;0.000033675703889;0.000009122006304;0.000024046637918;0.001827058382332;0.000044400312618;5. Is neutral.
13;1c37d1deda7849cd;5de4b0694632ebd0;2350ab61a96bb83c;2024-09-26T17:07:38.000Z;Inderdaad, de corrupte Midden-Europese elite ondermijnt de Europese veiligheid door Russische gastarbeiders toe te laten in Hongarije, en daarmee ook in de gehele Schengen-zone. Dit geeft Rusland vrij spel om spionageactiviteiten te ontplooien in Europa, wat de hybride;2.0;10.0;19;2,1K;gastarbeiders;2024-10-05 12_05_13.810843;0.240669101476669;0.000135178386699;0.000125221398775;0.003720322623849;0.000231256039115;0.037941008806229;0.000414347712649;1. Against immigration, migrants, foreigners, refugees, or Muslims.
14;c696dd0a7595b3ca;b74c936a856cecc8;9d4bb69970a2387e;2024-09-02T07:59:03.000Z;Heel wat Nederlanders zijn toen vervangen door de goedkope gastarbeiders.;2.0;1.0;5;42;gastarbeiders;2024-10-05 12_05_13.810843;0.454468846321106;0.000887065834831;0.000008730836271;0.000125644684886;0.000106187595520;0.032813135534525;0.001106767915189;1. Against immigration, migrants, foreigners, refugees, or Muslims.
15;0a7e8fdf5e7f5efc;05cd66aec3eb89f6;33b9046513227fbe;2024-09-05T04:56:29.000Z;Arbeidsmigratie door SELECTIE aan de poort, zoals vroeger gastarbeiders werden geselecteerd voor specifiek werk  #vandaaginside;;4.0;4;1,9K;gastarbeiders;2024-10-05 12_05_13.810843;0.004064431879669;0.000184353222721;0.000010988548638;0.000185774770216;0.000074038456660;0.010995184071362;0.000451457104646;5. Is neutral.
16;9059bf4c9b2ec438;bfa2700b7775420c;a5b3883b42d627ac;2024-10-01T17:01:19.000Z;Het wrange is dat de VVD/werkgevers voor de eerste golf van Marokkaanse en Turkse gastarbeiders heeft gezorgd, de PvdA was daar tegen.;;;2;131;gastarbeiders;2024-10-05 12_05_13.810843;0.063295356929302;0.000019535811589;0.000068664252467;0.000045811804739;0.000088888140453;0.008044705726206;0.000172026295331;5. Is neutral.
17;7084ad603e432389;b74c936a856cecc8;9d4bb69970a2387e;2024-09-05T17:02:07.000Z;De lonen werden begin jaren '60 te hoog en de werkgevers hebben toen sterk aangedrongen op goedkope gastarbeiders. Heel wat Nederlanders zijn toen werkloos geraakt. Daar heb ik nog eens een stukje over geschreven.;2.0;5.0;22;187;gastarbeiders;2024-10-05 12_05_13.810843;0.011155469343066;0.000003709980092;0.000325081404299;0.000051458016969;0.000059382931795;0.001960692694411;0.000182760355528;1. Against immigration, migrants, foreigners, refugees, or Muslims.
18;f7b893d301c7d80c;9fe6cbb9e933ad0b;2ef37bd848a4d26c;2024-09-05T15:04:54.000Z;Jaren 60 vorige eeuw kwamen gastarbeiders naar NL om ons te helpen,Nu meer dan 60 jaar later zitten ze nog in onze huizen,passen zich niet aan,spreken amper Nederlands en hun kinderen en kleinkinderen vormen een gigantisch probleem in onze steden.;4.0;3.0;4;141;gastarbeiders;2024-10-05 12_05_13.810843;0.593506515026093;0.000026344170692;0.000000025004178;0.000030600735045;0.000033425945730;0.007808722555637;0.000010033767467;1. Against immigration, migrants, foreigners, refugees, or Muslims.
19;048a895d1cbb4700;10e7d9c072116897;ca22881e6293cd21;2024-09-11T10:35:00.000Z;"Zo'n 60 jaar geleden kwamen de eerste Turkse gastarbeiders naar Nederland. Maar hoe zit het met de vrouwen die hun man achterna reisden? Fotograaf en journalist Çiğdem Yüksel brengt deze verhalen tot leven in haar tentoonstelling en boek ""Je moest eens weten"".";;1.0;4;1,2K;gastarbeiders;2024-10-05 12_05_13.810843;0.001030900864862;0.000019237784727;0.000000741413203;0.000065591615567;0.000055900858570;0.001425236230716;0.000122288925922;5. Is neutral.
20;0eea07acbddad726;d95fb78b57007512;05b507067d50703c;2024-09-28T21:57:01.000Z;En breek de dijken door. Ga vechten met Indonesië. Vul je fabrieken met gastarbeiders. Laat je burgers schurft en polio krijgen. Ga 's- zondags 2x naar de kerk ! Want zo was Nederland in een ver verleden. In een zijn dat niet bestond.;;;1;50;gastarbeiders;2024-10-05 12_05_13.810843;0.652511596679688;0.209749102592468;0.000062628205342;0.000653680646792;0.000107691397716;0.830832540988922;0.000366438413039;6. Other: Critiques nostalgic view of past.
21;388559f24b8f2ca4;e6c3e25d1ee05bda;c314f3e75728631b;2024-09-28T19:06:01.000Z;"Rijk Rechts, was en is bezig met massale immigratie. Eerst Marokkaanse en Turkse gastarbeiders gevolgd door massale arbeidsimport uit Oost-Europa. Verder wordt ondermeer A’dam massaal verhuurd aan expats
en  BUITENLANDSE kopers , dankzij internationale reclame door minister Blok>";1.0;1.0;2;69;gastarbeiders;2024-10-05 12_05_13.810843;0.100053265690804;0.000063943247369;0.000042740990466;0.000157229384058;0.000112634101242;0.005065404810011;0.001056890818290;1. Against immigration, migrants, foreigners, refugees, or Muslims.
22;5e56819582de263d;ac594214fd8448c8;fbbfb806752ec7d2;2024-09-30T07:07:30.000Z;Ik zag een reportage over een tentoonstelling van de 1e generatie gastarbeiders. Bijzonder was dat de geïnterviewde Nederturkse moeder/oma tot op heden gebrekkig Nederlands spreekt.;1.0;;2;103;gastarbeiders;2024-10-05 12_05_13.810843;0.020143494009972;0.000001636243610;0.000169396051206;0.000712503038812;0.000674804090522;0.001906299730763;0.000285003101453;5. Is neutral.
23;6ec697df004dc94a;14329ccd3f623107;b7a0d74012750e36;2024-10-03T20:52:23.000Z;Nog meer gastarbeiders.;2.0;12.0;14;317;gastarbeiders;2024-10-05 12_05_13.810843;0.237369477748871;0.000192167208297;0.000004607744813;0.000066604261519;0.000043067200750;0.025498101487756;0.000066754968429;1. Against immigration, migrants, foreigners, refugees, or Muslims.
24;d56bd74a66351ee1;a059ebd6b03f65c6;1f5b1c22e960d0a5;2024-09-25T16:34:56.000Z;Goede draad. Voor mensen die twijfelen -> https://historiek.net/gastarbeiders-nederland-betekenis-marokko-turkije/135726/…;;;4;272;gastarbeiders;2024-10-05 12_05_13.810843;0.000765472126659;0.000005600775694;0.000011335855561;0.000064650870627;0.000077715398220;0.000445267447503;0.000051788782002;5. Is neutral.
25;f020be1960c2f966;77fd91771febafff;9dedcae3ea4a2e6a;2024-09-27T06:16:10.000Z;Mensen en dus ook kinderen kunnen walgelijk zijn. We krijgen via de oveheid en de media te horen dat elk kind veilig moet zijn op school. Iets van 50 jr geleden trof mijn moeder een mes bij mijn jongste broertje aan. Alle jongens van gastarbeiders hebben een mes zei hij, ik moet;1.0;;7;508;gastarbeiders;2024-10-05 12_05_13.810843;0.202125370502472;0.000712905777618;0.001355989021249;0.000150057021528;0.000192788065760;0.628342926502228;0.066680260002613;1. Against immigration, migrants, foreigners, refugees, or Muslims.
26;7b0231efc8d87377;50e98a278d9f498c;ddbb547b7042316e;2024-09-27T21:28:44.000Z;"Goede oude Nederlandse mentaliteit: we hebben je nodig en wanneer niet meer kan je wel stikken. Deden ze met kolonies, gastarbeiders en immigranten. Wie verbaast zich nog over dit kabinet?
#Afghanen";4.0;9.0;31;488;gastarbeiders;2024-10-05 12_05_13.810843;0.869331359863281;0.756503164768219;0.002579338150099;0.000083625447587;0.000018194874428;0.869246363639832;0.010495189577341;1. Against immigration, migrants, foreigners, refugees, or Muslims.
27;b1fe46d3343fbf24;481cf487bc5a5e60;69ae89ffac055d21;2024-09-28T07:59:33.000Z;Banen in slachthuizen. Vooral gastarbeiders. In de bouw kunnen ze het dubbele verdienen.;;;3;63;gastarbeiders;2024-10-05 12_05_13.810843;0.061233203858137;0.000651609094348;0.001613353961147;0.000408643973060;0.000092367292382;0.174953177571297;0.022037392482162;5. Is neutral.
28;b86c73dfc6ef3648;cc0d74e5d5dfa200;26e5349912c9603b;2024-09-30T06:51:46.000Z;CDA is inderdaad een naar clubje. Stonden aan het begin van veel ellende zoals de verkwanseling van aardgasbaten en de golven gastarbeiders.;;;3;36;gastarbeiders;2024-10-05 12_05_13.810843;0.195808961987495;0.000074728704931;0.000080201571109;0.000415108748712;0.000109692737169;0.008098462596536;0.001144194277003;1. Against immigration, migrants, foreigners, refugees, or Muslims.
29;327f2db6bf3baf85;409da36e6425b14b;d2d10dc64d724a69;2024-10-02T15:17:50.000Z;Laatst zei iemand toch dat het de gastarbeiders waren die Nederland hebben opgebouwd? Nou, wellicht waren het lesbische Afrikaanse vrouwen die Nederland hebben bevrijd. Wist jij dat?;3.0;;6;229;gastarbeiders;2024-10-05 12_05_13.810843;0.058801222592592;0.000100905584986;0.000010336741980;0.004760853946209;0.000338468060363;0.048350516706705;0.000657081371173;1. Against immigration, migrants, foreigners, refugees, or Muslims.
30;6d2a07b64da2da5f;e43a432804eb97e5;d449a3fb17e2e49c;2024-09-28T14:56:50.000Z;"Mijn ouders waren gastarbeiders.
Mijn vader heeft in de kool mijnen gewerkt. 
Ikzelf heb het Nederlands moeten leren en ben daar heel dankbaar voor dat ik de kans heb gekregen. 
Ik heb het geluk gehad om te kunnen bijdragen aan de maatschappij en de maatschappij is goed voor mij";;;4;34;gastarbeiders;2024-10-05 12_05_13.810843;0.001773084397428;0.000001415060183;0.000084976993094;0.000132341738208;0.000092944697826;0.002136176452041;0.000623739906587;2. In support of immigration, migrants, foreigners, refugees, or Muslims.
31;d531df14f03a06d3;65256347c323244f;7f31f4ac37bf41f0;2024-09-28T09:24:01.000Z;Jij bent een kind van gastarbeiders. Dus niet de Servische agressie op de Balkan meegemaakt. Je hebt dus wel meegemaakt dat mensen van de Balkan hierheen vluchtten. Ik heb het zelf meegemaakt. Er waren GEEN alleenstaande mannen die vluchtten. Waarom doen de Arabieren dit wel?;1.0;2.0;25;570;gastarbeiders;2024-10-05 12_05_13.810843;0.235739901661873;0.000001045876957;0.000196078297449;0.000636290060356;0.001012227265164;0.062135260552168;0.000752530584577;1. Against immigration, migrants, foreigners, refugees, or Muslims.
32;c1c616ff95bc4a3b;a21e0ba0ca44daea;c82c663964cb358f;2024-09-25T19:43:03.000Z;Zelfde met de PvdA: gastarbeiders en immigranten werden met open armen ontvangen omdat het potentiële vakbondsleden en later PvdA-stemmers waren (dachten ze).;;;3;44;gastarbeiders;2024-10-05 12_05_13.810843;0.180198580026627;0.000012936109670;0.000225536306971;0.000116334820632;0.000083029888629;0.008961139246821;0.000342852232279;5. Is neutral.
33;d1def237f4e3c923;e04c4e80256247d1;d143b46ea69311c2;2024-09-27T11:45:26.000Z;Uiteraard waren NIET alle gastarbeiders die toen naar hier kwamen 20 en kinderloos.  Vrouw en kinderen bleven vaak aanvankelijk in het thuisland en kwamen enkele jaren nadien. U hebt geen enkele grond om deze jongedame voor leugenaar uit te maken.;;;1;38;gastarbeiders;2024-10-05 12_05_13.810843;0.006093939766288;0.000040971124690;0.000011859209735;0.000764830445405;0.001562193967402;0.022856881842017;0.000008225906640;5. Is neutral.
34;1644423ca0d042cb;18c8e698e67a7e81;b02c4b400d921556;2024-09-27T02:01:55.000Z;Ik bedoel dat de gastarbeiders indertijd graag wilde assimileren met hun gastland. Ik denk niet dat ze stonden te springen om hun cultuur of religie te importeren naar hier. Latere generaties hebben die drang meer en meer gekregen wat m.i. de verdeeldheid alleen maar voedt.;1.0;;14;1,2K;gastarbeiders;2024-10-05 12_05_13.810843;0.072240635752678;0.000010811166248;0.000623629603069;0.000028205682611;0.000186195218703;0.017209179699421;0.000544078939129;1. Against immigration, migrants, foreigners, refugees, or Muslims.
35;f43ae2d2188da944;e18ac37a224ffc42;599ca3fbe02e8bd4;2024-09-27T08:08:06.000Z;Hou op deze onzinnige leugen te verspreiden dat gastarbeiders weinig verdienden. De koolputters waren de best betaalde werkers en gastarbeiders kregen hetzelfde loon. Het waren nooit meer dan 15% gastarbeiders trouwens, de rest waren Limburgse zonen en vaders.;;;7;126;gastarbeiders;2024-10-05 12_05_13.810843;0.359955221414566;0.000110212880827;0.000032900399674;0.000085783191025;0.000365037674783;0.028169302269816;0.000063718573074;5. Is neutral.
36;778dbdb7a4e213dd;53d270584589c258;5e894b9736aa44ed;2024-10-02T03:37:25.000Z;Het laatste linkse kabinet was ruim 50 jaar geleden. Wist je trouwens dat links tegen het binnenhalen van gastarbeiders uit o.a. Turkije en Marokko was?  Dat het laatste linkse kabinet dit ook onmiddellijk stopte?;3.0;;14;312;gastarbeiders;2024-10-05 12_05_13.810843;0.030708286911249;0.000016976384359;0.000215338950511;0.000034119402699;0.000037812438677;0.010512248612940;0.000079703175288;5. Is neutral.
37;96ad70cbaea46f0d;62ca5c3ba92a473f;7b1f5f70d8fe4899;2024-09-29T20:51:11.000Z;Hoezo mijn vieze werk? Dat doe ikzelf. Dat doet geen enkele allochtoon voor mij. Daarnaast associeer jijzelf deze criminelen met gastarbeiders.;1.0;;2;35;gastarbeiders;2024-10-05 12_05_13.810843;0.667727351188660;0.000110345805297;0.000007505524081;0.000014834223293;0.000000544461670;0.023179307579994;0.000018862607249;1. Against immigration, migrants, foreigners, refugees, or Muslims.
38;3a5b051d690cf7b5;5991ce426259a177;5374dd3bfe6e5fd7;2024-10-03T07:40:18.000Z;"De scheefgroei in de maatschappij hebben we vooral te danken aan de PvdA.
Het begon allemaal onder Joop den Uyl met het binnenhalen van gastarbeiders daarna met gezinshereniging. 
DENK is ook voortgekomen dankzij de PvdA.";1.0;1.0;7;91;gastarbeiders;2024-10-05 12_05_13.810843;0.139172807335853;0.000024166134608;0.000022908689061;0.000029659728170;0.000046447723435;0.003264824394137;0.000195638131117;1. Against immigration, migrants, foreigners, refugees, or Muslims.
39;ca595020257713f2;855717c44a2d9a1a;b96c950d445a4eb5;2024-09-27T07:55:25.000Z;Je liegt ook, die gastarbeiders kwamen op het geld af, mijnwerkers waren goed betaald in die tijd in verhouding tot andere arbeiders.  Ze kwamen ook uit regio's in Marokko waar er weinig te verdienen viel.;;;5;137;gastarbeiders;2024-10-05 12_05_13.810843;0.012228545732796;0.000005716902251;0.000115977498353;0.000060303180362;0.000040584513044;0.001394371152855;0.000917628989555;1. Against immigration, migrants, foreigners, refugees, or Muslims.
40;7abd7fd0a29ec95b;5d92b7f26290a31b;c891d71f6a3fca97;2024-09-27T18:50:41.000Z;Het is alsof je de geallieerden de maat gaat nemen om dat die meer luchtaanvallen gepleegd hebben op Duitsland dan andersom. Iran (incl Hamas, Houthi's, Hezbollah) wil alle Israëlieten dood, ook de arabieren en de gastarbeiders. Israël vecht voor haar bestaan en doen dat goed;;;2;151;gastarbeiders;2024-10-05 12_05_13.810843;0.279431700706482;0.065804123878479;0.000953103415668;0.001607819460332;0.000045054650400;0.873110830783844;0.007720812223852;5. Is neutral.
41;e68f78864108e09a;c3bc92e38d923fc4;597acb1767544810;2024-10-02T17:33:31.000Z;Toen de gastarbeiders kwamen was NL allang weer opgebouwd. Niks ten nadele van DIE mensen, maar de 4e generatie die gilt dat hun voorouders NL hebben opgebouwd: NEE..........;1.0;;2;21;gastarbeiders;2024-10-05 12_05_13.810843;0.112549699842930;0.000070228212280;0.000006272255632;0.000028391976230;0.000032343301427;0.006981707178056;0.000025515922971;1. Against immigration, migrants, foreigners, refugees, or Muslims.
42;b7f856e7588cfd43;7e55ade1ea5698fc;e5813a2b6a2ca5ac;2024-10-04T17:37:10.000Z;"Ja, prima verhaal. Over de jaren 60-70 volgende. 
In 1970 deed ik vakantiewerk bij Unox in Oss (ik was 15). Bij Unox (Unilever) werkten 500 Tukse gastarbeiders, 400 Spanjaarden en een paar honderd Belgische gastarbeiders. Door het bedrijf hier naar toe gehaald en inderdaad, dat";1.0;;2;44;gastarbeiders;2024-10-05 12_05_13.810843;0.031367931514978;0.000203629781026;0.000196353706997;0.001363761723041;0.006634796038270;0.005920092575252;0.001378056127578;5. Is neutral.
43;d16f194738296ea7;792177db72000e22;935a9344cd08686c;2024-10-03T05:59:34.000Z;"Checken niet nodig we hebben genoeg gastarbeiders 
gewelddadige beroving NL bejaarden
Grote criminaliteit 
loverboys
straatterreur 
overvallen 
plofkraken 
opsporingverzocht altijd 
Autochtone slachtoffers van dood en verderf 
Mishandelen homo's 
Geen jood veilig";;;2;59;gastarbeiders;2024-10-05 12_05_13.810843;0.961085379123688;0.189353078603745;0.002106743399054;0.058319292962551;0.018454670906067;0.696748137474060;0.002555442042649;1. Against immigration, migrants, foreigners, refugees, or Muslims.
44;748ad08b5bce99c3;7609de419b35539d;c85aab6690fb353f;2024-10-04T18:39:35.000Z;Tijdens interviews op straat door de Duitse publieke omroep hoor je zelfs steeds vaker dat bijv. ook Turkse gastarbeiders genoeg hebben van de illegale massa-immigratie. Maar dat horen ze toch liever niet. De wereld op z'n kop.;1.0;3.0;20;610;gastarbeiders;2024-10-05 12_05_13.810843;0.118549950420856;0.000048056106607;0.000912471150514;0.000158290044055;0.000292673299555;0.027109831571579;0.000755076354835;1. Against immigration, migrants, foreigners, refugees, or Muslims.
45;76f8dc5e600243ce;a65c4bcfec9c8f74;a1214e9c0b894410;2024-09-27T20:21:03.000Z;Dat is niet waar. Natuurlijk wilden de gastarbeiders destijds hun cultuur meenemen. Integreren wil niet zeggen dat je je cultuur volledig verloochent. Ikzelf zou bepaalde culturele zaken meenemen vanuit België mocht ik verhuizen en het is belachelijk om te doen alsof dat fout is;1.0;;3;402;gastarbeiders;2024-10-05 12_05_13.810843;0.024399973452091;0.000001579170544;0.000053673487855;0.000020737612431;0.000011491901205;0.011720953509212;0.000212901140912;2. In support of immigration, migrants, foreigners, refugees, or Muslims.
46;09068699085ae6bd;792177db72000e22;935a9344cd08686c;2024-10-03T06:03:22.000Z;"We hebben genoeg gastarbeiders 
Personeel stop svp 
gewelddadige beroving NL bejaarden
Grote criminaliteit 
loverboys
straatterreur 
overvallen 
plofkraken 
opsporingverzocht altijd 
Autochtone slachtoffers van dood en verderf 
Mishandelen homo's 
Geen jood veilig";;;2;164;gastarbeiders;2024-10-05 12_05_13.810843;0.949728190898895;0.202951282262802;0.003492551622912;0.052083205431700;0.013981271535158;0.757861733436584;0.002919116290286;1. Against immigration, migrants, foreigners, refugees, or Muslims.
47;12d4934587d3858d;9b27118be8275181;3c202c121c78e39f;2024-10-04T13:36:56.000Z;Dat is al zo sinds de binnenkomst van gastarbeiders omstreeks 1970. Goedkope arbeid hield verkeerde bedrijfstakken in ons land, de goeie vertrokken of zijn recent weggejaagd met belastingmaatregelen en haat tegen ondernemers.;;;2;40;gastarbeiders;2024-10-05 12_05_13.810843;0.061957191675901;0.000117806928756;0.000090865280072;0.000010756259144;0.000010311870938;0.024585198611021;0.001585742458701;1. Against immigration, migrants, foreigners, refugees, or Muslims.
48;24e560002cf1e8b5;e78be1430d6e1d46;9c3fcdbc3e534f9e;2024-09-25T20:56:19.000Z;"Nope… dat zit Europa niet. Nederland al helemaal niet met per hoofd van de bevolking ónder het Europees gemiddelde.

Die wachtlijst is veroorzaakt door fout politiek beleid, met name door de VVD. Nederlanders staan al decennia op wachtlijsten… ver voor de eerste gastarbeiders.";2.0;;5;137;gastarbeiders;2024-10-05 12_05_13.810843;0.076359242200851;0.000008182225429;0.000014977509636;0.000013658112039;0.000040398084820;0.002005739137530;0.000114902148198;5. Is neutral.
49;851d3d83cf9376f9;ae3a1762d22dd110;b48bc7ccb31924db;2024-09-05T22:52:23.000Z;"Onze ‘gastarbeiders’ pasten niet in het wereldbeeld van vele suburbane Vlamingen, in de crisis opgejut door een autoritaire en racistische antivreemdelingenpartij.
http://sampol.be/2024/09/communautarisme-versus-democratie… via @Sampol_magazine";12.0;3.0;6;847;gastarbeiders;2024-10-05 12_05_13.810843;0.008886477909982;0.000013553426470;0.000001617129897;0.000084536586655;0.000002827600838;0.002341359620914;0.000105406943476;3. Against those that oppose immigration or are negative towards migrants, foreigners, refugees, or Muslims.
50;20c4caefbab94d26;1e9a003afea3fb29;04322359a9c6f1df;2024-09-10T09:34:29.000Z;Nederland is een land dat bestaat dankzij grote groepen die van buiten gekomen zijn, vaak als vluchteling, zoals Joden uit Spanje, Hugenoten, soldaten uit Zwitserland, Duitse handelaren en arbeiders, chinezen, Indische mensen, Surinamers, gastarbeiders, vluchtelingen, enz.;1.0;3.0;11;263;gastarbeiders;2024-10-05 12_05_13.810843;0.002915124874562;0.000013162132745;0.000017330965420;0.000050500279031;0.000007848274436;0.000907414359972;0.000175383145688;2. In support of immigration, migrants, foreigners, refugees, or Muslims.
51;fd184d61a2da287f;5ca4044b08cd0b22;ae8deca3bc9d2cf4;2024-09-30T14:12:19.000Z;De eerste moslimmigranten in Nederland waren geen #Turkse en #Marokkaanse gastarbeiders, maar #Indonesiërs en #Surinamers uit de koloniën, toont de eerste tentoonstelling van het @moslimarchief. Zie link hieronder voor het hele verhaal.  https://buff.ly/3Y3uPbd #islam #moslims;;;1;141;gastarbeiders;2024-10-05 12_05_13.810843;0.001282870885916;0.000006954990113;0.000000179558015;0.000070416244853;0.000038689613575;0.000098706426797;0.000019353936295;5. Is neutral.
52;29031b44b3fa77ad;997361bcc2b804ba;50fd38825c7242dc;2024-08-25T15:22:12.000Z;"'Dat juist een aanzienlijk deel van de tweede en derde generatie moslimimmigranten aanmerkelijk fanatieker is dan de goedlachse gastarbeiders van weleer.'
Moslims in de polder: a match made in heaven https://ewmagazine.nl/nederland/opinie/2024/04/moslims-in-de-polder-a-match-made-in-heaven-69398w/… via @ewmagazinenl";2.0;;;97;gastarbeiders;2024-10-05 12_05_13.810843;0.090293794870377;0.000067544242484;0.000000763261937;0.000136370494147;0.000214434592635;0.001490589347668;0.000020792187570;1. Against immigration, migrants, foreigners, refugees, or Muslims.
53;d64dbd4a01ed16a4;bde1f5efac7d8c73;9bccea6ce9288bd4;2024-08-31T18:45:21.000Z;Zo kun je ook tegen gastarbeiders aankijken.;;;;121;gastarbeiders;2024-10-05 12_05_13.810843;0.162485301494598;0.000016162159227;0.000000540596261;0.000001315865461;0.000000242726827;0.010180281475186;0.000019111739675;1. Against immigration, migrants, foreigners, refugees, or Muslims.
54;283852a03f2becbe;a0fa7e33d3b6e588;09542772e4404112;2024-09-24T18:56:21.000Z;"Wow, een resumé van de trucs van ⁦@DilanYesilgoz⁩ . 
“Daarom eiste de PvdA dat gastarbeiders maar 2 jaar mochten blijven. En wat deed de VVD? Die eiste dat Turken en Marokkanen het recht kregen om hun gezin mee te nemen. Zei iemand gezinshereniging?”";;;;87;gastarbeiders;2024-10-05 12_05_13.810843;0.026635996997356;0.000064870044298;0.000005893348316;0.000145816549775;0.001072296523489;0.053071215748787;0.009794739075005;5. Is neutral.
55;bc0de96755cbf414;d04546263b2b2f14;26f2c77050b17f32;2024-09-28T08:50:13.000Z;Je bent in 1959 geboren en nadert je pensioen. In 1959 had Nederland 2.294 gastarbeiders, waarvan 1.884 Italianen. Van buiten Europa: 9 Turken en 3 Marokkanen. Vandaag: zo’n 2 miljoen buiten Europa geboren nld’se inwoners, miljoenen meer 2e generatie. En het gaat steeds sneller.;;;;31;gastarbeiders;2024-10-05 12_05_13.810843;0.000895275676157;0.000003218803386;0.000012381256056;0.000026457517379;0.000017794955056;0.000220099798753;0.000020985258743;5. Is neutral.
56;c8f547469d32688f;9a78afb4c45ae8db;69056dd75df3af36;2024-08-06T09:22:57.000Z;'Kinderachtige leugens': Hongarije ontkent EU-verwijten over Russische gastarbeiders;2.0;;3;43;gastarbeiders;2024-10-05 12_05_13.810843;0.024247515946627;0.000155582922161;0.000072607013863;0.000666217063554;0.003065125551075;0.002326587913558;0.000062156381318;5. Is neutral.
57;382159a69884148b;9c25e1e7400d1682;869da18ad076077a;2024-09-20T21:10:55.000Z;niet door rechts conservatieve regeringen. Die zagen alleen geen problemen (niemand niet) bij het door onze grote bedrijven (philips, akzo, aldel, textiel) ronselen van gastarbeiders.;;;;23;gastarbeiders;2024-10-05 12_05_13.810843;0.049617301672697;0.000066370244895;0.000137020804686;0.000327208806993;0.000148365768837;0.002678479067981;0.000963936734479;5. Is neutral.
58;12fe6b81af09a159;c617ac153b68c253;3136ea36b1c47a45;2024-09-24T13:16:32.000Z;De buitenlandse werving van Spaanse, Marokkaanse en Turkse arbeiders, (1961 en 1964) werd gestart door het toenmalige kabinet van KVP, ARP, CHU en VVD. In 1973 beëindigde het kabinet-Den Uyl de officiële werving van gastarbeiders.;;4.0;16;771;gastarbeiders;2024-10-05 12_05_13.810843;0.002111543668434;0.000332891038852;0.000102785634226;0.000010030113117;0.000004025040198;0.003219283418730;0.000095683702966;5. Is neutral.
59;411746cae8ea156b;49ec9289b87de408;d816a91f4356ac0a;2024-09-04T11:31:02.000Z;Op 25 september kan je naar Pakhuis de Zwijger in Amsterdam, waar het boek “Van dankbaar naar strijdbaar” van Bilal Ben Abdelkarim  centraal staat. Het vertelt het verhaal van Marokkaanse Nederlanders die zich niet alleen hebben ontwikkeld van gastarbeiders naar trotse burgers,;;2.0;12;1,2K;gastarbeiders;2024-10-05 12_05_13.810843;0.001799822319299;0.000004686295142;0.000080424440966;0.000025935974918;0.000003163067049;0.003405359108001;0.000028518703402;5. Is neutral.
60;fdfe26f7cdfca6ab;4f866134b2a7fdb7;efa56f68c617a710;2024-09-05T13:53:28.000Z;Het ontbrekende detail in #VaarwelVaderland van @OmroepMAX: de ontheemde gezinnen uit Indonesië betaalden de hoofdprijs voor hun gedwongen verblijf in #contractpensions. Die als opvanglocaties vervolgens op uitgekookte wijze geëxploiteerd werden voor de opvang van gastarbeiders.;;3.0;4;270;gastarbeiders;2024-10-05 12_05_13.810843;0.003703943220898;0.000018743146939;0.000028191780075;0.000866237678565;0.000241028887103;0.035329580307007;0.001343536539935;5. Is neutral.
61;9bc6d60900c0f8d6;af0ea405278c597e;c32b90b43f824191;2024-08-27T22:18:29.000Z;Mag je niet zeggen Wierd, maar wat heb je gelijk. Ik was 8 jaar in 1955 heb het allemaal meegemaakt in Nederland. De Hongaarse vluchtelingen, de gastarbeiders, de Tsjechische vluchtelingen na de Praagse Lente en ga maar door. Onvergelijkbaar met wat er op dit moment gebeurt;;;9;492;gastarbeiders;2024-10-05 12_05_13.810843;0.011394234374166;0.000000880468292;0.000003589295829;0.000296916579828;0.000823718437459;0.006978490855545;0.001338818110526;1. Against immigration, migrants, foreigners, refugees, or Muslims.
62;bd828efd09a37397;f46cf2b95a332ba2;c8083fd928f6ceb1;2024-09-20T19:33:37.000Z;De VVD wilde gastarbeiders naar Nederland halen, want de werkgevers (en dat vinden ze nog steeds) zijn williger, gehoorzamer en goedkoper. Het is vooral en met en met name de VVD, men Wilders, de berg volksverlakker waar u uitgekropen bent, omdat u daar zelfs niet tussen paste.;;;1;47;gastarbeiders;2024-10-05 12_05_13.810843;0.263691484928131;0.000442596938228;0.001427509356290;0.000096883792139;0.000040312766941;0.091225899755955;0.000275756668998;1. Against immigration, migrants, foreigners, refugees, or Muslims.
63;fb26ed6428134c13;d235d56f7980b5f9;839ac6472fa06bed;2024-09-20T14:06:52.000Z;"Vroeger moesten de gastarbeiders terug.
Den Uyl heeft hierin verandering gebracht met de wet ""recht of gezinshereniging"" in 1974.
Daarvoor waren het GASTarbeiders en zoals het woord het al zegt, te gast en men ging terug. Kom in Spanje nog veel mensen tegen uit die 
tijd.";6.0;2.0;23;1,1K;gastarbeiders;2024-10-05 12_05_13.810843;0.003335467306897;0.000005284540293;0.000013082941223;0.000003662004701;0.000007363696568;0.000695628405083;0.000015817231542;1. Against immigration, migrants, foreigners, refugees, or Muslims.
64;71a03a7ec53594e8;a195a1a4fcc35cd3;b2776c41e10c69ea;2024-09-14T09:14:38.000Z;"Never give in for abuis. Wat? Check; hoog conjunctuur alleen (?) bij slavernij rn gastarbeiders. Tuurlijk ook uw gezin (ja, soort '67 Palasteina) oei, oei wij hebben het fout gedaan, dat kost u geld. Emigratie belasting, bij vertrekpoort ff strippen 
https://youtu.be/YySW9cF7N7Y?si=GwkVq-vQOC8i8XsJ…";;;;52;gastarbeiders;2024-10-05 12_05_13.810843;0.130237609148026;0.001613197964616;0.000011783093214;0.001847306382842;0.000378830329282;0.026659583672881;0.003512299386784;1. Against immigration, migrants, foreigners, refugees, or Muslims.
65;71f1fa24ae34ef22;f1c182e54245d2b7;a002abd51fb44e09;2024-09-16T04:34:44.000Z;Dat mensen kansen moeten krijgen om te integreren. Nederland kan niet weer de fouten maken die ze met de gastarbeiders in de jaren 60 maakten.;2.0;;;129;gastarbeiders;2024-10-05 12_05_13.810843;0.033839050680399;0.000016423986381;0.000001101230851;0.000022331973014;0.000020916128051;0.008877641521394;0.000082890728663;2. In support of immigration, migrants, foreigners, refugees, or Muslims.
66;ba9d485035522a44;da234f602db8b874;c38c746509cffe05;2024-09-27T08:13:01.000Z;Ik ken het uit mijn jeugd, bij vriendinnen van mijn moeder die in elkaar werden geslagen door hun mannen. Lang voor er gastarbeiders kwamen. Gewone meneren die in pak naar hun werk gingen in hun Opel. Ik ken n jonge vrouw die kort geleden bijna gewurgd werd door haar man.;2.0;;1;29;gastarbeiders;2024-10-05 12_05_13.810843;0.055980507284403;0.000158518872922;0.045149590820074;0.018412942066789;0.000814015627839;0.621003687381744;0.061561554670334;6. Other: domestic violence not immigration related.
67;210898f6651d8834;23281e501744c763;98160ba83dfe1ecf;2024-08-30T23:24:37.000Z;"Precies.   De eerste gastarbeiders kwamen begin 60.
Die werkten vrijwel allemaal.";1.0;1.0;3;235;gastarbeiders;2024-10-05 12_05_13.810843;0.012190600857139;0.000033639080357;0.000580284686293;0.000862706452608;0.000278234074358;0.002660875907168;0.000242456502747;5. Is neutral.
68;7c2f4df07d0e31fd;361cde1b152e57dc;f8733c9649197545;2024-09-16T21:42:45.000Z;#barlaat de fout is in de jaren 70 en 80 gemaakt door de gastarbeiders niet terug te sturen na einde werk..en dat is geescaleerd nu..In Dubai moet je oprotten als je baan klaar is. Wat naturaliseren? ROT OP!!;;;;174;gastarbeiders;2024-10-05 12_05_13.810843;0.232559114694595;0.000645921623800;0.000006868116998;0.000050620092225;0.000012258105926;0.024855766445398;0.000019306193280;1. Against immigration, migrants, foreigners, refugees, or Muslims.
69;f108355dfc0392cd;da928a3d4fede4d3;31b838d28858eaa4;2024-09-04T21:01:10.000Z;"#VaarwelVaderland
De gastarbeiders en mensen uit Indonesië vertellen over hun reden ,aankomst en leven in Nederland .Boeiend maar ook komt de vraag op ,waarom en wanneer begon het mis te gaan.";;;;117;gastarbeiders;2024-10-05 12_05_13.810843;0.006726731080562;0.000068439767347;0.000388514570659;0.000657023454551;0.000621847517323;0.001095874700695;0.000258036190644;5. Is neutral.
70;9bd2f17c8a7a2e81;b8f5b09425eb8025;457190826e0f2ea1;2024-09-25T10:19:13.000Z;Was er dan niemand kritisch in die tijd? Jazeker. De PvdA. De linkse partij waarschuwde voor verdringing van Nederlandse werknemers en de druk op de lonen. Daarom eiste de PvdA dat gastarbeiders maar twee jaar mochten blijven.;6.0;32.0;243;8,5K;gastarbeiders;2024-10-05 12_05_13.810843;0.011446328833699;0.000059359772422;0.000261230656179;0.000034835087718;0.000183915530215;0.006249436177313;0.000586216454394;1. Against immigration, migrants, foreigners, refugees, or Muslims.
71;69be6eeaa2af63e6;b8f5b09425eb8025;457190826e0f2ea1;2024-09-25T10:20:44.000Z;"We hadden dus een rechtse partij die actieve werving van gastarbeiders mogelijk maakte en zelfs gezinshereniging stimuleerde. Die actieve werving werd in 1973 door het kabinet-Den Uyl gestaakt; het wervingsverdrag werd gestopt. Voor de jonge lezers: Den Uyl was geen VVD’er.";2.0;35.0;244;7,8K;gastarbeiders;2024-10-05 12_05_13.810843;0.001103162765503;0.000002011528977;0.000017583899535;0.000022072728825;0.000050222159189;0.001977503066882;0.000152105378220;5. Is neutral.
72;21ffeb6146bc1915;51764b97c1f56709;73b6d156e75a8c1f;2024-09-22T09:46:25.000Z;"Zitten we niet te wachten op weer een godsdienst? De eerste gastarbeiders kwamen, met hun religie, in de jaren 50/60. Die ""nieuwe"" godsdienst is dus al een jaartje of 70 in ons land.";2.0;;4;419;gastarbeiders;2024-10-05 12_05_13.810843;0.030566288158298;0.000006891999874;0.000007562406154;0.000028646267310;0.000095651776064;0.003042474389076;0.000295981939416;1. Against immigration, migrants, foreigners, refugees, or Muslims.
73;0fdf96b43c995d53;b8f5b09425eb8025;457190826e0f2ea1;2024-09-25T10:18:14.000Z;Wilde de VVD die gastarbeiders dan weren? Welnee, samen met de voorgangers van het CDA werden er complete wervingsverdragen afgesloten met Turkije en Marokko. Sterker: er werden kantoren geopend om mensen naar Nederland te halen.;2.0;15.0;201;8K;gastarbeiders;2024-10-05 12_05_13.810843;0.025449633598328;0.000120057578897;0.000085750318249;0.000004186432307;0.000010184079656;0.012911821715534;0.000283574685454;5. Is neutral.
74;085b5d7cb1c4b235;2b4923ac43fd2652;94dc68c32f17ecd1;2024-08-09T12:54:44.000Z;Het probleem met deze puber is, dat hij niet beter weet. Hij heeft geen notie van de tijd voor de massale toestroom van gastarbeiders, gezinshereniging, massale toestroom van zgn ‘vluchtelingen’, wij senioren of boomers hebben dat wel! Dat is het verschil!;1.0;;3;87;gastarbeiders;2024-10-05 12_05_13.810843;0.025736145675182;0.000005804438388;0.000015101140889;0.000498228997458;0.001270363456570;0.010308174416423;0.000080820223957;1. Against immigration, migrants, foreigners, refugees, or Muslims.
75;28910507f52b0706;cad2da138473aea6;165c15b4d84c5c5a;2024-09-11T08:10:44.000Z;"Eating cats and dogs......ik herinner me dat jaaaaaren geleden dezelfde verhalen de ronde deden over Turkse en Marokkaanse gastarbeiders... 

Racisten zijn niet bepaald origineel.";;;;33;gastarbeiders;2024-10-05 12_05_13.810843;0.398987948894501;0.000009056371709;0.000069457099016;0.000119792042824;0.000007219508007;0.341678559780121;0.130309626460075;3. Against those that oppose immigration or are negative towards migrants, foreigners, refugees, or Muslims.
76;bdcb3c594ae5ed89;2b4923ac43fd2652;94dc68c32f17ecd1;2024-08-30T21:12:57.000Z;De gastarbeiders kwamen na de opbouw van Nederland, het was hoogconjuctuur er viel weinig meer op te bouwen.;;;7;103;gastarbeiders;2024-10-05 12_05_13.810843;0.013589640147984;0.000145332378452;0.001115042367019;0.000055555265135;0.000024427892640;0.004054988734424;0.000552017532755;5. Is neutral.
77;c10c226def4404d9;ade77a82af47447d;6cf7b68127143870;2024-09-13T09:11:28.000Z;Wat in de jaren 60/70 begon met 'gastarbeiders'.....;;;1;12;gastarbeiders;2024-10-05 12_05_13.810843;0.087305761873722;0.000123080346384;0.000010234581168;0.000067003114964;0.000138250397868;0.005049700848758;0.001567214960232;1. Against immigration, migrants, foreigners, refugees, or Muslims.
78;8e49d3b739ab2594;534a4d9b27e87da0;353588cd3dd6d774;2024-09-12T06:17:54.000Z;"En degene die niet werken, worden die geweigerd?

Toen we nog gastarbeiders hadden werkte het prima
Niet werken, lekker weer naar huis

Rond 1982 was er ook tekort aan werkkrachten

Het toverwoord was automatiseren";;;;2;gastarbeiders;2024-10-05 12_05_13.810843;0.248775690793991;0.000834192382172;0.000186566467164;0.000066318178142;0.000027402667911;0.047523822635412;0.000293977325782;1. Against immigration, migrants, foreigners, refugees, or Muslims.
79;151b7e2ca019e725;3ff41ca81c424737;50118ba59067f24c;2024-09-23T08:30:09.000Z;"Dat was vroeger al 70-tiger jaren. Achter op de vuilniswagen stonden enkel autochtonen, terwijl men dacht dat de turken juist als gastarbeiders kwamen om het vuile werkt te doen waar Nederlanders hun neus voor optrokken...
Tsja in  die tijd verdiende ze FL 2.600 bruto/mnd ! Een";1.0;;5;202;gastarbeiders;2024-10-05 12_05_13.810843;0.326303929090500;0.000049468857469;0.000108660613478;0.000149607978528;0.000688252446707;0.010743191465735;0.001835206407122;5. Is neutral.
80;f196b74d5249218f;b437c188e2d84d32;f29ced99b79e25dc;2024-09-05T17:32:48.000Z;Verreweg de meeste Italiaanse en Spaanse gastarbeiders keerden terug naar hun land!!!;2.0;1.0;9;156;gastarbeiders;2024-10-05 12_05_13.810843;0.127928897738457;0.000023825381504;0.001974884886295;0.000073441100540;0.000019546192561;0.001481926301494;0.000009943074474;5. Is neutral.
81;0a0bf103dd4e259f;d1431cb52feaa021;a21389091bcf938d;2024-09-05T06:42:32.000Z;True story. Conservatisme is ook te merken op de middelbare scholen in Amsterdam. Het is net de Turkse cultuur toen de gastarbeiders naar Nederland kwamen. Vooral als het gaat liefdesrelaties. Ik weet niet wat ik meemaak.;;;2;595;gastarbeiders;2024-10-05 12_05_13.810843;0.036469932645559;0.000000480523852;0.000177924710442;0.000755006563850;0.007577391341329;0.000840417866129;0.000256351806456;5. Is neutral.
82;11c78cdfcd4ded75;ac46e0a99e1e3edf;5a0285521e1af22a;2024-08-24T03:08:19.000Z;Ik zie een zekere overeenkomst met de selectie van gastarbeiders in de jaren zeventig, geen echte selectie, dat kost immers geld.;;;;12;gastarbeiders;2024-10-05 12_05_13.810843;0.050017353147268;0.000476786692161;0.000083214654296;0.000050094353355;0.000134416564833;0.041620440781116;0.000472410261864;5. Is neutral.
83;78548484e93ea243;2308555a2dcb035c;0f5654b655fb743b;2024-09-27T12:47:06.000Z;Het vermoeden dat een verzetsstrijder aanwezig is, is al  voldoende om een huis weg te vagen. En maar liegen en jammeren over 7 okt toen er ook veel doden (wo gastarbeiders) vielen door de Hannibal doctrine, isr bronnen bevestigen dat. Maar dd buitenlandse doden krijgen niet aan;1.0;;;44;gastarbeiders;2024-10-05 12_05_13.810843;0.086038023233414;0.002273934427649;0.000608770060353;0.000039082024159;0.000029331782571;0.413911759853363;0.003387442091480;1. Against immigration, migrants, foreigners, refugees, or Muslims.
84;c9831e4fda1d6ab3;b74c936a856cecc8;9d4bb69970a2387e;2024-09-16T16:30:59.000Z;De wederopbouw was al in 1955 praktisch voltooid door hardwerkende Nederlanders. Dus nog ver voor de eerste gastarbeiders als goedkope arbeidskrachten naar Nederland kwamen. Overigens eerst uit Zuid-Europa en later in de jaren '60 uit Turkije en Marokko.;1.0;1.0;3;89;gastarbeiders;2024-10-05 12_05_13.810843;0.005713527556509;0.000019490556951;0.000049545244110;0.000007869845831;0.000018569588065;0.001410196651705;0.000071283677244;5. Is neutral.
85;b9a010e1a9a79d19;1d568bc6bf3c9ead;9dfa69920d236bd2;2024-09-23T19:22:20.000Z;Deze barbaren zijn ooit hierheen gehaald als GASTARBEIDERS om de economie te boosten. Soit. Maar op de premisse dat ze TERUG zouden gaan! Niet om de rest van hun (vaak achterlijke) familie ook nog eens hierheen te laten komen. Dat is helaas in 2005 al vastgelegd in de EVRM.;;;4;78;gastarbeiders;2024-10-05 12_05_13.810843;0.804923176765442;0.000102015699667;0.000003644046046;0.000026203881134;0.000006670338280;0.208164542913437;0.001017776783556;1. Against immigration, migrants, foreigners, refugees, or Muslims.
86;87486a5598d57ebe;5b2ab6f43d9bee59;ee5a48f57d345fcd;2024-08-19T12:34:26.000Z;Podcast De Dag: 60 jaar Turkse gastarbeiders in Nederland;24.0;2.0;11;21K;gastarbeiders;2024-10-05 12_05_13.810843;0.003381410380825;0.000079587880464;0.000025923711291;0.003158856881782;0.001336314366199;0.002413949929178;0.000304787565256;5. Is neutral.
87;295ecb6779aec721;1b4c2ad6238e60b8;6b8590b87794a9e4;2024-09-04T15:05:47.000Z;De onvoorstelbare luxe: Bijbelvertalingen voor iedere soort gebruiker. Gratis Nieuwe Testamenten in alle talen van vluchtelingen en gastarbeiders. Maar de verspreiding van de HSV gaat de kerk de das om doen. Get a life people!;;;2;91;gastarbeiders;2024-10-05 12_05_13.810843;0.141281932592392;0.000080866091594;0.000385967374314;0.000284705456579;0.000026184598028;0.035246774554253;0.001189458998851;5. Is neutral.
88;478ee5068c3e166a;b7ba366af35cfabe;aaad6f322f465edf;2024-08-31T07:33:13.000Z;Klopt niet. De eerste gastarbeiders werden vooral ingezet in de industrieën die opgegeven waren zoals de textiel, auto en de mijnindustrie.;;2.0;10;126;gastarbeiders;2024-10-05 12_05_13.810843;0.002688200213015;0.000011599053323;0.000154302455485;0.000043973963329;0.000074939714978;0.003028777893633;0.000271141936537;5. Is neutral.
1;39ab2d5f5189f6d3;74eb76c43c076b0b;3d8b0c83c4fa6567;2024-10-04T18:15:33.000Z;60 jaar Turkse gastarbeiders in Nederland: een mijlpaal vol hard werk en doorzettingsvermogen. Als derde generatie en raadslid volg ik in de voetsporen van mijn vader, vastberaden om impact te maken op mijn gemeente en hun nalatenschap voort te zetten. #trotsedeventenaar;;;6;250;gastarbeiders;2024-10-13 10_18_03.146116;0.000338429206749;0.000009540777683;0.000004327272563;0.000492441875394;0.001432730234228;0.000202171286219;0.000016814281480;2. In support of immigration, migrants, foreigners, refugees, or Muslims.
2;05f0abbffbcb0732;b06b5267a5d72932;de051039ce421fb0;2024-10-11T08:17:44.000Z;"Welk links? Ik kan me Den Uyl nog herinneren die juist de grenzen sloot voor gastarbeiders. 

Het is ronduit zo stupide hoe mensen maar wat roepen omdat anderen dat ook roepen. Verdiep je eens, neem kennis tot je!";1.0;;7;104;gastarbeiders;2024-10-13 10_18_03.146116;0.052249111235142;0.000004190750587;0.000210326223169;0.000040465871280;0.000024747816497;0.016279827803373;0.000185337383300;5. Is neutral.
3;37e58f27c8ba0f6a;506126ce33f844ac;053738508e0bca42;2024-10-12T16:57:19.000Z;"De gastarbeiders hadden ook betaald werk. En wij nu bijv. een ""Marokkanenprobleem"". En een sociale dienst die overuren draait. Hoezo geintegreerd..!";1.0;;3;32;gastarbeiders;2024-10-13 10_18_03.146116;0.091173410415649;0.000043829066271;0.000057579898566;0.000004416547654;0.000008825340046;0.004496353678405;0.000317484256811;1. Against immigration, migrants, foreigners, refugees, or Muslims.
4;66b083573c8259d9;d73e35dac4745af6;5636146467ec8202;2024-10-09T16:53:09.000Z;Weer het heilloze idee om de vergrijzing door arbeidsmigranten te laten opvangen. Vanaf de gastarbeiders in de vorige eeuw weten we dat die niet meer weggaan en de oorzaak zullen vormen van nieuwe vergrijzingsgolven. Als we ...->;1.0;;2;71;gastarbeiders;2024-10-13 10_18_03.146116;0.125432670116425;0.006020179484039;0.000228839402553;0.000069701265602;0.000064952742832;0.040342789143324;0.000178096655873;1. Against immigration, migrants, foreigners, refugees, or Muslims.
5;498b2f0fd88eed39;1e3cc376afa5a27c;06542d96860e40c3;2024-10-12T08:02:13.000Z;"Op de bouwplaats wemelt het van de gastarbeiders. Een vraag stellen in het Nederlands is haast onmogelijk geworden.
De bouw in Nederland is kwalitatief ook met een enorme teloorgang bezig.
Ze zijn drukker met fouten herstellen dan met progressie.
Gek he, dat er niets op schema is";;2.0;6;142;gastarbeiders;2024-10-13 10_18_03.146116;0.272350549697876;0.000031586048863;0.000037732650526;0.000017295154976;0.000011084749531;0.004539642017335;0.000082102873421;1. Against immigration, migrants, foreigners, refugees, or Muslims.
6;d9606b73ac3761c6;52151f8b8161913f;d4f0b7e14398e766;2024-10-05T18:38:48.000Z;De VAE is als overwegend islamitisch land met een percentage immigranten en gastarbeiders van 88%, stevige christelijke en hindu-minderheden, natuurlijk sowieso een mooie bestemming voor diegenen die het hier zat zijn. Leerzaam ook.;2.0;3.0;5;1,2K;gastarbeiders;2024-10-13 10_18_03.146116;0.003511154791340;0.000012565475117;0.000238108390476;0.000423436693382;0.000149697734741;0.000873991579283;0.000202983865165;5. Is neutral.
7;5970588f0bfac3e1;b74c936a856cecc8;9d4bb69970a2387e;2024-10-08T19:16:37.000Z;Weer eentje die het begin niet heeft meegemaakt en met de hardnekkige fabel op de proppen komt. Heel wat Nederlanders die nog graag hadden willen werken zijn toen vervangen door goedkope gastarbeiders. Ze gewoon de steun ingeschopt. Ook indertijd bij ons.;1.0;1.0;4;50;gastarbeiders;2024-10-13 10_18_03.146116;0.083508700132370;0.000056700228015;0.000032076466596;0.000041448209231;0.000046594082960;0.028072502464056;0.000477210414829;1. Against immigration, migrants, foreigners, refugees, or Muslims.
8;bdeae607c580aaa8;42b29f82927d4793;fdf999837bd3e055;2024-10-11T12:58:18.000Z;Ja, de joden zijn eerst uitgeroeid, daarna in de jaren die volgden te weinig huizen voor de Amsterdammers maar wel voor de gastarbeiders. Wij gingen naar Lelystad. Mijn Mokumse vader zei dat ie alsnog gedeporteerd werd.;1.0;;3;65;gastarbeiders;2024-10-13 10_18_03.146116;0.216510921716690;0.002981888828799;0.000057510966144;0.000017170663341;0.000006650469459;0.534254372119904;0.001763181760907;1. Against immigration, migrants, foreigners, refugees, or Muslims.
9;4430075c2253ff98;c74fb9253da048bf;9a4e1a04fc14f6fe;2024-10-06T18:06:15.000Z;Ken je geschiedenis, Geert! Het was links (PvdA -Den Uyl) die TEGEN de toelating van gastarbeiders was en het was RECHTS (CDA/VVD) die ze juist wilde hebben! Jouw frame deugt niet.;;;2;24;gastarbeiders;2024-10-13 10_18_03.146116;0.105597861111164;0.000008669091585;0.000006029325505;0.000072264680057;0.000118900847156;0.018003741279244;0.000101543431810;3. Against those that oppose immigration or are negative towards migrants, foreigners, refugees, or Muslims.
10;524b1d856eb7ad0e;cb17f5ac2c3b6669;dc98378f2f59ab9a;2024-10-08T07:27:06.000Z;Herdenking? Waarom zijn de niet Joodse slachtoffers, gastarbeiders, van 7 oktober dan niet herdacht?;;;7;240;gastarbeiders;2024-10-13 10_18_03.146116;0.103254377841949;0.000741611584090;0.000006570370260;0.000016547637642;0.000016766116460;0.143373757600784;0.000970493187196;5. Is neutral.
11;748ad08b5bce99c3;7609de419b35539d;c85aab6690fb353f;2024-10-04T18:39:35.000Z;Tijdens interviews op straat door de Duitse publieke omroep hoor je zelfs steeds vaker dat bijv. ook Turkse gastarbeiders genoeg hebben van de illegale massa-immigratie. Maar dat horen ze toch liever niet. De wereld op z'n kop.;1.0;5.0;33;1,1K;gastarbeiders;2024-10-13 10_18_03.146116;0.118549950420856;0.000048056106607;0.000912471150514;0.000158290044055;0.000292673299555;0.027109831571579;0.000755076354835;1. Against immigration, migrants, foreigners, refugees, or Muslims.
12;a135332e84fb6778;feefb2f3e8f8e48a;b849a26c613c3b68;2024-10-12T07:35:58.000Z;Gedurende de middeleeuwen was de moslimbeschaving geavanceerder dan welke andere ook. Moslims boekten grote vooruitgang in astronomie, zoölogie, geografie, rekenen, navigatie, kunst, architectuur en technologie. Het waren de gastarbeiders die nl hebben opgebouwd na de oorlog!;1.0;;2;70;gastarbeiders;2024-10-13 10_18_03.146116;0.016675319522619;0.000002696652246;0.000001941743903;0.000031947911339;0.000013603229490;0.000684052647557;0.000202799710678;2. In support of immigration, migrants, foreigners, refugees, or Muslims.
13;eceda5e451d90f2e;64d069b708baec8e;00e4715f8cd2b9f2;2024-10-07T15:18:44.000Z;"Verdiep je eerst eens in de geschiedenis.

Het overgrote deel van de grond werd door de Joden (Yishuv) gekocht; betaalbewijzen nog aanwezig. 

Wie er woonden waren Druzen en Bedouienen, en die wonen er nog; gelijkberechtigd. De Arab. waren grotendeels gastarbeiders uit de 
1/X";3.0;1.0;7;117;gastarbeiders;2024-10-13 10_18_03.146116;0.047608744353056;0.000048968660849;0.000015184059521;0.000226212534471;0.000066573782533;0.002892361721024;0.000914401025511;6. Other: historical context about land ownership
14;c0388348c551b85a;a87041c7ba589a3f;c12f74d741a62522;2024-10-05T18:53:05.000Z;Er zijn best veel dingen die ik vroeger geloofde omdat de omgeving, middelbare school jaren 70, dat geloofde. Ik herinner me een discussie over een voorstel de kinderbijslag voor kinderen van ‘gastarbeiders’ die in het thuisland woonden terug te brengen naar de kosten die men;1.0;1.0;14;532;gastarbeiders;2024-10-13 10_18_03.146116;0.008706201799214;0.000065877582529;0.000028687138183;0.000405564147513;0.000369903835235;0.016161482781172;0.000682293088175;6. Other: Reflects on past beliefs.
15;eb8949b98a97a080;a87041c7ba589a3f;c12f74d741a62522;2024-10-11T08:29:31.000Z;De eerste gastarbeiders werkten hard en zorgden voor een enorme druk op de lonen. Maar ook voor uitstel van de mechanisering in die beroepen waar ze gingen werken. En toen kwam de crisis, veel industrie failliet. Gastarbeiders, nu met hun familie, werkloos. Als er geen goedkope;3.0;;3;73;gastarbeiders;2024-10-13 10_18_03.146116;0.061536293476820;0.000063343199145;0.001845151884481;0.000163064149092;0.000087991073087;0.017900973558426;0.000827869225759;5. Is neutral.
16;488f8761f3acd145;0c2fd4270e018360;b3cacd35847179c4;2024-10-11T09:51:35.000Z;"al vanaf de jaren 60 haalden 't bedrijfsleven gastarbeiders hierheen
niet ""om 's lands economie te redden"", maar
enkel voor de lage loonkosten: pure kolonisatie-2.0
waardoor investeren in innovatie niet nodig was.

en nu zitten we met Leo's gebakken peren";;;4;26;gastarbeiders;2024-10-13 10_18_03.146116;0.130285397171974;0.000445624114945;0.000008060767868;0.000029658089261;0.000006017744454;0.019195590168238;0.001140557462349;1. Against immigration, migrants, foreigners, refugees, or Muslims.
17;b7f856e7588cfd43;7e55ade1ea5698fc;e5813a2b6a2ca5ac;2024-10-04T17:37:10.000Z;"Ja, prima verhaal. Over de jaren 60-70 volgende. 
In 1970 deed ik vakantiewerk bij Unox in Oss (ik was 15). Bij Unox (Unilever) werkten 500 Tukse gastarbeiders, 400 Spanjaarden en een paar honderd Belgische gastarbeiders. Door het bedrijf hier naar toe gehaald en inderdaad, dat";1.0;;2;72;gastarbeiders;2024-10-13 10_18_03.146116;0.031367931514978;0.000203629781026;0.000196353706997;0.001363761723041;0.006634796038270;0.005920092575252;0.001378056127578;5. Is neutral.
18;b725990e7a5efcdb;ac6daa267840c064;31f0bd1d18e1f0f5;2024-10-06T10:17:09.000Z;"Hamas ontvoert en verkracht vrouwen, doodde kinderen, onthoofdden Thaise gastarbeiders, stak mensen in brand. En burgers juichten dat toe.

Geef gewoon toe dat je dat fijne beelden vind. En dat je Israel weggevaagd wil hebben.";3.0;;2;97;gastarbeiders;2024-10-13 10_18_03.146116;0.610492587089539;0.008854884654283;0.000021629346520;0.196791380643845;0.143031135201454;0.909420251846314;0.279247879981995;6. Other: Criticizes support for Hamas actions.
19;12d4934587d3858d;9b27118be8275181;3c202c121c78e39f;2024-10-04T13:36:56.000Z;Dat is al zo sinds de binnenkomst van gastarbeiders omstreeks 1970. Goedkope arbeid hield verkeerde bedrijfstakken in ons land, de goeie vertrokken of zijn recent weggejaagd met belastingmaatregelen en haat tegen ondernemers.;;;2;49;gastarbeiders;2024-10-13 10_18_03.146116;0.061957191675901;0.000117806928756;0.000090865280072;0.000010756259144;0.000010311870938;0.024585198611021;0.001585742458701;1. Against immigration, migrants, foreigners, refugees, or Muslims.
20;b63ee67bdac9ef0e;ee71981f5e3c3bc8;0485a8ddca97ba12;2024-10-10T10:56:05.000Z;"Wat Vanessa @V_van_Vanessa ook aan geeft, dat was jaren geleden al.

Ze krijgen dik betaald om oostblokkers (gastarbeiders) en goudzoekers te huisvesten. Dat is veel makkelijker cashen dan huisje voor huisje aan de man brengen bij mensen die het schoon willen hebben en netjes";;2.0;9;2,1K;gastarbeiders;2024-10-13 10_18_03.146116;0.160047382116318;0.000039989907236;0.000091189322120;0.002120631979778;0.000145533311297;0.034497253596783;0.000178913964191;1. Against immigration, migrants, foreigners, refugees, or Muslims.
21;0a2a69dc72ae9958;075f118a96e30609;e85d636dcfd44189;2024-09-20T10:21:13.000Z;"Joop den Uyl maakte in 1973 een eind aan de werving van gastarbeiders die door rechts  conservatieve regeringen hierheen waren gehaald.
Job Cohen was staatsecretaris en heeft een strenger vreemdelingenwet ingevoerd. 
Wilders verteld zoals gewoonlijk sprookjes.
#APB2024";158.0;412.0;1,2K;39K;gastarbeiders;2024-10-13 10_18_03.146116;0.041742533445358;0.000043802527216;0.000058228539274;0.000734727538656;0.000263272697339;0.004917001351714;0.000485407450469;5. Is neutral.
22;981123f0b109a088;fce77c34d3fec987;49389f4662f2a410;2024-09-18T17:48:10.000Z;"Is er nou vanavond alweer een programma/serie over “gastarbeiders”..?

Waarom wordt belastinggeld gebruikt om een politieke mening populair te maken?

En mensen maar klagen over ON, want dit is zeker niet “sturend” bedoeld..(?).";;;;12;gastarbeiders;2024-10-13 10_18_03.146116;0.049534354358912;0.000435083551565;0.000067278364440;0.000033764616092;0.000014765304513;0.080672688782215;0.000340520549798;1. Against immigration, migrants, foreigners, refugees, or Muslims.
23;c1b1642df7e3e153;54107398ec94b895;d08bd88c6c6c4f0c;2024-08-23T13:00:11.000Z;"Hallo @RPlasterk, een onverwachte inkijk. Nu mijn vragen:
Ja, rechts heeft in de beginne #gastarbeiders binnengehaald, maar wie heeft toegestaan of gepromoot om de werkers hun gezinnen te laten overkomen? 
Waarom is niet gekozen voor max 5 jaar en terug, en kan je broertje komen?";;;;20;gastarbeiders;2024-10-13 10_18_03.146116;0.006472241133451;0.000719659496099;0.000035774508433;0.000231158861425;0.000692954636179;0.010353103280067;0.000581772474106;1. Against immigration, migrants, foreigners, refugees, or Muslims.
24;57b8c4150ecb6956;fe31c899b5794b09;9887c29f1ddfd2d1;2024-09-02T12:41:58.000Z;"19/08/1964 Den Haag, Nederland: KVP/ ARP/ CHU/ VVD-kabinet-Victor Marijnen/ Turks minister van Arbeid Bülent Ecevit tekenen wervingscontract voor Turkse ""gastarbeiders"" - ""Blonde Geert"" beweert al jaren dat 'links' dat deed, maar dat LIEGT-ie";;;;39;gastarbeiders;2024-10-13 10_18_03.146116;0.031000770628452;0.000053750423831;0.000344058498740;0.002261245390400;0.002005380345508;0.007708726450801;0.000526299700141;3. Against those that oppose immigration or are negative towards migrants, foreigners, refugees, or Muslims.
25;5a931e5bc7862beb;fe31c899b5794b09;9887c29f1ddfd2d1;2024-09-06T15:08:18.000Z;de Volkskrant 26 april 1980 En weer EIST het bedrijfsleven de komst van 'gastarbeiders'. VVD, CDA gehoorzamen als bereidwillige politieke knechten. PvdA en vakbeweging protesteren tevergeefs. Oh, natuurlijk schelden verdeel-en-heersknechtjes de geronselde buitenlanders voor rot.;;;;21;gastarbeiders;2024-10-13 10_18_03.146116;0.406736940145492;0.000252318772255;0.001315606408752;0.000153615706949;0.000050586841098;0.256838649511337;0.001223442959599;1. Against immigration, migrants, foreigners, refugees, or Muslims.
26;285e338cd64edc47;0c2fd4270e018360;b3cacd35847179c4;2024-09-04T20:47:00.000Z;"""...de gastarbeiders kwamen de baantjes doen waar wij ons te goed voor voelden'....
Heeft @heindehaas dat echt gezegd?
Da's een leugen. Vraag maar aan Jan Marijnissen:
(2:15) https://youtube.com/watch?v=2SUoSZS5UBo&t=140s…

Hein blokkeert mij volgens goed ""links"" gebruik bij tegenspraak
#vandaaginside";;1.0;9;2,3K;gastarbeiders;2024-10-13 10_18_03.146116;0.006071139127016;0.000018693273887;0.000332939904183;0.001528657041490;0.000450119870948;0.001098467386328;0.000053974683397;6. Other: questioning a statement about immigration.
27;0cd48403f485ca25;78f0b33e7124c2bc;23e72ec352d2003b;2024-10-10T06:24:22.000Z;"Poolse knokploegen jagen op illegale migranten. ‘Er hangt geen ‘pogromsfeer’ 

Sinds een maand zoeken in Polen heldhaftige burgerpatrouilles naar ‘criminele migranten’. In Zyrardów ontvluchtten gastarbeiders de stad. De overheid reageert traag. De bevolking kijkt tevreden toe.";;;;29;gastarbeiders;2024-10-13 10_18_03.146116;0.037116911262274;0.000774782733060;0.000060054524511;0.000536284816917;0.000021603433197;0.092448949813843;0.002328094560653;1. Against immigration, migrants, foreigners, refugees, or Muslims.
28;a3ff8ca9a0fd01a9;28558e49506f1132;b547a3fddb094730;2024-10-10T06:22:30.000Z;"Poolse knokploegen jagen op migranten. ‘Er hangt een ‘pogromsfeer’
Sinds een maand zoeken in Polen zelfbenoemde burgerpatrouilles naar ‘criminele migranten’. In Zyrardów ontvluchtten gastarbeiders de stad. De overheid reageert traag. De bevolking kijkt gelaten toe.Het pand aan de";1.0;;;39;gastarbeiders;2024-10-13 10_18_03.146116;0.190514966845512;0.002289155498147;0.000081077741925;0.000355518917786;0.000006175049748;0.253040224313736;0.003868016647175;1. Against immigration, migrants, foreigners, refugees, or Muslims.
29;71a03a7ec53594e8;a195a1a4fcc35cd3;b2776c41e10c69ea;2024-09-14T09:14:38.000Z;"Never give in for abuis. Wat? Check; hoog conjunctuur alleen (?) bij slavernij rn gastarbeiders. Tuurlijk ook uw gezin (ja, soort '67 Palasteina) oei, oei wij hebben het fout gedaan, dat kost u geld. Emigratie belasting, bij vertrekpoort ff strippen 
https://youtu.be/YySW9cF7N7Y?si=GwkVq-vQOC8i8XsJ…";;;;61;gastarbeiders;2024-10-13 10_18_03.146116;0.130237609148026;0.001613197964616;0.000011783093214;0.001847306382842;0.000378830329282;0.026659583672881;0.003512299386784;1. Against immigration, migrants, foreigners, refugees, or Muslims.
30;7240876f0c12e780;74c980c6fae1d212;f20c915bf7161fec;2024-10-07T20:37:43.000Z;"#Marokkanen, #berbers, voorheen '#gastarbeiders', hier gekomen om te ontsnappen aan armoede en de terreur van  #Hassan2
Nu; de nieuwe #Jodenhaat";;;1;28;gastarbeiders;2024-10-13 10_18_03.146116;0.081569023430347;0.000053912648582;0.000001985123163;0.000057296161685;0.000013634049537;0.007275133859366;0.000039436308725;1. Against immigration, migrants, foreigners, refugees, or Muslims.
31;fe35887bad7f8f24;03073f718ed81d74;da85485925c0c26c;2024-09-30T14:12:07.000Z;De eerste moslimmigranten in Nederland waren geen #Turkse en #Marokkaanse gastarbeiders, maar #Indonesiërs en #Surinamers uit de koloniën, toont de eerste tentoonstelling van het @moslimarchief. Zie link hieronder voor het hele verhaal.  https://buff.ly/3Y3uPbd #islam #moslims;1.0;6.0;5;680;gastarbeiders;2024-10-13 10_18_03.146116;0.001282870885916;0.000006954990113;0.000000179558015;0.000070416244853;0.000038689613575;0.000098706426797;0.000019353936295;5. Is neutral.
32;a3c53fba81242a4a;4e0493d6c0d62f06;ac7e99a9635e0de9;2024-08-30T13:35:36.000Z;"Erm? ""Vanaf 1949 begon de Nederlandse overheid actief emigratie te plannen en te bevorderen. In het hoogtepuntjaar van 1952 emigreerden maar liefst 48.690 Nederlanders naar landen als Canada, Australië, Nieuw-Zeeland en de VS""

En dan is er nog iets met nood aan gastarbeiders.";1.0;;3;192;gastarbeiders;2024-10-13 10_18_03.146116;0.001721452339552;0.000055221928051;0.000191594735952;0.000025060622647;0.000055702268583;0.001014581182972;0.000242060836172;5. Is neutral.
33;283852a03f2becbe;a0fa7e33d3b6e588;09542772e4404112;2024-09-24T18:56:21.000Z;"Wow, een resumé van de trucs van ⁦@DilanYesilgoz⁩ . 
“Daarom eiste de PvdA dat gastarbeiders maar 2 jaar mochten blijven. En wat deed de VVD? Die eiste dat Turken en Marokkanen het recht kregen om hun gezin mee te nemen. Zei iemand gezinshereniging?”";;;;89;gastarbeiders;2024-10-13 10_18_03.146116;0.026635996997356;0.000064870044298;0.000005893348316;0.000145816549775;0.001072296523489;0.053071215748787;0.009794739075005;5. Is neutral.
34;6272dbd3e82771e0;b74c936a856cecc8;9d4bb69970a2387e;2024-09-05T16:07:02.000Z;De wederopbouw was al in 1955 praktisch voltooid door hardwerkende Nederlanders. Dus nog ver voor de eerste gastarbeiders als goedkope arbeidskrachten naar Nederland kwamen. Overigens eerst uit Zuid-Europa en later in de jaren '60 uit Turkije en Marokko.;24.0;146.0;450;8,1K;gastarbeiders;2024-10-13 10_18_03.146116;0.005713527556509;0.000019490556951;0.000049545244110;0.000007869845831;0.000018569588065;0.001410196651705;0.000071283677244;5. Is neutral.
35;1c37d1deda7849cd;5de4b0694632ebd0;2350ab61a96bb83c;2024-09-26T17:07:38.000Z;Inderdaad, de corrupte Midden-Europese elite ondermijnt de Europese veiligheid door Russische gastarbeiders toe te laten in Hongarije, en daarmee ook in de gehele Schengen-zone. Dit geeft Rusland vrij spel om spionageactiviteiten te ontplooien in Europa, wat de hybride;2.0;10.0;19;2,1K;gastarbeiders;2024-10-13 10_18_03.146116;0.240669101476669;0.000135178386699;0.000125221398775;0.003720322623849;0.000231256039115;0.037941008806229;0.000414347712649;1. Against immigration, migrants, foreigners, refugees, or Muslims.
36;411746cae8ea156b;49ec9289b87de408;d816a91f4356ac0a;2024-09-04T11:31:02.000Z;Op 25 september kan je naar Pakhuis de Zwijger in Amsterdam, waar het boek “Van dankbaar naar strijdbaar” van Bilal Ben Abdelkarim  centraal staat. Het vertelt het verhaal van Marokkaanse Nederlanders die zich niet alleen hebben ontwikkeld van gastarbeiders naar trotse burgers,;;2.0;12;1,3K;gastarbeiders;2024-10-13 10_18_03.146116;0.001799822319299;0.000004686295142;0.000080424440966;0.000025935974918;0.000003163067049;0.003405359108001;0.000028518703402;5. Is neutral.
37;8595894a73146abd;8a53a8a45a6f87a1;9cb89660e4fb9ac3;2024-09-15T20:08:04.000Z;#Nederland  Problemen met te weinig parkeerplaatsen in div steden - dorpen, DenHaag bijv Iedereen moet gaan dokken  Tja volgestopt met gastarbeiders en wat al niet  Volle bak dus;;;;110;gastarbeiders;2024-10-13 10_18_03.146116;0.225543871521950;0.000311068957672;0.000625608721748;0.000429769366747;0.000176139816176;0.039619229733944;0.000088816879725;1. Against immigration, migrants, foreigners, refugees, or Muslims.
38;d168dd2b86b55b10;679946faad78f61c;53cd566c3703a8a6;2024-08-30T09:30:27.000Z;https://bnr.nl/nieuws/economie/10555434/bewoners-worden-uit-volkswijken-verdreven… Wat een complete onzin. De bewoners van de volkswijken zijn decennia geleden al verjaagd met de komst van de gastarbeiders. Complete wijken zijn omgevolkt. Meer dan de helft van de inwoners van Den Haag is van niet-Nederlandse oorsprong inmiddels.;;;;15;gastarbeiders;2024-10-13 10_18_03.146116;0.059439741075039;0.000090462905064;0.000113845882879;0.000066262793553;0.000019225279175;0.120019190013409;0.003675288055092;1. Against immigration, migrants, foreigners, refugees, or Muslims.
39;4a0a0f1dc292a548;b14ff67048a3b878;0a4b5aeba6d0354a;2024-09-22T18:00:01.000Z;"Vanavond in De Sociëteit om 22:52 uur op NPO2.

Het is 60 jaar geleden dat de eerste Turkse gastarbeiders in Nederland aankwamen. Wat bracht het hen en wat bracht het Nederland? We gaan het er uitgebreid over hebben.";1.0;1.0;2;265;gastarbeiders;2024-10-13 10_18_03.146116;0.001097547356039;0.000003403528581;0.000001468768801;0.000024997751098;0.000182341216714;0.002001691376790;0.000245636561885;5. Is neutral.
40;5bf47a34dc45f082;802c3b4801afc8c8;2068287c1efb63f7;2024-09-24T17:06:38.000Z;De VVD ... sloot wervingsverdragen af met Turkije en Marokko... En wie was er kritisch? Juist, ja. De PvdA... Daarom eiste de PvdA dat gastarbeiders maar twee jaar mochten blijven. En wat deed de VVD? Die eiste dat Turken en Marokkanen... hun gezin mee mochten nemen...;3.0;1.0;9;1,7K;gastarbeiders;2024-10-13 10_18_03.146116;0.057232487946749;0.000074472096458;0.000173580876435;0.000056071330619;0.000433105364209;0.052814319729805;0.004301172215492;1. Against immigration, migrants, foreigners, refugees, or Muslims.
1;5bf47a34dc45f082;802c3b4801afc8c8;2068287c1efb63f7;2024-09-24T17:06:38.000Z;De VVD ... sloot wervingsverdragen af met Turkije en Marokko... En wie was er kritisch? Juist, ja. De PvdA... Daarom eiste de PvdA dat gastarbeiders maar twee jaar mochten blijven. En wat deed de VVD? Die eiste dat Turken en Marokkanen... hun gezin mee mochten nemen...;3.0;1.0;10;1,6K;gastarbeiders;2024-09-27 20_52_32.971218;0.057232487946749;0.000074472096458;0.000173580876435;0.000056071330619;0.000433105364209;0.052814319729805;0.004301172215492;1. Against immigration, migrants, foreigners, refugees, or Muslims.
2;69be6eeaa2af63e6;b8f5b09425eb8025;457190826e0f2ea1;2024-09-25T10:20:44.000Z;"We hadden dus een rechtse partij die actieve werving van gastarbeiders mogelijk maakte en zelfs gezinshereniging stimuleerde. Die actieve werving werd in 1973 door het kabinet-Den Uyl gestaakt; het wervingsverdrag werd gestopt. Voor de jonge lezers: Den Uyl was geen VVD’er.";2.0;34.0;244;7,7K;gastarbeiders;2024-09-27 20_52_32.971218;0.001103162765503;0.000002011528977;0.000017583899535;0.000022072728825;0.000050222159189;0.001977503066882;0.000152105378220;5. Is neutral.
3;d56bd74a66351ee1;a059ebd6b03f65c6;1f5b1c22e960d0a5;2024-09-25T16:34:56.000Z;Goede draad. Voor mensen die twijfelen -> https://historiek.net/gastarbeiders-nederland-betekenis-marokko-turkije/135726/…;;;4;255;gastarbeiders;2024-09-27 20_52_32.971218;0.000765472126659;0.000005600775694;0.000011335855561;0.000064650870627;0.000077715398220;0.000445267447503;0.000051788782002;5. Is neutral.
4;f7b893d301c7d80c;9fe6cbb9e933ad0b;2ef37bd848a4d26c;2024-09-05T15:04:54.000Z;Jaren 60 vorige eeuw kwamen gastarbeiders naar NL om ons te helpen,Nu meer dan 60 jaar later zitten ze nog in onze huizen,passen zich niet aan,spreken amper Nederlands en hun kinderen en kleinkinderen vormen een gigantisch probleem in onze steden.;4.0;3.0;4;135;gastarbeiders;2024-09-27 20_52_32.971218;0.593506515026093;0.000026344170692;0.000000025004178;0.000030600735045;0.000033425945730;0.007808722555637;0.000010033767467;1. Against immigration, migrants, foreigners, refugees, or Muslims.
5;0a71c67d7b010b4f;9adebb73ddfb842c;418159a94b681c4e;2024-08-31T05:45:24.000Z;"Tsja, ‘…gastarbeiderstrauma….’
In 60ger jaren waren er miljoen gastarbeiders. Nu wel.
Eigenlijk is er als gevolg van een wegkijkende overheid en door op winst beluste bedrijven het alleen maar erger geworden.";;1.0;;191;gastarbeiders;2024-09-27 20_52_32.971218;0.081099100410938;0.000134020956466;0.000039000227844;0.000042403255065;0.000008489596439;0.018215162679553;0.000446040154202;1. Against immigration, migrants, foreigners, refugees, or Muslims.
6;c1b1642df7e3e153;54107398ec94b895;d08bd88c6c6c4f0c;2024-08-23T13:00:11.000Z;"Hallo @RPlasterk, een onverwachte inkijk. Nu mijn vragen:
Ja, rechts heeft in de beginne #gastarbeiders binnengehaald, maar wie heeft toegestaan of gepromoot om de werkers hun gezinnen te laten overkomen? 
Waarom is niet gekozen voor max 5 jaar en terug, en kan je broertje komen?";;;;8;gastarbeiders;2024-09-27 20_52_32.971218;0.006472241133451;0.000719659496099;0.000035774508433;0.000231158861425;0.000692954636179;0.010353103280067;0.000581772474106;1. Against immigration, migrants, foreigners, refugees, or Muslims.
7;f5815491c3b02429;ccdeae35b9524689;955f870a4a122171;2024-09-27T13:16:35.000Z;Pleidooi voor monument gastarbeiders: ‘Zij hebben een onaantastbare bijdrage aan de samenleving geleverd‘;;;;315;gastarbeiders;2024-09-27 20_52_32.971218;0.010666092857718;0.000089737848612;0.000013154363842;0.000102297221019;0.000041099716327;0.009996251203120;0.000068306697358;2. In support of immigration, migrants, foreigners, refugees, or Muslims.
8;15a83d61bf8a1524;9776e9b1b6571a7a;bfd86cd4447e0dae;2024-09-25T14:06:17.000Z;"""#Marokkaanse Gastarbeiders"" | KRO Brandpunt 27-11-1965 ! 

Met dank aan @ZihniOzdil voor het uploaden .
#Casablanca 1965 
Cc: @aborifi";;1.0;1;55;gastarbeiders;2024-09-27 20_52_32.971218;0.000566387781873;0.000022881789846;0.000000942142208;0.000143820201629;0.000088537744887;0.000099673357909;0.000035597237002;5. Is neutral.
9;6272dbd3e82771e0;b74c936a856cecc8;9d4bb69970a2387e;2024-09-05T16:07:02.000Z;De wederopbouw was al in 1955 praktisch voltooid door hardwerkende Nederlanders. Dus nog ver voor de eerste gastarbeiders als goedkope arbeidskrachten naar Nederland kwamen. Overigens eerst uit Zuid-Europa en later in de jaren '60 uit Turkije en Marokko.;24.0;146.0;453;8,1K;gastarbeiders;2024-09-27 20_52_32.971218;0.005713527556509;0.000019490556951;0.000049545244110;0.000007869845831;0.000018569588065;0.001410196651705;0.000071283677244;5. Is neutral.
10;0a7e8fdf5e7f5efc;05cd66aec3eb89f6;33b9046513227fbe;2024-09-05T04:56:29.000Z;Arbeidsmigratie door SELECTIE aan de poort, zoals vroeger gastarbeiders werden geselecteerd voor specifiek werk  #vandaaginside;;4.0;4;1,9K;gastarbeiders;2024-09-27 20_52_32.971218;0.004064431879669;0.000184353222721;0.000010988548638;0.000185774770216;0.000074038456660;0.010995184071362;0.000451457104646;5. Is neutral.
11;0986f892bc90aa99;1eb16bce3a4d3ad6;062eb7695309ca8c;2024-09-23T11:16:37.000Z;wat 'n idiote inschatting. zie 't onderzoek van brunt & bovenkerk uit de jaren '80 naar het zich terugtrekken van de gastarbeiders ná de gezinshereniging (daarvoor deden ze vaak mee aan buurtactiviteiten en zo) enfin, hier 'n foto van kaboel uit 1972. ook veranderd door wilders?;;;9;71;gastarbeiders;2024-09-27 20_52_32.971218;0.188885018229485;0.000225327821681;0.000115262628242;0.000437138136476;0.000163350021467;0.014983061701059;0.000309579627355;6. Other: Critiques historical immigration policy.
12;78548484e93ea243;2308555a2dcb035c;0f5654b655fb743b;2024-09-27T12:47:06.000Z;Het vermoeden dat een verzetsstrijder aanwezig is, is al  voldoende om een huis weg te vagen. En maar liegen en jammeren over 7 okt toen er ook veel doden (wo gastarbeiders) vielen door de Hannibal doctrine, isr bronnen bevestigen dat. Maar dd buitenlandse doden krijgen niet aan;1.0;;;25;gastarbeiders;2024-09-27 20_52_32.971218;0.086038023233414;0.002273934427649;0.000608770060353;0.000039082024159;0.000029331782571;0.413911759853363;0.003387442091480;1. Against immigration, migrants, foreigners, refugees, or Muslims.
13;21ffeb6146bc1915;51764b97c1f56709;73b6d156e75a8c1f;2024-09-22T09:46:25.000Z;"Zitten we niet te wachten op weer een godsdienst? De eerste gastarbeiders kwamen, met hun religie, in de jaren 50/60. Die ""nieuwe"" godsdienst is dus al een jaartje of 70 in ons land.";2.0;;4;413;gastarbeiders;2024-09-27 20_52_32.971218;0.030566288158298;0.000006891999874;0.000007562406154;0.000028646267310;0.000095651776064;0.003042474389076;0.000295981939416;1. Against immigration, migrants, foreigners, refugees, or Muslims.
14;72ed34ffd665fc2c;fcab7fcc2b4cffd9;dfd216309784f2fa;2024-09-19T19:26:45.000Z;Dat ben ik voor 1990 zelf ook kwijt geraakt #gastarbeiders;;;2;11;gastarbeiders;2024-09-27 20_52_32.971218;0.015828616917133;0.000037803787563;0.000880559207872;0.000274175865343;0.000144396384712;0.002369446679950;0.000163131015142;5. Is neutral.
15;adce001fbfbf0d79;84ec4b0e0cc08309;a8427184fd239ee7;2024-08-30T21:01:44.000Z;"Nonsens. Na de oorlog hebben de autochtone Nederlanders Nederland weer opgebouwd. 

Pas toen in de jaren ‘60 de economie hard ging draaien, NADAT alles opgebouwd was, kwamen we mensen te kort om alles te kunnen produceren.

Pad toen kwamen de zogenaamde gastarbeiders.";4.0;9.0;60;752;gastarbeiders;2024-09-27 20_52_32.971218;0.019558245316148;0.000025816885682;0.000013314689568;0.000010193310118;0.000027896659958;0.007515665143728;0.000085480722191;1. Against immigration, migrants, foreigners, refugees, or Muslims.
16;c696dd0a7595b3ca;b74c936a856cecc8;9d4bb69970a2387e;2024-09-02T07:59:03.000Z;Heel wat Nederlanders zijn toen vervangen door de goedkope gastarbeiders.;2.0;1.0;5;36;gastarbeiders;2024-09-27 20_52_32.971218;0.454468846321106;0.000887065834831;0.000008730836271;0.000125644684886;0.000106187595520;0.032813135534525;0.001106767915189;1. Against immigration, migrants, foreigners, refugees, or Muslims.
17;283852a03f2becbe;a0fa7e33d3b6e588;09542772e4404112;2024-09-24T18:56:21.000Z;"Wow, een resumé van de trucs van ⁦@DilanYesilgoz⁩ . 
“Daarom eiste de PvdA dat gastarbeiders maar 2 jaar mochten blijven. En wat deed de VVD? Die eiste dat Turken en Marokkanen het recht kregen om hun gezin mee te nemen. Zei iemand gezinshereniging?”";;;;81;gastarbeiders;2024-09-27 20_52_32.971218;0.026635996997356;0.000064870044298;0.000005893348316;0.000145816549775;0.001072296523489;0.053071215748787;0.009794739075005;5. Is neutral.
18;a3c53fba81242a4a;4e0493d6c0d62f06;ac7e99a9635e0de9;2024-08-30T13:35:36.000Z;"Erm? ""Vanaf 1949 begon de Nederlandse overheid actief emigratie te plannen en te bevorderen. In het hoogtepuntjaar van 1952 emigreerden maar liefst 48.690 Nederlanders naar landen als Canada, Australië, Nieuw-Zeeland en de VS""

En dan is er nog iets met nood aan gastarbeiders.";1.0;;3;178;gastarbeiders;2024-09-27 20_52_32.971218;0.001721452339552;0.000055221928051;0.000191594735952;0.000025060622647;0.000055702268583;0.001014581182972;0.000242060836172;5. Is neutral.
19;b9a010e1a9a79d19;1d568bc6bf3c9ead;9dfa69920d236bd2;2024-09-23T19:22:20.000Z;Deze barbaren zijn ooit hierheen gehaald als GASTARBEIDERS om de economie te boosten. Soit. Maar op de premisse dat ze TERUG zouden gaan! Niet om de rest van hun (vaak achterlijke) familie ook nog eens hierheen te laten komen. Dat is helaas in 2005 al vastgelegd in de EVRM.;;;4;71;gastarbeiders;2024-09-27 20_52_32.971218;0.804923176765442;0.000102015699667;0.000003644046046;0.000026203881134;0.000006670338280;0.208164542913437;0.001017776783556;1. Against immigration, migrants, foreigners, refugees, or Muslims.
20;fdfe26f7cdfca6ab;4f866134b2a7fdb7;efa56f68c617a710;2024-09-05T13:53:28.000Z;Het ontbrekende detail in #VaarwelVaderland van @OmroepMAX: de ontheemde gezinnen uit Indonesië betaalden de hoofdprijs voor hun gedwongen verblijf in #contractpensions. Die als opvanglocaties vervolgens op uitgekookte wijze geëxploiteerd werden voor de opvang van gastarbeiders.;;3.0;4;256;gastarbeiders;2024-09-27 20_52_32.971218;0.003703943220898;0.000018743146939;0.000028191780075;0.000866237678565;0.000241028887103;0.035329580307007;0.001343536539935;5. Is neutral.
21;12fe6b81af09a159;c617ac153b68c253;3136ea36b1c47a45;2024-09-24T13:16:32.000Z;De buitenlandse werving van Spaanse, Marokkaanse en Turkse arbeiders, (1961 en 1964) werd gestart door het toenmalige kabinet van KVP, ARP, CHU en VVD. In 1973 beëindigde het kabinet-Den Uyl de officiële werving van gastarbeiders.;;4.0;14;748;gastarbeiders;2024-09-27 20_52_32.971218;0.002111543668434;0.000332891038852;0.000102785634226;0.000010030113117;0.000004025040198;0.003219283418730;0.000095683702966;5. Is neutral.
22;6ded2b796cbdf22b;0e73391ba67fccab;bda482e2ef242f65;2024-09-21T08:15:05.000Z;En toch zijn ze in grote aantallen blijven komen, dragen ze weinig bij (een groot deel van de zogenaamde gastarbeiders werkt niet en een flink aantal heeft dat zelfs nooit gedaan), integreren ze niet en leveren ze overlast (oververtegenwoordiging criminaliteit) op. Hoe kan dat?;;;3;51;gastarbeiders;2024-09-27 20_52_32.971218;0.489584296941757;0.000218252054765;0.000117571697047;0.000048056517699;0.000034172870073;0.019651548936963;0.000076266740507;1. Against immigration, migrants, foreigners, refugees, or Muslims.
23;81d8835913f21f59;fa581092212eab81;30b99af317e04576;2024-09-21T20:44:03.000Z;Ik kom uit een provinciestadje waar  relatief veel industrie was. Papier- en kartonfabriek, machinefabriek, kabelbomen, landbouw techniek, confectie, blikfabriek, noem maar op. Eind jaren 60 kwamen de gastarbeiders. Eerst Spanjaarden, vrome katholieken, daarna Marokkanen,;2.0;;2;300;gastarbeiders;2024-09-27 20_52_32.971218;0.037382494658232;0.000018129108867;0.000166474259458;0.000009894596587;0.000031391671655;0.001335454871878;0.000592550437432;5. Is neutral.
24;d553585439c160d4;c7db0e7ae9b7bc74;d5e6b500af19b582;2024-09-24T18:06:54.000Z;"De actieve werving van gastarbeiders werd in 1973 door het kabinet-Den Uyl gestaakt; het wervingsverdrag werd gestopt. Voor de jonge lezers: Den Uyl was geen VVD’er. /13 @VVD @DilanYesilgoz";1.0;2.0;4;118;gastarbeiders;2024-09-27 20_52_32.971218;0.001415866659954;0.000001443751557;0.000001029103601;0.000245995353907;0.000209000048926;0.000705852406099;0.000102475787571;5. Is neutral.
25;c1c616ff95bc4a3b;a21e0ba0ca44daea;c82c663964cb358f;2024-09-25T19:43:03.000Z;Zelfde met de PvdA: gastarbeiders en immigranten werden met open armen ontvangen omdat het potentiële vakbondsleden en later PvdA-stemmers waren (dachten ze).;;;3;28;gastarbeiders;2024-09-27 20_52_32.971218;0.180198580026627;0.000012936109670;0.000225536306971;0.000116334820632;0.000083029888629;0.008961139246821;0.000342852232279;5. Is neutral.
26;a28797774d570ac3;07bd5ed0e667e1be;7d25f32ba8a80124;2024-09-25T10:44:58.000Z;En vergeet niet dat toen de werkloosheid hoog was en o.a. deze Turkse gastarbeiders minder productief waren, ze in de WAO werden gedumpt door de werkgevers. De Nederlandse taal niet spreken woog mee als criterium. En Kok ( PVDA) heeft de WAO vereisten daarna aangepast.;2.0;;10;899;gastarbeiders;2024-09-27 20_52_32.971218;0.096113115549087;0.000035468674469;0.000527076830622;0.000054616823036;0.000122019751870;0.009829771704972;0.000119303229439;5. Is neutral.
27;19bd84eaa9904f93;5bfe62d9f7d85f01;19bf2849176f54f4;2024-09-19T17:48:02.000Z;Zonder “witte mannen” leefde jij nog gewoon in Turkije. Dan was NL namelijk net zo’n achterlijk achtergebleven gebied gebleven als waar de meeste gastarbeiders & “asielzoekers” vandaan komen. Respect zou op zijn plaats zijn dame.;;;8;51;gastarbeiders;2024-09-27 20_52_32.971218;0.065361894667149;0.000029786633604;0.000068899920734;0.000234140738030;0.000122742334497;0.052298184484243;0.000275249738479;1. Against immigration, migrants, foreigners, refugees, or Muslims.
28;367320dbae30e68b;8c405a319e17b513;6656106f4bf7533c;2024-09-20T16:14:44.000Z;"En daarbij: De grenzen zijn destijds opengezet op verzoek van... Werkgevend Nederland. In het algemeen zijn dit... VVD-ers.
Aangezien slavernij niet meer mocht, kregen gastarbeiders (terecht) dezelfde rechten en plichten als NL-ers.";;;3;251;gastarbeiders;2024-09-27 20_52_32.971218;0.005946019198745;0.000074655261415;0.000019864770366;0.000673963397276;0.000609549169894;0.009731958620250;0.000043109896069;5. Is neutral.
29;c626f66a99d57804;113b6fffd5478091;5e1e332894a82fb2;2024-09-23T12:45:22.000Z;Marokkanen zijn hier gekomen als gastarbeiders. Die waren toen heel kansrijk vanzelfsprekend. Door de economische crisis na 1980 werden E echter massaal werkloos en daarom behoren zij (en hun kinderen) nu tot de lagere klasse. En in de lagere klasse vind je meer criminaliteit.;1.0;;2;92;gastarbeiders;2024-09-27 20_52_32.971218;0.319375425577164;0.000004648012691;0.001937595312484;0.000088392473117;0.000202881696168;0.004805997014046;0.000273022887995;5. Is neutral.
30;0a2a69dc72ae9958;075f118a96e30609;e85d636dcfd44189;2024-09-20T10:21:13.000Z;"Joop den Uyl maakte in 1973 een eind aan de werving van gastarbeiders die door rechts  conservatieve regeringen hierheen waren gehaald.
Job Cohen was staatsecretaris en heeft een strenger vreemdelingenwet ingevoerd. 
Wilders verteld zoals gewoonlijk sprookjes.
#APB2024";159.0;413.0;1,2K;38K;gastarbeiders;2024-09-27 20_52_32.971218;0.041742533445358;0.000043802527216;0.000058228539274;0.000734727538656;0.000263272697339;0.004917001351714;0.000485407450469;5. Is neutral.
31;d576ee818301b3eb;bc13295a0717829a;4fcc05e0abee58f3;2024-09-19T11:17:55.000Z;"58 jaar geleden vroegen we ""gastarbeiders"" die we wel lieten werken, maar niet lieten integreren. Wel ons buile werk te doen, voor een laag loon, maar niet het licht in de ogen gunnen. En dan nu klagen dat ze geen nederlands spreken.";;;5;110;gastarbeiders;2024-09-27 20_52_32.971218;0.228889882564545;0.000161942924024;0.000025610095690;0.000003681094768;0.000002006402156;0.024188367649913;0.000092181282525;1. Against immigration, migrants, foreigners, refugees, or Muslims.
32;bdb64cdd52d36cd1;1b081aa96ddf28d4;4930471aa3c57631;2024-09-20T04:50:55.000Z;"Van oudsher was links (Joop den Uyl, Jan Marijnissen) altijd fel tegen immigratie omdat het om goedkope arbeid gaat wat concurrentie is voor autochtone arbeider qua werk en wonen en vakbonden om zeep helpt.
Later ging PvdA draaien want gastarbeiders stemden allemaal PvdA.";;1.0;23;397;gastarbeiders;2024-09-27 20_52_32.971218;0.066206350922585;0.000087997621449;0.001359098590910;0.000093264679890;0.000253684789641;0.004448296967894;0.000228200777201;1. Against immigration, migrants, foreigners, refugees, or Muslims.
33;6359360878d36308;3dab550bf0e3d72c;06b20c601549a4a3;2024-09-21T08:45:02.000Z;"Om spuugzat van te worden, deze onzin. Kijk eens naar de aantallen parasieten die afgelopen jaren Nederland in zijn gekomen. Honderden duizenden. Er zijn al 420.000 Marokkanen alleen binnen gekomen. Terwijl den Uyl 44.000 gastarbeiders binnengelaten heeft rond 1970.

Leugenaar!";3.0;;6;834;gastarbeiders;2024-09-27 20_52_32.971218;0.741307139396667;0.000038475729525;0.000058054502006;0.000020787114408;0.000109296706796;0.045996475964785;0.000108648491732;1. Against immigration, migrants, foreigners, refugees, or Muslims.
34;1c7837a10345f2e7;91c41dde843439e9;a63bf9937b99393c;2024-09-18T09:39:11.000Z;@jimmydijk : gastarbeiders die we nu statushouders noemen !!!   #APB2024  #algemenebeschouwingen;;;2;242;gastarbeiders;2024-09-27 20_52_32.971218;0.156932592391968;0.000030010312912;0.000000886599878;0.000055058651924;0.000018981052563;0.001532890135422;0.000042200827011;1. Against immigration, migrants, foreigners, refugees, or Muslims.
35;646959a868ed97d6;3d32264d59b0c2f8;58882edb0b0f4df1;2024-09-21T05:56:18.000Z;Het was de PvdA die de gastarbeiders de familie lieten ophalen. Het begin van alle ellende.;;;3;38;gastarbeiders;2024-09-27 20_52_32.971218;0.250074267387390;0.000007832438314;0.000015075198462;0.000022628308216;0.000069355570304;0.032442908734083;0.000588263850659;1. Against immigration, migrants, foreigners, refugees, or Muslims.
36;d9359cc49bed8b3c;3d32264d59b0c2f8;58882edb0b0f4df1;2024-09-19T09:52:07.000Z;"Precies laatst ook een Turkse man en zijn zus. Zus was 60 jaar in NL en sprak geen woord NLs.
Dit waren de gastarbeiders die kwamen werken dat precies 2 jaar deden en vervolgens in de ZW en uiteindelijk in de WAO terecht kwamen, vanwege rugpijn.";;3.0;9;236;gastarbeiders;2024-09-27 20_52_32.971218;0.091302610933781;0.000095418457931;0.011481535620987;0.000594045210164;0.000276759907138;0.026972213760018;0.004659301135689;1. Against immigration, migrants, foreigners, refugees, or Muslims.
37;fb26ed6428134c13;d235d56f7980b5f9;839ac6472fa06bed;2024-09-20T14:06:52.000Z;"Vroeger moesten de gastarbeiders terug.
Den Uyl heeft hierin verandering gebracht met de wet ""recht of gezinshereniging"" in 1974.
Daarvoor waren het GASTarbeiders en zoals het woord het al zegt, te gast en men ging terug. Kom in Spanje nog veel mensen tegen uit die 
tijd.";6.0;2.0;23;1,1K;gastarbeiders;2024-09-27 20_52_32.971218;0.003335467306897;0.000005284540293;0.000013082941223;0.000003662004701;0.000007363696568;0.000695628405083;0.000015817231542;1. Against immigration, migrants, foreigners, refugees, or Muslims.
38;13e8215fec018bd9;3bbfd5abb6808499;a2d20b987d5f8f13;2024-09-20T22:57:16.000Z;Door gastarbeiders als slaven uit te buiten. Jeetje.;;;4;39;gastarbeiders;2024-09-27 20_52_32.971218;0.298317819833755;0.000172471714904;0.000009018914170;0.001357553876005;0.000043766332965;0.133881956338882;0.002392890630290;1. Against immigration, migrants, foreigners, refugees, or Muslims.
39;b1dc2792135a06f3;e0c6277f17c991c8;281772972fe3316e;2024-09-20T23:21:37.000Z;De werkgevers hebben GASTarbeiders over laten komen vanuit het buitenland. De GASTarbeiders zouden enige tijd hier werken er terug gaan naar hun land van afkomst. Den Uyl en de PVDA zijn de GASTarbeiders gaan beschouwen als inwoners van Nederland hetgeen nooit de bedoeling was.;;;2;40;gastarbeiders;2024-09-27 20_52_32.971218;0.052206978201866;0.000079554578406;0.000092856367701;0.000059714275267;0.000061085345806;0.019172908738256;0.000912208226509;1. Against immigration, migrants, foreigners, refugees, or Muslims.
40;9bd2f17c8a7a2e81;b8f5b09425eb8025;457190826e0f2ea1;2024-09-25T10:19:13.000Z;Was er dan niemand kritisch in die tijd? Jazeker. De PvdA. De linkse partij waarschuwde voor verdringing van Nederlandse werknemers en de druk op de lonen. Daarom eiste de PvdA dat gastarbeiders maar twee jaar mochten blijven.;6.0;32.0;243;8,4K;gastarbeiders;2024-09-27 20_52_32.971218;0.011446328833699;0.000059359772422;0.000261230656179;0.000034835087718;0.000183915530215;0.006249436177313;0.000586216454394;1. Against immigration, migrants, foreigners, refugees, or Muslims.
41;57b8c4150ecb6956;fe31c899b5794b09;9887c29f1ddfd2d1;2024-09-02T12:41:58.000Z;"19/08/1964 Den Haag, Nederland: KVP/ ARP/ CHU/ VVD-kabinet-Victor Marijnen/ Turks minister van Arbeid Bülent Ecevit tekenen wervingscontract voor Turkse ""gastarbeiders"" - ""Blonde Geert"" beweert al jaren dat 'links' dat deed, maar dat LIEGT-ie";;;;26;gastarbeiders;2024-09-27 20_52_32.971218;0.031000770628452;0.000053750423831;0.000344058498740;0.002261245390400;0.002005380345508;0.007708726450801;0.000526299700141;3. Against those that oppose immigration or are negative towards migrants, foreigners, refugees, or Muslims.
42;8b3121cb60e41c55;b74c936a856cecc8;9d4bb69970a2387e;2024-09-01T19:11:18.000Z;Klopt. De wederopbouw was al in 1955 praktisch voltooid door hardwerkende Nederlanders. Dus nog ver voor de eerste gastarbeiders als goedkope arbeidskrachten naar Nederland kwamen. Overigens eerst uit Zuid-Europa en later in de jaren '60 uit Turkije en Marokko.;2.0;6.0;10;240;gastarbeiders;2024-09-27 20_52_32.971218;0.005034811329097;0.000020815221433;0.000033675703889;0.000009122006304;0.000024046637918;0.001827058382332;0.000044400312618;5. Is neutral.
43;981123f0b109a088;fce77c34d3fec987;49389f4662f2a410;2024-09-18T17:48:10.000Z;"Is er nou vanavond alweer een programma/serie over “gastarbeiders”..?

Waarom wordt belastinggeld gebruikt om een politieke mening populair te maken?

En mensen maar klagen over ON, want dit is zeker niet “sturend” bedoeld..(?).";;;;/Ignore1090445###/Ignore1090445###/Ignore1090445/status/1836462231208264172;gastarbeiders;2024-09-27 20_52_32.971218;0.049534354358912;0.000435083551565;0.000067278364440;0.000033764616092;0.000014765304513;0.080672688782215;0.000340520549798;1. Against immigration, migrants, foreigners, refugees, or Muslims.
44;5a931e5bc7862beb;fe31c899b5794b09;9887c29f1ddfd2d1;2024-09-06T15:08:18.000Z;de Volkskrant 26 april 1980 En weer EIST het bedrijfsleven de komst van 'gastarbeiders'. VVD, CDA gehoorzamen als bereidwillige politieke knechten. PvdA en vakbeweging protesteren tevergeefs. Oh, natuurlijk schelden verdeel-en-heersknechtjes de geronselde buitenlanders voor rot.;;;;10;gastarbeiders;2024-09-27 20_52_32.971218;0.406736940145492;0.000252318772255;0.001315606408752;0.000153615706949;0.000050586841098;0.256838649511337;0.001223442959599;1. Against immigration, migrants, foreigners, refugees, or Muslims.
45;15c7702f6143f3fc;054d01610e298641;5ac1daa43f23a2b2;2024-09-25T19:06:00.000Z;Op donderdagmiddag 3 oktober wandelt Ries  een route waarbij we stil staan b verhalen van gastarbeiders.  We verzamelen om 14.00 uur bij Bemuurde Weerd Oostzijde 3.  Na afloop is er gelegenheid tot napraten.;;1.0;;65;gastarbeiders;2024-09-27 20_52_32.971218;0.004368593450636;0.000237090323935;0.000167381673236;0.000120477889141;0.000048345456889;0.004275982733816;0.000080478137534;5. Is neutral.
46;f108355dfc0392cd;da928a3d4fede4d3;31b838d28858eaa4;2024-09-04T21:01:10.000Z;"#VaarwelVaderland
De gastarbeiders en mensen uit Indonesië vertellen over hun reden ,aankomst en leven in Nederland .Boeiend maar ook komt de vraag op ,waarom en wanneer begon het mis te gaan.";;;;107;gastarbeiders;2024-09-27 20_52_32.971218;0.006726731080562;0.000068439767347;0.000388514570659;0.000657023454551;0.000621847517323;0.001095874700695;0.000258036190644;5. Is neutral.
47;048a895d1cbb4700;10e7d9c072116897;ca22881e6293cd21;2024-09-11T10:35:00.000Z;"Zo'n 60 jaar geleden kwamen de eerste Turkse gastarbeiders naar Nederland. Maar hoe zit het met de vrouwen die hun man achterna reisden? Fotograaf en journalist Çiğdem Yüksel brengt deze verhalen tot leven in haar tentoonstelling en boek ""Je moest eens weten"".";;1.0;4;1,2K;gastarbeiders;2024-09-27 20_52_32.971218;0.001016754424199;0.000018314611225;0.000000659400769;0.000060398368078;0.000049605285312;0.001440239720978;0.000122626632219;5. Is neutral.
48;7084ad603e432389;b74c936a856cecc8;9d4bb69970a2387e;2024-09-05T17:02:07.000Z;De lonen werden begin jaren '60 te hoog en de werkgevers hebben toen sterk aangedrongen op goedkope gastarbeiders. Heel wat Nederlanders zijn toen werkloos geraakt. Daar heb ik nog eens een stukje over geschreven.;2.0;5.0;22;182;gastarbeiders;2024-09-27 20_52_32.971218;0.011155469343066;0.000003709980092;0.000325081404299;0.000051458016969;0.000059382931795;0.001960692694411;0.000182760355528;1. Against immigration, migrants, foreigners, refugees, or Muslims.
49;ba9d485035522a44;da234f602db8b874;c38c746509cffe05;2024-09-27T08:13:01.000Z;Ik ken het uit mijn jeugd, bij vriendinnen van mijn moeder die in elkaar werden geslagen door hun mannen. Lang voor er gastarbeiders kwamen. Gewone meneren die in pak naar hun werk gingen in hun Opel. Ik ken n jonge vrouw die kort geleden bijna gewurgd werd door haar man.;2.0;;1;24;gastarbeiders;2024-09-27 20_52_32.971218;0.055980507284403;0.000158518872922;0.045149590820074;0.018412942066789;0.000814015627839;0.621003687381744;0.061561554670334;6. Other: domestic violence not immigration related.
50;2846ac2a2a374e08;3baee9f30bd535b5;85d21f86d9a47be2;2024-09-07T15:54:52.000Z;Goede nieuwe serie (6 delen van 50 min.) over #migratie/eerste #gastarbeiders. Titel 'Vaarwel Vaderland'. De feiten kloppen (grotendeels)(schreef er zelf 10 jaar geleden over). #Geschiednisles #geschiedenis #politiek #economie #arbeidsmigratie.;1.0;;1;82;gastarbeiders;2024-09-27 20_52_32.971218;0.003014185465872;0.000008338712178;0.000009895246876;0.000177590307430;0.000327543384628;0.001706346170977;0.000359034806024;5. Is neutral.
51;7ec52bba49600272;113b6fffd5478091;5e1e332894a82fb2;2024-09-24T14:30:55.000Z;Goed genuanceerd stuk over het #DeenseModel. Dat is zo bijzonder niet. Het is vooral gebaseerd op de EU-opt out, waardoor Denemarken al heel lang net iets strenger kan zijn dan andere landen. Denemarken is van oudsher wars van migranten en heeft ook nooit gastarbeiders gekend.;1.0;;;41;gastarbeiders;2024-09-27 20_52_32.971218;0.028434202075005;0.000001656172230;0.000044981239625;0.000014560408999;0.000018762173568;0.000774520041887;0.000156248381245;5. Is neutral.
52;176295271ba8e520;14eb839283d64f19;2d556e84a43f21bc;2024-09-25T10:28:40.000Z;De vraag is dan ook: Waar en wanneer zal dit leger worden ingezet. Hoe was dit met de Turkse en Marokkaanse gastarbeiders die in WO2 vochten @superjan. Ik weet het niet, het klopt iig totaal niet.;;;;14;gastarbeiders;2024-09-27 20_52_32.971218;0.081964805722237;0.000039556194679;0.000004046253707;0.000075115785876;0.000052160765335;0.068889282643795;0.000539091823157;6. Other: unclear stance on immigration.
53;29167a01585a62a7;a846649b74b8a087;f875e1889f419a15;2024-09-05T14:47:35.000Z;"Ik zag ""vaarwel vaderland"" over gastarbeiders. Het was moeilijk, hard en zwaar werk. Maar wat kregen zij daarvoor terug wat ze in eigen  land nooit hadden gekregen. En ze prijzen de gastvrijheid en hulp van de nederlanders. Waar komt het anti Nederland 3e generatie dan vandaan?";;;;23;gastarbeiders;2024-09-27 20_52_32.971218;0.066634491086006;0.000088591034000;0.000068334185926;0.000113092151878;0.000462088588392;0.007334538269788;0.000067605848017;5. Is neutral.
54;e8d9405886a43f3a;fb5bca328c73db67;2189e9c1364d2ee7;2024-09-19T20:21:36.000Z;"Hun nieuwe electoraat.
Dat was al de opmerking eind jaren '70 over de gastarbeiders door Max vd Berg, of in ieder geval iemand in de top van de PvdA.";8.0;7.0;79;1,7K;gastarbeiders;2024-09-27 20_52_32.971218;0.004974850453436;0.000051883002016;0.000094303497463;0.000177161215106;0.000129021267639;0.006059988867491;0.000167836202308;5. Is neutral.
55;382159a69884148b;9c25e1e7400d1682;869da18ad076077a;2024-09-20T21:10:55.000Z;niet door rechts conservatieve regeringen. Die zagen alleen geen problemen (niemand niet) bij het door onze grote bedrijven (philips, akzo, aldel, textiel) ronselen van gastarbeiders.;;;;20;gastarbeiders;2024-09-27 20_52_32.971218;0.049617301672697;0.000066370244895;0.000137020804686;0.000327208806993;0.000148365768837;0.002678479067981;0.000963936734479;5. Is neutral.
56;16b43177d5dc08ea;e0c6277f17c991c8;281772972fe3316e;2024-09-23T09:24:35.000Z;Het spreekwoord gasten en verse vis,blijven 3 dagen fris. Gastarbeiders voor 3 dagen is inderdaad wat kort, maar 3 jaar had het maximum moeten zijn. Had een heleboel problemen bespaard en hadden we nu geen parallelle gemeenschap in Nederland gehad.;;1.0;3;79;gastarbeiders;2024-09-27 20_52_32.971218;0.053340483456850;0.003661247901618;0.000395517330617;0.000034766057070;0.000105518578493;0.081237971782684;0.004564776550978;1. Against immigration, migrants, foreigners, refugees, or Muslims.
57;a8f8b033089c7c56;e0c6277f17c991c8;281772972fe3316e;2024-09-17T16:23:40.000Z;"Ja dat is zo. Gastarbeiders kwamen in de jaren '70 om Nederland te bouwen. Mijn ouders en wij kinderen leefden toen nog in schapenvellen en in een grot. Nederland bestond nog niet. Waarom hebben moslims het eigenlijk          ""Nederland"" genoemd? 
Waren wij inboorlingen nederig?";1.0;;2;35;gastarbeiders;2024-09-27 20_52_32.971218;0.179757863283157;0.000003749865755;0.000002122530304;0.000079721423390;0.000138007133501;0.001887602382340;0.000090886940598;1. Against immigration, migrants, foreigners, refugees, or Muslims.
58;3c528b35721ef4ec;78eb0f835c50cc74;c6151824451832d5;2024-09-20T22:20:28.000Z;Joop de Uyl zette de grenzen juist wagenwijd open..Het zijn echt sprookjes die u verteld, sterker nog toen kwamen de gastarbeiders die noooooooiiiiit meer weggingen.;1.0;;2;57;gastarbeiders;2024-09-27 20_52_32.971218;0.045954015105963;0.000021645999368;0.000243426824454;0.000029754293791;0.000025043493224;0.002120562363416;0.000552279932890;1. Against immigration, migrants, foreigners, refugees, or Muslims.
59;151b7e2ca019e725;3ff41ca81c424737;50118ba59067f24c;2024-09-23T08:30:09.000Z;"Dat was vroeger al 70-tiger jaren. Achter op de vuilniswagen stonden enkel autochtonen, terwijl men dacht dat de turken juist als gastarbeiders kwamen om het vuile werkt te doen waar Nederlanders hun neus voor optrokken...
Tsja in  die tijd verdiende ze FL 2.600 bruto/mnd ! Een";1.0;;5;188;gastarbeiders;2024-09-27 20_52_32.971218;0.326303929090500;0.000049468857469;0.000108660613478;0.000149607978528;0.000688252446707;0.010743191465735;0.001835206407122;5. Is neutral.
60;760ee49448e89123;c7db0e7ae9b7bc74;d5e6b500af19b582;2024-09-24T18:05:27.000Z;En wie was er kritisch? Juist, ja. De PvdA. En dat vanwege de verdringing van Nederlandse werknemers en de druk op de lonen. Daarom eiste de PvdA dat gastarbeiders maar twee jaar mochten blijven. /11 @VVD @DilanYesilgoz;1.0;1.0;3;43;gastarbeiders;2024-09-27 20_52_32.971218;0.012380379252136;0.000080388628703;0.000006022567050;0.000470327824587;0.000224455521675;0.002497338224202;0.000394066271838;1. Against immigration, migrants, foreigners, refugees, or Muslims.
61;326b495523cd3234;98b28d96a7f4f319;af80523ecb031ae9;2024-09-19T09:38:56.000Z;"Ik ben 68 jaar en heb de instroom van gastarbeiders vanaf het begin meegemaakt.
Ik heb nog nooit problemen of angst ervaren als die extreemrechtse dombo's.";2.0;;6;99;gastarbeiders;2024-09-27 20_52_32.971218;0.812942504882812;0.000005091218100;0.000009428573321;0.000548408657778;0.000034207238059;0.028692228719592;0.000039492082578;3. Against those that oppose immigration or are negative towards migrants, foreigners, refugees, or Muslims.
62;d5647f07ff09bb70;bb2d01e4ad68f9ac;c1f802ab5c6c3147;2024-09-24T13:18:48.000Z;Ik ken de verhalen van nazaten van arbeidsmigranten, eerder betiteld met gastarbeiders o.m. vanuit mijn betrokkenheid bij een minor aan de HHS, over onwrikbare schooladviezen beneden competentie waar ze tegen in moesten vechten. Vaak pas stapsgewijs op competentieniveau;;;2;16;gastarbeiders;2024-09-27 20_52_32.971218;0.027056509628892;0.000023111642804;0.002278089290485;0.001201566308737;0.000662224832922;0.029631944373250;0.001278035459109;5. Is neutral.
63;71f1fa24ae34ef22;f1c182e54245d2b7;a002abd51fb44e09;2024-09-16T04:34:44.000Z;Dat mensen kansen moeten krijgen om te integreren. Nederland kan niet weer de fouten maken die ze met de gastarbeiders in de jaren 60 maakten.;2.0;;;125;gastarbeiders;2024-09-27 20_52_32.971218;0.033839050680399;0.000016423986381;0.000001101230851;0.000022331973014;0.000020916128051;0.008877641521394;0.000082890728663;2. In support of immigration, migrants, foreigners, refugees, or Muslims.
64;ba0481cd6ded8319;4232d2af1588375f;f9a620d0133fa173;2024-08-31T14:20:16.000Z;"Het is zestig jaar geleden dat Nederland een wervingsverdrag sloot met Turkije en dat de eerste gastarbeiders naar ons land kwamen. Wat valt er, nu arbeidsmigratie weer onder vuur ligt, van toen te leren? ‘Dat mensen teruggaan is vaak een illusie.’
#60jaarTurksearbeidsmigratie";;;;54;gastarbeiders;2024-09-27 20_52_32.971218;0.014224751852453;0.000105509818240;0.000025371622542;0.000075630203355;0.000232273887377;0.006945656612515;0.000327235000441;5. Is neutral.
65;d78f7ecdc18efee3;bb2d01e4ad68f9ac;c1f802ab5c6c3147;2024-09-24T13:25:10.000Z;Ik ken de verhalen van nazaten van arbeidsmigranten, eerder betiteld met gastarbeiders, o.m. vanuit m’n betrokkenheid bij een minor aan de HHS, over onwrikbare schooladviezen beneden competentie waar ze tegenin moesten vechten. Vaak stapsgewijs pas op competentieniveau. #racisme;1.0;;6;188;gastarbeiders;2024-09-27 20_52_32.971218;0.026422165334225;0.000039974958781;0.000155176225235;0.000633710122202;0.000535714672878;0.004858394619077;0.000183429001481;3. Against those that oppose immigration or are negative towards migrants, foreigners, refugees, or Muslims.
66;711c8d8e115b3240;90f58980f970fa5f;3614f00ea10ebf64;2024-09-22T13:16:01.000Z;"Dit zijn werklozen...werkloosheid in deze arbeidsmarkt zet mij aan het denken. 
Gastarbeiders zijn het, bij ontslag of.einde werkzaamheden retour land van herkomst.";;;5;56;gastarbeiders;2024-09-27 20_52_32.971218;0.101834461092949;0.000132044617203;0.001288373256102;0.000037878086005;0.000007996970453;0.009590211324394;0.000596872414462;1. Against immigration, migrants, foreigners, refugees, or Muslims.
67;f46889f0713bd138;4c9fb9fd31cfb6f7;1228bbfb47667e32;2024-09-21T08:19:14.000Z;"Vaals is trouwens ook heel mooi al is er op dat park geen reet te doen.

Dunimar viel echt tegen, prachtige huisjes maar kale vlakte en veel gastarbeiders in de huisjes

Als je een keer iets nieuws zoekt dan raad ik de Lommerbergen echt aan, prachtig in het bos met veel beestjes.";1.0;;2;46;gastarbeiders;2024-09-27 20_52_32.971218;0.014775110408664;0.000011885783351;0.001194392680190;0.000075537587691;0.000117105570098;0.000883035303559;0.000017710237444;1. Against immigration, migrants, foreigners, refugees, or Muslims.
68;29031b44b3fa77ad;997361bcc2b804ba;50fd38825c7242dc;2024-08-25T15:22:12.000Z;"'Dat juist een aanzienlijk deel van de tweede en derde generatie moslimimmigranten aanmerkelijk fanatieker is dan de goedlachse gastarbeiders van weleer.'
Moslims in de polder: a match made in heaven https://ewmagazine.nl/nederland/opinie/2024/04/moslims-in-de-polder-a-match-made-in-heaven-69398w/… via @ewmagazinenl";2.0;;;93;gastarbeiders;2024-09-27 20_52_32.971218;0.090293794870377;0.000067544242484;0.000000763261937;0.000136370494147;0.000214434592635;0.001490589347668;0.000020792187570;1. Against immigration, migrants, foreigners, refugees, or Muslims.
69;c20b4f7533eec532;cb522ecb0b39ecd5;6a657b2f15ebe3d7;2024-09-18T22:50:30.000Z;Ik ben het met Ouwehands eens. De (nazaten van) gastarbeiders en die klote expats krijgen veel te weinig haat.;;;2;293;gastarbeiders;2024-09-27 20_52_32.971218;0.440266549587250;0.000041127124859;0.000016079387933;0.000004421204721;0.000011036586329;0.029996925964952;0.000046518427553;1. Against immigration, migrants, foreigners, refugees, or Muslims.
70;24a34fe7b9988310;2f77bb1b61a8e2f6;f2cdeb150bfc723a;2024-09-08T09:37:29.000Z;"1960 yıllarında iş için Holanda'ya gelenlere #gastarbeiders veya #buitenlandsearbeiders ismi verilmişti 

Son yıllarda Holanda'ya gelelenlere 
#arbeidsmigranten veya #expat ismi verildi 

#işçi #yabancı #gastarbeider #expat #arbeidsmigrant";;;;30;gastarbeiders;2024-09-27 20_52_32.971218;0.000158021473908;0.000042765776016;0.000002235026614;0.000014140905478;0.000021437996111;0.000031424980989;0.000042093510274;5. Is neutral.
71;bd828efd09a37397;f46cf2b95a332ba2;c8083fd928f6ceb1;2024-09-20T19:33:37.000Z;De VVD wilde gastarbeiders naar Nederland halen, want de werkgevers (en dat vinden ze nog steeds) zijn williger, gehoorzamer en goedkoper. Het is vooral en met en met name de VVD, men Wilders, de berg volksverlakker waar u uitgekropen bent, omdat u daar zelfs niet tussen paste.;;;1;44;gastarbeiders;2024-09-27 20_52_32.971218;0.263691484928131;0.000442596938228;0.001427509356290;0.000096883792139;0.000040312766941;0.091225899755955;0.000275756668998;1. Against immigration, migrants, foreigners, refugees, or Muslims.
72;f55cd176a05904f6;ea1d3c3c97ca44df;c95113d6dfb4454a;2024-09-18T08:01:37.000Z;"Ook weer zo'n migratiemythe: namelijk dat links massaal gastarbeiders naar Nederland haalde, terwijl de SP vanaf het begin niet blij was met de komst van gastarbeiders (overigens spatte de xenofobie toen al van de SP standpunten af). 

Maar het is allemaal de schuld van links...";1.0;;;205;gastarbeiders;2024-09-27 20_52_32.971218;0.324826419353485;0.000059821944888;0.000378590630135;0.000037761015847;0.000057317367464;0.008368434384465;0.000084444254753;3. Against those that oppose immigration or are negative towards migrants, foreigners, refugees, or Muslims.
73;411746cae8ea156b;49ec9289b87de408;d816a91f4356ac0a;2024-09-04T11:31:02.000Z;Op 25 september kan je naar Pakhuis de Zwijger in Amsterdam, waar het boek “Van dankbaar naar strijdbaar” van Bilal Ben Abdelkarim  centraal staat. Het vertelt het verhaal van Marokkaanse Nederlanders die zich niet alleen hebben ontwikkeld van gastarbeiders naar trotse burgers,;;2.0;12;1,2K;gastarbeiders;2024-09-27 20_52_32.971218;0.001799822319299;0.000004686295142;0.000080424440966;0.000025935974918;0.000003163067049;0.003405359108001;0.000028518703402;5. Is neutral.
74;09e67a1b364a6631;205f94cfab2bcd12;3e53ed15af0a4de8;2024-09-05T19:44:38.000Z;Syrische gastarbeiders? #vandaaginside;;;;163;gastarbeiders;2024-09-27 20_52_32.971218;0.002825767267495;0.000320453109453;0.000002024218475;0.000400712684495;0.000031042949558;0.000185111508472;0.000091528811026;6. Other: unclear stance on immigration.
75;8585c72787eb7b51;9a412f8884719aa0;82386357e6f5881a;2024-08-30T19:46:46.000Z;2024: Kabinet onder leiding van @PVVpers regelt belastingvoordeel voor gastarbeiders. What's next?;;;;21;gastarbeiders;2024-09-27 20_52_32.971218;0.002518951194361;0.000258823885815;0.000000333474162;0.000019036360754;0.000101584402728;0.009338766336441;0.000109370717837;1. Against immigration, migrants, foreigners, refugees, or Muslims.
76;1c37d1deda7849cd;5de4b0694632ebd0;2350ab61a96bb83c;2024-09-26T17:07:38.000Z;Inderdaad, de corrupte Midden-Europese elite ondermijnt de Europese veiligheid door Russische gastarbeiders toe te laten in Hongarije, en daarmee ook in de gehele Schengen-zone. Dit geeft Rusland vrij spel om spionageactiviteiten te ontplooien in Europa, wat de hybride;2.0;10.0;19;2,1K;gastarbeiders;2024-09-27 20_52_32.971218;0.240669101476669;0.000135178386699;0.000125221398775;0.003720322623849;0.000231256039115;0.037941008806229;0.000414347712649;1. Against immigration, migrants, foreigners, refugees, or Muslims.
77;c8f547469d32688f;9a78afb4c45ae8db;69056dd75df3af36;2024-08-06T09:22:57.000Z;'Kinderachtige leugens': Hongarije ontkent EU-verwijten over Russische gastarbeiders;2.0;;3;39;gastarbeiders;2024-09-27 20_52_32.971218;0.024247515946627;0.000155582922161;0.000072607013863;0.000666217063554;0.003065125551075;0.002326587913558;0.000062156381318;5. Is neutral.
78;c866605b98a11e1e;3d5b86071d96d682;8d85db31e1d471c4;2024-09-02T22:31:35.000Z;"Jaja, dames en heren. 
Volgens Pieter is er werk aan de winkel. 
Anders haalt Hengelo de 100.000 niet...
(Ow, Ok, sorry, komt dus goed met gastarbeiders...)

NSC-leider Omtzigt waarschuwt voor lage geboortecijfers: 'Gevolgen zijn groot'";;1.0;3;106;gastarbeiders;2024-09-27 20_52_32.971218;0.015587231144309;0.000166157100466;0.000098062650068;0.000345401989762;0.000391970796045;0.007318308111280;0.000032136296795;6. Other: sarcastic about guest workers.
79;2f43963cb0298d40;050f0410306cb707;867f2164babe149c;2024-08-19T06:26:02.000Z;Wierd Duk is nog altijd blij dat de grootouders van zijn kind naar Nederland kwamen. 60 jaar Turkse gastarbeiders in Nederland: 'Hebben onze jaren gegeven' /via @NOS;;;;132;gastarbeiders;2024-09-27 20_52_32.971218;0.002536516403779;0.000008431881724;0.000008971826901;0.000793408486061;0.007029782515019;0.000383135804441;0.000353656156221;2. In support of immigration, migrants, foreigners, refugees, or Muslims.
80;7c2f4df07d0e31fd;361cde1b152e57dc;f8733c9649197545;2024-09-16T21:42:45.000Z;#barlaat de fout is in de jaren 70 en 80 gemaakt door de gastarbeiders niet terug te sturen na einde werk..en dat is geescaleerd nu..In Dubai moet je oprotten als je baan klaar is. Wat naturaliseren? ROT OP!!;;;;170;gastarbeiders;2024-09-27 20_52_32.971218;0.232559114694595;0.000645921623800;0.000006868116998;0.000050620092225;0.000012258105926;0.024855766445398;0.000019306193280;1. Against immigration, migrants, foreigners, refugees, or Muslims.
81;d13547c67d9c6b8a;fb1510069fa0f111;ef3353ed9cb017e2;2024-09-21T13:36:49.000Z;bv als het gaat over het kapitalistische opportunisme om gastarbeiders en arbeidsmigranten hierheen te halen, uit te buiten, niet te laten betalen voor taallessen en dus integratie. Nee, het is allemaal net onder het oppervlak, maar heel helder dat Wim hier ideologisch geneigd is;1.0;;2;50;gastarbeiders;2024-09-27 20_52_32.971218;0.071637414395809;0.000004628166153;0.000012972367585;0.000068118053605;0.000031536146707;0.003165008500218;0.000095462972240;1. Against immigration, migrants, foreigners, refugees, or Muslims.
82;d64dbd4a01ed16a4;bde1f5efac7d8c73;9bccea6ce9288bd4;2024-08-31T18:45:21.000Z;Zo kun je ook tegen gastarbeiders aankijken.;;;;117;gastarbeiders;2024-09-27 20_52_32.971218;0.162485301494598;0.000016162159227;0.000000540596261;0.000001315865461;0.000000242726827;0.010180281475186;0.000019111739675;1. Against immigration, migrants, foreigners, refugees, or Muslims.
83;df64939d0eaa2a6e;03073f718ed81d74;da85485925c0c26c;2024-09-16T10:00:24.000Z;In de Openbare Bibliotheek Amsterdam @OBAmsterdam is een expositie te zien over de Turkse #arbeidsmigratie naar Nederland. https://dekanttekening.nl/nieuws/expositie-over-60-jaar-turkse-gastarbeiders/… #Turkije #Turks #Amsterdam;;2.0;2;336;gastarbeiders;2024-09-27 20_52_32.971218;0.000548182113562;0.000001960303507;0.000002108409944;0.000044170697947;0.000071419010055;0.000125637146994;0.000022282747523;5. Is neutral.
84;54ad841119728cbe;5992e467defe2643;b4454cc2d50b7392;2024-09-20T09:01:12.000Z;Mijn stuk gaat over vluchtelingen, niet over gastarbeiders van wie niet werd verwacht dat ze zouden blijven, zelf ook lange tijd aan terugkeer dachten en die al hun energie in zwaar en slecht betaald werk hebben gestoken. Dat is een heel andere dynamiek;1.0;;1;22;gastarbeiders;2024-09-27 20_52_32.971218;0.034682590514421;0.000004287231150;0.000283382541966;0.000065569918661;0.000045336862968;0.003038086695596;0.000189451689948;5. Is neutral.
85;851d3d83cf9376f9;ae3a1762d22dd110;b48bc7ccb31924db;2024-09-05T22:52:23.000Z;"Onze ‘gastarbeiders’ pasten niet in het wereldbeeld van vele suburbane Vlamingen, in de crisis opgejut door een autoritaire en racistische antivreemdelingenpartij.
http://sampol.be/2024/09/communautarisme-versus-democratie… via @Sampol_magazine";12.0;3.0;6;841;gastarbeiders;2024-09-27 20_52_32.971218;0.008886477909982;0.000013553426470;0.000001617129897;0.000084536586655;0.000002827600838;0.002341359620914;0.000105406943476;3. Against those that oppose immigration or are negative towards migrants, foreigners, refugees, or Muslims.
86;8f4bae5e1b470406;7aeb595cff00acad;ba1d4edafdb08c02;2024-09-17T18:13:35.000Z;Gastarbeiders;;;;8;gastarbeiders;2024-09-27 20_52_32.971218;0.001259898766875;0.000245350529440;0.000040522405470;0.000429506413638;0.000047082685342;0.000189897662494;0.000023201744625;5. Is neutral.
87;87486a5598d57ebe;5b2ab6f43d9bee59;ee5a48f57d345fcd;2024-08-19T12:34:26.000Z;Podcast De Dag: 60 jaar Turkse gastarbeiders in Nederland;24.0;2.0;11;21K;gastarbeiders;2024-09-27 20_52_32.971218;0.003381410380825;0.000079587880464;0.000025923711291;0.003158856881782;0.001336314366199;0.002413949929178;0.000304787565256;5. Is neutral.
88;28910507f52b0706;cad2da138473aea6;165c15b4d84c5c5a;2024-09-11T08:10:44.000Z;"Eating cats and dogs......ik herinner me dat jaaaaaren geleden dezelfde verhalen de ronde deden over Turkse en Marokkaanse gastarbeiders... 

Racisten zijn niet bepaald origineel.";;;;29;gastarbeiders;2024-09-27 20_52_32.971218;0.398987948894501;0.000009056371709;0.000069457099016;0.000119792042824;0.000007219508007;0.341678559780121;0.130309626460075;3. Against those that oppose immigration or are negative towards migrants, foreigners, refugees, or Muslims.
89;0a0bf103dd4e259f;d1431cb52feaa021;a21389091bcf938d;2024-09-05T06:42:32.000Z;True story. Conservatisme is ook te merken op de middelbare scholen in Amsterdam. Het is net de Turkse cultuur toen de gastarbeiders naar Nederland kwamen. Vooral als het gaat liefdesrelaties. Ik weet niet wat ik meemaak.;;;2;590;gastarbeiders;2024-09-27 20_52_32.971218;0.036469932645559;0.000000480523852;0.000177924710442;0.000755006563850;0.007577391341329;0.000840417866129;0.000256351806456;5. Is neutral.
90;71a03a7ec53594e8;a195a1a4fcc35cd3;b2776c41e10c69ea;2024-09-14T09:14:38.000Z;"Never give in for abuis. Wat? Check; hoog conjunctuur alleen (?) bij slavernij rn gastarbeiders. Tuurlijk ook uw gezin (ja, soort '67 Palasteina) oei, oei wij hebben het fout gedaan, dat kost u geld. Emigratie belasting, bij vertrekpoort ff strippen";;;;43;gastarbeiders;2024-09-27 20_52_32.971218;0.221418783068657;0.001572806620970;0.000059888785472;0.002286948030814;0.001197363482788;0.038273319602013;0.005875837989151;1. Against immigration, migrants, foreigners, refugees, or Muslims.
91;09de07e9b3708694;8a1ab5c9838bd140;17b3148909b116a0;2024-09-15T05:52:31.000Z;60 jaar Turkse gastarbeiders in Nederland: rondreizende tentoonstelling vertelt hun verhaal;19.0;9.0;20;8,9K;gastarbeiders;2024-09-27 20_52_32.971218;0.000865620095283;0.000025453948183;0.000161790914717;0.001838794793002;0.000354823278030;0.001470221090130;0.000447642640211;5. Is neutral.
92;c5d48665426b5593;09b7ce3fc5a456ea;02ceca8a5ed7401e;2024-08-20T17:52:39.000Z;Zij waren de eerste gastarbeiders https://dekanttekening.nl/kunst-cultuur/verhaal/zij-waren-de-eerste-generatie-gastarbeiders/… via @deKanttekening;;;;79;gastarbeiders;2024-09-27 20_52_32.971218;0.008486250415444;0.000003474879577;0.000008050634278;0.000364051375072;0.000115579168778;0.000721551768947;0.000216850676224;5. Is neutral.
93;48a737bdc153b168;a195a1a4fcc35cd3;b2776c41e10c69ea;2024-08-25T23:04:26.000Z;Faber wil ik toch even op de korrel hebben, zij claimt 'ons geld' daar komt het kort op neer. Maar vergeet één cruciaal ding. Wij, nl  verdienen alleen geld als Slaven of Gastarbeiders, enne dat van vakantie in hun (ja,) thuisland of culturele gelijke, gelijk hebben zij. Volgt /2;;;;25;gastarbeiders;2024-09-27 20_52_32.971218;0.255990743637085;0.000069637819252;0.000109207001515;0.003758943872526;0.001499997801147;0.047118738293648;0.001230502966791;3. Against those that oppose immigration or are negative towards migrants, foreigners, refugees, or Muslims.
94;8595894a73146abd;8a53a8a45a6f87a1;9cb89660e4fb9ac3;2024-09-15T20:08:04.000Z;#Nederland  Problemen met te weinig parkeerplaatsen in div steden - dorpen, DenHaag bijv Iedereen moet gaan dokken  Tja volgestopt met gastarbeiders en wat al niet  Volle bak dus;;;;106;gastarbeiders;2024-09-27 20_52_32.971218;0.225543871521950;0.000311068957672;0.000625608721748;0.000429769366747;0.000176139816176;0.039619229733944;0.000088816879725;1. Against immigration, migrants, foreigners, refugees, or Muslims.
95;4c053d7ef2b7550b;3dd390bd7e992d00;61139fc3c485acf9;2024-09-16T16:13:37.000Z;Koppel laat gastarbeiders in ongeschikte kamers wonen en riskeert monsterboete: “Hadden nooit slechte bedoelingen” http://dlvr.it/TDJPJt;;;;32;gastarbeiders;2024-09-27 20_52_32.971218;0.015346776694059;0.000093507245765;0.000005281215181;0.003051550593227;0.000046687706345;0.007113446015865;0.000009190586752;5. Is neutral.
96;d168dd2b86b55b10;679946faad78f61c;53cd566c3703a8a6;2024-08-30T09:30:27.000Z;https://bnr.nl/nieuws/economie/10555434/bewoners-worden-uit-volkswijken-verdreven… Wat een complete onzin. De bewoners van de volkswijken zijn decennia geleden al verjaagd met de komst van de gastarbeiders. Complete wijken zijn omgevolkt. Meer dan de helft van de inwoners van Den Haag is van niet-Nederlandse oorsprong inmiddels.;;;;13;gastarbeiders;2024-09-27 20_52_32.971218;0.059439741075039;0.000090462905064;0.000113845882879;0.000066262793553;0.000019225279175;0.120019190013409;0.003675288055092;1. Against immigration, migrants, foreigners, refugees, or Muslims.
97;9e69b064cb4f08cc;8313ef9d6a297751;d99e60f410a44bf5;2024-08-30T22:25:18.000Z;Mijn ouders hebben hebben net als andere Nederlanders voor een paar rot centen gewerkt om Nederland op te bouwen, ze moesten huizen delen dus bij familie inwonen en kregen minder betaald, pas veel later toen Nederland was opgebouwd kwamen de gastarbeiders en konden meeprofiteren;2.0;1.0;8;233;gastarbeiders;2024-09-27 20_52_32.971218;0.009704108349979;0.000021744004698;0.000035361343180;0.000078274773841;0.000135880633024;0.004114270210266;0.001426297938451;1. Against immigration, migrants, foreigners, refugees, or Muslims.
98;5bb08b21996a112e;ebdf7c3b031d3a3c;4502b9b01a4c8766;2024-09-13T19:34:05.000Z;"Ach wat schattig, Duitsland gaat de jaren 60 gastarbeiders-periode weer helemaal over doen…

#WhatCouldPossiblyGoWrong";;;;58;gastarbeiders;2024-09-27 20_52_32.971218;0.220861092209816;0.000061064201873;0.000000079194692;0.000707776518539;0.000412392982980;0.001865512109362;0.000057342898799;1. Against immigration, migrants, foreigners, refugees, or Muslims.
99;ec4efc2bd632d4cb;14329ccd3f623107;b7a0d74012750e36;2024-08-29T20:16:36.000Z;Waarom niet alleen Italiaanse en Spaanse gastarbeiders in die tijd,  die hadden het fatsoen om weer terug te keren naar eigen land. Nu zitten we opgescheept met achterlijke islamitische culturen. #remigratie;1.0;4.0;12;95;gastarbeiders;2024-09-27 20_52_32.971218;0.826047897338867;0.001040998613462;0.000012949304619;0.000124765865621;0.000042314710299;0.097336299717426;0.000750043720473;1. Against immigration, migrants, foreigners, refugees, or Muslims.
100;0b16afd2f81cca16;d95fb78b57007512;05b507067d50703c;2024-08-31T15:05:14.000Z;Dit was een aanleiding om arbeiders uit Turkije en Joegoslavië te halen om het arbeidspotentieel voor de Nederlandse industrie weer op peil te brengen. Daarom verwelkomden onze scheepsbouwers, havenbaronnen en directeuren van onze textielindustrie onze gastarbeiders zo van harte.;;1.0;2;52;gastarbeiders;2024-09-27 20_52_32.971218;0.001980184111744;0.000059423207858;0.000047604771680;0.000050251186622;0.000010820087482;0.001814194140024;0.000200759968720;5. Is neutral.
101;f020be1960c2f966;77fd91771febafff;9dedcae3ea4a2e6a;2024-09-27T06:16:10.000Z;Mensen en dus ook kinderen kunnen walgelijk zijn. We krijgen via de oveheid en de media te horen dat elk kind veilig moet zijn op school. Iets van 50 jr geleden trof mijn moeder een mes bij mijn jongste broertje aan. Alle jongens van gastarbeiders hebben een mes zei hij, ik moet;1.0;;7;409;gastarbeiders;2024-09-27 20_52_32.971218;0.202125370502472;0.000712905777618;0.001355989021249;0.000150057021528;0.000192788065760;0.628342926502228;0.066680260002613;1. Against immigration, migrants, foreigners, refugees, or Muslims.
102;ca595020257713f2;855717c44a2d9a1a;b96c950d445a4eb5;2024-09-27T07:55:25.000Z;Je liegt ook, die gastarbeiders kwamen op het geld af, mijnwerkers waren goed betaald in die tijd in verhouding tot andere arbeiders.  Ze kwamen ook uit regio's in Marokko waar er weinig te verdienen viel.;;;5;81;gastarbeiders;2024-09-27 20_52_32.971218;0.012228545732796;0.000005716902251;0.000115977498353;0.000060303180362;0.000040584513044;0.001394371152855;0.000917628989555;1. Against immigration, migrants, foreigners, refugees, or Muslims.
103;0fdf96b43c995d53;b8f5b09425eb8025;457190826e0f2ea1;2024-09-25T10:18:14.000Z;Wilde de VVD die gastarbeiders dan weren? Welnee, samen met de voorgangers van het CDA werden er complete wervingsverdragen afgesloten met Turkije en Marokko. Sterker: er werden kantoren geopend om mensen naar Nederland te halen.;2.0;15.0;201;7,9K;gastarbeiders;2024-09-27 20_52_32.971218;0.025449633598328;0.000120057578897;0.000085750318249;0.000004186432307;0.000010184079656;0.012911821715534;0.000283574685454;5. Is neutral.
104;f43ae2d2188da944;e18ac37a224ffc42;599ca3fbe02e8bd4;2024-09-27T08:08:06.000Z;Hou op deze onzinnige leugen te verspreiden dat gastarbeiders weinig verdienden. De koolputters waren de best betaalde werkers en gastarbeiders kregen hetzelfde loon. Het waren nooit meer dan 15% gastarbeiders trouwens, de rest waren Limburgse zonen en vaders.;;;5;77;gastarbeiders;2024-09-27 20_52_32.971218;0.359955221414566;0.000110212880827;0.000032900399674;0.000085783191025;0.000365037674783;0.028169302269816;0.000063718573074;5. Is neutral.
105;fc12ba7a25a13e0a;40e0a6c648d8dd3d;234aa629509dd698;2024-09-20T10:30:21.000Z;"""Deuglinkse politici hebben de grenzen opengezet""

Gastarbeiders zijn gehaald door werkgevers (= rechts). Oekraïeners zijn er vanwege rechtse dictator Putin. Syriërs en Irakezen zijn er omdat de rechtse Bush een puinhoop van de regio maakte.   Waar heb je het over?";1.0;;4;54;gastarbeiders;2024-09-27 20_52_32.971218;0.062301877886057;0.000100856908830;0.000082659855252;0.000434248882811;0.000305973720970;0.015801060944796;0.001181504223496;3. Against those that oppose immigration or are negative towards migrants, foreigners, refugees, or Muslims.
106;1644423ca0d042cb;18c8e698e67a7e81;b02c4b400d921556;2024-09-27T02:01:55.000Z;Ik bedoel dat de gastarbeiders indertijd graag wilde assimileren met hun gastland. Ik denk niet dat ze stonden te springen om hun cultuur of religie te importeren naar hier. Latere generaties hebben die drang meer en meer gekregen wat m.i. de verdeeldheid alleen maar voedt.;;;8;863;gastarbeiders;2024-09-27 20_52_32.971218;0.072240635752678;0.000010811166248;0.000623629603069;0.000028205682611;0.000186195218703;0.017209179699421;0.000544078939129;1. Against immigration, migrants, foreigners, refugees, or Muslims.
107;63a7b0f312c682ec;40e0a6c648d8dd3d;234aa629509dd698;2024-09-20T04:21:16.000Z;"Gastarbeiders zijn gehaald door werkgevers (= rechts). Oekraïeners zijn er vanwege rechtse dictator Putin die jij bewondert. Syriërs en Irakezen zijn er omdat de rechtse Bush een puinhoop van de regio maakte. 

Waar heb je het over?";;;7;52;gastarbeiders;2024-09-27 20_52_32.971218;0.053650509566069;0.000014989870579;0.000007348256531;0.000139928641147;0.000022281492420;0.005394282750785;0.000267297989922;5. Is neutral.
108;24e560002cf1e8b5;e78be1430d6e1d46;9c3fcdbc3e534f9e;2024-09-25T20:56:19.000Z;"Nope… dat zit Europa niet. Nederland al helemaal niet met per hoofd van de bevolking ónder het Europees gemiddelde.

Die wachtlijst is veroorzaakt door fout politiek beleid, met name door de VVD. Nederlanders staan al decennia op wachtlijsten… ver voor de eerste gastarbeiders.";2.0;;5;128;gastarbeiders;2024-09-27 20_52_32.971218;0.076359242200851;0.000008182225429;0.000014977509636;0.000013658112039;0.000040398084820;0.002005739137530;0.000114902148198;5. Is neutral.
109;61d0a09e793b2f82;b2ae2399c8b02ad1;7259cf2bfd5b525b;2024-09-19T07:44:41.000Z;"Meeste Palestijnen zijn gastarbeiders uit buurlanden die op het economisch wonder van de joden afkwam. Waar ze de woestijn groen maakte. 

James Joyce en Mark twain beschreven judea voor 1850 als een woestijn waar je dagen lang niemand tegen kwam en er spook steden waren. Na 1852";;2.0;5;14;gastarbeiders;2024-09-27 20_52_32.971218;0.109287500381470;0.000038604848669;0.000013577399841;0.000005487264389;0.000001134232548;0.000449581712019;0.000264243892161;1. Against immigration, migrants, foreigners, refugees, or Muslims.
1;7b0231efc8d87377;50e98a278d9f498c;ddbb547b7042316e;2024-09-27T21:28:44.000Z;"Goede oude Nederlandse mentaliteit: we hebben je nodig en wanneer niet meer kan je wel stikken. Deden ze met kolonies, gastarbeiders en immigranten. Wie verbaast zich nog over dit kabinet?
#Afghanen";4.0;8.0;26;353;gastarbeiders;2024-09-28 13_29_44.273403;0.869331300258636;0.756503164768219;0.002579338150099;0.000083625447587;0.000018194874428;0.869246363639832;0.010495189577341;1. Against immigration, migrants, foreigners, refugees, or Muslims.
2;1c37d1deda7849cd;5de4b0694632ebd0;2350ab61a96bb83c;2024-09-26T17:07:38.000Z;Inderdaad, de corrupte Midden-Europese elite ondermijnt de Europese veiligheid door Russische gastarbeiders toe te laten in Hongarije, en daarmee ook in de gehele Schengen-zone. Dit geeft Rusland vrij spel om spionageactiviteiten te ontplooien in Europa, wat de hybride;2.0;10.0;19;2,1K;gastarbeiders;2024-09-28 13_29_44.273403;0.240669101476669;0.000135178386699;0.000125221398775;0.003720322623849;0.000231256039115;0.037941008806229;0.000414347712649;1. Against immigration, migrants, foreigners, refugees, or Muslims.
3;d531df14f03a06d3;65256347c323244f;7f31f4ac37bf41f0;2024-09-28T09:24:01.000Z;Jij bent een kind van gastarbeiders. Dus niet de Servische agressie op de Balkan meegemaakt. Je hebt dus wel meegemaakt dat mensen van de Balkan hierheen vluchtten. Ik heb het zelf meegemaakt. Er waren GEEN alleenstaande mannen die vluchtten. Waarom doen de Arabieren dit wel?;1.0;1.0;13;243;gastarbeiders;2024-09-28 13_29_44.273403;0.235739901661873;0.000001045876957;0.000196078297449;0.000636290060356;0.001012227265164;0.062135260552168;0.000752530584577;1. Against immigration, migrants, foreigners, refugees, or Muslims.
4;5bf47a34dc45f082;802c3b4801afc8c8;2068287c1efb63f7;2024-09-24T17:06:38.000Z;De VVD ... sloot wervingsverdragen af met Turkije en Marokko... En wie was er kritisch? Juist, ja. De PvdA... Daarom eiste de PvdA dat gastarbeiders maar twee jaar mochten blijven. En wat deed de VVD? Die eiste dat Turken en Marokkanen... hun gezin mee mochten nemen...;3.0;1.0;10;1,6K;gastarbeiders;2024-09-28 13_29_44.273403;0.057232487946749;0.000074472096458;0.000173580876435;0.000056071330619;0.000433105364209;0.052814319729805;0.004301172215492;1. Against immigration, migrants, foreigners, refugees, or Muslims.
5;72ed34ffd665fc2c;fcab7fcc2b4cffd9;dfd216309784f2fa;2024-09-19T19:26:45.000Z;Dat ben ik voor 1990 zelf ook kwijt geraakt #gastarbeiders;;;2;12;gastarbeiders;2024-09-28 13_29_44.273403;0.015828616917133;0.000037803787563;0.000880559207872;0.000274175865343;0.000144396384712;0.002369446679950;0.000163131015142;5. Is neutral.
6;81d8835913f21f59;fa581092212eab81;30b99af317e04576;2024-09-21T20:44:03.000Z;Ik kom uit een provinciestadje waar  relatief veel industrie was. Papier- en kartonfabriek, machinefabriek, kabelbomen, landbouw techniek, confectie, blikfabriek, noem maar op. Eind jaren 60 kwamen de gastarbeiders. Eerst Spanjaarden, vrome katholieken, daarna Marokkanen,;2.0;;2;301;gastarbeiders;2024-09-28 13_29_44.273403;0.037382494658232;0.000018129108867;0.000166474259458;0.000009894596587;0.000031391671655;0.001335454871878;0.000592550437432;5. Is neutral.
7;12fe6b81af09a159;c617ac153b68c253;3136ea36b1c47a45;2024-09-24T13:16:32.000Z;De buitenlandse werving van Spaanse, Marokkaanse en Turkse arbeiders, (1961 en 1964) werd gestart door het toenmalige kabinet van KVP, ARP, CHU en VVD. In 1973 beëindigde het kabinet-Den Uyl de officiële werving van gastarbeiders.;;4.0;16;753;gastarbeiders;2024-09-28 13_29_44.273403;0.002111543668434;0.000332891038852;0.000102785634226;0.000010030113117;0.000004025040198;0.003219283418730;0.000095683702966;5. Is neutral.
8;0a2a69dc72ae9958;075f118a96e30609;e85d636dcfd44189;2024-09-20T10:21:13.000Z;"Joop den Uyl maakte in 1973 een eind aan de werving van gastarbeiders die door rechts  conservatieve regeringen hierheen waren gehaald.
Job Cohen was staatsecretaris en heeft een strenger vreemdelingenwet ingevoerd. 
Wilders verteld zoals gewoonlijk sprookjes.
#APB2024";159.0;413.0;1,2K;39K;gastarbeiders;2024-09-28 13_29_44.273403;0.041742533445358;0.000043802527216;0.000058228539274;0.000734727538656;0.000263272697339;0.004917001351714;0.000485407450469;5. Is neutral.
9;d576ee818301b3eb;bc13295a0717829a;4fcc05e0abee58f3;2024-09-19T11:17:55.000Z;"58 jaar geleden vroegen we ""gastarbeiders"" die we wel lieten werken, maar niet lieten integreren. Wel ons buile werk te doen, voor een laag loon, maar niet het licht in de ogen gunnen. En dan nu klagen dat ze geen nederlands spreken.";;;5;111;gastarbeiders;2024-09-28 13_29_44.273403;0.228889882564545;0.000161942924024;0.000025610095690;0.000003681094768;0.000002006402156;0.024188367649913;0.000092181282525;1. Against immigration, migrants, foreigners, refugees, or Muslims.
10;711c8d8e115b3240;90f58980f970fa5f;3614f00ea10ebf64;2024-09-22T13:16:01.000Z;"Dit zijn werklozen...werkloosheid in deze arbeidsmarkt zet mij aan het denken. 
Gastarbeiders zijn het, bij ontslag of.einde werkzaamheden retour land van herkomst.";;;5;57;gastarbeiders;2024-09-28 13_29_44.273403;0.101834461092949;0.000132044617203;0.001288373256102;0.000037878086005;0.000007996970453;0.009590211324394;0.000596872414462;1. Against immigration, migrants, foreigners, refugees, or Muslims.
11;367320dbae30e68b;8c405a319e17b513;6656106f4bf7533c;2024-09-20T16:14:44.000Z;"En daarbij: De grenzen zijn destijds opengezet op verzoek van... Werkgevend Nederland. In het algemeen zijn dit... VVD-ers.
Aangezien slavernij niet meer mocht, kregen gastarbeiders (terecht) dezelfde rechten en plichten als NL-ers.";;;3;252;gastarbeiders;2024-09-28 13_29_44.273403;0.005946019198745;0.000074655261415;0.000019864770366;0.000673963397276;0.000609549169894;0.009731958620250;0.000043109896069;5. Is neutral.
12;21ffeb6146bc1915;51764b97c1f56709;73b6d156e75a8c1f;2024-09-22T09:46:25.000Z;"Zitten we niet te wachten op weer een godsdienst? De eerste gastarbeiders kwamen, met hun religie, in de jaren 50/60. Die ""nieuwe"" godsdienst is dus al een jaartje of 70 in ons land.";2.0;;4;415;gastarbeiders;2024-09-28 13_29_44.273403;0.030566288158298;0.000006891999874;0.000007562406154;0.000028646267310;0.000095651776064;0.003042474389076;0.000295981939416;1. Against immigration, migrants, foreigners, refugees, or Muslims.
13;19bd84eaa9904f93;5bfe62d9f7d85f01;19bf2849176f54f4;2024-09-19T17:48:02.000Z;Zonder “witte mannen” leefde jij nog gewoon in Turkije. Dan was NL namelijk net zo’n achterlijk achtergebleven gebied gebleven als waar de meeste gastarbeiders & “asielzoekers” vandaan komen. Respect zou op zijn plaats zijn dame.;;;8;52;gastarbeiders;2024-09-28 13_29_44.273403;0.065361894667149;0.000029786633604;0.000068899920734;0.000234140738030;0.000122742334497;0.052298184484243;0.000275249738479;1. Against immigration, migrants, foreigners, refugees, or Muslims.
14;e8d9405886a43f3a;fb5bca328c73db67;2189e9c1364d2ee7;2024-09-19T20:21:36.000Z;"Hun nieuwe electoraat.
Dat was al de opmerking eind jaren '70 over de gastarbeiders door Max vd Berg, of in ieder geval iemand in de top van de PvdA.";8.0;7.0;79;1,7K;gastarbeiders;2024-09-28 13_29_44.273403;0.004974850453436;0.000051883002016;0.000094303497463;0.000177161215106;0.000129021267639;0.006059988867491;0.000167836202308;5. Is neutral.
15;b1dc2792135a06f3;e0c6277f17c991c8;281772972fe3316e;2024-09-20T23:21:37.000Z;De werkgevers hebben GASTarbeiders over laten komen vanuit het buitenland. De GASTarbeiders zouden enige tijd hier werken er terug gaan naar hun land van afkomst. Den Uyl en de PVDA zijn de GASTarbeiders gaan beschouwen als inwoners van Nederland hetgeen nooit de bedoeling was.;;;2;41;gastarbeiders;2024-09-28 13_29_44.273403;0.052206978201866;0.000079554578406;0.000092856367701;0.000059714275267;0.000061085345806;0.019172908738256;0.000912208226509;1. Against immigration, migrants, foreigners, refugees, or Muslims.
16;6359360878d36308;3dab550bf0e3d72c;06b20c601549a4a3;2024-09-21T08:45:02.000Z;"Om spuugzat van te worden, deze onzin. Kijk eens naar de aantallen parasieten die afgelopen jaren Nederland in zijn gekomen. Honderden duizenden. Er zijn al 420.000 Marokkanen alleen binnen gekomen. Terwijl den Uyl 44.000 gastarbeiders binnengelaten heeft rond 1970.

Leugenaar!";3.0;;6;845;gastarbeiders;2024-09-28 13_29_44.273403;0.741307139396667;0.000038475729525;0.000058054502006;0.000020787114408;0.000109296706796;0.045996475964785;0.000108648491732;1. Against immigration, migrants, foreigners, refugees, or Muslims.
17;d5647f07ff09bb70;bb2d01e4ad68f9ac;c1f802ab5c6c3147;2024-09-24T13:18:48.000Z;Ik ken de verhalen van nazaten van arbeidsmigranten, eerder betiteld met gastarbeiders o.m. vanuit mijn betrokkenheid bij een minor aan de HHS, over onwrikbare schooladviezen beneden competentie waar ze tegen in moesten vechten. Vaak pas stapsgewijs op competentieniveau;;;2;17;gastarbeiders;2024-09-28 13_29_44.273403;0.027056509628892;0.000023111642804;0.002278089290485;0.001201566308737;0.000662224832922;0.029631944373250;0.001278035459109;5. Is neutral.
18;13e8215fec018bd9;3bbfd5abb6808499;a2d20b987d5f8f13;2024-09-20T22:57:16.000Z;Door gastarbeiders als slaven uit te buiten. Jeetje.;;;4;40;gastarbeiders;2024-09-28 13_29_44.273403;0.298317819833755;0.000172471714904;0.000009018914170;0.001357553876005;0.000043766332965;0.133881956338882;0.002392890630290;1. Against immigration, migrants, foreigners, refugees, or Muslims.
19;b1fe46d3343fbf24;481cf487bc5a5e60;69ae89ffac055d21;2024-09-28T07:59:33.000Z;Banen in slachthuizen. Vooral gastarbeiders. In de bouw kunnen ze het dubbele verdienen.;;;2;19;gastarbeiders;2024-09-28 13_29_44.273403;0.061233203858137;0.000651609094348;0.001613353961147;0.000408643973060;0.000092367292382;0.174953177571297;0.022037392482162;5. Is neutral.
20;151b7e2ca019e725;3ff41ca81c424737;50118ba59067f24c;2024-09-23T08:30:09.000Z;"Dat was vroeger al 70-tiger jaren. Achter op de vuilniswagen stonden enkel autochtonen, terwijl men dacht dat de turken juist als gastarbeiders kwamen om het vuile werkt te doen waar Nederlanders hun neus voor optrokken...
Tsja in  die tijd verdiende ze FL 2.600 bruto/mnd ! Een";1.0;;5;190;gastarbeiders;2024-09-28 13_29_44.273403;0.326303929090500;0.000049468857469;0.000108660613478;0.000149607978528;0.000688252446707;0.010743191465735;0.001835206407122;5. Is neutral.
21;6ded2b796cbdf22b;0e73391ba67fccab;bda482e2ef242f65;2024-09-21T08:15:05.000Z;En toch zijn ze in grote aantallen blijven komen, dragen ze weinig bij (een groot deel van de zogenaamde gastarbeiders werkt niet en een flink aantal heeft dat zelfs nooit gedaan), integreren ze niet en leveren ze overlast (oververtegenwoordiging criminaliteit) op. Hoe kan dat?;;;3;52;gastarbeiders;2024-09-28 13_29_44.273403;0.489584296941757;0.000218252054765;0.000117571697047;0.000048056517699;0.000034172870073;0.019651548936963;0.000076266740507;1. Against immigration, migrants, foreigners, refugees, or Muslims.
22;a28797774d570ac3;07bd5ed0e667e1be;7d25f32ba8a80124;2024-09-25T10:44:58.000Z;En vergeet niet dat toen de werkloosheid hoog was en o.a. deze Turkse gastarbeiders minder productief waren, ze in de WAO werden gedumpt door de werkgevers. De Nederlandse taal niet spreken woog mee als criterium. En Kok ( PVDA) heeft de WAO vereisten daarna aangepast.;2.0;;10;902;gastarbeiders;2024-09-28 13_29_44.273403;0.096113115549087;0.000035468674469;0.000527076830622;0.000054616823036;0.000122019751870;0.009829771704972;0.000119303229439;5. Is neutral.
23;d78f7ecdc18efee3;bb2d01e4ad68f9ac;c1f802ab5c6c3147;2024-09-24T13:25:10.000Z;Ik ken de verhalen van nazaten van arbeidsmigranten, eerder betiteld met gastarbeiders, o.m. vanuit m’n betrokkenheid bij een minor aan de HHS, over onwrikbare schooladviezen beneden competentie waar ze tegenin moesten vechten. Vaak stapsgewijs pas op competentieniveau. #racisme;1.0;;6;189;gastarbeiders;2024-09-28 13_29_44.273403;0.026422165334225;0.000039974958781;0.000155176225235;0.000633710122202;0.000535714672878;0.004858394619077;0.000183429001481;3. Against those that oppose immigration or are negative towards migrants, foreigners, refugees, or Muslims.
24;f46889f0713bd138;4c9fb9fd31cfb6f7;1228bbfb47667e32;2024-09-21T08:19:14.000Z;"Vaals is trouwens ook heel mooi al is er op dat park geen reet te doen.

Dunimar viel echt tegen, prachtige huisjes maar kale vlakte en veel gastarbeiders in de huisjes

Als je een keer iets nieuws zoekt dan raad ik de Lommerbergen echt aan, prachtig in het bos met veel beestjes.";1.0;;2;47;gastarbeiders;2024-09-28 13_29_44.273403;0.014775110408664;0.000011885783351;0.001194392680190;0.000075537587691;0.000117105570098;0.000883035303559;0.000017710237444;1. Against immigration, migrants, foreigners, refugees, or Muslims.
25;fb26ed6428134c13;d235d56f7980b5f9;839ac6472fa06bed;2024-09-20T14:06:52.000Z;"Vroeger moesten de gastarbeiders terug.
Den Uyl heeft hierin verandering gebracht met de wet ""recht of gezinshereniging"" in 1974.
Daarvoor waren het GASTarbeiders en zoals het woord het al zegt, te gast en men ging terug. Kom in Spanje nog veel mensen tegen uit die 
tijd.";6.0;2.0;23;1,1K;gastarbeiders;2024-09-28 13_29_44.273403;0.003335467306897;0.000005284540293;0.000013082941223;0.000003662004701;0.000007363696568;0.000695628405083;0.000015817231542;1. Against immigration, migrants, foreigners, refugees, or Muslims.
26;3c528b35721ef4ec;78eb0f835c50cc74;c6151824451832d5;2024-09-20T22:20:28.000Z;Joop de Uyl zette de grenzen juist wagenwijd open..Het zijn echt sprookjes die u verteld, sterker nog toen kwamen de gastarbeiders die noooooooiiiiit meer weggingen.;1.0;;2;58;gastarbeiders;2024-09-28 13_29_44.273403;0.045954015105963;0.000021645999368;0.000243426824454;0.000029754293791;0.000025043493224;0.002120562363416;0.000552279932890;1. Against immigration, migrants, foreigners, refugees, or Muslims.
27;326b495523cd3234;98b28d96a7f4f319;af80523ecb031ae9;2024-09-19T09:38:56.000Z;"Ik ben 68 jaar en heb de instroom van gastarbeiders vanaf het begin meegemaakt.
Ik heb nog nooit problemen of angst ervaren als die extreemrechtse dombo's.";2.0;;6;100;gastarbeiders;2024-09-28 13_29_44.273403;0.812942504882812;0.000005091218100;0.000009428573321;0.000548408657778;0.000034207238059;0.028692228719592;0.000039492082578;3. Against those that oppose immigration or are negative towards migrants, foreigners, refugees, or Muslims.
28;0986f892bc90aa99;1eb16bce3a4d3ad6;062eb7695309ca8c;2024-09-23T11:16:37.000Z;wat 'n idiote inschatting. zie 't onderzoek van brunt & bovenkerk uit de jaren '80 naar het zich terugtrekken van de gastarbeiders ná de gezinshereniging (daarvoor deden ze vaak mee aan buurtactiviteiten en zo) enfin, hier 'n foto van kaboel uit 1972. ook veranderd door wilders?;;;9;72;gastarbeiders;2024-09-28 13_29_44.273403;0.188885018229485;0.000225327821681;0.000115262628242;0.000437138136476;0.000163350021467;0.014983061701059;0.000309579627355;6. Other: Critiques historical immigration policy.
29;f43ae2d2188da944;e18ac37a224ffc42;599ca3fbe02e8bd4;2024-09-27T08:08:06.000Z;Hou op deze onzinnige leugen te verspreiden dat gastarbeiders weinig verdienden. De koolputters waren de best betaalde werkers en gastarbeiders kregen hetzelfde loon. Het waren nooit meer dan 15% gastarbeiders trouwens, de rest waren Limburgse zonen en vaders.;;;6;106;gastarbeiders;2024-09-28 13_29_44.273403;0.359955221414566;0.000110212880827;0.000032900399674;0.000085783191025;0.000365037674783;0.028169302269816;0.000063718573074;5. Is neutral.
30;d1def237f4e3c923;e04c4e80256247d1;d143b46ea69311c2;2024-09-27T11:45:26.000Z;Uiteraard waren NIET alle gastarbeiders die toen naar hier kwamen 20 en kinderloos.  Vrouw en kinderen bleven vaak aanvankelijk in het thuisland en kwamen enkele jaren nadien. U hebt geen enkele grond om deze jongedame voor leugenaar uit te maken.;;;1;27;gastarbeiders;2024-09-28 13_29_44.273403;0.006093939766288;0.000040971124690;0.000011859209735;0.000764830445405;0.001562193967402;0.022856881842017;0.000008225906640;5. Is neutral.
31;c20b4f7533eec532;cb522ecb0b39ecd5;6a657b2f15ebe3d7;2024-09-18T22:50:30.000Z;Ik ben het met Ouwehands eens. De (nazaten van) gastarbeiders en die klote expats krijgen veel te weinig haat.;;;2;294;gastarbeiders;2024-09-28 13_29_44.273403;0.440266549587250;0.000041127124859;0.000016079387933;0.000004421204721;0.000011036586329;0.029996925964952;0.000046518427553;1. Against immigration, migrants, foreigners, refugees, or Muslims.
32;d9359cc49bed8b3c;3d32264d59b0c2f8;58882edb0b0f4df1;2024-09-19T09:52:07.000Z;"Precies laatst ook een Turkse man en zijn zus. Zus was 60 jaar in NL en sprak geen woord NLs.
Dit waren de gastarbeiders die kwamen werken dat precies 2 jaar deden en vervolgens in de ZW en uiteindelijk in de WAO terecht kwamen, vanwege rugpijn.";;3.0;9;237;gastarbeiders;2024-09-28 13_29_44.273403;0.091302610933781;0.000095418457931;0.011481535620987;0.000594045210164;0.000276759907138;0.026972213760018;0.004659301135689;1. Against immigration, migrants, foreigners, refugees, or Muslims.
33;646959a868ed97d6;3d32264d59b0c2f8;58882edb0b0f4df1;2024-09-21T05:56:18.000Z;Het was de PvdA die de gastarbeiders de familie lieten ophalen. Het begin van alle ellende.;;;3;39;gastarbeiders;2024-09-28 13_29_44.273403;0.250074267387390;0.000007832438314;0.000015075198462;0.000022628308216;0.000069355570304;0.032442908734083;0.000588263850659;1. Against immigration, migrants, foreigners, refugees, or Muslims.
34;bdb64cdd52d36cd1;1b081aa96ddf28d4;4930471aa3c57631;2024-09-20T04:50:55.000Z;"Van oudsher was links (Joop den Uyl, Jan Marijnissen) altijd fel tegen immigratie omdat het om goedkope arbeid gaat wat concurrentie is voor autochtone arbeider qua werk en wonen en vakbonden om zeep helpt.
Later ging PvdA draaien want gastarbeiders stemden allemaal PvdA.";;1.0;23;398;gastarbeiders;2024-09-28 13_29_44.273403;0.066206350922585;0.000087997621449;0.001359098590910;0.000093264679890;0.000253684789641;0.004448296967894;0.000228200777201;1. Against immigration, migrants, foreigners, refugees, or Muslims.
35;c626f66a99d57804;113b6fffd5478091;5e1e332894a82fb2;2024-09-23T12:45:22.000Z;Marokkanen zijn hier gekomen als gastarbeiders. Die waren toen heel kansrijk vanzelfsprekend. Door de economische crisis na 1980 werden E echter massaal werkloos en daarom behoren zij (en hun kinderen) nu tot de lagere klasse. En in de lagere klasse vind je meer criminaliteit.;1.0;;2;93;gastarbeiders;2024-09-28 13_29_44.273403;0.318105071783066;0.000004709228506;0.001954898238182;0.000089588989795;0.000208080411539;0.004885004367679;0.000277986691799;5. Is neutral.
36;b9a010e1a9a79d19;1d568bc6bf3c9ead;9dfa69920d236bd2;2024-09-23T19:22:20.000Z;Deze barbaren zijn ooit hierheen gehaald als GASTARBEIDERS om de economie te boosten. Soit. Maar op de premisse dat ze TERUG zouden gaan! Niet om de rest van hun (vaak achterlijke) familie ook nog eens hierheen te laten komen. Dat is helaas in 2005 al vastgelegd in de EVRM.;;;4;72;gastarbeiders;2024-09-28 13_29_44.273403;0.804923176765442;0.000102015699667;0.000003644046046;0.000026203881134;0.000006670338280;0.208164542913437;0.001017776783556;1. Against immigration, migrants, foreigners, refugees, or Muslims.
37;d56bd74a66351ee1;a059ebd6b03f65c6;1f5b1c22e960d0a5;2024-09-25T16:34:56.000Z;Goede draad. Voor mensen die twijfelen -> https://historiek.net/gastarbeiders-nederland-betekenis-marokko-turkije/135726/…;;;4;259;gastarbeiders;2024-09-28 13_29_44.273403;0.000765472126659;0.000005600775694;0.000011335855561;0.000064650870627;0.000077715398220;0.000445267447503;0.000051788782002;5. Is neutral.
38;1644423ca0d042cb;18c8e698e67a7e81;b02c4b400d921556;2024-09-27T02:01:55.000Z;Ik bedoel dat de gastarbeiders indertijd graag wilde assimileren met hun gastland. Ik denk niet dat ze stonden te springen om hun cultuur of religie te importeren naar hier. Latere generaties hebben die drang meer en meer gekregen wat m.i. de verdeeldheid alleen maar voedt.;1.0;;12;1K;gastarbeiders;2024-09-28 13_29_44.273403;0.072240635752678;0.000010811166248;0.000623629603069;0.000028205682611;0.000186195218703;0.017209179699421;0.000544078939129;1. Against immigration, migrants, foreigners, refugees, or Muslims.
39;c1c616ff95bc4a3b;a21e0ba0ca44daea;c82c663964cb358f;2024-09-25T19:43:03.000Z;Zelfde met de PvdA: gastarbeiders en immigranten werden met open armen ontvangen omdat het potentiële vakbondsleden en later PvdA-stemmers waren (dachten ze).;;;3;30;gastarbeiders;2024-09-28 13_29_44.273403;0.180198580026627;0.000012936109670;0.000225536306971;0.000116334820632;0.000083029888629;0.008961139246821;0.000342852232279;5. Is neutral.
40;7abd7fd0a29ec95b;5d92b7f26290a31b;c891d71f6a3fca97;2024-09-27T18:50:41.000Z;Het is alsof je de geallieerden de maat gaat nemen om dat die meer luchtaanvallen gepleegd hebben op Duitsland dan andersom. Iran (incl Hamas, Houthi's, Hezbollah) wil alle Israëlieten dood, ook de arabieren en de gastarbeiders. Israël vecht voor haar bestaan en doen dat goed;;;2;94;gastarbeiders;2024-09-28 13_29_44.273403;0.279431700706482;0.065804123878479;0.000953103415668;0.001607819460332;0.000045054650400;0.873110830783844;0.007720812223852;5. Is neutral.
41;ca595020257713f2;855717c44a2d9a1a;b96c950d445a4eb5;2024-09-27T07:55:25.000Z;Je liegt ook, die gastarbeiders kwamen op het geld af, mijnwerkers waren goed betaald in die tijd in verhouding tot andere arbeiders.  Ze kwamen ook uit regio's in Marokko waar er weinig te verdienen viel.;;;5;118;gastarbeiders;2024-09-28 13_29_44.273403;0.012228545732796;0.000005716902251;0.000115977498353;0.000060303180362;0.000040584513044;0.001394371152855;0.000917628989555;1. Against immigration, migrants, foreigners, refugees, or Muslims.
42;f020be1960c2f966;77fd91771febafff;9dedcae3ea4a2e6a;2024-09-27T06:16:10.000Z;Mensen en dus ook kinderen kunnen walgelijk zijn. We krijgen via de oveheid en de media te horen dat elk kind veilig moet zijn op school. Iets van 50 jr geleden trof mijn moeder een mes bij mijn jongste broertje aan. Alle jongens van gastarbeiders hebben een mes zei hij, ik moet;1.0;;7;487;gastarbeiders;2024-09-28 13_29_44.273403;0.202125370502472;0.000712905777618;0.001355989021249;0.000150057021528;0.000192788065760;0.628342926502228;0.066680260002613;1. Against immigration, migrants, foreigners, refugees, or Muslims.
43;d13547c67d9c6b8a;fb1510069fa0f111;ef3353ed9cb017e2;2024-09-21T13:36:49.000Z;bv als het gaat over het kapitalistische opportunisme om gastarbeiders en arbeidsmigranten hierheen te halen, uit te buiten, niet te laten betalen voor taallessen en dus integratie. Nee, het is allemaal net onder het oppervlak, maar heel helder dat Wim hier ideologisch geneigd is;1.0;;2;51;gastarbeiders;2024-09-28 13_29_44.273403;0.071637414395809;0.000004628166153;0.000012972367585;0.000068118053605;0.000031536146707;0.003165008500218;0.000095462972240;1. Against immigration, migrants, foreigners, refugees, or Muslims.
44;76f8dc5e600243ce;a65c4bcfec9c8f74;a1214e9c0b894410;2024-09-27T20:21:03.000Z;Dat is niet waar. Natuurlijk wilden de gastarbeiders destijds hun cultuur meenemen. Integreren wil niet zeggen dat je je cultuur volledig verloochent. Ikzelf zou bepaalde culturele zaken meenemen vanuit België mocht ik verhuizen en het is belachelijk om te doen alsof dat fout is;1.0;;2;271;gastarbeiders;2024-09-28 13_29_44.273403;0.024577511474490;0.000001596323159;0.000049718710216;0.000020592706278;0.000011912996342;0.010801474563777;0.000191941973753;2. In support of immigration, migrants, foreigners, refugees, or Muslims.
45;16b43177d5dc08ea;e0c6277f17c991c8;281772972fe3316e;2024-09-23T09:24:35.000Z;Het spreekwoord gasten en verse vis,blijven 3 dagen fris. Gastarbeiders voor 3 dagen is inderdaad wat kort, maar 3 jaar had het maximum moeten zijn. Had een heleboel problemen bespaard en hadden we nu geen parallelle gemeenschap in Nederland gehad.;;1.0;3;80;gastarbeiders;2024-09-28 13_29_44.273403;0.053340483456850;0.003661247901618;0.000395517330617;0.000034766057070;0.000105518578493;0.081237971782684;0.004564776550978;1. Against immigration, migrants, foreigners, refugees, or Muslims.
46;9bd2f17c8a7a2e81;b8f5b09425eb8025;457190826e0f2ea1;2024-09-25T10:19:13.000Z;Was er dan niemand kritisch in die tijd? Jazeker. De PvdA. De linkse partij waarschuwde voor verdringing van Nederlandse werknemers en de druk op de lonen. Daarom eiste de PvdA dat gastarbeiders maar twee jaar mochten blijven.;6.0;32.0;243;8,4K;gastarbeiders;2024-09-28 13_29_44.273403;0.011446328833699;0.000059359772422;0.000261230656179;0.000034835087718;0.000183915530215;0.006249436177313;0.000586216454394;1. Against immigration, migrants, foreigners, refugees, or Muslims.
47;760ee49448e89123;c7db0e7ae9b7bc74;d5e6b500af19b582;2024-09-24T18:05:27.000Z;En wie was er kritisch? Juist, ja. De PvdA. En dat vanwege de verdringing van Nederlandse werknemers en de druk op de lonen. Daarom eiste de PvdA dat gastarbeiders maar twee jaar mochten blijven. /11 @VVD @DilanYesilgoz;1.0;1.0;3;44;gastarbeiders;2024-09-28 13_29_44.273403;0.012380379252136;0.000080388628703;0.000006022567050;0.000470327824587;0.000224455521675;0.002497338224202;0.000394066271838;1. Against immigration, migrants, foreigners, refugees, or Muslims.
48;d553585439c160d4;c7db0e7ae9b7bc74;d5e6b500af19b582;2024-09-24T18:06:54.000Z;"De actieve werving van gastarbeiders werd in 1973 door het kabinet-Den Uyl gestaakt; het wervingsverdrag werd gestopt. Voor de jonge lezers: Den Uyl was geen VVD’er. /13 @VVD @DilanYesilgoz";1.0;2.0;4;119;gastarbeiders;2024-09-28 13_29_44.273403;0.001415866659954;0.000001443751557;0.000001029103601;0.000245995353907;0.000209000048926;0.000705852406099;0.000102475787571;5. Is neutral.
49;69be6eeaa2af63e6;b8f5b09425eb8025;457190826e0f2ea1;2024-09-25T10:20:44.000Z;"We hadden dus een rechtse partij die actieve werving van gastarbeiders mogelijk maakte en zelfs gezinshereniging stimuleerde. Die actieve werving werd in 1973 door het kabinet-Den Uyl gestaakt; het wervingsverdrag werd gestopt. Voor de jonge lezers: Den Uyl was geen VVD’er.";2.0;35.0;245;7,7K;gastarbeiders;2024-09-28 13_29_44.273403;0.001103162765503;0.000002011528977;0.000017583899535;0.000022072728825;0.000050222159189;0.001977503066882;0.000152105378220;5. Is neutral.
50;0fdf96b43c995d53;b8f5b09425eb8025;457190826e0f2ea1;2024-09-25T10:18:14.000Z;Wilde de VVD die gastarbeiders dan weren? Welnee, samen met de voorgangers van het CDA werden er complete wervingsverdragen afgesloten met Turkije en Marokko. Sterker: er werden kantoren geopend om mensen naar Nederland te halen.;2.0;15.0;201;7,9K;gastarbeiders;2024-09-28 13_29_44.273403;0.025449633598328;0.000120057578897;0.000085750318249;0.000004186432307;0.000010184079656;0.012911821715534;0.000283574685454;5. Is neutral.
51;63a7b0f312c682ec;40e0a6c648d8dd3d;234aa629509dd698;2024-09-20T04:21:16.000Z;"Gastarbeiders zijn gehaald door werkgevers (= rechts). Oekraïeners zijn er vanwege rechtse dictator Putin die jij bewondert. Syriërs en Irakezen zijn er omdat de rechtse Bush een puinhoop van de regio maakte. 

Waar heb je het over?";;;7;53;gastarbeiders;2024-09-28 13_29_44.273403;0.053650509566069;0.000014989870579;0.000007348256531;0.000139928641147;0.000022281492420;0.005394282750785;0.000267297989922;5. Is neutral.
52;fc12ba7a25a13e0a;40e0a6c648d8dd3d;234aa629509dd698;2024-09-20T10:30:21.000Z;"""Deuglinkse politici hebben de grenzen opengezet""

Gastarbeiders zijn gehaald door werkgevers (= rechts). Oekraïeners zijn er vanwege rechtse dictator Putin. Syriërs en Irakezen zijn er omdat de rechtse Bush een puinhoop van de regio maakte.   Waar heb je het over?";1.0;;4;55;gastarbeiders;2024-09-28 13_29_44.273403;0.062301877886057;0.000100856908830;0.000082659855252;0.000434248882811;0.000305973720970;0.015801060944796;0.001181504223496;3. Against those that oppose immigration or are negative towards migrants, foreigners, refugees, or Muslims.
53;24e560002cf1e8b5;e78be1430d6e1d46;9c3fcdbc3e534f9e;2024-09-25T20:56:19.000Z;"Nope… dat zit Europa niet. Nederland al helemaal niet met per hoofd van de bevolking ónder het Europees gemiddelde.

Die wachtlijst is veroorzaakt door fout politiek beleid, met name door de VVD. Nederlanders staan al decennia op wachtlijsten… ver voor de eerste gastarbeiders.";2.0;;5;129;gastarbeiders;2024-09-28 13_29_44.273403;0.076359242200851;0.000008182225429;0.000014977509636;0.000013658112039;0.000040398084820;0.002005739137530;0.000114902148198;5. Is neutral.
54;61d0a09e793b2f82;b2ae2399c8b02ad1;7259cf2bfd5b525b;2024-09-19T07:44:41.000Z;"Meeste Palestijnen zijn gastarbeiders uit buurlanden die op het economisch wonder van de joden afkwam. Waar ze de woestijn groen maakte. 

James Joyce en Mark twain beschreven judea voor 1850 als een woestijn waar je dagen lang niemand tegen kwam en er spook steden waren. Na 1852";;2.0;5;15;gastarbeiders;2024-09-28 13_29_44.273403;0.109287500381470;0.000038604848669;0.000013577399841;0.000005487264389;0.000001134232548;0.000449581712019;0.000264243892161;1. Against immigration, migrants, foreigners, refugees, or Muslims.
1;0a7e8fdf5e7f5efc;05cd66aec3eb89f6;33b9046513227fbe;2024-09-05T04:56:29.000Z;Arbeidsmigratie door SELECTIE aan de poort, zoals vroeger gastarbeiders werden geselecteerd voor specifiek werk  #vandaaginside;;4.0;4;1,9K;gastarbeiders;2024-10-02 10_26_53.907574;0.004064431879669;0.000184353222721;0.000010988548638;0.000185774770216;0.000074038456660;0.010995184071362;0.000451457104646;5. Is neutral.
2;d56bd74a66351ee1;a059ebd6b03f65c6;1f5b1c22e960d0a5;2024-09-25T16:34:56.000Z;Goede draad. Voor mensen die twijfelen -> https://historiek.net/gastarbeiders-nederland-betekenis-marokko-turkije/135726/…;;;4;266;gastarbeiders;2024-10-02 10_26_53.907574;0.000765472126659;0.000005600775694;0.000011335855561;0.000064650870627;0.000077715398220;0.000445267447503;0.000051788782002;5. Is neutral.
3;760ee49448e89123;c7db0e7ae9b7bc74;d5e6b500af19b582;2024-09-24T18:05:27.000Z;En wie was er kritisch? Juist, ja. De PvdA. En dat vanwege de verdringing van Nederlandse werknemers en de druk op de lonen. Daarom eiste de PvdA dat gastarbeiders maar twee jaar mochten blijven. /11 @VVD @DilanYesilgoz;1.0;1.0;3;48;gastarbeiders;2024-10-02 10_26_53.907574;0.012380379252136;0.000080388628703;0.000006022567050;0.000470327824587;0.000224455521675;0.002497338224202;0.000394066271838;1. Against immigration, migrants, foreigners, refugees, or Muslims.
4;d553585439c160d4;c7db0e7ae9b7bc74;d5e6b500af19b582;2024-09-24T18:06:54.000Z;"De actieve werving van gastarbeiders werd in 1973 door het kabinet-Den Uyl gestaakt; het wervingsverdrag werd gestopt. Voor de jonge lezers: Den Uyl was geen VVD’er. /13 @VVD @DilanYesilgoz";1.0;2.0;4;124;gastarbeiders;2024-10-02 10_26_53.907574;0.001415866659954;0.000001443751557;0.000001029103601;0.000245995353907;0.000209000048926;0.000705852406099;0.000102475787571;5. Is neutral.
5;bc0de96755cbf414;d04546263b2b2f14;26f2c77050b17f32;2024-09-28T08:50:13.000Z;Je bent in 1959 geboren en nadert je pensioen. In 1959 had Nederland 2.294 gastarbeiders, waarvan 1.884 Italianen. Van buiten Europa: 9 Turken en 3 Marokkanen. Vandaag: zo’n 2 miljoen buiten Europa geboren nld’se inwoners, miljoenen meer 2e generatie. En het gaat steeds sneller.;;;;27;gastarbeiders;2024-10-02 10_26_53.907574;0.000895275676157;0.000003218803386;0.000012381256056;0.000026457517379;0.000017794955056;0.000220099798753;0.000020985258743;5. Is neutral.
6;8e49d3b739ab2594;534a4d9b27e87da0;353588cd3dd6d774;2024-09-12T06:17:54.000Z;"En degene die niet werken, worden die geweigerd?

Toen we nog gastarbeiders hadden werkte het prima
Niet werken, lekker weer naar huis

Rond 1982 was er ook tekort aan werkkrachten

Het toverwoord was automatiseren";;;;1;gastarbeiders;2024-10-02 10_26_53.907574;0.248775690793991;0.000834192382172;0.000186566467164;0.000066318178142;0.000027402667911;0.047523822635412;0.000293977325782;1. Against immigration, migrants, foreigners, refugees, or Muslims.
7;8595894a73146abd;8a53a8a45a6f87a1;9cb89660e4fb9ac3;2024-09-15T20:08:04.000Z;#Nederland  Problemen met te weinig parkeerplaatsen in div steden - dorpen, DenHaag bijv Iedereen moet gaan dokken  Tja volgestopt met gastarbeiders en wat al niet  Volle bak dus;;;;109;gastarbeiders;2024-10-02 10_26_53.907574;0.225543871521950;0.000311068957672;0.000625608721748;0.000429769366747;0.000176139816176;0.039619229733944;0.000088816879725;1. Against immigration, migrants, foreigners, refugees, or Muslims.
8;c8f547469d32688f;9a78afb4c45ae8db;69056dd75df3af36;2024-08-06T09:22:57.000Z;'Kinderachtige leugens': Hongarije ontkent EU-verwijten over Russische gastarbeiders;2.0;;3;42;gastarbeiders;2024-10-02 10_26_53.907574;0.024247515946627;0.000155582922161;0.000072607013863;0.000666217063554;0.003065125551075;0.002326587913558;0.000062156381318;5. Is neutral.
9;7c2f4df07d0e31fd;361cde1b152e57dc;f8733c9649197545;2024-09-16T21:42:45.000Z;#barlaat de fout is in de jaren 70 en 80 gemaakt door de gastarbeiders niet terug te sturen na einde werk..en dat is geescaleerd nu..In Dubai moet je oprotten als je baan klaar is. Wat naturaliseren? ROT OP!!;;;;173;gastarbeiders;2024-10-02 10_26_53.907574;0.232559114694595;0.000645921623800;0.000006868116998;0.000050620092225;0.000012258105926;0.024855766445398;0.000019306193280;1. Against immigration, migrants, foreigners, refugees, or Muslims.
10;71f1fa24ae34ef22;f1c182e54245d2b7;a002abd51fb44e09;2024-09-16T04:34:44.000Z;Dat mensen kansen moeten krijgen om te integreren. Nederland kan niet weer de fouten maken die ze met de gastarbeiders in de jaren 60 maakten.;2.0;;;128;gastarbeiders;2024-10-02 10_26_53.907574;0.033839050680399;0.000016423986381;0.000001101230851;0.000022331973014;0.000020916128051;0.008877641521394;0.000082890728663;2. In support of immigration, migrants, foreigners, refugees, or Muslims.
11;981123f0b109a088;fce77c34d3fec987;49389f4662f2a410;2024-09-18T17:48:10.000Z;"Is er nou vanavond alweer een programma/serie over “gastarbeiders”..?

Waarom wordt belastinggeld gebruikt om een politieke mening populair te maken?

En mensen maar klagen over ON, want dit is zeker niet “sturend” bedoeld..(?).";;;;4;gastarbeiders;2024-10-02 10_26_53.907574;0.049534354358912;0.000435083551565;0.000067278364440;0.000033764616092;0.000014765304513;0.080672688782215;0.000340520549798;1. Against immigration, migrants, foreigners, refugees, or Muslims.
12;5a931e5bc7862beb;fe31c899b5794b09;9887c29f1ddfd2d1;2024-09-06T15:08:18.000Z;de Volkskrant 26 april 1980 En weer EIST het bedrijfsleven de komst van 'gastarbeiders'. VVD, CDA gehoorzamen als bereidwillige politieke knechten. PvdA en vakbeweging protesteren tevergeefs. Oh, natuurlijk schelden verdeel-en-heersknechtjes de geronselde buitenlanders voor rot.;;;;14;gastarbeiders;2024-10-02 10_26_53.907574;0.406736940145492;0.000252318772255;0.001315606408752;0.000153615706949;0.000050586841098;0.256838649511337;0.001223442959599;1. Against immigration, migrants, foreigners, refugees, or Muslims.
13;57b8c4150ecb6956;fe31c899b5794b09;9887c29f1ddfd2d1;2024-09-02T12:41:58.000Z;"19/08/1964 Den Haag, Nederland: KVP/ ARP/ CHU/ VVD-kabinet-Victor Marijnen/ Turks minister van Arbeid Bülent Ecevit tekenen wervingscontract voor Turkse ""gastarbeiders"" - ""Blonde Geert"" beweert al jaren dat 'links' dat deed, maar dat LIEGT-ie";;;;30;gastarbeiders;2024-10-02 10_26_53.907574;0.031000770628452;0.000053750423831;0.000344058498740;0.002261245390400;0.002005380345508;0.007708726450801;0.000526299700141;3. Against those that oppose immigration or are negative towards migrants, foreigners, refugees, or Muslims.
14;71a03a7ec53594e8;a195a1a4fcc35cd3;b2776c41e10c69ea;2024-09-14T09:14:38.000Z;"Never give in for abuis. Wat? Check; hoog conjunctuur alleen (?) bij slavernij rn gastarbeiders. Tuurlijk ook uw gezin (ja, soort '67 Palasteina) oei, oei wij hebben het fout gedaan, dat kost u geld. Emigratie belasting, bij vertrekpoort ff strippen 
https://youtu.be/YySW9cF7N7Y?si=GwkVq-vQOC8i8XsJ…";;;;48;gastarbeiders;2024-10-02 10_26_53.907574;0.130237609148026;0.001613197964616;0.000011783093214;0.001847306382842;0.000378830329282;0.026659583672881;0.003512299386784;1. Against immigration, migrants, foreigners, refugees, or Muslims.
15;4a0a0f1dc292a548;b14ff67048a3b878;0a4b5aeba6d0354a;2024-09-22T18:00:01.000Z;"Vanavond in De Sociëteit om 22:52 uur op NPO2.

Het is 60 jaar geleden dat de eerste Turkse gastarbeiders in Nederland aankwamen. Wat bracht het hen en wat bracht het Nederland? We gaan het er uitgebreid over hebben.";1.0;1.0;2;233;gastarbeiders;2024-10-02 10_26_53.907574;0.001097547356039;0.000003403528581;0.000001468768801;0.000024997751098;0.000182341216714;0.002001691376790;0.000245636561885;5. Is neutral.
16;96ad70cbaea46f0d;62ca5c3ba92a473f;7b1f5f70d8fe4899;2024-09-29T20:51:11.000Z;Hoezo mijn vieze werk? Dat doe ikzelf. Dat doet geen enkele allochtoon voor mij. Daarnaast associeer jijzelf deze criminelen met gastarbeiders.;1.0;;2;28;gastarbeiders;2024-10-02 10_26_53.907574;0.667727351188660;0.000110345805297;0.000007505524081;0.000014834223293;0.000000544461670;0.023179307579994;0.000018862607249;1. Against immigration, migrants, foreigners, refugees, or Muslims.
17;fe35887bad7f8f24;03073f718ed81d74;da85485925c0c26c;2024-09-30T14:12:07.000Z;De eerste moslimmigranten in Nederland waren geen #Turkse en #Marokkaanse gastarbeiders, maar #Indonesiërs en #Surinamers uit de koloniën, toont de eerste tentoonstelling van het @moslimarchief. Zie link hieronder voor het hele verhaal.  https://buff.ly/3Y3uPbd #islam #moslims;1.0;6.0;5;624;gastarbeiders;2024-10-02 10_26_53.907574;0.001282870885916;0.000006954990113;0.000000179558015;0.000070416244853;0.000038689613575;0.000098706426797;0.000019353936295;5. Is neutral.
18;c1b1642df7e3e153;54107398ec94b895;d08bd88c6c6c4f0c;2024-08-23T13:00:11.000Z;"Hallo @RPlasterk, een onverwachte inkijk. Nu mijn vragen:
Ja, rechts heeft in de beginne #gastarbeiders binnengehaald, maar wie heeft toegestaan of gepromoot om de werkers hun gezinnen te laten overkomen? 
Waarom is niet gekozen voor max 5 jaar en terug, en kan je broertje komen?";;;;12;gastarbeiders;2024-10-02 10_26_53.907574;0.006472241133451;0.000719659496099;0.000035774508433;0.000231158861425;0.000692954636179;0.010353103280067;0.000581772474106;1. Against immigration, migrants, foreigners, refugees, or Muslims.
19;28910507f52b0706;cad2da138473aea6;165c15b4d84c5c5a;2024-09-11T08:10:44.000Z;"Eating cats and dogs......ik herinner me dat jaaaaaren geleden dezelfde verhalen de ronde deden over Turkse en Marokkaanse gastarbeiders... 

Racisten zijn niet bepaald origineel.";;;;32;gastarbeiders;2024-10-02 10_26_53.907574;0.398987948894501;0.000009056371709;0.000069457099016;0.000119792042824;0.000007219508007;0.341678559780121;0.130309626460075;3. Against those that oppose immigration or are negative towards migrants, foreigners, refugees, or Muslims.
20;29031b44b3fa77ad;997361bcc2b804ba;50fd38825c7242dc;2024-08-25T15:22:12.000Z;"'Dat juist een aanzienlijk deel van de tweede en derde generatie moslimimmigranten aanmerkelijk fanatieker is dan de goedlachse gastarbeiders van weleer.'
Moslims in de polder: a match made in heaven https://ewmagazine.nl/nederland/opinie/2024/04/moslims-in-de-polder-a-match-made-in-heaven-69398w/… via @ewmagazinenl";2.0;;;96;gastarbeiders;2024-10-02 10_26_53.907574;0.090293794870377;0.000067544242484;0.000000763261937;0.000136370494147;0.000214434592635;0.001490589347668;0.000020792187570;1. Against immigration, migrants, foreigners, refugees, or Muslims.
21;1c37d1deda7849cd;5de4b0694632ebd0;2350ab61a96bb83c;2024-09-26T17:07:38.000Z;Inderdaad, de corrupte Midden-Europese elite ondermijnt de Europese veiligheid door Russische gastarbeiders toe te laten in Hongarije, en daarmee ook in de gehele Schengen-zone. Dit geeft Rusland vrij spel om spionageactiviteiten te ontplooien in Europa, wat de hybride;2.0;10.0;19;2,1K;gastarbeiders;2024-10-02 10_26_53.907574;0.240669101476669;0.000135178386699;0.000125221398775;0.003720322623849;0.000231256039115;0.037941008806229;0.000414347712649;1. Against immigration, migrants, foreigners, refugees, or Muslims.
22;ca595020257713f2;855717c44a2d9a1a;b96c950d445a4eb5;2024-09-27T07:55:25.000Z;Je liegt ook, die gastarbeiders kwamen op het geld af, mijnwerkers waren goed betaald in die tijd in verhouding tot andere arbeiders.  Ze kwamen ook uit regio's in Marokko waar er weinig te verdienen viel.;;;5;132;gastarbeiders;2024-10-02 10_26_53.907574;0.012228545732796;0.000005716902251;0.000115977498353;0.000060303180362;0.000040584513044;0.001394371152855;0.000917628989555;1. Against immigration, migrants, foreigners, refugees, or Muslims.
23;778dbdb7a4e213dd;53d270584589c258;5e894b9736aa44ed;2024-10-02T03:37:25.000Z;Het laatste linkse kabinet was ruim 50 jaar geleden. Wist je trouwens dat links tegen het binnenhalen van gastarbeiders uit o.a. Turkije en Marokko was?  Dat het laatste linkse kabinet dit ook onmiddellijk stopte?;;;10;192;gastarbeiders;2024-10-02 10_26_53.907574;0.030708286911249;0.000016976384359;0.000215338950511;0.000034119402699;0.000037812438677;0.010512248612940;0.000079703175288;5. Is neutral.
24;b1fe46d3343fbf24;481cf487bc5a5e60;69ae89ffac055d21;2024-09-28T07:59:33.000Z;Banen in slachthuizen. Vooral gastarbeiders. In de bouw kunnen ze het dubbele verdienen.;;;3;60;gastarbeiders;2024-10-02 10_26_53.907574;0.061233203858137;0.000651609094348;0.001613353961147;0.000408643973060;0.000092367292382;0.174953177571297;0.022037392482162;5. Is neutral.
25;1644423ca0d042cb;18c8e698e67a7e81;b02c4b400d921556;2024-09-27T02:01:55.000Z;Ik bedoel dat de gastarbeiders indertijd graag wilde assimileren met hun gastland. Ik denk niet dat ze stonden te springen om hun cultuur of religie te importeren naar hier. Latere generaties hebben die drang meer en meer gekregen wat m.i. de verdeeldheid alleen maar voedt.;1.0;;14;1,2K;gastarbeiders;2024-10-02 10_26_53.907574;0.072240635752678;0.000010811166248;0.000623629603069;0.000028205682611;0.000186195218703;0.017209179699421;0.000544078939129;1. Against immigration, migrants, foreigners, refugees, or Muslims.
26;0fdf96b43c995d53;b8f5b09425eb8025;457190826e0f2ea1;2024-09-25T10:18:14.000Z;Wilde de VVD die gastarbeiders dan weren? Welnee, samen met de voorgangers van het CDA werden er complete wervingsverdragen afgesloten met Turkije en Marokko. Sterker: er werden kantoren geopend om mensen naar Nederland te halen.;2.0;15.0;201;7,9K;gastarbeiders;2024-10-02 10_26_53.907574;0.025449639186263;0.000120057578897;0.000085750318249;0.000004186432307;0.000010184089660;0.012911821715534;0.000283574685454;5. Is neutral.
27;16b43177d5dc08ea;e0c6277f17c991c8;281772972fe3316e;2024-09-23T09:24:35.000Z;Het spreekwoord gasten en verse vis,blijven 3 dagen fris. Gastarbeiders voor 3 dagen is inderdaad wat kort, maar 3 jaar had het maximum moeten zijn. Had een heleboel problemen bespaard en hadden we nu geen parallelle gemeenschap in Nederland gehad.;;1.0;3;88;gastarbeiders;2024-10-02 10_26_53.907574;0.053340483456850;0.003661247901618;0.000395517330617;0.000034766057070;0.000105518578493;0.081237971782684;0.004564776550978;1. Against immigration, migrants, foreigners, refugees, or Muslims.
28;f020be1960c2f966;77fd91771febafff;9dedcae3ea4a2e6a;2024-09-27T06:16:10.000Z;Mensen en dus ook kinderen kunnen walgelijk zijn. We krijgen via de oveheid en de media te horen dat elk kind veilig moet zijn op school. Iets van 50 jr geleden trof mijn moeder een mes bij mijn jongste broertje aan. Alle jongens van gastarbeiders hebben een mes zei hij, ik moet;1.0;;7;505;gastarbeiders;2024-10-02 10_26_53.907574;0.202125370502472;0.000712905777618;0.001355989021249;0.000150057021528;0.000192788065760;0.628342926502228;0.066680260002613;1. Against immigration, migrants, foreigners, refugees, or Muslims.
29;a28797774d570ac3;07bd5ed0e667e1be;7d25f32ba8a80124;2024-09-25T10:44:58.000Z;En vergeet niet dat toen de werkloosheid hoog was en o.a. deze Turkse gastarbeiders minder productief waren, ze in de WAO werden gedumpt door de werkgevers. De Nederlandse taal niet spreken woog mee als criterium. En Kok ( PVDA) heeft de WAO vereisten daarna aangepast.;2.0;;10;908;gastarbeiders;2024-10-02 10_26_53.907574;0.096113115549087;0.000035468674469;0.000527076830622;0.000054616823036;0.000122019751870;0.009829771704972;0.000119303229439;5. Is neutral.
30;d5647f07ff09bb70;bb2d01e4ad68f9ac;c1f802ab5c6c3147;2024-09-24T13:18:48.000Z;Ik ken de verhalen van nazaten van arbeidsmigranten, eerder betiteld met gastarbeiders o.m. vanuit mijn betrokkenheid bij een minor aan de HHS, over onwrikbare schooladviezen beneden competentie waar ze tegen in moesten vechten. Vaak pas stapsgewijs op competentieniveau;;;2;21;gastarbeiders;2024-10-02 10_26_53.907574;0.027056509628892;0.000023111642804;0.002278089290485;0.001201566308737;0.000662224832922;0.029631944373250;0.001278035459109;5. Is neutral.
31;24e560002cf1e8b5;e78be1430d6e1d46;9c3fcdbc3e534f9e;2024-09-25T20:56:19.000Z;"Nope… dat zit Europa niet. Nederland al helemaal niet met per hoofd van de bevolking ónder het Europees gemiddelde.

Die wachtlijst is veroorzaakt door fout politiek beleid, met name door de VVD. Nederlanders staan al decennia op wachtlijsten… ver voor de eerste gastarbeiders.";2.0;;5;133;gastarbeiders;2024-10-02 10_26_53.907574;0.076359242200851;0.000008182225429;0.000014977509636;0.000013658112039;0.000040398084820;0.002005739137530;0.000114902148198;5. Is neutral.
32;b9a010e1a9a79d19;1d568bc6bf3c9ead;9dfa69920d236bd2;2024-09-23T19:22:20.000Z;Deze barbaren zijn ooit hierheen gehaald als GASTARBEIDERS om de economie te boosten. Soit. Maar op de premisse dat ze TERUG zouden gaan! Niet om de rest van hun (vaak achterlijke) familie ook nog eens hierheen te laten komen. Dat is helaas in 2005 al vastgelegd in de EVRM.;;;4;76;gastarbeiders;2024-10-02 10_26_53.907574;0.804923176765442;0.000102015699667;0.000003644046046;0.000026203881134;0.000006670338280;0.208164542913437;0.001017776783556;1. Against immigration, migrants, foreigners, refugees, or Muslims.
33;b86c73dfc6ef3648;cc0d74e5d5dfa200;26e5349912c9603b;2024-09-30T06:51:46.000Z;CDA is inderdaad een naar clubje. Stonden aan het begin van veel ellende zoals de verkwanseling van aardgasbaten en de golven gastarbeiders.;;;3;30;gastarbeiders;2024-10-02 10_26_53.907574;0.195808961987495;0.000074728704931;0.000080201571109;0.000415108748712;0.000109692737169;0.008098462596536;0.001144194277003;1. Against immigration, migrants, foreigners, refugees, or Muslims.
34;0986f892bc90aa99;1eb16bce3a4d3ad6;062eb7695309ca8c;2024-09-23T11:16:37.000Z;wat 'n idiote inschatting. zie 't onderzoek van brunt & bovenkerk uit de jaren '80 naar het zich terugtrekken van de gastarbeiders ná de gezinshereniging (daarvoor deden ze vaak mee aan buurtactiviteiten en zo) enfin, hier 'n foto van kaboel uit 1972. ook veranderd door wilders?;;;9;76;gastarbeiders;2024-10-02 10_26_53.907574;0.188885018229485;0.000225327821681;0.000115262628242;0.000437138136476;0.000163350021467;0.014983061701059;0.000309579627355;6. Other: Critiques historical immigration policy.
35;6d2a07b64da2da5f;e43a432804eb97e5;d449a3fb17e2e49c;2024-09-28T14:56:50.000Z;"Mijn ouders waren gastarbeiders.
Mijn vader heeft in de kool mijnen gewerkt. 
Ikzelf heb het Nederlands moeten leren en ben daar heel dankbaar voor dat ik de kans heb gekregen. 
Ik heb het geluk gehad om te kunnen bijdragen aan de maatschappij en de maatschappij is goed voor mij";;;4;30;gastarbeiders;2024-10-02 10_26_53.907574;0.001773084397428;0.000001415060183;0.000084976993094;0.000132341738208;0.000092944697826;0.002136176452041;0.000623739906587;2. In support of immigration, migrants, foreigners, refugees, or Muslims.
36;c1c616ff95bc4a3b;a21e0ba0ca44daea;c82c663964cb358f;2024-09-25T19:43:03.000Z;Zelfde met de PvdA: gastarbeiders en immigranten werden met open armen ontvangen omdat het potentiële vakbondsleden en later PvdA-stemmers waren (dachten ze).;;;3;38;gastarbeiders;2024-10-02 10_26_53.907574;0.180198580026627;0.000012936109670;0.000225536306971;0.000116334820632;0.000083029888629;0.008961139246821;0.000342852232279;5. Is neutral.
37;f43ae2d2188da944;e18ac37a224ffc42;599ca3fbe02e8bd4;2024-09-27T08:08:06.000Z;Hou op deze onzinnige leugen te verspreiden dat gastarbeiders weinig verdienden. De koolputters waren de best betaalde werkers en gastarbeiders kregen hetzelfde loon. Het waren nooit meer dan 15% gastarbeiders trouwens, de rest waren Limburgse zonen en vaders.;;;7;123;gastarbeiders;2024-10-02 10_26_53.907574;0.359955221414566;0.000110212880827;0.000032900399674;0.000085783191025;0.000365037674783;0.028169302269816;0.000063718573074;5. Is neutral.
38;5e56819582de263d;ac594214fd8448c8;fbbfb806752ec7d2;2024-09-30T07:07:30.000Z;Ik zag een reportage over een tentoonstelling van de 1e generatie gastarbeiders. Bijzonder was dat de geïnterviewde Nederturkse moeder/oma tot op heden gebrekkig Nederlands spreekt.;1.0;;2;98;gastarbeiders;2024-10-02 10_26_53.907574;0.020143494009972;0.000001636243610;0.000169396051206;0.000712503038812;0.000674804090522;0.001906299730763;0.000285003101453;5. Is neutral.
39;7b0231efc8d87377;50e98a278d9f498c;ddbb547b7042316e;2024-09-27T21:28:44.000Z;"Goede oude Nederlandse mentaliteit: we hebben je nodig en wanneer niet meer kan je wel stikken. Deden ze met kolonies, gastarbeiders en immigranten. Wie verbaast zich nog over dit kabinet?
#Afghanen";4.0;9.0;31;480;gastarbeiders;2024-10-02 10_26_53.907574;0.869331300258636;0.756503164768219;0.002579338150099;0.000083625447587;0.000018194874428;0.869246363639832;0.010495189577341;1. Against immigration, migrants, foreigners, refugees, or Muslims.
40;5bf47a34dc45f082;802c3b4801afc8c8;2068287c1efb63f7;2024-09-24T17:06:38.000Z;De VVD ... sloot wervingsverdragen af met Turkije en Marokko... En wie was er kritisch? Juist, ja. De PvdA... Daarom eiste de PvdA dat gastarbeiders maar twee jaar mochten blijven. En wat deed de VVD? Die eiste dat Turken en Marokkanen... hun gezin mee mochten nemen...;3.0;1.0;9;1,7K;gastarbeiders;2024-10-02 10_26_53.907574;0.057232487946749;0.000074472096458;0.000173580876435;0.000056071330619;0.000433105364209;0.052814319729805;0.004301172215492;1. Against immigration, migrants, foreigners, refugees, or Muslims.
41;935577b780ee65df;b92debe984465eba;158433b105cff657;2024-08-19T05:55:06.000Z;"""Nederland is een mooi land, als je de taal spreekt"" zegt de Turkse vrouw die 50 jaar in Nederland woont en amper Nederlands spreekt.

60 jaar Turkse gastarbeiders in Nederland: 'Hebben onze jaren gegeven' /via @NOS";;;;151;gastarbeiders;2024-10-02 10_26_53.907574;0.008138000033796;0.000020386734832;0.000020136165404;0.002445447258651;0.001595197478309;0.000341165374266;0.000117947427498;5. Is neutral.
42;176295271ba8e520;14eb839283d64f19;2d556e84a43f21bc;2024-09-25T10:28:40.000Z;De vraag is dan ook: Waar en wanneer zal dit leger worden ingezet. Hoe was dit met de Turkse en Marokkaanse gastarbeiders die in WO2 vochten @superjan. Ik weet het niet, het klopt iig totaal niet.;;;;18;gastarbeiders;2024-10-02 10_26_53.907574;0.081964805722237;0.000039556194679;0.000004046253707;0.000075115785876;0.000052160765335;0.068889282643795;0.000539091823157;6. Other: unclear stance on immigration.
43;283852a03f2becbe;a0fa7e33d3b6e588;09542772e4404112;2024-09-24T18:56:21.000Z;"Wow, een resumé van de trucs van ⁦@DilanYesilgoz⁩ . 
“Daarom eiste de PvdA dat gastarbeiders maar 2 jaar mochten blijven. En wat deed de VVD? Die eiste dat Turken en Marokkanen het recht kregen om hun gezin mee te nemen. Zei iemand gezinshereniging?”";;;;85;gastarbeiders;2024-10-02 10_26_53.907574;0.026635991409421;0.000064870044298;0.000005893342859;0.000145816549775;0.001072296523489;0.053071234375238;0.009794739075005;5. Is neutral.
44;f108355dfc0392cd;da928a3d4fede4d3;31b838d28858eaa4;2024-09-04T21:01:10.000Z;"#VaarwelVaderland
De gastarbeiders en mensen uit Indonesië vertellen over hun reden ,aankomst en leven in Nederland .Boeiend maar ook komt de vraag op ,waarom en wanneer begon het mis te gaan.";;;;110;gastarbeiders;2024-10-02 10_26_53.907574;0.006726731080562;0.000068439767347;0.000388514570659;0.000657023454551;0.000621847517323;0.001095874700695;0.000258036190644;5. Is neutral.
45;411746cae8ea156b;49ec9289b87de408;d816a91f4356ac0a;2024-09-04T11:31:02.000Z;Op 25 september kan je naar Pakhuis de Zwijger in Amsterdam, waar het boek “Van dankbaar naar strijdbaar” van Bilal Ben Abdelkarim  centraal staat. Het vertelt het verhaal van Marokkaanse Nederlanders die zich niet alleen hebben ontwikkeld van gastarbeiders naar trotse burgers,;;2.0;12;1,2K;gastarbeiders;2024-10-02 10_26_53.907574;0.001799822319299;0.000004686295142;0.000080424440966;0.000025935974918;0.000003163067049;0.003405359108001;0.000028518703402;5. Is neutral.
46;54ad841119728cbe;5992e467defe2643;b4454cc2d50b7392;2024-09-20T09:01:12.000Z;Mijn stuk gaat over vluchtelingen, niet over gastarbeiders van wie niet werd verwacht dat ze zouden blijven, zelf ook lange tijd aan terugkeer dachten en die al hun energie in zwaar en slecht betaald werk hebben gestoken. Dat is een heel andere dynamiek;1.0;;1;25;gastarbeiders;2024-10-02 10_26_53.907574;0.034682590514421;0.000004287231150;0.000283382541966;0.000065569918661;0.000045336862968;0.003038086695596;0.000189451689948;5. Is neutral.
47;c10c226def4404d9;ade77a82af47447d;6cf7b68127143870;2024-09-13T09:11:28.000Z;Wat in de jaren 60/70 begon met 'gastarbeiders'.....;;;1;11;gastarbeiders;2024-10-02 10_26_53.907574;0.087305761873722;0.000123080346384;0.000010234581168;0.000067003114964;0.000138250397868;0.005049700848758;0.001567214960232;1. Against immigration, migrants, foreigners, refugees, or Muslims.
48;851d3d83cf9376f9;ae3a1762d22dd110;b48bc7ccb31924db;2024-09-05T22:52:23.000Z;"Onze ‘gastarbeiders’ pasten niet in het wereldbeeld van vele suburbane Vlamingen, in de crisis opgejut door een autoritaire en racistische antivreemdelingenpartij.
http://sampol.be/2024/09/communautarisme-versus-democratie… via @Sampol_magazine";12.0;3.0;6;845;gastarbeiders;2024-10-02 10_26_53.907574;0.008886477909982;0.000013553426470;0.000001617129897;0.000084536586655;0.000002827600838;0.002341359620914;0.000105406943476;3. Against those that oppose immigration or are negative towards migrants, foreigners, refugees, or Muslims.
49;bdcb3c594ae5ed89;2b4923ac43fd2652;94dc68c32f17ecd1;2024-08-30T21:12:57.000Z;De gastarbeiders kwamen na de opbouw van Nederland, het was hoogconjuctuur er viel weinig meer op te bouwen.;;;7;102;gastarbeiders;2024-10-02 10_26_53.907574;0.013589640147984;0.000145332378452;0.001115042367019;0.000055555265135;0.000024427892640;0.004054988734424;0.000552017532755;5. Is neutral.
50;a3c53fba81242a4a;4e0493d6c0d62f06;ac7e99a9635e0de9;2024-08-30T13:35:36.000Z;"Erm? ""Vanaf 1949 begon de Nederlandse overheid actief emigratie te plannen en te bevorderen. In het hoogtepuntjaar van 1952 emigreerden maar liefst 48.690 Nederlanders naar landen als Canada, Australië, Nieuw-Zeeland en de VS""

En dan is er nog iets met nood aan gastarbeiders.";1.0;;3;182;gastarbeiders;2024-10-02 10_26_53.907574;0.001721452339552;0.000055221928051;0.000191594735952;0.000025060622647;0.000055702268583;0.001014581182972;0.000242060836172;5. Is neutral.
51;453638cbbe8039ba;715fc733c5eef228;39825c12e6b16e4b;2024-08-21T13:38:37.000Z;Inderdaad. Zo was Willem Drees sr. destijds een groot voorstander van remigratie van gastarbeiders. Lees hiervoor het boek 'De schijn-élite van de valse munters' (sic) van @Martinbosma_pvv.;;1.0;12;703;gastarbeiders;2024-10-02 10_26_53.907574;0.005064715165645;0.000007369738796;0.000078015007603;0.000047903693485;0.000147063474287;0.001972321653739;0.000039712027501;1. Against immigration, migrants, foreigners, refugees, or Muslims.
52;e044f17bd2faf879;b36ea842fa3c7eb6;700cf1cff904f138;2024-09-05T13:44:27.000Z;Eerlijk gezegd kreeg u gisteren de bingo-kaart uit de jaren 80-90 aardig vol: 'de gastarbeiders kwamen de baantjes doen waar wij ons te goed voor voelden'.;2.0;;15;999;gastarbeiders;2024-10-02 10_26_53.907574;0.013907020911574;0.000060328718973;0.000023106640583;0.000076210460975;0.000051293784054;0.007249199785292;0.000098253876786;5. Is neutral.
53;048a895d1cbb4700;10e7d9c072116897;ca22881e6293cd21;2024-09-11T10:35:00.000Z;"Zo'n 60 jaar geleden kwamen de eerste Turkse gastarbeiders naar Nederland. Maar hoe zit het met de vrouwen die hun man achterna reisden? Fotograaf en journalist Çiğdem Yüksel brengt deze verhalen tot leven in haar tentoonstelling en boek ""Je moest eens weten"".";;1.0;4;1,2K;gastarbeiders;2024-10-02 10_26_53.907574;0.001030900864862;0.000019237784727;0.000000741413203;0.000065591615567;0.000055900858570;0.001425236230716;0.000122288925922;5. Is neutral.
54;1e3075a4474bd19d;8df0e6b512155a85;1860e0518434e096;2024-08-18T12:28:23.000Z;Komst tienduizenden Turkse gastarbeiders nu zestig jaar geleden was ’win-win’: ’Het salaris bedroeg 180 gulden per maand’ https://telegraaf.nl/nieuws/1661344888/komst-tienduizenden-turkse-gastarbeiders-nu-zestig-jaar-geleden-was-win-win-het-salaris-bedroeg-180-gulden-per-maand… via @telegraaf;1.0;;;22;gastarbeiders;2024-10-02 10_26_53.907574;0.009519503451884;0.000140772302984;0.000002499686843;0.000245360133704;0.000399409909733;0.001228797133081;0.000484982418129;5. Is neutral.
55;c696dd0a7595b3ca;b74c936a856cecc8;9d4bb69970a2387e;2024-09-02T07:59:03.000Z;Heel wat Nederlanders zijn toen vervangen door de goedkope gastarbeiders.;2.0;1.0;5;40;gastarbeiders;2024-10-02 10_26_53.907574;0.454468846321106;0.000887065834831;0.000008730836271;0.000125644684886;0.000106187595520;0.032813135534525;0.001106767915189;1. Against immigration, migrants, foreigners, refugees, or Muslims.
56;11c78cdfcd4ded75;ac46e0a99e1e3edf;5a0285521e1af22a;2024-08-24T03:08:19.000Z;Ik zie een zekere overeenkomst met de selectie van gastarbeiders in de jaren zeventig, geen echte selectie, dat kost immers geld.;;;;11;gastarbeiders;2024-10-02 10_26_53.907574;0.050017353147268;0.000476786692161;0.000083214654296;0.000050094353355;0.000134416564833;0.041620440781116;0.000472410261864;5. Is neutral.
57;6cafa9d8319ebeae;880bd15a3bc2aac7;f99674404d740e7e;2024-08-31T08:27:46.000Z;Ken je geschiedenis eikel. Je bedoelt dat ze de sociale dienst hadden ontdekt. Het waren de Turken, Spanjaarden, Italianen, Hongaren die als gastarbeiders hier echt hebben gewerkt. De rest alleen maar gevangen en geprofiteerd.;;;;60;gastarbeiders;2024-10-02 10_26_53.907574;0.342065006494522;0.000008810261534;0.000289080926450;0.001832619193010;0.000162466167239;0.015122480690479;0.000977860763669;1. Against immigration, migrants, foreigners, refugees, or Muslims.
58;ba9d485035522a44;da234f602db8b874;c38c746509cffe05;2024-09-27T08:13:01.000Z;Ik ken het uit mijn jeugd, bij vriendinnen van mijn moeder die in elkaar werden geslagen door hun mannen. Lang voor er gastarbeiders kwamen. Gewone meneren die in pak naar hun werk gingen in hun Opel. Ik ken n jonge vrouw die kort geleden bijna gewurgd werd door haar man.;2.0;;1;28;gastarbeiders;2024-10-02 10_26_53.907574;0.055980507284403;0.000158518872922;0.045149590820074;0.018412942066789;0.000814015627839;0.621003687381744;0.061561554670334;6. Other: domestic violence not immigration related.
59;1bde75556b49a712;0ed0afc90598061e;893577e3e8c65f69;2024-09-01T21:46:41.000Z;Niet vergeten...het waren gastarbeiders dus tijdelijke krachten.;;;1;15;gastarbeiders;2024-10-02 10_26_53.907574;0.021996337920427;0.000073591480032;0.000014971954442;0.000016576035705;0.000021996575015;0.008679172024131;0.000083079859905;1. Against immigration, migrants, foreigners, refugees, or Muslims.
60;085b5d7cb1c4b235;2b4923ac43fd2652;94dc68c32f17ecd1;2024-08-09T12:54:44.000Z;Het probleem met deze puber is, dat hij niet beter weet. Hij heeft geen notie van de tijd voor de massale toestroom van gastarbeiders, gezinshereniging, massale toestroom van zgn ‘vluchtelingen’, wij senioren of boomers hebben dat wel! Dat is het verschil!;1.0;;3;86;gastarbeiders;2024-10-02 10_26_53.907574;0.025736145675182;0.000005804438388;0.000015101140889;0.000498228997458;0.001270363456570;0.010308174416423;0.000080820223957;1. Against immigration, migrants, foreigners, refugees, or Muslims.
61;7abd7fd0a29ec95b;5d92b7f26290a31b;c891d71f6a3fca97;2024-09-27T18:50:41.000Z;Het is alsof je de geallieerden de maat gaat nemen om dat die meer luchtaanvallen gepleegd hebben op Duitsland dan andersom. Iran (incl Hamas, Houthi's, Hezbollah) wil alle Israëlieten dood, ook de arabieren en de gastarbeiders. Israël vecht voor haar bestaan en doen dat goed;;;2;142;gastarbeiders;2024-10-02 10_26_53.907574;0.279431700706482;0.065804123878479;0.000953103415668;0.001607819460332;0.000045054650400;0.873110830783844;0.007720812223852;5. Is neutral.
62;d78f7ecdc18efee3;bb2d01e4ad68f9ac;c1f802ab5c6c3147;2024-09-24T13:25:10.000Z;Ik ken de verhalen van nazaten van arbeidsmigranten, eerder betiteld met gastarbeiders, o.m. vanuit m’n betrokkenheid bij een minor aan de HHS, over onwrikbare schooladviezen beneden competentie waar ze tegenin moesten vechten. Vaak stapsgewijs pas op competentieniveau. #racisme;1.0;;6;193;gastarbeiders;2024-10-02 10_26_53.907574;0.026422165334225;0.000039974958781;0.000155176225235;0.000633710122202;0.000535714672878;0.004858394619077;0.000183429001481;3. Against those that oppose immigration or are negative towards migrants, foreigners, refugees, or Muslims.
63;711c8d8e115b3240;90f58980f970fa5f;3614f00ea10ebf64;2024-09-22T13:16:01.000Z;"Dit zijn werklozen...werkloosheid in deze arbeidsmarkt zet mij aan het denken. 
Gastarbeiders zijn het, bij ontslag of.einde werkzaamheden retour land van herkomst.";;;5;61;gastarbeiders;2024-10-02 10_26_53.907574;0.101834461092949;0.000132044617203;0.001288373256102;0.000037878086005;0.000007996970453;0.009590211324394;0.000596872414462;1. Against immigration, migrants, foreigners, refugees, or Muslims.
64;d1def237f4e3c923;e04c4e80256247d1;d143b46ea69311c2;2024-09-27T11:45:26.000Z;Uiteraard waren NIET alle gastarbeiders die toen naar hier kwamen 20 en kinderloos.  Vrouw en kinderen bleven vaak aanvankelijk in het thuisland en kwamen enkele jaren nadien. U hebt geen enkele grond om deze jongedame voor leugenaar uit te maken.;;;1;35;gastarbeiders;2024-10-02 10_26_53.907574;0.006093939766288;0.000040971124690;0.000011859209735;0.000764830445405;0.001562193967402;0.022856881842017;0.000008225906640;5. Is neutral.
65;c626f66a99d57804;113b6fffd5478091;5e1e332894a82fb2;2024-09-23T12:45:22.000Z;Marokkanen zijn hier gekomen als gastarbeiders. Die waren toen heel kansrijk vanzelfsprekend. Door de economische crisis na 1980 werden E echter massaal werkloos en daarom behoren zij (en hun kinderen) nu tot de lagere klasse. En in de lagere klasse vind je meer criminaliteit.;1.0;;2;97;gastarbeiders;2024-10-02 10_26_53.907574;0.319375425577164;0.000004648012691;0.001937595312484;0.000088392473117;0.000202881696168;0.004805997014046;0.000273022887995;5. Is neutral.
66;388559f24b8f2ca4;e6c3e25d1ee05bda;c314f3e75728631b;2024-09-28T19:06:01.000Z;"Rijk Rechts, was en is bezig met massale immigratie. Eerst Marokkaanse en Turkse gastarbeiders gevolgd door massale arbeidsimport uit Oost-Europa. Verder wordt ondermeer A’dam massaal verhuurd aan expats
en  BUITENLANDSE kopers , dankzij internationale reclame door minister Blok>";1.0;1.0;2;65;gastarbeiders;2024-10-02 10_26_53.907574;0.100053265690804;0.000063943247369;0.000042740990466;0.000157229384058;0.000112634101242;0.005065404810011;0.001056890818290;1. Against immigration, migrants, foreigners, refugees, or Muslims.
67;d531df14f03a06d3;65256347c323244f;7f31f4ac37bf41f0;2024-09-28T09:24:01.000Z;Jij bent een kind van gastarbeiders. Dus niet de Servische agressie op de Balkan meegemaakt. Je hebt dus wel meegemaakt dat mensen van de Balkan hierheen vluchtten. Ik heb het zelf meegemaakt. Er waren GEEN alleenstaande mannen die vluchtten. Waarom doen de Arabieren dit wel?;1.0;2.0;25;567;gastarbeiders;2024-10-02 10_26_53.907574;0.235739901661873;0.000001045876957;0.000196078297449;0.000636290060356;0.001012227265164;0.062135260552168;0.000752530584577;1. Against immigration, migrants, foreigners, refugees, or Muslims.
68;151b7e2ca019e725;3ff41ca81c424737;50118ba59067f24c;2024-09-23T08:30:09.000Z;"Dat was vroeger al 70-tiger jaren. Achter op de vuilniswagen stonden enkel autochtonen, terwijl men dacht dat de turken juist als gastarbeiders kwamen om het vuile werkt te doen waar Nederlanders hun neus voor optrokken...
Tsja in  die tijd verdiende ze FL 2.600 bruto/mnd ! Een";1.0;;5;201;gastarbeiders;2024-10-02 10_26_53.907574;0.326303929090500;0.000049468857469;0.000108660613478;0.000149607978528;0.000688252446707;0.010743191465735;0.001835206407122;5. Is neutral.
69;9bd2f17c8a7a2e81;b8f5b09425eb8025;457190826e0f2ea1;2024-09-25T10:19:13.000Z;Was er dan niemand kritisch in die tijd? Jazeker. De PvdA. De linkse partij waarschuwde voor verdringing van Nederlandse werknemers en de druk op de lonen. Daarom eiste de PvdA dat gastarbeiders maar twee jaar mochten blijven.;6.0;32.0;243;8,4K;gastarbeiders;2024-10-02 10_26_53.907574;0.011446328833699;0.000059359772422;0.000261230656179;0.000034835087718;0.000183915530215;0.006249436177313;0.000586216454394;1. Against immigration, migrants, foreigners, refugees, or Muslims.
70;12fe6b81af09a159;c617ac153b68c253;3136ea36b1c47a45;2024-09-24T13:16:32.000Z;De buitenlandse werving van Spaanse, Marokkaanse en Turkse arbeiders, (1961 en 1964) werd gestart door het toenmalige kabinet van KVP, ARP, CHU en VVD. In 1973 beëindigde het kabinet-Den Uyl de officiële werving van gastarbeiders.;;4.0;16;768;gastarbeiders;2024-10-02 10_26_53.907574;0.002111543668434;0.000332891038852;0.000102785634226;0.000010030113117;0.000004025040198;0.003219283418730;0.000095683702966;5. Is neutral.
71;9059bf4c9b2ec438;bfa2700b7775420c;a5b3883b42d627ac;2024-10-01T17:01:19.000Z;Het wrange is dat de VVD/werkgevers voor de eerste golf van Marokkaanse en Turkse gastarbeiders heeft gezorgd, de PvdA was daar tegen.;;;2;78;gastarbeiders;2024-10-02 10_26_53.907574;0.063295356929302;0.000019535811589;0.000068664252467;0.000045811804739;0.000088888140453;0.008044705726206;0.000172026295331;5. Is neutral.
72;76f8dc5e600243ce;a65c4bcfec9c8f74;a1214e9c0b894410;2024-09-27T20:21:03.000Z;Dat is niet waar. Natuurlijk wilden de gastarbeiders destijds hun cultuur meenemen. Integreren wil niet zeggen dat je je cultuur volledig verloochent. Ikzelf zou bepaalde culturele zaken meenemen vanuit België mocht ik verhuizen en het is belachelijk om te doen alsof dat fout is;1.0;;3;391;gastarbeiders;2024-10-02 10_26_53.907574;0.024399973452091;0.000001579170544;0.000053673487855;0.000020737612431;0.000011491901205;0.011720953509212;0.000212901140912;2. In support of immigration, migrants, foreigners, refugees, or Muslims.
73;69be6eeaa2af63e6;b8f5b09425eb8025;457190826e0f2ea1;2024-09-25T10:20:44.000Z;"We hadden dus een rechtse partij die actieve werving van gastarbeiders mogelijk maakte en zelfs gezinshereniging stimuleerde. Die actieve werving werd in 1973 door het kabinet-Den Uyl gestaakt; het wervingsverdrag werd gestopt. Voor de jonge lezers: Den Uyl was geen VVD’er.";2.0;35.0;244;7,8K;gastarbeiders;2024-10-02 10_26_53.907574;0.001103162765503;0.000002011528977;0.000017583899535;0.000022072728825;0.000050222159189;0.001977503066882;0.000152105378220;5. Is neutral.
1;0a2a69dc72ae9958;075f118a96e30609;e85d636dcfd44189;2024-09-20T10:21:13.000Z;"Joop den Uyl maakte in 1973 een eind aan de werving van gastarbeiders die door rechts  conservatieve regeringen hierheen waren gehaald.
Job Cohen was staatsecretaris en heeft een strenger vreemdelingenwet ingevoerd. 
Wilders verteld zoals gewoonlijk sprookjes.
#APB2024";158.0;413.0;1,2K;39K;gastarbeiders;2024-10-16 10_16_51.093399;0.041742533445358;0.000043802527216;0.000058228539274;0.000734727538656;0.000263272697339;0.004917001351714;0.000485407450469;5. Is neutral.
2;a3ff8ca9a0fd01a9;28558e49506f1132;b547a3fddb094730;2024-10-10T06:22:30.000Z;"Poolse knokploegen jagen op migranten. ‘Er hangt een ‘pogromsfeer’
Sinds een maand zoeken in Polen zelfbenoemde burgerpatrouilles naar ‘criminele migranten’. In Zyrardów ontvluchtten gastarbeiders de stad. De overheid reageert traag. De bevolking kijkt gelaten toe.Het pand aan de";1.0;;;53;gastarbeiders;2024-10-16 10_16_51.093399;0.190514966845512;0.002289155498147;0.000081077741925;0.000355518917786;0.000006175049748;0.253040224313736;0.003868016647175;1. Against immigration, migrants, foreigners, refugees, or Muslims.
3;39ab2d5f5189f6d3;74eb76c43c076b0b;3d8b0c83c4fa6567;2024-10-04T18:15:33.000Z;60 jaar Turkse gastarbeiders in Nederland: een mijlpaal vol hard werk en doorzettingsvermogen. Als derde generatie en raadslid volg ik in de voetsporen van mijn vader, vastberaden om impact te maken op mijn gemeente en hun nalatenschap voort te zetten. #trotsedeventenaar;;;6;257;gastarbeiders;2024-10-16 10_16_51.093399;0.000338429206749;0.000009540777683;0.000004327272563;0.000492441875394;0.001432730234228;0.000202171286219;0.000016814281480;2. In support of immigration, migrants, foreigners, refugees, or Muslims.
4;0c50c75b6eace6af;ae932c905ed7f38e;94517d5598b41322;2024-10-14T10:16:47.000Z;"De Marokkanen zijn hier in de jaren zestig als gastarbeiders gekomen, 60 jaar geleden.

Dit is inmiddels de vierde generatie Marokkanen in Nederland en het zijn precies dezelfde soort etterbakken als die Marokkaanse jochies in de jaren 70 en 80.

Dat volk zalf nooit integreren";1.0;3.0;32;1,1K;gastarbeiders;2024-10-16 10_16_51.093399;0.974821269512176;0.000035733522964;0.000025685012588;0.001042443094775;0.003044786397368;0.013264466077089;0.000904436863493;1. Against immigration, migrants, foreigners, refugees, or Muslims.
5;981123f0b109a088;fce77c34d3fec987;49389f4662f2a410;2024-09-18T17:48:10.000Z;"Is er nou vanavond alweer een programma/serie over “gastarbeiders”..?

Waarom wordt belastinggeld gebruikt om een politieke mening populair te maken?

En mensen maar klagen over ON, want dit is zeker niet “sturend” bedoeld..(?).";;;;15;gastarbeiders;2024-10-16 10_16_51.093399;0.049534354358912;0.000435083551565;0.000067278364440;0.000033764616092;0.000014765304513;0.080672688782215;0.000340520549798;1. Against immigration, migrants, foreigners, refugees, or Muslims.
6;1c37d1deda7849cd;5de4b0694632ebd0;2350ab61a96bb83c;2024-09-26T17:07:38.000Z;Inderdaad, de corrupte Midden-Europese elite ondermijnt de Europese veiligheid door Russische gastarbeiders toe te laten in Hongarije, en daarmee ook in de gehele Schengen-zone. Dit geeft Rusland vrij spel om spionageactiviteiten te ontplooien in Europa, wat de hybride;2.0;10.0;19;2,1K;gastarbeiders;2024-10-16 10_16_51.093399;0.240669101476669;0.000135178386699;0.000125221398775;0.003720322623849;0.000231256039115;0.037941008806229;0.000414347712649;1. Against immigration, migrants, foreigners, refugees, or Muslims.
7;f8bf8ab4f9f43cd1;181dcd8ad802c3ff;df9920bc4bc2ffdd;2024-10-13T10:16:21.000Z;[Extra] 60 jaar Turkse gastarbeiders in Hilversum: 'Het woord discriminatie kenden wij toen niet' -  http://hilversumsnieuws.nl/l/343597;;;;188;gastarbeiders;2024-10-16 10_16_51.093399;0.001601013122126;0.000041840299673;0.000001880110290;0.000295160483802;0.001053101615980;0.000810321304016;0.000042940195272;5. Is neutral.
8;4a0a0f1dc292a548;b14ff67048a3b878;0a4b5aeba6d0354a;2024-09-22T18:00:01.000Z;"Vanavond in De Sociëteit om 22:52 uur op NPO2.

Het is 60 jaar geleden dat de eerste Turkse gastarbeiders in Nederland aankwamen. Wat bracht het hen en wat bracht het Nederland? We gaan het er uitgebreid over hebben.";1.0;1.0;2;272;gastarbeiders;2024-10-16 10_16_51.093399;0.001097547356039;0.000003403528581;0.000001468768801;0.000024997751098;0.000182341216714;0.002001691376790;0.000245636561885;5. Is neutral.
9;683c47d8626beb14;d1ab0e625d29882e;23d850348107eb61;2024-10-10T18:20:59.000Z;Begrijpend lezen is aan U voorbijgegaan ?  Net wat ik zeg  , aangepaste mensen . Waarom begin je daar vandaag over ? Deze boodschap is er ene voor radicaal links en hun import vandaag , en we leven vandaag zonder problemen met uw gastarbeiders , dus wat is uw boodschap ?;1.0;;1;26;gastarbeiders;2024-10-16 10_16_51.093399;0.041872348636389;0.000019386485292;0.000350847927621;0.000049880127335;0.000063308354584;0.017864963039756;0.000061738559452;4. Against those that support immigration, migrants, foreigners, refugees, or Muslims.
10;a3c53fba81242a4a;4e0493d6c0d62f06;ac7e99a9635e0de9;2024-08-30T13:35:36.000Z;"Erm? ""Vanaf 1949 begon de Nederlandse overheid actief emigratie te plannen en te bevorderen. In het hoogtepuntjaar van 1952 emigreerden maar liefst 48.690 Nederlanders naar landen als Canada, Australië, Nieuw-Zeeland en de VS""

En dan is er nog iets met nood aan gastarbeiders.";1.0;;3;195;gastarbeiders;2024-10-16 10_16_51.093399;0.001721452339552;0.000055221928051;0.000191594735952;0.000025060622647;0.000055702268583;0.001014581182972;0.000242060836172;5. Is neutral.
11;c1b1642df7e3e153;54107398ec94b895;d08bd88c6c6c4f0c;2024-08-23T13:00:11.000Z;"Hallo @RPlasterk, een onverwachte inkijk. Nu mijn vragen:
Ja, rechts heeft in de beginne #gastarbeiders binnengehaald, maar wie heeft toegestaan of gepromoot om de werkers hun gezinnen te laten overkomen? 
Waarom is niet gekozen voor max 5 jaar en terug, en kan je broertje komen?";;;;23;gastarbeiders;2024-10-16 10_16_51.093399;0.006472241133451;0.000719659496099;0.000035774508433;0.000231158861425;0.000692954636179;0.010353103280067;0.000581772474106;1. Against immigration, migrants, foreigners, refugees, or Muslims.
12;0cd48403f485ca25;78f0b33e7124c2bc;23e72ec352d2003b;2024-10-10T06:24:22.000Z;"Poolse knokploegen jagen op illegale migranten. ‘Er hangt geen ‘pogromsfeer’ 

Sinds een maand zoeken in Polen heldhaftige burgerpatrouilles naar ‘criminele migranten’. In Zyrardów ontvluchtten gastarbeiders de stad. De overheid reageert traag. De bevolking kijkt tevreden toe.";;;;38;gastarbeiders;2024-10-16 10_16_51.093399;0.037116911262274;0.000774782733060;0.000060054524511;0.000536284816917;0.000021603433197;0.092448949813843;0.002328094560653;1. Against immigration, migrants, foreigners, refugees, or Muslims.
13;387d290735532a1b;d1ab0e625d29882e;23d850348107eb61;2024-10-10T18:04:48.000Z;Dat zijn Europeanen en die werken overal hier en elders , ook Portugezen, Spanjaarden, Italianen enz . Werken hier als gastarbeiders en zijn geïntegreerd en laten onze cultuur de onze zijn en beleven de hunne thuis ! Maar Afrikanen en mohammedanen daar doelde ik op  !;1.0;;;38;gastarbeiders;2024-10-16 10_16_51.093399;0.072207756340504;0.000007050446584;0.000165558652952;0.000020781762942;0.000010069330528;0.000672859838232;0.000069471607276;1. Against immigration, migrants, foreigners, refugees, or Muslims.
14;048a895d1cbb4700;10e7d9c072116897;ca22881e6293cd21;2024-09-11T10:35:00.000Z;"Zo'n 60 jaar geleden kwamen de eerste Turkse gastarbeiders naar Nederland. Maar hoe zit het met de vrouwen die hun man achterna reisden? Fotograaf en journalist Çiğdem Yüksel brengt deze verhalen tot leven in haar tentoonstelling en boek ""Je moest eens weten"".";;1.0;4;1,2K;gastarbeiders;2024-10-16 10_16_51.093399;0.001030900864862;0.000019237784727;0.000000741413203;0.000065591615567;0.000055900858570;0.001425236230716;0.000122288925922;5. Is neutral.
15;5970588f0bfac3e1;b74c936a856cecc8;9d4bb69970a2387e;2024-10-08T19:16:37.000Z;Weer eentje die het begin niet heeft meegemaakt en met de hardnekkige fabel op de proppen komt. Heel wat Nederlanders die nog graag hadden willen werken zijn toen vervangen door goedkope gastarbeiders. Ze gewoon de steun ingeschopt. Ook indertijd bij ons.;1.0;1.0;4;53;gastarbeiders;2024-10-16 10_16_51.093399;0.083508700132370;0.000056700228015;0.000032076466596;0.000041448209231;0.000046594082960;0.028072502464056;0.000477210414829;1. Against immigration, migrants, foreigners, refugees, or Muslims.
16;c9831e4fda1d6ab3;b74c936a856cecc8;9d4bb69970a2387e;2024-09-16T16:30:59.000Z;De wederopbouw was al in 1955 praktisch voltooid door hardwerkende Nederlanders. Dus nog ver voor de eerste gastarbeiders als goedkope arbeidskrachten naar Nederland kwamen. Overigens eerst uit Zuid-Europa en later in de jaren '60 uit Turkije en Marokko.;1.0;1.0;3;98;gastarbeiders;2024-10-16 10_16_51.093399;0.005713527556509;0.000019490556951;0.000049545244110;0.000007869845831;0.000018569588065;0.001410196651705;0.000071283677244;5. Is neutral.
17;83b95a4d30e7ba36;87ad6ecd424bee8c;4352dad08b7db46a;2024-10-14T07:38:44.000Z;Aha. Dan ben ik benieuwd hoe die relatie precies zit. Voor mij blijft het onbegrijpelijk dat vanuit klein groepje van 30.000 Marokkaanse gastarbeiders komende uit een haaks op onze cultuur zo kon/mocht groeien zonder enige eis tot aanpassing.;2.0;;8;252;gastarbeiders;2024-10-16 10_16_51.093399;0.037152756005525;0.000032311821997;0.000130589745822;0.000285921938484;0.000255271559581;0.007297570351511;0.001374914427288;1. Against immigration, migrants, foreigners, refugees, or Muslims.
18;20c4caefbab94d26;1e9a003afea3fb29;04322359a9c6f1df;2024-09-10T09:34:29.000Z;Nederland is een land dat bestaat dankzij grote groepen die van buiten gekomen zijn, vaak als vluchteling, zoals Joden uit Spanje, Hugenoten, soldaten uit Zwitserland, Duitse handelaren en arbeiders, chinezen, Indische mensen, Surinamers, gastarbeiders, vluchtelingen, enz.;1.0;3.0;11;271;gastarbeiders;2024-10-16 10_16_51.093399;0.002915124874562;0.000013162132745;0.000017330965420;0.000050500279031;0.000007848274436;0.000907414359972;0.000175383145688;2. In support of immigration, migrants, foreigners, refugees, or Muslims.
19;a452e04089977a90;b17962edc95ec757;a5929e7ad86fc1a4;2024-10-14T15:46:23.000Z;"Dus liever een gebrek aan empathie voor de mensen die DAGELIJKS met racisme te maken krijgen 

PS: dat madammeke in Denderleeuw heeft dit prachtige land NIET opgebouwd 

Congolese SLAVEN en Italiaanse, Turkse en Marokkaanse GASTARBEIDERS daarentegen…";;;2;477;gastarbeiders;2024-10-16 10_16_51.093399;0.111784890294075;0.000014399988686;0.000009058298929;0.000111129207653;0.000016830066670;0.001893478911370;0.000015098965378;3. Against those that oppose immigration or are negative towards migrants, foreigners, refugees, or Muslims.
20;e70ea223b8b567b9;cf0d1e93181a5c1b;20ca4de173388bae;2024-10-13T11:58:33.000Z;"Een minister die zegt dat gastarbeiders onder de mijnwerkers in de jaren 1970 de ‘welvaart’ hier hebben opgebouwd. Ik vind dat speciaal.
1) de mijnen daar is massa belastinggeld aan verkwist in die jaren
2) de jaren 1970 waren crisisjaren, toen welvaart onder druk kwam te staan";7.0;9.0;79;1,4K;gastarbeiders;2024-10-16 10_16_51.093399;0.030992178246379;0.000010959192878;0.000005888882242;0.000105258193798;0.000015473378880;0.001063014031388;0.000144567078678;1. Against immigration, migrants, foreigners, refugees, or Muslims.
21;34d12e94c164941e;c18a084366abcaab;a418285d7e19e6a8;2024-10-12T18:38:53.000Z;En ook dit: sommigen springen wel verbazingwekkend enthousiast op deze 'uitschuiver' omdat ze zich al lang ergeren aan de populariteit van deze taaie politica geboren in Genk in een Koerdisch gezin van gastarbeiders;;;1;24;gastarbeiders;2024-10-16 10_16_51.093399;0.096027679741383;0.000077686345321;0.000097333650046;0.000087198633992;0.000065358035499;0.003662109142169;0.000191712984815;1. Against immigration, migrants, foreigners, refugees, or Muslims.
22;81d8835913f21f59;fa581092212eab81;30b99af317e04576;2024-09-21T20:44:03.000Z;Ik kom uit een provinciestadje waar  relatief veel industrie was. Papier- en kartonfabriek, machinefabriek, kabelbomen, landbouw techniek, confectie, blikfabriek, noem maar op. Eind jaren 60 kwamen de gastarbeiders. Eerst Spanjaarden, vrome katholieken, daarna Marokkanen,;2.0;;2;312;gastarbeiders;2024-10-16 10_16_51.093399;0.037382494658232;0.000018129108867;0.000166474259458;0.000009894596587;0.000031391671655;0.001335454871878;0.000592550437432;5. Is neutral.
23;71a03a7ec53594e8;a195a1a4fcc35cd3;b2776c41e10c69ea;2024-09-14T09:14:38.000Z;"Never give in for abuis. Wat? Check; hoog conjunctuur alleen (?) bij slavernij rn gastarbeiders. Tuurlijk ook uw gezin (ja, soort '67 Palasteina) oei, oei wij hebben het fout gedaan, dat kost u geld. Emigratie belasting, bij vertrekpoort ff strippen 
https://youtu.be/YySW9cF7N7Y?si=GwkVq-vQOC8i8XsJ…";;;;67;gastarbeiders;2024-10-16 10_16_51.093399;0.130237609148026;0.001613197964616;0.000011783093214;0.001847306382842;0.000378830329282;0.026659583672881;0.003512299386784;1. Against immigration, migrants, foreigners, refugees, or Muslims.
24;5bf47a34dc45f082;802c3b4801afc8c8;2068287c1efb63f7;2024-09-24T17:06:38.000Z;De VVD ... sloot wervingsverdragen af met Turkije en Marokko... En wie was er kritisch? Juist, ja. De PvdA... Daarom eiste de PvdA dat gastarbeiders maar twee jaar mochten blijven. En wat deed de VVD? Die eiste dat Turken en Marokkanen... hun gezin mee mochten nemen...;3.0;1.0;9;1,7K;gastarbeiders;2024-10-16 10_16_51.093399;0.057232487946749;0.000074472096458;0.000173580876435;0.000056071330619;0.000433105364209;0.052814319729805;0.004301172215492;1. Against immigration, migrants, foreigners, refugees, or Muslims.
25;bc0de96755cbf414;d04546263b2b2f14;26f2c77050b17f32;2024-09-28T08:50:13.000Z;Je bent in 1959 geboren en nadert je pensioen. In 1959 had Nederland 2.294 gastarbeiders, waarvan 1.884 Italianen. Van buiten Europa: 9 Turken en 3 Marokkanen. Vandaag: zo’n 2 miljoen buiten Europa geboren nld’se inwoners, miljoenen meer 2e generatie. En het gaat steeds sneller.;;;;34;gastarbeiders;2024-10-16 10_16_51.093399;0.000895275676157;0.000003218803386;0.000012381256056;0.000026457517379;0.000017794955056;0.000220099798753;0.000020985258743;5. Is neutral.
26;7240876f0c12e780;74c980c6fae1d212;f20c915bf7161fec;2024-10-07T20:37:43.000Z;"#Marokkanen, #berbers, voorheen '#gastarbeiders', hier gekomen om te ontsnappen aan armoede en de terreur van  #Hassan2
Nu; de nieuwe #Jodenhaat";;;1;32;gastarbeiders;2024-10-16 10_16_51.093399;0.081569023430347;0.000053912648582;0.000001985123163;0.000057296161685;0.000013634049537;0.007275133859366;0.000039436308725;1. Against immigration, migrants, foreigners, refugees, or Muslims.
27;5fbe2ba3750ed2e3;7d1ca70d935c63fa;0748a84f66ca23c0;2024-10-14T08:03:46.000Z;R waren slechts circa 4000 Marokkaanse arbeiders in NL toen het Gastarbeiders project in 1975 beëindigd werd. Alles dat hier daarna binnen is komen hossen heeft hier F*ck all te maken, + zouden we vandaag nog het land uit moeten trappen. Niets dan ellende met die lui;;;12;477;gastarbeiders;2024-10-16 10_16_51.093399;0.915601491928101;0.001658680848777;0.000078904144175;0.000168200189364;0.000096543022664;0.195679813623428;0.000037528570829;1. Against immigration, migrants, foreigners, refugees, or Muslims.
28;283852a03f2becbe;a0fa7e33d3b6e588;09542772e4404112;2024-09-24T18:56:21.000Z;"Wow, een resumé van de trucs van ⁦@DilanYesilgoz⁩ . 
“Daarom eiste de PvdA dat gastarbeiders maar 2 jaar mochten blijven. En wat deed de VVD? Die eiste dat Turken en Marokkanen het recht kregen om hun gezin mee te nemen. Zei iemand gezinshereniging?”";;;;92;gastarbeiders;2024-10-16 10_16_51.093399;0.026635996997356;0.000064870044298;0.000005893348316;0.000145816549775;0.001072296523489;0.053071215748787;0.009794739075005;5. Is neutral.
29;778dbdb7a4e213dd;53d270584589c258;5e894b9736aa44ed;2024-10-02T03:37:25.000Z;Het laatste linkse kabinet was ruim 50 jaar geleden. Wist je trouwens dat links tegen het binnenhalen van gastarbeiders uit o.a. Turkije en Marokko was?  Dat het laatste linkse kabinet dit ook onmiddellijk stopte?;3.0;;14;322;gastarbeiders;2024-10-16 10_16_51.093399;0.030708286911249;0.000016976384359;0.000215338950511;0.000034119402699;0.000037812438677;0.010512248612940;0.000079703175288;5. Is neutral.
30;12fe6b81af09a159;c617ac153b68c253;3136ea36b1c47a45;2024-09-24T13:16:32.000Z;De buitenlandse werving van Spaanse, Marokkaanse en Turkse arbeiders, (1961 en 1964) werd gestart door het toenmalige kabinet van KVP, ARP, CHU en VVD. In 1973 beëindigde het kabinet-Den Uyl de officiële werving van gastarbeiders.;;4.0;16;774;gastarbeiders;2024-10-16 10_16_51.093399;0.002111543668434;0.000332891038852;0.000102785634226;0.000010030113117;0.000004025040198;0.003219283418730;0.000095683702966;5. Is neutral.
31;bd828efd09a37397;f46cf2b95a332ba2;c8083fd928f6ceb1;2024-09-20T19:33:37.000Z;De VVD wilde gastarbeiders naar Nederland halen, want de werkgevers (en dat vinden ze nog steeds) zijn williger, gehoorzamer en goedkoper. Het is vooral en met en met name de VVD, men Wilders, de berg volksverlakker waar u uitgekropen bent, omdat u daar zelfs niet tussen paste.;;;1;50;gastarbeiders;2024-10-16 10_16_51.093399;0.263691484928131;0.000442596938228;0.001427509356290;0.000096883792139;0.000040312766941;0.091225899755955;0.000275756668998;1. Against immigration, migrants, foreigners, refugees, or Muslims.
32;327f2db6bf3baf85;409da36e6425b14b;d2d10dc64d724a69;2024-10-02T15:17:50.000Z;Laatst zei iemand toch dat het de gastarbeiders waren die Nederland hebben opgebouwd? Nou, wellicht waren het lesbische Afrikaanse vrouwen die Nederland hebben bevrijd. Wist jij dat?;3.0;;6;241;gastarbeiders;2024-10-16 10_16_51.093399;0.058801222592592;0.000100905584986;0.000010336741980;0.004760853946209;0.000338468060363;0.048350516706705;0.000657081371173;1. Against immigration, migrants, foreigners, refugees, or Muslims.
33;7c2f4df07d0e31fd;361cde1b152e57dc;f8733c9649197545;2024-09-16T21:42:45.000Z;#barlaat de fout is in de jaren 70 en 80 gemaakt door de gastarbeiders niet terug te sturen na einde werk..en dat is geescaleerd nu..In Dubai moet je oprotten als je baan klaar is. Wat naturaliseren? ROT OP!!;;;;177;gastarbeiders;2024-10-16 10_16_51.093399;0.232559114694595;0.000645921623800;0.000006868116998;0.000050620092225;0.000012258105926;0.024855766445398;0.000019306193280;1. Against immigration, migrants, foreigners, refugees, or Muslims.
34;ed052fad871e32db;f04c749903eb09d0;05adf5068d9debed;2024-08-23T14:48:35.000Z;Dit zijn mensen die hier blijven, begrijp ik. Hoe zit het met gastarbeiders, voor zover die nog bestaan.;2.0;;;69;gastarbeiders;2024-10-16 10_16_51.093399;0.084015034139156;0.000317270634696;0.000389587366953;0.000104320613900;0.000036101388105;0.047769188880920;0.000191056955373;5. Is neutral.
35;c10c226def4404d9;ade77a82af47447d;6cf7b68127143870;2024-09-13T09:11:28.000Z;Wat in de jaren 60/70 begon met 'gastarbeiders'.....;;;1;15;gastarbeiders;2024-10-16 10_16_51.093399;0.087305761873722;0.000123080346384;0.000010234581168;0.000067003114964;0.000138250397868;0.005049700848758;0.001567214960232;1. Against immigration, migrants, foreigners, refugees, or Muslims.
36;d9606b73ac3761c6;52151f8b8161913f;d4f0b7e14398e766;2024-10-05T18:38:48.000Z;De VAE is als overwegend islamitisch land met een percentage immigranten en gastarbeiders van 88%, stevige christelijke en hindu-minderheden, natuurlijk sowieso een mooie bestemming voor diegenen die het hier zat zijn. Leerzaam ook.;2.0;3.0;5;1,2K;gastarbeiders;2024-10-16 10_16_51.093399;0.003511154791340;0.000012565475117;0.000238108390476;0.000423436693382;0.000149697734741;0.000873991579283;0.000202983865165;5. Is neutral.
37;f020be1960c2f966;77fd91771febafff;9dedcae3ea4a2e6a;2024-09-27T06:16:10.000Z;Mensen en dus ook kinderen kunnen walgelijk zijn. We krijgen via de oveheid en de media te horen dat elk kind veilig moet zijn op school. Iets van 50 jr geleden trof mijn moeder een mes bij mijn jongste broertje aan. Alle jongens van gastarbeiders hebben een mes zei hij, ik moet;1.0;;7;510;gastarbeiders;2024-10-16 10_16_51.093399;0.202125370502472;0.000712905777618;0.001355989021249;0.000150057021528;0.000192788065760;0.628342926502228;0.066680260002613;1. Against immigration, migrants, foreigners, refugees, or Muslims.
38;d64dbd4a01ed16a4;bde1f5efac7d8c73;9bccea6ce9288bd4;2024-08-31T18:45:21.000Z;Zo kun je ook tegen gastarbeiders aankijken.;;;;128;gastarbeiders;2024-10-16 10_16_51.093399;0.162485301494598;0.000016162159227;0.000000540596261;0.000001315865461;0.000000242726827;0.010180281475186;0.000019111739675;1. Against immigration, migrants, foreigners, refugees, or Muslims.
39;28910507f52b0706;cad2da138473aea6;165c15b4d84c5c5a;2024-09-11T08:10:44.000Z;"Eating cats and dogs......ik herinner me dat jaaaaaren geleden dezelfde verhalen de ronde deden over Turkse en Marokkaanse gastarbeiders... 

Racisten zijn niet bepaald origineel.";;;;39;gastarbeiders;2024-10-16 10_16_51.093399;0.398987948894501;0.000009056371709;0.000069457099016;0.000119792042824;0.000007219508007;0.341678559780121;0.130309626460075;3. Against those that oppose immigration or are negative towards migrants, foreigners, refugees, or Muslims.
40;ba9d485035522a44;da234f602db8b874;c38c746509cffe05;2024-09-27T08:13:01.000Z;Ik ken het uit mijn jeugd, bij vriendinnen van mijn moeder die in elkaar werden geslagen door hun mannen. Lang voor er gastarbeiders kwamen. Gewone meneren die in pak naar hun werk gingen in hun Opel. Ik ken n jonge vrouw die kort geleden bijna gewurgd werd door haar man.;2.0;;1;33;gastarbeiders;2024-10-16 10_16_51.093399;0.055980507284403;0.000158518872922;0.045149590820074;0.018412942066789;0.000814015627839;0.621003687381744;0.061561554670334;6. Other: domestic violence not immigration related.
41;0986f892bc90aa99;1eb16bce3a4d3ad6;062eb7695309ca8c;2024-09-23T11:16:37.000Z;wat 'n idiote inschatting. zie 't onderzoek van brunt & bovenkerk uit de jaren '80 naar het zich terugtrekken van de gastarbeiders ná de gezinshereniging (daarvoor deden ze vaak mee aan buurtactiviteiten en zo) enfin, hier 'n foto van kaboel uit 1972. ook veranderd door wilders?;;;9;81;gastarbeiders;2024-10-16 10_16_51.093399;0.188885018229485;0.000225327821681;0.000115262628242;0.000437138136476;0.000163350021467;0.014983061701059;0.000309579627355;6. Other: Critiques historical immigration policy.
42;285e338cd64edc47;0c2fd4270e018360;b3cacd35847179c4;2024-09-04T20:47:00.000Z;"""...de gastarbeiders kwamen de baantjes doen waar wij ons te goed voor voelden'....
Heeft @heindehaas dat echt gezegd?
Da's een leugen. Vraag maar aan Jan Marijnissen:
(2:15) https://youtube.com/watch?v=2SUoSZS5UBo&t=140s…

Hein blokkeert mij volgens goed ""links"" gebruik bij tegenspraak
#vandaaginside";;1.0;9;2,3K;gastarbeiders;2024-10-16 10_16_51.093399;0.006071139127016;0.000018693273887;0.000332939904183;0.001528657041490;0.000450119870948;0.001098467386328;0.000053974683397;6. Other: questioning a statement about immigration.
43;851d3d83cf9376f9;ae3a1762d22dd110;b48bc7ccb31924db;2024-09-05T22:52:23.000Z;"Onze ‘gastarbeiders’ pasten niet in het wereldbeeld van vele suburbane Vlamingen, in de crisis opgejut door een autoritaire en racistische antivreemdelingenpartij.
http://sampol.be/2024/09/communautarisme-versus-democratie… via @Sampol_magazine";12.0;3.0;6;855;gastarbeiders;2024-10-16 10_16_51.093399;0.008886477909982;0.000013553426470;0.000001617129897;0.000084536586655;0.000002827600838;0.002341359620914;0.000105406943476;3. Against those that oppose immigration or are negative towards migrants, foreigners, refugees, or Muslims.
44;2071c90d8db04c3d;b99d6ce4fafaf715;b86200fbb72d19a6;2024-09-16T14:34:39.000Z;"dezelfde argumenten worden nog steeds gebruikt als bij de eerste gastarbeiders.. en bevolkingsgroei betekend dat je ook meer mensen nodig hebt

en als ik vroeger bij mijn oma mocht kiezen, en ik begon de zin met ""ik heb liever..."" dat heb ik niet

en ondertussen groeit ""overheid""";2.0;1.0;;71;gastarbeiders;2024-10-16 10_16_51.093399;0.041840907186270;0.000122606987134;0.000129198801005;0.000325470289681;0.000556414423045;0.005507782101631;0.000027352045436;5. Is neutral.
45;becb849d38eec4e5;4f2bf57a5e6265b8;14bcdf67d0ccec88;2024-09-17T09:51:31.000Z;Het is niet heel anders dan 2004. Ik herken beklag over vervreemding van mijn ouders in hun 'rooie dorp'. Toch was mijn pa geen xenofoob,werkte tussen wat toen gastarbeiders werd genoemd, onderaan. Winkelcentrum waar ik in weekeinden achter de kassa zat, is nu één grote dönertent;1.0;;1;316;gastarbeiders;2024-10-16 10_16_51.093399;0.007264717016369;0.000004145645562;0.000427232531365;0.000134218673338;0.000194373016711;0.006263022776693;0.003003509249538;5. Is neutral.
46;411746cae8ea156b;49ec9289b87de408;d816a91f4356ac0a;2024-09-04T11:31:02.000Z;Op 25 september kan je naar Pakhuis de Zwijger in Amsterdam, waar het boek “Van dankbaar naar strijdbaar” van Bilal Ben Abdelkarim  centraal staat. Het vertelt het verhaal van Marokkaanse Nederlanders die zich niet alleen hebben ontwikkeld van gastarbeiders naar trotse burgers,;;2.0;12;1,3K;gastarbeiders;2024-10-16 10_16_51.093399;0.001799822319299;0.000004686295142;0.000080424440966;0.000025935974918;0.000003163067049;0.003405359108001;0.000028518703402;5. Is neutral.
47;c29abefc56120114;1f918c07269d56c5;58b8723e33d1e8c7;2024-09-17T06:56:09.000Z;Over welke tijd heb je het? Na de Tweede Wereldoorlog hebben gastarbeiders een cruciale rol gespeeld in de wederopbouw en economische groei van ons land. Diversiteit heeft ons niet alleen welvarender gemaakt, maar ook cultureel verrijkt. Je kletst slap uit je nek kerel.;3.0;;10;82;gastarbeiders;2024-10-16 10_16_51.093399;0.063284449279308;0.000002752963837;0.000000435828696;0.000048160291044;0.000015813402570;0.009491673670709;0.000322556705214;2. In support of immigration, migrants, foreigners, refugees, or Muslims.
48;9bc6d60900c0f8d6;af0ea405278c597e;c32b90b43f824191;2024-08-27T22:18:29.000Z;Mag je niet zeggen Wierd, maar wat heb je gelijk. Ik was 8 jaar in 1955 heb het allemaal meegemaakt in Nederland. De Hongaarse vluchtelingen, de gastarbeiders, de Tsjechische vluchtelingen na de Praagse Lente en ga maar door. Onvergelijkbaar met wat er op dit moment gebeurt;;;9;498;gastarbeiders;2024-10-16 10_16_51.093399;0.011394234374166;0.000000880468292;0.000003589295829;0.000296916579828;0.000823718437459;0.006978490855545;0.001338818110526;1. Against immigration, migrants, foreigners, refugees, or Muslims.
49;c0388348c551b85a;a87041c7ba589a3f;c12f74d741a62522;2024-10-05T18:53:05.000Z;Er zijn best veel dingen die ik vroeger geloofde omdat de omgeving, middelbare school jaren 70, dat geloofde. Ik herinner me een discussie over een voorstel de kinderbijslag voor kinderen van ‘gastarbeiders’ die in het thuisland woonden terug te brengen naar de kosten die men;1.0;1.0;14;535;gastarbeiders;2024-10-16 10_16_51.093399;0.008706201799214;0.000065877582529;0.000028687138183;0.000405564147513;0.000369903835235;0.016161482781172;0.000682293088175;6. Other: Reflects on past beliefs.
50;c37cf0b6c47ff994;77fd91771febafff;9dedcae3ea4a2e6a;2024-09-16T09:57:30.000Z;Onze nakomeling was boos. Mijn jongste broertje was boos, omdat een kind van gastarbeiders hem verteld had dat Nederland later van hen zou zijn. Wij moesten daar toen om lachen. We zijn nu iets van 50 jr verder. Binnen een eeuw was het midden oosten geïslamiseerd.;4.0;;28;1,2K;gastarbeiders;2024-10-16 10_16_51.093399;0.025922007858753;0.000009532845979;0.000006052288882;0.000181354262168;0.000767777732108;0.009229082614183;0.000568938034121;1. Against immigration, migrants, foreigners, refugees, or Muslims.
51;626d513cc3a74c97;9404164a4430e185;45587a3c168cac54;2024-10-12T06:58:16.000Z;"Zestig jaar Turkse gastarbeiders in Hilversum: ""Nederlanders waren heel nieuwsgierig""";;;;1,6K;gastarbeiders;2024-10-16 10_16_51.093399;0.001020268537104;0.000010106205082;0.000008861276001;0.000611208030023;0.000339536054525;0.000201490416657;0.000023505588615;5. Is neutral.
52;085b5d7cb1c4b235;2b4923ac43fd2652;94dc68c32f17ecd1;2024-08-09T12:54:44.000Z;Het probleem met deze puber is, dat hij niet beter weet. Hij heeft geen notie van de tijd voor de massale toestroom van gastarbeiders, gezinshereniging, massale toestroom van zgn ‘vluchtelingen’, wij senioren of boomers hebben dat wel! Dat is het verschil!;1.0;;3;93;gastarbeiders;2024-10-16 10_16_51.093399;0.025736145675182;0.000005804438388;0.000015101140889;0.000498228997458;0.001270363456570;0.010308174416423;0.000080820223957;1. Against immigration, migrants, foreigners, refugees, or Muslims.
53;71f1fa24ae34ef22;f1c182e54245d2b7;a002abd51fb44e09;2024-09-16T04:34:44.000Z;Dat mensen kansen moeten krijgen om te integreren. Nederland kan niet weer de fouten maken die ze met de gastarbeiders in de jaren 60 maakten.;2.0;;;135;gastarbeiders;2024-10-16 10_16_51.093399;0.033839050680399;0.000016423986381;0.000001101230851;0.000022331973014;0.000020916128051;0.008877641521394;0.000082890728663;2. In support of immigration, migrants, foreigners, refugees, or Muslims.
54;bdcb3c594ae5ed89;2b4923ac43fd2652;94dc68c32f17ecd1;2024-08-30T21:12:57.000Z;De gastarbeiders kwamen na de opbouw van Nederland, het was hoogconjuctuur er viel weinig meer op te bouwen.;;;7;106;gastarbeiders;2024-10-16 10_16_51.093399;0.013589640147984;0.000145332378452;0.001115042367019;0.000055555265135;0.000024427892640;0.004054988734424;0.000552017532755;5. Is neutral.
55;816d00fa920dcc67;a17db931dba7b0c5;5f6b98ef49050f88;2024-09-14T08:30:52.000Z;"Je denkt dat het groeit door vluchtelingen?

Nee hoor,  wel door arbeidsmigratie en de grote families binnen de zoveelste generaties  voormalig gastarbeiders. Wat ook arbeidsmigranten waren, maar ja nodig hé anders economie op zijn gat. Die 40 nareizigers zijn ook geen probleem.";2.0;;2;29;gastarbeiders;2024-10-16 10_16_51.093399;0.459154129028320;0.000182296018465;0.000004629517207;0.000014574550733;0.000014136495338;0.064843647181988;0.000038406666135;5. Is neutral.
56;08d913debcd3fe0e;221861d3ce8bbe72;d292e70fc4b8b4e4;2024-10-10T15:04:58.000Z;Niks veranderd sinds de #Molukken kampen en de eerste generatie #gastarbeiders in #Nederland. Opvang blijft onmenselijk.;;;;13;gastarbeiders;2024-10-16 10_16_51.093399;0.137711986899376;0.000158221228048;0.000048288326070;0.000167463891557;0.000327908928739;0.018693892285228;0.000492411840241;2. In support of immigration, migrants, foreigners, refugees, or Muslims.
57;d9359cc49bed8b3c;3d32264d59b0c2f8;58882edb0b0f4df1;2024-09-19T09:52:07.000Z;"Precies laatst ook een Turkse man en zijn zus. Zus was 60 jaar in NL en sprak geen woord NLs.
Dit waren de gastarbeiders die kwamen werken dat precies 2 jaar deden en vervolgens in de ZW en uiteindelijk in de WAO terecht kwamen, vanwege rugpijn.";;3.0;9;245;gastarbeiders;2024-10-16 10_16_51.093399;0.091302610933781;0.000095418457931;0.011481535620987;0.000594045210164;0.000276759907138;0.026972213760018;0.004659301135689;1. Against immigration, migrants, foreigners, refugees, or Muslims.
58;1bde75556b49a712;0ed0afc90598061e;893577e3e8c65f69;2024-09-01T21:46:41.000Z;Niet vergeten...het waren gastarbeiders dus tijdelijke krachten.;;;1;17;gastarbeiders;2024-10-16 10_16_51.093399;0.021996337920427;0.000073591480032;0.000014971954442;0.000016576035705;0.000021996575015;0.008679172024131;0.000083079859905;1. Against immigration, migrants, foreigners, refugees, or Muslims.
59;6cafa9d8319ebeae;880bd15a3bc2aac7;f99674404d740e7e;2024-08-31T08:27:46.000Z;Ken je geschiedenis eikel. Je bedoelt dat ze de sociale dienst hadden ontdekt. Het waren de Turken, Spanjaarden, Italianen, Hongaren die als gastarbeiders hier echt hebben gewerkt. De rest alleen maar gevangen en geprofiteerd.;;;;62;gastarbeiders;2024-10-16 10_16_51.093399;0.342065006494522;0.000008810261534;0.000289080926450;0.001832619193010;0.000162466167239;0.015122480690479;0.000977860763669;1. Against immigration, migrants, foreigners, refugees, or Muslims.
60;f196b74d5249218f;b437c188e2d84d32;f29ced99b79e25dc;2024-09-05T17:32:48.000Z;Verreweg de meeste Italiaanse en Spaanse gastarbeiders keerden terug naar hun land!!!;2.0;1.0;9;162;gastarbeiders;2024-10-16 10_16_51.093399;0.127928897738457;0.000023825381504;0.001974884886295;0.000073441100540;0.000019546192561;0.001481926301494;0.000009943074474;5. Is neutral.
61;52c3fbe19e4104d1;a51967a2deb1f0c2;9ee26a62af7ea872;2024-09-04T19:19:52.000Z;O bij Arno mag er niet gepraat worden tijdens het werk? Hij vergat even dat het om potentiële partners gaat en niet om gastarbeiders. #benbvolliefde;;;34;2K;gastarbeiders;2024-10-16 10_16_51.093399;0.007029140368104;0.000011876855751;0.000001215161774;0.000860380765516;0.000219379900955;0.000636423472315;0.000008857034118;1. Against immigration, migrants, foreigners, refugees, or Muslims.
62;f108355dfc0392cd;da928a3d4fede4d3;31b838d28858eaa4;2024-09-04T21:01:10.000Z;"#VaarwelVaderland
De gastarbeiders en mensen uit Indonesië vertellen over hun reden ,aankomst en leven in Nederland .Boeiend maar ook komt de vraag op ,waarom en wanneer begon het mis te gaan.";;;;126;gastarbeiders;2024-10-16 10_16_51.093399;0.006726731080562;0.000068439767347;0.000388514570659;0.000657023454551;0.000621847517323;0.001095874700695;0.000258036190644;5. Is neutral.
63;210898f6651d8834;23281e501744c763;98160ba83dfe1ecf;2024-08-30T23:24:37.000Z;"Precies.   De eerste gastarbeiders kwamen begin 60.
Die werkten vrijwel allemaal.";1.0;1.0;3;241;gastarbeiders;2024-10-16 10_16_51.093399;0.012190600857139;0.000033639080357;0.000580284686293;0.000862706452608;0.000278234074358;0.002660875907168;0.000242456502747;5. Is neutral.
64;5e56819582de263d;ac594214fd8448c8;fbbfb806752ec7d2;2024-09-30T07:07:30.000Z;Ik zag een reportage over een tentoonstelling van de 1e generatie gastarbeiders. Bijzonder was dat de geïnterviewde Nederturkse moeder/oma tot op heden gebrekkig Nederlands spreekt.;1.0;;2;127;gastarbeiders;2024-10-16 10_16_51.093399;0.020143494009972;0.000001636243610;0.000169396051206;0.000712503038812;0.000674804090522;0.001906299730763;0.000285003101453;5. Is neutral.
65;21ffeb6146bc1915;51764b97c1f56709;73b6d156e75a8c1f;2024-09-22T09:46:25.000Z;"Zitten we niet te wachten op weer een godsdienst? De eerste gastarbeiders kwamen, met hun religie, in de jaren 50/60. Die ""nieuwe"" godsdienst is dus al een jaartje of 70 in ons land.";2.0;;4;426;gastarbeiders;2024-10-16 10_16_51.093399;0.030566288158298;0.000006891999874;0.000007562406154;0.000028646267310;0.000095651776064;0.003042474389076;0.000295981939416;1. Against immigration, migrants, foreigners, refugees, or Muslims.
66;cc6310cdca0c03b2;075f118a96e30609;e85d636dcfd44189;2024-09-07T09:48:09.000Z;Van Beek bevestigt niets. Migratie van 50 jaar terug heeft niets met asiel van nu te maken. Na de komst van de gastarbeiders zijn zij volledig genegeerd. Dat heeft gevolgen. Wat dat ons leert is om niet in dezelfde fout te vervallen. Helaas is de regering daar nu hard mee bezig.;2.0;1.0;2;38;gastarbeiders;2024-10-16 10_16_51.093399;0.013705189339816;0.000003820063284;0.000080625395640;0.000084157756646;0.000106328443508;0.009820309467614;0.000133866924443;1. Against immigration, migrants, foreigners, refugees, or Muslims.
67;c876161357065bb0;8fd53c3e09f74b9f;5771985786b9e34e;2024-10-05T05:23:45.000Z;Al een tijd geleden dat links aan de knoppen zat. Daarnaast was het de @VVD die ooit goedkope gastarbeiders naar Nederland haalde. Tegen de wens van de @PvdA omdat die dat oneerlijke concurrentie vond. Ook gezinshereniging kwam niet bij de @PvdA vandaan. Get your facts straight;2.0;;1;47;gastarbeiders;2024-10-16 10_16_51.093399;0.064632296562195;0.000000822088168;0.000001810629442;0.000041475730541;0.000038971971662;0.003731149481609;0.000007725000614;5. Is neutral.
68;3d05569ea6acabf8;f1c182e54245d2b7;a002abd51fb44e09;2024-09-15T20:44:27.000Z;Ik neem aan dat jullie op de hoogte zijn van het rapport over integratie uit 2016 en over hoe het de gastarbeiders in de jaren 60, 70 en 80 verging - ondanks de kille houding vanuit de Nederlandse regering.;1.0;;;43;gastarbeiders;2024-10-16 10_16_51.093399;0.028208632022142;0.000019419385353;0.000211840102565;0.000129260661197;0.000707745493855;0.004799694754183;0.000976746785454;5. Is neutral.
69;7e35a8a6ffb6bb49;9423e9de4698b5e8;f922e83e14545af6;2024-10-03T17:02:39.000Z;"kleine reminder een 50 jaar geleden was de campagne van het vlaams blok: 400.000 werklozen waarom nog gastarbeiders?

Het is dus nooit goed.";;;2;318;gastarbeiders;2024-10-16 10_16_51.093399;0.093890316784382;0.000104323997220;0.000016817166397;0.000050426984672;0.000047609177273;0.006485436111689;0.000051647628425;1. Against immigration, migrants, foreigners, refugees, or Muslims.
70;cf8fc139a1b19765;0ed0afc90598061e;893577e3e8c65f69;2024-09-08T13:23:22.000Z;Dat was in de jaren 60 al zo... gastarbeiders helaas nam het een andere wending.;;;;6;gastarbeiders;2024-10-16 10_16_51.093399;0.068907469511032;0.000078044169641;0.000195261687622;0.000066995708039;0.000041619397962;0.019779648631811;0.000255244784057;5. Is neutral.
71;eceda5e451d90f2e;64d069b708baec8e;00e4715f8cd2b9f2;2024-10-07T15:18:44.000Z;"Verdiep je eerst eens in de geschiedenis.

Het overgrote deel van de grond werd door de Joden (Yishuv) gekocht; betaalbewijzen nog aanwezig. 

Wie er woonden waren Druzen en Bedouienen, en die wonen er nog; gelijkberechtigd. De Arab. waren grotendeels gastarbeiders uit de 
1/X";3.0;1.0;7;122;gastarbeiders;2024-10-16 10_16_51.093399;0.047608744353056;0.000048968660849;0.000015184059521;0.000226212534471;0.000066573782533;0.002892361721024;0.000914401025511;6. Other: historical context about land ownership
72;9176356f8ce340e3;173b83c9110b78cf;0c68f0b24f002e73;2024-10-15T08:40:26.000Z;"Ik durf best met je mee te gaan dat er onder kinderen van asielzoekers cq gastarbeiders, dus 2e of 3e generatie Marokkanen bijvoorbeeld, statistisch meer criminaliteit en dit soort brutaliteit voorkomt.

Onder woonwagenbewoners ook. Of laagopgeleiden.

Maar wat wil je eraan doen?";3.0;;1;194;gastarbeiders;2024-10-16 10_16_51.093399;0.665915906429291;0.000212254366488;0.000469917373266;0.000081006481196;0.000682686630171;0.192568421363831;0.000344599800883;5. Is neutral.
73;e58416e79980a326;e0c5f2741926ab4b;4fb617edc452b819;2024-09-30T12:02:19.000Z;Het getal van 70% klopt niet volgens het CBS. De allochtonen die in bewaring zitten hebben overigens grotendeels een Nederlands paspoort en hebben niets met asielzoekers te maken, maar zijn 3e generatie kids van gastarbeiders. Zoek hulp dom gefrustreerde debiel!;2.0;;;11;gastarbeiders;2024-10-16 10_16_51.093399;0.211036875844002;0.000046198096243;0.000197566856514;0.000020767833121;0.000023387905458;0.046349279582500;0.000020479801606;3. Against those that oppose immigration or are negative towards migrants, foreigners, refugees, or Muslims.
74;151b7e2ca019e725;3ff41ca81c424737;50118ba59067f24c;2024-09-23T08:30:09.000Z;"Dat was vroeger al 70-tiger jaren. Achter op de vuilniswagen stonden enkel autochtonen, terwijl men dacht dat de turken juist als gastarbeiders kwamen om het vuile werkt te doen waar Nederlanders hun neus voor optrokken...
Tsja in  die tijd verdiende ze FL 2.600 bruto/mnd ! Een";1.0;;5;206;gastarbeiders;2024-10-16 10_16_51.093399;0.326303929090500;0.000049468857469;0.000108660613478;0.000149607978528;0.000688252446707;0.010743191465735;0.001835206407122;5. Is neutral.
75;d1fcdedbc7be7a5b;dedb19748e2a9b1b;16fd6145ffd76aee;2024-10-15T17:52:11.000Z;"Jaat kan op zijn luie reet zitten, bier drinken en een kuxe leven leiden, terwijl gastarbeiders/arbeidsmigranten het smerige werk doen.
En Jaat gaat wel lekker goedkoop naar Antalya, staat er niet bij stil dat dat in Turkije ligt. 
Hypocriet heet zoiets, ook voor PVV’ertjes.";1.0;;3;499;gastarbeiders;2024-10-16 10_16_51.093399;0.461285501718521;0.000017032980395;0.001362607581541;0.010797169990837;0.002206339966506;0.048297461122274;0.000572574383113;3. Against those that oppose immigration or are negative towards migrants, foreigners, refugees, or Muslims.
76;5bb08b21996a112e;ebdf7c3b031d3a3c;4502b9b01a4c8766;2024-09-13T19:34:05.000Z;"Ach wat schattig, Duitsland gaat de jaren 60 gastarbeiders-periode weer helemaal over doen…

#WhatCouldPossiblyGoWrong";;;;61;gastarbeiders;2024-10-16 10_16_51.093399;0.220861092209816;0.000061064201873;0.000000079194692;0.000707776518539;0.000412392982980;0.001865512109362;0.000057342898799;1. Against immigration, migrants, foreigners, refugees, or Muslims.
77;524b1d856eb7ad0e;cb17f5ac2c3b6669;dc98378f2f59ab9a;2024-10-08T07:27:06.000Z;Herdenking? Waarom zijn de niet Joodse slachtoffers, gastarbeiders, van 7 oktober dan niet herdacht?;;;7;243;gastarbeiders;2024-10-16 10_16_51.093399;0.103254377841949;0.000741611584090;0.000006570370260;0.000016547637642;0.000016766116460;0.143373757600784;0.000970493187196;5. Is neutral.
78;7ec52bba49600272;113b6fffd5478091;5e1e332894a82fb2;2024-09-24T14:30:55.000Z;Goed genuanceerd stuk over het #DeenseModel. Dat is zo bijzonder niet. Het is vooral gebaseerd op de EU-opt out, waardoor Denemarken al heel lang net iets strenger kan zijn dan andere landen. Denemarken is van oudsher wars van migranten en heeft ook nooit gastarbeiders gekend.;1.0;;;49;gastarbeiders;2024-10-16 10_16_51.093399;0.028434202075005;0.000001656172230;0.000044981239625;0.000014560408999;0.000018762173568;0.000774520041887;0.000156248381245;5. Is neutral.
79;d5647f07ff09bb70;bb2d01e4ad68f9ac;c1f802ab5c6c3147;2024-09-24T13:18:48.000Z;Ik ken de verhalen van nazaten van arbeidsmigranten, eerder betiteld met gastarbeiders o.m. vanuit mijn betrokkenheid bij een minor aan de HHS, over onwrikbare schooladviezen beneden competentie waar ze tegen in moesten vechten. Vaak pas stapsgewijs op competentieniveau;;;2;26;gastarbeiders;2024-10-16 10_16_51.093399;0.027056509628892;0.000023111642804;0.002278089290485;0.001201566308737;0.000662224832922;0.029631944373250;0.001278035459109;5. Is neutral.
80;9da2b56b0a04e0b5;c9b5d704902a6be1;d35750a6ee4211b6;2024-09-12T09:51:33.000Z;"Oeh! Goede datum (rest moet ik nog lezen). Wat hebben we sinds 2001 voor rommel toegelaten? 
Oh! Wacht! Weet je wat voor hulp wij hebben gekregen? Is iets langer geleden. Super veel gastarbeiders.

Heb jij blank of donker haar op de billen? Onbeschofte pannenkoek.";1.0;;;23;gastarbeiders;2024-10-16 10_16_51.093399;0.262859672307968;0.000020844541723;0.000034913740819;0.003297134069726;0.000517115986440;0.012840337119997;0.000167526173755;6. Other: unclear stance on immigration.
81;0a7e8fdf5e7f5efc;05cd66aec3eb89f6;33b9046513227fbe;2024-09-05T04:56:29.000Z;Arbeidsmigratie door SELECTIE aan de poort, zoals vroeger gastarbeiders werden geselecteerd voor specifiek werk  #vandaaginside;;4.0;4;1,9K;gastarbeiders;2024-10-16 10_16_51.093399;0.004064431879669;0.000184353222721;0.000010988548638;0.000185774770216;0.000074038456660;0.010995184071362;0.000451457104646;5. Is neutral.
82;f7b893d301c7d80c;9fe6cbb9e933ad0b;2ef37bd848a4d26c;2024-09-05T15:04:54.000Z;Jaren 60 vorige eeuw kwamen gastarbeiders naar NL om ons te helpen,Nu meer dan 60 jaar later zitten ze nog in onze huizen,passen zich niet aan,spreken amper Nederlands en hun kinderen en kleinkinderen vormen een gigantisch probleem in onze steden.;4.0;3.0;4;150;gastarbeiders;2024-10-16 10_16_51.093399;0.593506515026093;0.000026344170692;0.000000025004178;0.000030600735045;0.000033425945730;0.007808722555637;0.000010033767467;1. Against immigration, migrants, foreigners, refugees, or Muslims.
83;86159c4b120e4fa9;7ec34d5c1b7f8b3a;df93a36f689600ce;2024-09-16T10:30:50.000Z;Yep multiculturele samenleving zie eerdere reactietweet met verwijzing naar mensen uit de kolonien, mensen die zijn blijven hangen tijdens de Franse revolutie, gastarbeiders, vluchtelingen uit Tsjecheslowakije, Hongarije enz.;1.0;;;14;gastarbeiders;2024-10-16 10_16_51.093399;0.000483995710965;0.000002310658147;0.000003132427082;0.000023273676561;0.000003031631422;0.000676337978803;0.000314031407470;5. Is neutral.
84;bdb64cdd52d36cd1;1b081aa96ddf28d4;4930471aa3c57631;2024-09-20T04:50:55.000Z;"Van oudsher was links (Joop den Uyl, Jan Marijnissen) altijd fel tegen immigratie omdat het om goedkope arbeid gaat wat concurrentie is voor autochtone arbeider qua werk en wonen en vakbonden om zeep helpt.
Later ging PvdA draaien want gastarbeiders stemden allemaal PvdA.";;1.0;23;401;gastarbeiders;2024-10-16 10_16_51.093399;0.066206350922585;0.000087997621449;0.001359098590910;0.000093264679890;0.000253684789641;0.004448296967894;0.000228200777201;1. Against immigration, migrants, foreigners, refugees, or Muslims.
85;4d740cd48d319830;b74c936a856cecc8;9d4bb69970a2387e;2024-09-17T09:41:46.000Z;Klopt. Dat begon al in mijn tijd begin jaren '60 met Spaanse gastarbeiders. Waren voormalige vissers en die goedkope arbeidskrachten konden ze goed gebruiken bij ons aan boord.;1.0;;3;202;gastarbeiders;2024-10-16 10_16_51.093399;0.008130540139973;0.000029381111744;0.000124298938317;0.000174501576112;0.000074060553743;0.002627226989716;0.000441510230303;5. Is neutral.
86;b9a010e1a9a79d19;1d568bc6bf3c9ead;9dfa69920d236bd2;2024-09-23T19:22:20.000Z;Deze barbaren zijn ooit hierheen gehaald als GASTARBEIDERS om de economie te boosten. Soit. Maar op de premisse dat ze TERUG zouden gaan! Niet om de rest van hun (vaak achterlijke) familie ook nog eens hierheen te laten komen. Dat is helaas in 2005 al vastgelegd in de EVRM.;;;4;81;gastarbeiders;2024-10-16 10_16_51.093399;0.804923176765442;0.000102015699667;0.000003644046046;0.000026203881134;0.000006670338280;0.208164542913437;0.001017776783556;1. Against immigration, migrants, foreigners, refugees, or Muslims.
87;e8d9405886a43f3a;fb5bca328c73db67;2189e9c1364d2ee7;2024-09-19T20:21:36.000Z;"Hun nieuwe electoraat.
Dat was al de opmerking eind jaren '70 over de gastarbeiders door Max vd Berg, of in ieder geval iemand in de top van de PvdA.";8.0;7.0;79;1,8K;gastarbeiders;2024-10-16 10_16_51.093399;0.004974850453436;0.000051883002016;0.000094303497463;0.000177161215106;0.000129021267639;0.006059988867491;0.000167836202308;5. Is neutral.
88;295ecb6779aec721;1b4c2ad6238e60b8;6b8590b87794a9e4;2024-09-04T15:05:47.000Z;De onvoorstelbare luxe: Bijbelvertalingen voor iedere soort gebruiker. Gratis Nieuwe Testamenten in alle talen van vluchtelingen en gastarbeiders. Maar de verspreiding van de HSV gaat de kerk de das om doen. Get a life people!;;;2;94;gastarbeiders;2024-10-16 10_16_51.093399;0.141281932592392;0.000080866091594;0.000385967374314;0.000284705456579;0.000026184598028;0.035246774554253;0.001189458998851;5. Is neutral.
89;d576ee818301b3eb;bc13295a0717829a;4fcc05e0abee58f3;2024-09-19T11:17:55.000Z;"58 jaar geleden vroegen we ""gastarbeiders"" die we wel lieten werken, maar niet lieten integreren. Wel ons buile werk te doen, voor een laag loon, maar niet het licht in de ogen gunnen. En dan nu klagen dat ze geen nederlands spreken.";;;5;116;gastarbeiders;2024-10-16 10_16_51.093399;0.228889882564545;0.000161942924024;0.000025610095690;0.000003681094768;0.000002006402156;0.024188367649913;0.000092181282525;1. Against immigration, migrants, foreigners, refugees, or Muslims.
90;10477843685423a9;4758b776b12395b0;bd5424675976ece8;2024-09-05T21:10:57.000Z;Heb je die zogenaamde professor gisteren bij Vi, gezien, die lulde het zelfde als den Uil, dat die gastarbeiders het werk kwamen doen omdat de Nederlanders dat te vuil werk vonden. Hufters, nee ze waren goedkoper van hun loon ging namelijk niet net zo als bij ons, veel lasten af.;1.0;1.0;2;59;gastarbeiders;2024-10-16 10_16_51.093399;0.739443778991699;0.000069617177360;0.000054865722632;0.000958014337812;0.000173571272171;0.017163569107652;0.000164965065778;1. Against immigration, migrants, foreigners, refugees, or Muslims.
91;0a0bf103dd4e259f;d1431cb52feaa021;a21389091bcf938d;2024-09-05T06:42:32.000Z;True story. Conservatisme is ook te merken op de middelbare scholen in Amsterdam. Het is net de Turkse cultuur toen de gastarbeiders naar Nederland kwamen. Vooral als het gaat liefdesrelaties. Ik weet niet wat ik meemaak.;;;2;598;gastarbeiders;2024-10-16 10_16_51.093399;0.036469932645559;0.000000480523852;0.000177924710442;0.000755006563850;0.007577391341329;0.000840417866129;0.000256351806456;5. Is neutral.
92;29167a01585a62a7;a846649b74b8a087;f875e1889f419a15;2024-09-05T14:47:35.000Z;"Ik zag ""vaarwel vaderland"" over gastarbeiders. Het was moeilijk, hard en zwaar werk. Maar wat kregen zij daarvoor terug wat ze in eigen  land nooit hadden gekregen. En ze prijzen de gastvrijheid en hulp van de nederlanders. Waar komt het anti Nederland 3e generatie dan vandaan?";;;;30;gastarbeiders;2024-10-16 10_16_51.093399;0.066634491086006;0.000088591034000;0.000068334185926;0.000113092151878;0.000462088588392;0.007334538269788;0.000067605848017;5. Is neutral.
93;9e69b064cb4f08cc;8313ef9d6a297751;d99e60f410a44bf5;2024-08-30T22:25:18.000Z;Mijn ouders hebben hebben net als andere Nederlanders voor een paar rot centen gewerkt om Nederland op te bouwen, ze moesten huizen delen dus bij familie inwonen en kregen minder betaald, pas veel later toen Nederland was opgebouwd kwamen de gastarbeiders en konden meeprofiteren;2.0;1.0;8;236;gastarbeiders;2024-10-16 10_16_51.093399;0.009704108349979;0.000021744004698;0.000035361343180;0.000078274773841;0.000135880633024;0.004114270210266;0.001426297938451;1. Against immigration, migrants, foreigners, refugees, or Muslims.
94;d43cc0df90b07eb8;bf70552eb765992c;ad9f8c27f8ab5da3;2024-09-10T15:33:51.000Z;"zo stom al die gastarbeiders!
maar in eigen land voor laag loon werken en dan indirect inhuren.. dan is t helemaal prima.

dacht je van lonen op peil in de gevangenissen? wel heel gek idee he
stelletje xenofobe hypocrieten op rechts, als er maar geld te verdienen valt";;;;23;gastarbeiders;2024-10-16 10_16_51.093399;0.614893555641174;0.012725811451674;0.000597387494054;0.000235129336943;0.000006390032013;0.123298957943916;0.000488378689624;3. Against those that oppose immigration or are negative towards migrants, foreigners, refugees, or Muslims.
95;d0e5176a0a850b1c;dd6de82f5c56872f;af56207035663062;2024-09-15T11:02:25.000Z;"""De ene ploeg sliep er overdag als de andere ploeg aan het werk was. Als die arbeiders terug kwamen gingen de anderen werken.""";;;;15;gastarbeiders;2024-10-16 10_16_51.093399;0.007560382131487;0.000036450059270;0.000005204214631;0.000243496426265;0.000176972462213;0.005125265568495;0.000433792301919;5. Is neutral.
96;6ec697df004dc94a;14329ccd3f623107;b7a0d74012750e36;2024-10-03T20:52:23.000Z;Nog meer gastarbeiders.;2.0;14.0;16;374;gastarbeiders;2024-10-16 10_16_51.093399;0.237369477748871;0.000192167208297;0.000004607744813;0.000066604261519;0.000043067200750;0.025498101487756;0.000066754968429;1. Against immigration, migrants, foreigners, refugees, or Muslims.
97;d56bd74a66351ee1;a059ebd6b03f65c6;1f5b1c22e960d0a5;2024-09-25T16:34:56.000Z;Goede draad. Voor mensen die twijfelen -> https://historiek.net/gastarbeiders-nederland-betekenis-marokko-turkije/135726/…;;;4;273;gastarbeiders;2024-10-16 10_16_51.093399;0.000765472126659;0.000005600775694;0.000011335855561;0.000064650870627;0.000077715398220;0.000445267447503;0.000051788782002;5. Is neutral.
98;fb26ed6428134c13;d235d56f7980b5f9;839ac6472fa06bed;2024-09-20T14:06:52.000Z;"Vroeger moesten de gastarbeiders terug.
Den Uyl heeft hierin verandering gebracht met de wet ""recht of gezinshereniging"" in 1974.
Daarvoor waren het GASTarbeiders en zoals het woord het al zegt, te gast en men ging terug. Kom in Spanje nog veel mensen tegen uit die 
tijd.";6.0;2.0;23;1,1K;gastarbeiders;2024-10-16 10_16_51.093399;0.003335467306897;0.000005284540293;0.000013082941223;0.000003662004701;0.000007363696568;0.000695628405083;0.000015817231542;1. Against immigration, migrants, foreigners, refugees, or Muslims.
99;89b0fadd4bd49420;9ba204437fb41446;79fc729fae3df531;2024-10-15T08:29:14.000Z;"Er zijn de afgelopen jaren honderdduizenden permits/visa’s !!!!verleend aan Russische “gastarbeiders” in Duitsland en Frankrijk en Spanje !!

Het is echt totale bullshit/gelul dat “de nationale veiligheid nú plotseling in het geding zou zijn”.";1.0;;2;55;gastarbeiders;2024-10-16 10_16_51.093399;0.200288698077202;0.000023658625651;0.000025709543479;0.000947273336351;0.000416458351537;0.041941825300455;0.003781402949244;5. Is neutral.
100;b725990e7a5efcdb;ac6daa267840c064;31f0bd1d18e1f0f5;2024-10-06T10:17:09.000Z;"Hamas ontvoert en verkracht vrouwen, doodde kinderen, onthoofdden Thaise gastarbeiders, stak mensen in brand. En burgers juichten dat toe.

Geef gewoon toe dat je dat fijne beelden vind. En dat je Israel weggevaagd wil hebben.";3.0;;2;99;gastarbeiders;2024-10-16 10_16_51.093399;0.610492587089539;0.008854884654283;0.000021629346520;0.196791380643845;0.143031135201454;0.909420251846314;0.279247879981995;6. Other: Criticizes support for Hamas actions.
101;c1fcbf2eb6164379;9ab1fbe136070bf5;64fce443a9035437;2024-10-13T12:22:47.000Z;Oudkerk vergeet even dat de PvdA beginjaren 70 de strengste maatregelen wilde ten opzichte van vluchtelingen en arbeidsmigranten (gastarbeiders). Waarschijnlijk zat ie toen bij de dames van lichte zeden en is het hem ontgaan.;2.0;;2;52;gastarbeiders;2024-10-16 10_16_51.093399;0.063737697899341;0.000007301724963;0.000105485676613;0.004251202568412;0.005729915108532;0.009517287835479;0.000036022531276;5. Is neutral.
102;d74d817939b64261;9ba204437fb41446;79fc729fae3df531;2024-10-15T19:54:32.000Z;"Bullshit !

Er zijn de afgelopen jaren honderdduizenden permits/visa’s !!!!verleend aan Russische “gastarbeiders” in Duitsland en Frankrijk en Spanje !!

Het is echt totale bullshit/gelul dat “de nationale veiligheid nú plotseling in het geding zou zijn” ( door “Orban/Hongarije”)";1.0;5.0;17;156;gastarbeiders;2024-10-16 10_16_51.093399;0.122108332812786;0.000014146178728;0.000013729664715;0.000090149027528;0.000016760777726;0.005132048856467;0.001044258591719;5. Is neutral.
103;66b083573c8259d9;d73e35dac4745af6;5636146467ec8202;2024-10-09T16:53:09.000Z;Weer het heilloze idee om de vergrijzing door arbeidsmigranten te laten opvangen. Vanaf de gastarbeiders in de vorige eeuw weten we dat die niet meer weggaan en de oorzaak zullen vormen van nieuwe vergrijzingsgolven. Als we ...->;1.0;;2;77;gastarbeiders;2024-10-16 10_16_51.093399;0.125432670116425;0.006020179484039;0.000228839402553;0.000069701265602;0.000064952742832;0.040342789143324;0.000178096655873;1. Against immigration, migrants, foreigners, refugees, or Muslims.
104;05f0abbffbcb0732;b06b5267a5d72932;de051039ce421fb0;2024-10-11T08:17:44.000Z;"Welk links? Ik kan me Den Uyl nog herinneren die juist de grenzen sloot voor gastarbeiders. 

Het is ronduit zo stupide hoe mensen maar wat roepen omdat anderen dat ook roepen. Verdiep je eens, neem kennis tot je!";1.0;;7;110;gastarbeiders;2024-10-16 10_16_51.093399;0.052249111235142;0.000004190750587;0.000210326223169;0.000040465871280;0.000024747816497;0.016279827803373;0.000185337383300;5. Is neutral.
105;eb8949b98a97a080;a87041c7ba589a3f;c12f74d741a62522;2024-10-11T08:29:31.000Z;De eerste gastarbeiders werkten hard en zorgden voor een enorme druk op de lonen. Maar ook voor uitstel van de mechanisering in die beroepen waar ze gingen werken. En toen kwam de crisis, veel industrie failliet. Gastarbeiders, nu met hun familie, werkloos. Als er geen goedkope;2.0;;3;77;gastarbeiders;2024-10-16 10_16_51.093399;0.061536293476820;0.000063343199145;0.001845151884481;0.000163064149092;0.000087991073087;0.017900973558426;0.000827869225759;5. Is neutral.
106;bdeae607c580aaa8;42b29f82927d4793;fdf999837bd3e055;2024-10-11T12:58:18.000Z;Ja, de joden zijn eerst uitgeroeid, daarna in de jaren die volgden te weinig huizen voor de Amsterdammers maar wel voor de gastarbeiders. Wij gingen naar Lelystad. Mijn Mokumse vader zei dat ie alsnog gedeporteerd werd.;1.0;;3;70;gastarbeiders;2024-10-16 10_16_51.093399;0.216510921716690;0.002981888828799;0.000057510966144;0.000017170663341;0.000006650469459;0.534254372119904;0.001763181760907;1. Against immigration, migrants, foreigners, refugees, or Muslims.
107;498b2f0fd88eed39;1e3cc376afa5a27c;06542d96860e40c3;2024-10-12T08:02:13.000Z;"Op de bouwplaats wemelt het van de gastarbeiders. Een vraag stellen in het Nederlands is haast onmogelijk geworden.
De bouw in Nederland is kwalitatief ook met een enorme teloorgang bezig.
Ze zijn drukker met fouten herstellen dan met progressie.
Gek he, dat er niets op schema is";;2.0;6;146;gastarbeiders;2024-10-16 10_16_51.093399;0.272350549697876;0.000031586048863;0.000037732650526;0.000017295154976;0.000011084749531;0.004539642017335;0.000082102873421;1. Against immigration, migrants, foreigners, refugees, or Muslims.
108;488f8761f3acd145;0c2fd4270e018360;b3cacd35847179c4;2024-10-11T09:51:35.000Z;"al vanaf de jaren 60 haalden 't bedrijfsleven gastarbeiders hierheen
niet ""om 's lands economie te redden"", maar
enkel voor de lage loonkosten: pure kolonisatie-2.0
waardoor investeren in innovatie niet nodig was.

en nu zitten we met Leo's gebakken peren";;;5;30;gastarbeiders;2024-10-16 10_16_51.093399;0.137363851070404;0.000473368301755;0.000008804323443;0.000030510580473;0.000006804973509;0.021104495972395;0.001244462095201;1. Against immigration, migrants, foreigners, refugees, or Muslims.
109;a135332e84fb6778;feefb2f3e8f8e48a;b849a26c613c3b68;2024-10-12T07:35:58.000Z;Gedurende de middeleeuwen was de moslimbeschaving geavanceerder dan welke andere ook. Moslims boekten grote vooruitgang in astronomie, zoölogie, geografie, rekenen, navigatie, kunst, architectuur en technologie. Het waren de gastarbeiders die nl hebben opgebouwd na de oorlog!;1.0;;2;77;gastarbeiders;2024-10-16 10_16_51.093399;0.016675319522619;0.000002696652246;0.000001941743903;0.000031947911339;0.000013603229490;0.000684052647557;0.000202799710678;2. In support of immigration, migrants, foreigners, refugees, or Muslims.
110;959dda09dede778e;7706c4fa02b8f543;4a285419cec29974;2024-10-13T12:16:26.000Z;Vóór de EU was het fijn leven in een vrij Nederland. Het welvaartsniveau was hoog. De mensen waren saamhorig en solidair. Het veiligheidsgevoel was hoog. Criminaliteit cijfers waren laag bij 2024 vergeleken. Op gastarbeiders na waren er weinig vreemdelingen in NL.;;;4;29;gastarbeiders;2024-10-16 10_16_51.093399;0.027650987729430;0.000010930959434;0.000260991684627;0.000022922149583;0.000034170458093;0.003633926389739;0.000634842959698;1. Against immigration, migrants, foreigners, refugees, or Muslims.
111;c360a3971afe604b;ec75c0ac5c47736a;91bdeb96326398dc;2024-10-13T15:30:53.000Z;Ik beweer inderdaad dat Arafat de naam 'Palestijnen' heeft verzonnen voor Arabieren die daar in de buurt woonden. Het was nooit een bestaand volk, en de lokale joden en christenen zijn net zo goed Palestijnen (velen zelfs meer: vele arabieren kwamen later als gastarbeiders).;;;3;40;gastarbeiders;2024-10-16 10_16_51.093399;0.016850553452969;0.000005153526672;0.000019943412553;0.000012095808415;0.000009483573194;0.002732096705586;0.000163478413015;1. Against immigration, migrants, foreigners, refugees, or Muslims.
112;a64809cf4731571e;c57dc617f2d0ac95;df99c76b52401a94;2024-10-15T06:24:13.000Z;Misschien handig om aan te geven dat dit om de zoveelste generatie gaat die nog steeds als de Marokkaanse gastarbeiders uit de jaren 70.;1.0;;23;941;gastarbeiders;2024-10-16 10_16_51.093399;0.118903286755085;0.000218423374463;0.000019202136173;0.000254167796811;0.001225922373123;0.023903654888272;0.000273422221653;5. Is neutral.
113;3ad701a25c07ebe1;9ba204437fb41446;79fc729fae3df531;2024-10-15T09:01:02.000Z;"Bullshit !

Er zijn de afgelopen jaren honderdduizenden permits/visa’s !!!!verleend aan Russische “gastarbeiders” in Duitsland en Frankrijk en Spanje !!

Het is echt totale bullshit/gelul dat “de nationale veiligheid nú plotseling in het geding zou zijn” ( door “Orban/Hongarije”)";1.0;;2;51;gastarbeiders;2024-10-16 10_16_51.093399;0.122108332812786;0.000014146178728;0.000013729664715;0.000090149027528;0.000016760777726;0.005132048856467;0.001044258591719;5. Is neutral.
114;f27011dd2381e53a;fd6be7a4788a3b4c;ca1fbb784b4c35b1;2024-10-15T12:19:44.000Z;Je zou zeker rechts bedoelen, zij begonnen met de import van gastarbeiders. Zijn wij wel oud genoeg om brievenbus touwtje herinneren maar niet dat rechts die import starten. Hebben wij selectief geheugen verlies? Domrechts!!;1.0;;2;14;gastarbeiders;2024-10-16 10_16_51.093399;0.628480374813080;0.000024562468752;0.000004184360932;0.000447933474788;0.000048858062655;0.064419731497765;0.000124719823361;3. Against those that oppose immigration or are negative towards migrants, foreigners, refugees, or Muslims.
115;d169a584b709115f;123b16ba56f9d75d;8ead3c96c3b2e8c6;2024-10-14T23:02:00.000Z;"Ik heb ooit in de jaren ""80 jongerenwerk gestudeerd en heb gewerkt in het ultralinkse ""Aktiekomitee Pro Gastarbeiders"" en ik heb van dichtbij gezien en ervaren hoe we toen al niet mochten ingrijpen bij asociaal gedrag en absoluut niets opvoedkundigs mochten doen. Dus jeugdwerk...";4.0;1.0;8;179;gastarbeiders;2024-10-16 10_16_51.093399;0.058505117893219;0.000012188106666;0.000011554859157;0.000489417463541;0.000697992218193;0.002191896550357;0.000069563888246;1. Against immigration, migrants, foreigners, refugees, or Muslims.
116;b63ee67bdac9ef0e;ee71981f5e3c3bc8;0485a8ddca97ba12;2024-10-10T10:56:05.000Z;"Wat Vanessa @V_van_Vanessa ook aan geeft, dat was jaren geleden al.

Ze krijgen dik betaald om oostblokkers (gastarbeiders) en goudzoekers te huisvesten. Dat is veel makkelijker cashen dan huisje voor huisje aan de man brengen bij mensen die het schoon willen hebben en netjes";;2.0;9;2,1K;gastarbeiders;2024-10-16 10_16_51.093399;0.160047382116318;0.000039989907236;0.000091189322120;0.002120631979778;0.000145533311297;0.034497253596783;0.000178913964191;1. Against immigration, migrants, foreigners, refugees, or Muslims.
1;5bf47a34dc45f082;802c3b4801afc8c8;2068287c1efb63f7;2024-09-24T17:06:38.000Z;De VVD ... sloot wervingsverdragen af met Turkije en Marokko... En wie was er kritisch? Juist, ja. De PvdA... Daarom eiste de PvdA dat gastarbeiders maar twee jaar mochten blijven. En wat deed de VVD? Die eiste dat Turken en Marokkanen... hun gezin mee mochten nemen...;3.0;1.0;10;1,6K;gastarbeiders;2024-09-29 11_48_53.139293;0.057232487946749;0.000074472096458;0.000173580876435;0.000056071330619;0.000433105364209;0.052814319729805;0.004301172215492;1. Against immigration, migrants, foreigners, refugees, or Muslims.
2;7b0231efc8d87377;50e98a278d9f498c;ddbb547b7042316e;2024-09-27T21:28:44.000Z;"Goede oude Nederlandse mentaliteit: we hebben je nodig en wanneer niet meer kan je wel stikken. Deden ze met kolonies, gastarbeiders en immigranten. Wie verbaast zich nog over dit kabinet?
#Afghanen";4.0;9.0;30;442;gastarbeiders;2024-09-29 11_48_53.139293;0.869331300258636;0.756503164768219;0.002579338150099;0.000083625447587;0.000018194874428;0.869246363639832;0.010495189577341;1. Against immigration, migrants, foreigners, refugees, or Muslims.
3;9bd2f17c8a7a2e81;b8f5b09425eb8025;457190826e0f2ea1;2024-09-25T10:19:13.000Z;Was er dan niemand kritisch in die tijd? Jazeker. De PvdA. De linkse partij waarschuwde voor verdringing van Nederlandse werknemers en de druk op de lonen. Daarom eiste de PvdA dat gastarbeiders maar twee jaar mochten blijven.;6.0;32.0;243;8,4K;gastarbeiders;2024-09-29 11_48_53.139293;0.011446328833699;0.000059359772422;0.000261230656179;0.000034835087718;0.000183915530215;0.006249436177313;0.000586216454394;1. Against immigration, migrants, foreigners, refugees, or Muslims.
4;1c37d1deda7849cd;5de4b0694632ebd0;2350ab61a96bb83c;2024-09-26T17:07:38.000Z;Inderdaad, de corrupte Midden-Europese elite ondermijnt de Europese veiligheid door Russische gastarbeiders toe te laten in Hongarije, en daarmee ook in de gehele Schengen-zone. Dit geeft Rusland vrij spel om spionageactiviteiten te ontplooien in Europa, wat de hybride;2.0;10.0;19;2,1K;gastarbeiders;2024-09-29 11_48_53.139293;0.240669101476669;0.000135178386699;0.000125221398775;0.003720322623849;0.000231256039115;0.037941008806229;0.000414347712649;1. Against immigration, migrants, foreigners, refugees, or Muslims.
5;81d8835913f21f59;fa581092212eab81;30b99af317e04576;2024-09-21T20:44:03.000Z;Ik kom uit een provinciestadje waar  relatief veel industrie was. Papier- en kartonfabriek, machinefabriek, kabelbomen, landbouw techniek, confectie, blikfabriek, noem maar op. Eind jaren 60 kwamen de gastarbeiders. Eerst Spanjaarden, vrome katholieken, daarna Marokkanen,;2.0;;2;302;gastarbeiders;2024-09-29 11_48_53.139293;0.037382494658232;0.000018129108867;0.000166474259458;0.000009894596587;0.000031391671655;0.001335454871878;0.000592550437432;5. Is neutral.
6;0a2a69dc72ae9958;075f118a96e30609;e85d636dcfd44189;2024-09-20T10:21:13.000Z;"Joop den Uyl maakte in 1973 een eind aan de werving van gastarbeiders die door rechts  conservatieve regeringen hierheen waren gehaald.
Job Cohen was staatsecretaris en heeft een strenger vreemdelingenwet ingevoerd. 
Wilders verteld zoals gewoonlijk sprookjes.
#APB2024";159.0;414.0;1,2K;39K;gastarbeiders;2024-09-29 11_48_53.139293;0.041742533445358;0.000043802527216;0.000058228539274;0.000734727538656;0.000263272697339;0.004917001351714;0.000485407450469;5. Is neutral.
7;72ed34ffd665fc2c;fcab7fcc2b4cffd9;dfd216309784f2fa;2024-09-19T19:26:45.000Z;Dat ben ik voor 1990 zelf ook kwijt geraakt #gastarbeiders;;;2;13;gastarbeiders;2024-09-29 11_48_53.139293;0.015828616917133;0.000037803787563;0.000880559207872;0.000274175865343;0.000144396384712;0.002369446679950;0.000163131015142;5. Is neutral.
8;711c8d8e115b3240;90f58980f970fa5f;3614f00ea10ebf64;2024-09-22T13:16:01.000Z;"Dit zijn werklozen...werkloosheid in deze arbeidsmarkt zet mij aan het denken. 
Gastarbeiders zijn het, bij ontslag of.einde werkzaamheden retour land van herkomst.";;;5;58;gastarbeiders;2024-09-29 11_48_53.139293;0.101834461092949;0.000132044617203;0.001288373256102;0.000037878086005;0.000007996970453;0.009590211324394;0.000596872414462;1. Against immigration, migrants, foreigners, refugees, or Muslims.
9;12fe6b81af09a159;c617ac153b68c253;3136ea36b1c47a45;2024-09-24T13:16:32.000Z;De buitenlandse werving van Spaanse, Marokkaanse en Turkse arbeiders, (1961 en 1964) werd gestart door het toenmalige kabinet van KVP, ARP, CHU en VVD. In 1973 beëindigde het kabinet-Den Uyl de officiële werving van gastarbeiders.;;4.0;16;760;gastarbeiders;2024-09-29 11_48_53.139293;0.002111543668434;0.000332891038852;0.000102785634226;0.000010030113117;0.000004025040198;0.003219283418730;0.000095683702966;5. Is neutral.
10;0986f892bc90aa99;1eb16bce3a4d3ad6;062eb7695309ca8c;2024-09-23T11:16:37.000Z;wat 'n idiote inschatting. zie 't onderzoek van brunt & bovenkerk uit de jaren '80 naar het zich terugtrekken van de gastarbeiders ná de gezinshereniging (daarvoor deden ze vaak mee aan buurtactiviteiten en zo) enfin, hier 'n foto van kaboel uit 1972. ook veranderd door wilders?;;;9;73;gastarbeiders;2024-09-29 11_48_53.139293;0.188885018229485;0.000225327821681;0.000115262628242;0.000437138136476;0.000163350021467;0.014983061701059;0.000309579627355;6. Other: Critiques historical immigration policy.
11;367320dbae30e68b;8c405a319e17b513;6656106f4bf7533c;2024-09-20T16:14:44.000Z;"En daarbij: De grenzen zijn destijds opengezet op verzoek van... Werkgevend Nederland. In het algemeen zijn dit... VVD-ers.
Aangezien slavernij niet meer mocht, kregen gastarbeiders (terecht) dezelfde rechten en plichten als NL-ers.";;;3;253;gastarbeiders;2024-09-29 11_48_53.139293;0.005946019198745;0.000074655261415;0.000019864770366;0.000673963397276;0.000609549169894;0.009731958620250;0.000043109896069;5. Is neutral.
12;f020be1960c2f966;77fd91771febafff;9dedcae3ea4a2e6a;2024-09-27T06:16:10.000Z;Mensen en dus ook kinderen kunnen walgelijk zijn. We krijgen via de oveheid en de media te horen dat elk kind veilig moet zijn op school. Iets van 50 jr geleden trof mijn moeder een mes bij mijn jongste broertje aan. Alle jongens van gastarbeiders hebben een mes zei hij, ik moet;1.0;;7;502;gastarbeiders;2024-09-29 11_48_53.139293;0.202125370502472;0.000712905777618;0.001355989021249;0.000150057021528;0.000192788065760;0.628342926502228;0.066680260002613;1. Against immigration, migrants, foreigners, refugees, or Muslims.
13;19bd84eaa9904f93;5bfe62d9f7d85f01;19bf2849176f54f4;2024-09-19T17:48:02.000Z;Zonder “witte mannen” leefde jij nog gewoon in Turkije. Dan was NL namelijk net zo’n achterlijk achtergebleven gebied gebleven als waar de meeste gastarbeiders & “asielzoekers” vandaan komen. Respect zou op zijn plaats zijn dame.;;;8;53;gastarbeiders;2024-09-29 11_48_53.139293;0.065361894667149;0.000029786633604;0.000068899920734;0.000234140738030;0.000122742334497;0.052298184484243;0.000275249738479;1. Against immigration, migrants, foreigners, refugees, or Muslims.
14;6359360878d36308;3dab550bf0e3d72c;06b20c601549a4a3;2024-09-21T08:45:02.000Z;"Om spuugzat van te worden, deze onzin. Kijk eens naar de aantallen parasieten die afgelopen jaren Nederland in zijn gekomen. Honderden duizenden. Er zijn al 420.000 Marokkanen alleen binnen gekomen. Terwijl den Uyl 44.000 gastarbeiders binnengelaten heeft rond 1970.

Leugenaar!";3.0;;6;863;gastarbeiders;2024-09-29 11_48_53.139293;0.741307139396667;0.000038475729525;0.000058054502006;0.000020787114408;0.000109296706796;0.045996475964785;0.000108648491732;1. Against immigration, migrants, foreigners, refugees, or Muslims.
15;d5647f07ff09bb70;bb2d01e4ad68f9ac;c1f802ab5c6c3147;2024-09-24T13:18:48.000Z;Ik ken de verhalen van nazaten van arbeidsmigranten, eerder betiteld met gastarbeiders o.m. vanuit mijn betrokkenheid bij een minor aan de HHS, over onwrikbare schooladviezen beneden competentie waar ze tegen in moesten vechten. Vaak pas stapsgewijs op competentieniveau;;;2;18;gastarbeiders;2024-09-29 11_48_53.139293;0.027056509628892;0.000023111642804;0.002278089290485;0.001201566308737;0.000662224832922;0.029631944373250;0.001278035459109;5. Is neutral.
16;151b7e2ca019e725;3ff41ca81c424737;50118ba59067f24c;2024-09-23T08:30:09.000Z;"Dat was vroeger al 70-tiger jaren. Achter op de vuilniswagen stonden enkel autochtonen, terwijl men dacht dat de turken juist als gastarbeiders kwamen om het vuile werkt te doen waar Nederlanders hun neus voor optrokken...
Tsja in  die tijd verdiende ze FL 2.600 bruto/mnd ! Een";1.0;;5;192;gastarbeiders;2024-09-29 11_48_53.139293;0.326303929090500;0.000049468857469;0.000108660613478;0.000149607978528;0.000688252446707;0.010743191465735;0.001835206407122;5. Is neutral.
17;c626f66a99d57804;113b6fffd5478091;5e1e332894a82fb2;2024-09-23T12:45:22.000Z;Marokkanen zijn hier gekomen als gastarbeiders. Die waren toen heel kansrijk vanzelfsprekend. Door de economische crisis na 1980 werden E echter massaal werkloos en daarom behoren zij (en hun kinderen) nu tot de lagere klasse. En in de lagere klasse vind je meer criminaliteit.;1.0;;2;94;gastarbeiders;2024-09-29 11_48_53.139293;0.319375425577164;0.000004648012691;0.001937595312484;0.000088392473117;0.000202881696168;0.004805997014046;0.000273022887995;5. Is neutral.
18;d78f7ecdc18efee3;bb2d01e4ad68f9ac;c1f802ab5c6c3147;2024-09-24T13:25:10.000Z;Ik ken de verhalen van nazaten van arbeidsmigranten, eerder betiteld met gastarbeiders, o.m. vanuit m’n betrokkenheid bij een minor aan de HHS, over onwrikbare schooladviezen beneden competentie waar ze tegenin moesten vechten. Vaak stapsgewijs pas op competentieniveau. #racisme;1.0;;6;190;gastarbeiders;2024-09-29 11_48_53.139293;0.026422165334225;0.000039974958781;0.000155176225235;0.000633710122202;0.000535714672878;0.004858394619077;0.000183429001481;3. Against those that oppose immigration or are negative towards migrants, foreigners, refugees, or Muslims.
19;13e8215fec018bd9;3bbfd5abb6808499;a2d20b987d5f8f13;2024-09-20T22:57:16.000Z;Door gastarbeiders als slaven uit te buiten. Jeetje.;;;4;41;gastarbeiders;2024-09-29 11_48_53.139293;0.298317819833755;0.000172471714904;0.000009018914170;0.001357553876005;0.000043766332965;0.133881956338882;0.002392890630290;1. Against immigration, migrants, foreigners, refugees, or Muslims.
20;a28797774d570ac3;07bd5ed0e667e1be;7d25f32ba8a80124;2024-09-25T10:44:58.000Z;En vergeet niet dat toen de werkloosheid hoog was en o.a. deze Turkse gastarbeiders minder productief waren, ze in de WAO werden gedumpt door de werkgevers. De Nederlandse taal niet spreken woog mee als criterium. En Kok ( PVDA) heeft de WAO vereisten daarna aangepast.;2.0;;10;904;gastarbeiders;2024-09-29 11_48_53.139293;0.096113115549087;0.000035468674469;0.000527076830622;0.000054616823036;0.000122019751870;0.009829771704972;0.000119303229439;5. Is neutral.
21;b1dc2792135a06f3;e0c6277f17c991c8;281772972fe3316e;2024-09-20T23:21:37.000Z;De werkgevers hebben GASTarbeiders over laten komen vanuit het buitenland. De GASTarbeiders zouden enige tijd hier werken er terug gaan naar hun land van afkomst. Den Uyl en de PVDA zijn de GASTarbeiders gaan beschouwen als inwoners van Nederland hetgeen nooit de bedoeling was.;;;2;42;gastarbeiders;2024-09-29 11_48_53.139293;0.052206978201866;0.000079554578406;0.000092856367701;0.000059714275267;0.000061085345806;0.019172908738256;0.000912208226509;1. Against immigration, migrants, foreigners, refugees, or Muslims.
22;6d2a07b64da2da5f;e43a432804eb97e5;d449a3fb17e2e49c;2024-09-28T14:56:50.000Z;"Mijn ouders waren gastarbeiders.
Mijn vader heeft in de kool mijnen gewerkt. 
Ikzelf heb het Nederlands moeten leren en ben daar heel dankbaar voor dat ik de kans heb gekregen. 
Ik heb het geluk gehad om te kunnen bijdragen aan de maatschappij en de maatschappij is goed voor mij";;;2;17;gastarbeiders;2024-09-29 11_48_53.139293;0.001773084397428;0.000001415060183;0.000084976993094;0.000132341738208;0.000092944697826;0.002136176452041;0.000623739906587;2. In support of immigration, migrants, foreigners, refugees, or Muslims.
23;fb26ed6428134c13;d235d56f7980b5f9;839ac6472fa06bed;2024-09-20T14:06:52.000Z;"Vroeger moesten de gastarbeiders terug.
Den Uyl heeft hierin verandering gebracht met de wet ""recht of gezinshereniging"" in 1974.
Daarvoor waren het GASTarbeiders en zoals het woord het al zegt, te gast en men ging terug. Kom in Spanje nog veel mensen tegen uit die 
tijd.";6.0;2.0;23;1,1K;gastarbeiders;2024-09-29 11_48_53.139293;0.003335467306897;0.000005284540293;0.000013082941223;0.000003662004701;0.000007363696568;0.000695628405083;0.000015817231542;1. Against immigration, migrants, foreigners, refugees, or Muslims.
24;d1def237f4e3c923;e04c4e80256247d1;d143b46ea69311c2;2024-09-27T11:45:26.000Z;Uiteraard waren NIET alle gastarbeiders die toen naar hier kwamen 20 en kinderloos.  Vrouw en kinderen bleven vaak aanvankelijk in het thuisland en kwamen enkele jaren nadien. U hebt geen enkele grond om deze jongedame voor leugenaar uit te maken.;;;1;29;gastarbeiders;2024-09-29 11_48_53.139293;0.006093939766288;0.000040971124690;0.000011859209735;0.000764830445405;0.001562193967402;0.022856881842017;0.000008225906640;5. Is neutral.
25;e8d9405886a43f3a;fb5bca328c73db67;2189e9c1364d2ee7;2024-09-19T20:21:36.000Z;"Hun nieuwe electoraat.
Dat was al de opmerking eind jaren '70 over de gastarbeiders door Max vd Berg, of in ieder geval iemand in de top van de PvdA.";8.0;7.0;79;1,7K;gastarbeiders;2024-09-29 11_48_53.139293;0.004974850453436;0.000051883002016;0.000094303497463;0.000177161215106;0.000129021267639;0.006059988867491;0.000167836202308;5. Is neutral.
26;3c528b35721ef4ec;78eb0f835c50cc74;c6151824451832d5;2024-09-20T22:20:28.000Z;Joop de Uyl zette de grenzen juist wagenwijd open..Het zijn echt sprookjes die u verteld, sterker nog toen kwamen de gastarbeiders die noooooooiiiiit meer weggingen.;1.0;;2;59;gastarbeiders;2024-09-29 11_48_53.139293;0.045954015105963;0.000021645999368;0.000243426824454;0.000029754293791;0.000025043493224;0.002120562363416;0.000552279932890;1. Against immigration, migrants, foreigners, refugees, or Muslims.
27;21ffeb6146bc1915;51764b97c1f56709;73b6d156e75a8c1f;2024-09-22T09:46:25.000Z;"Zitten we niet te wachten op weer een godsdienst? De eerste gastarbeiders kwamen, met hun religie, in de jaren 50/60. Die ""nieuwe"" godsdienst is dus al een jaartje of 70 in ons land.";2.0;;4;416;gastarbeiders;2024-09-29 11_48_53.139293;0.030566288158298;0.000006891999874;0.000007562406154;0.000028646267310;0.000095651776064;0.003042474389076;0.000295981939416;1. Against immigration, migrants, foreigners, refugees, or Muslims.
28;6ded2b796cbdf22b;0e73391ba67fccab;bda482e2ef242f65;2024-09-21T08:15:05.000Z;En toch zijn ze in grote aantallen blijven komen, dragen ze weinig bij (een groot deel van de zogenaamde gastarbeiders werkt niet en een flink aantal heeft dat zelfs nooit gedaan), integreren ze niet en leveren ze overlast (oververtegenwoordiging criminaliteit) op. Hoe kan dat?;;;3;53;gastarbeiders;2024-09-29 11_48_53.139293;0.489584296941757;0.000218252054765;0.000117571697047;0.000048056517699;0.000034172870073;0.019651548936963;0.000076266740507;1. Against immigration, migrants, foreigners, refugees, or Muslims.
29;7abd7fd0a29ec95b;5d92b7f26290a31b;c891d71f6a3fca97;2024-09-27T18:50:41.000Z;Het is alsof je de geallieerden de maat gaat nemen om dat die meer luchtaanvallen gepleegd hebben op Duitsland dan andersom. Iran (incl Hamas, Houthi's, Hezbollah) wil alle Israëlieten dood, ook de arabieren en de gastarbeiders. Israël vecht voor haar bestaan en doen dat goed;;;2;110;gastarbeiders;2024-09-29 11_48_53.139293;0.279431700706482;0.065804123878479;0.000953103415668;0.001607819460332;0.000045054650400;0.873110830783844;0.007720812223852;5. Is neutral.
30;d553585439c160d4;c7db0e7ae9b7bc74;d5e6b500af19b582;2024-09-24T18:06:54.000Z;"De actieve werving van gastarbeiders werd in 1973 door het kabinet-Den Uyl gestaakt; het wervingsverdrag werd gestopt. Voor de jonge lezers: Den Uyl was geen VVD’er. /13 @VVD @DilanYesilgoz";1.0;2.0;4;121;gastarbeiders;2024-09-29 11_48_53.139293;0.001415866659954;0.000001443751557;0.000001029103601;0.000245995353907;0.000209000048926;0.000705852406099;0.000102475787571;5. Is neutral.
31;b9a010e1a9a79d19;1d568bc6bf3c9ead;9dfa69920d236bd2;2024-09-23T19:22:20.000Z;Deze barbaren zijn ooit hierheen gehaald als GASTARBEIDERS om de economie te boosten. Soit. Maar op de premisse dat ze TERUG zouden gaan! Niet om de rest van hun (vaak achterlijke) familie ook nog eens hierheen te laten komen. Dat is helaas in 2005 al vastgelegd in de EVRM.;;;4;73;gastarbeiders;2024-09-29 11_48_53.139293;0.804923176765442;0.000102015699667;0.000003644046046;0.000026203881134;0.000006670338280;0.208164542913437;0.001017776783556;1. Against immigration, migrants, foreigners, refugees, or Muslims.
32;d531df14f03a06d3;65256347c323244f;7f31f4ac37bf41f0;2024-09-28T09:24:01.000Z;Jij bent een kind van gastarbeiders. Dus niet de Servische agressie op de Balkan meegemaakt. Je hebt dus wel meegemaakt dat mensen van de Balkan hierheen vluchtten. Ik heb het zelf meegemaakt. Er waren GEEN alleenstaande mannen die vluchtten. Waarom doen de Arabieren dit wel?;1.0;2.0;25;547;gastarbeiders;2024-09-29 11_48_53.139293;0.235739901661873;0.000001045876957;0.000196078297449;0.000636290060356;0.001012227265164;0.062135260552168;0.000752530584577;1. Against immigration, migrants, foreigners, refugees, or Muslims.
33;388559f24b8f2ca4;e6c3e25d1ee05bda;c314f3e75728631b;2024-09-28T19:06:01.000Z;"Rijk Rechts, was en is bezig met massale immigratie. Eerst Marokkaanse en Turkse gastarbeiders gevolgd door massale arbeidsimport uit Oost-Europa. Verder wordt ondermeer A’dam massaal verhuurd aan expats
en  BUITENLANDSE kopers , dankzij internationale reclame door minister Blok>";1.0;1.0;2;51;gastarbeiders;2024-09-29 11_48_53.139293;0.100053265690804;0.000063943247369;0.000042740990466;0.000157229384058;0.000112634101242;0.005065404810011;0.001056890818290;1. Against immigration, migrants, foreigners, refugees, or Muslims.
34;d56bd74a66351ee1;a059ebd6b03f65c6;1f5b1c22e960d0a5;2024-09-25T16:34:56.000Z;Goede draad. Voor mensen die twijfelen -> https://historiek.net/gastarbeiders-nederland-betekenis-marokko-turkije/135726/…;;;4;262;gastarbeiders;2024-09-29 11_48_53.139293;0.000765472126659;0.000005600775694;0.000011335855561;0.000064650870627;0.000077715398220;0.000445267447503;0.000051788782002;5. Is neutral.
35;f46889f0713bd138;4c9fb9fd31cfb6f7;1228bbfb47667e32;2024-09-21T08:19:14.000Z;"Vaals is trouwens ook heel mooi al is er op dat park geen reet te doen.

Dunimar viel echt tegen, prachtige huisjes maar kale vlakte en veel gastarbeiders in de huisjes

Als je een keer iets nieuws zoekt dan raad ik de Lommerbergen echt aan, prachtig in het bos met veel beestjes.";1.0;;2;51;gastarbeiders;2024-09-29 11_48_53.139293;0.014775110408664;0.000011885783351;0.001194392680190;0.000075537587691;0.000117105570098;0.000883035303559;0.000017710237444;1. Against immigration, migrants, foreigners, refugees, or Muslims.
36;bdb64cdd52d36cd1;1b081aa96ddf28d4;4930471aa3c57631;2024-09-20T04:50:55.000Z;"Van oudsher was links (Joop den Uyl, Jan Marijnissen) altijd fel tegen immigratie omdat het om goedkope arbeid gaat wat concurrentie is voor autochtone arbeider qua werk en wonen en vakbonden om zeep helpt.
Later ging PvdA draaien want gastarbeiders stemden allemaal PvdA.";;1.0;23;399;gastarbeiders;2024-09-29 11_48_53.139293;0.066206350922585;0.000087997621449;0.001359098590910;0.000093264679890;0.000253684789641;0.004448296967894;0.000228200777201;1. Against immigration, migrants, foreigners, refugees, or Muslims.
37;d9359cc49bed8b3c;3d32264d59b0c2f8;58882edb0b0f4df1;2024-09-19T09:52:07.000Z;"Precies laatst ook een Turkse man en zijn zus. Zus was 60 jaar in NL en sprak geen woord NLs.
Dit waren de gastarbeiders die kwamen werken dat precies 2 jaar deden en vervolgens in de ZW en uiteindelijk in de WAO terecht kwamen, vanwege rugpijn.";;3.0;9;238;gastarbeiders;2024-09-29 11_48_53.139293;0.091302610933781;0.000095418457931;0.011481535620987;0.000594045210164;0.000276759907138;0.026972213760018;0.004659301135689;1. Against immigration, migrants, foreigners, refugees, or Muslims.
38;76f8dc5e600243ce;a65c4bcfec9c8f74;a1214e9c0b894410;2024-09-27T20:21:03.000Z;Dat is niet waar. Natuurlijk wilden de gastarbeiders destijds hun cultuur meenemen. Integreren wil niet zeggen dat je je cultuur volledig verloochent. Ikzelf zou bepaalde culturele zaken meenemen vanuit België mocht ik verhuizen en het is belachelijk om te doen alsof dat fout is;1.0;;3;341;gastarbeiders;2024-09-29 11_48_53.139293;0.024399973452091;0.000001579170544;0.000053673487855;0.000020737612431;0.000011491901205;0.011720953509212;0.000212901140912;2. In support of immigration, migrants, foreigners, refugees, or Muslims.
39;646959a868ed97d6;3d32264d59b0c2f8;58882edb0b0f4df1;2024-09-21T05:56:18.000Z;Het was de PvdA die de gastarbeiders de familie lieten ophalen. Het begin van alle ellende.;;;3;40;gastarbeiders;2024-09-29 11_48_53.139293;0.250074267387390;0.000007832438314;0.000015075198462;0.000022628308216;0.000069355570304;0.032442908734083;0.000588263850659;1. Against immigration, migrants, foreigners, refugees, or Muslims.
40;f43ae2d2188da944;e18ac37a224ffc42;599ca3fbe02e8bd4;2024-09-27T08:08:06.000Z;Hou op deze onzinnige leugen te verspreiden dat gastarbeiders weinig verdienden. De koolputters waren de best betaalde werkers en gastarbeiders kregen hetzelfde loon. Het waren nooit meer dan 15% gastarbeiders trouwens, de rest waren Limburgse zonen en vaders.;;;7;112;gastarbeiders;2024-09-29 11_48_53.139293;0.359955221414566;0.000110212880827;0.000032900399674;0.000085783191025;0.000365037674783;0.028169302269816;0.000063718573074;5. Is neutral.
41;16b43177d5dc08ea;e0c6277f17c991c8;281772972fe3316e;2024-09-23T09:24:35.000Z;Het spreekwoord gasten en verse vis,blijven 3 dagen fris. Gastarbeiders voor 3 dagen is inderdaad wat kort, maar 3 jaar had het maximum moeten zijn. Had een heleboel problemen bespaard en hadden we nu geen parallelle gemeenschap in Nederland gehad.;;1.0;3;83;gastarbeiders;2024-09-29 11_48_53.139293;0.053340483456850;0.003661247901618;0.000395517330617;0.000034766057070;0.000105518578493;0.081237971782684;0.004564776550978;1. Against immigration, migrants, foreigners, refugees, or Muslims.
42;c1c616ff95bc4a3b;a21e0ba0ca44daea;c82c663964cb358f;2024-09-25T19:43:03.000Z;Zelfde met de PvdA: gastarbeiders en immigranten werden met open armen ontvangen omdat het potentiële vakbondsleden en later PvdA-stemmers waren (dachten ze).;;;3;32;gastarbeiders;2024-09-29 11_48_53.139293;0.180198580026627;0.000012936109670;0.000225536306971;0.000116334820632;0.000083029888629;0.008961139246821;0.000342852232279;5. Is neutral.
43;1644423ca0d042cb;18c8e698e67a7e81;b02c4b400d921556;2024-09-27T02:01:55.000Z;Ik bedoel dat de gastarbeiders indertijd graag wilde assimileren met hun gastland. Ik denk niet dat ze stonden te springen om hun cultuur of religie te importeren naar hier. Latere generaties hebben die drang meer en meer gekregen wat m.i. de verdeeldheid alleen maar voedt.;1.0;;13;1,1K;gastarbeiders;2024-09-29 11_48_53.139293;0.072240635752678;0.000010811166248;0.000623629603069;0.000028205682611;0.000186195218703;0.017209179699421;0.000544078939129;1. Against immigration, migrants, foreigners, refugees, or Muslims.
44;d13547c67d9c6b8a;fb1510069fa0f111;ef3353ed9cb017e2;2024-09-21T13:36:49.000Z;bv als het gaat over het kapitalistische opportunisme om gastarbeiders en arbeidsmigranten hierheen te halen, uit te buiten, niet te laten betalen voor taallessen en dus integratie. Nee, het is allemaal net onder het oppervlak, maar heel helder dat Wim hier ideologisch geneigd is;1.0;;2;52;gastarbeiders;2024-09-29 11_48_53.139293;0.071637414395809;0.000004628166153;0.000012972367585;0.000068118053605;0.000031536146707;0.003165008500218;0.000095462972240;1. Against immigration, migrants, foreigners, refugees, or Muslims.
45;ca595020257713f2;855717c44a2d9a1a;b96c950d445a4eb5;2024-09-27T07:55:25.000Z;Je liegt ook, die gastarbeiders kwamen op het geld af, mijnwerkers waren goed betaald in die tijd in verhouding tot andere arbeiders.  Ze kwamen ook uit regio's in Marokko waar er weinig te verdienen viel.;;;5;123;gastarbeiders;2024-09-29 11_48_53.139293;0.012228545732796;0.000005716902251;0.000115977498353;0.000060303180362;0.000040584513044;0.001394371152855;0.000917628989555;1. Against immigration, migrants, foreigners, refugees, or Muslims.
46;b1fe46d3343fbf24;481cf487bc5a5e60;69ae89ffac055d21;2024-09-28T07:59:33.000Z;Banen in slachthuizen. Vooral gastarbeiders. In de bouw kunnen ze het dubbele verdienen.;;;3;55;gastarbeiders;2024-09-29 11_48_53.139293;0.061233203858137;0.000651609094348;0.001613353961147;0.000408643973060;0.000092367292382;0.174953177571297;0.022037392482162;5. Is neutral.
47;760ee49448e89123;c7db0e7ae9b7bc74;d5e6b500af19b582;2024-09-24T18:05:27.000Z;En wie was er kritisch? Juist, ja. De PvdA. En dat vanwege de verdringing van Nederlandse werknemers en de druk op de lonen. Daarom eiste de PvdA dat gastarbeiders maar twee jaar mochten blijven. /11 @VVD @DilanYesilgoz;1.0;1.0;3;45;gastarbeiders;2024-09-29 11_48_53.139293;0.012380379252136;0.000080388628703;0.000006022567050;0.000470327824587;0.000224455521675;0.002497338224202;0.000394066271838;1. Against immigration, migrants, foreigners, refugees, or Muslims.
48;69be6eeaa2af63e6;b8f5b09425eb8025;457190826e0f2ea1;2024-09-25T10:20:44.000Z;"We hadden dus een rechtse partij die actieve werving van gastarbeiders mogelijk maakte en zelfs gezinshereniging stimuleerde. Die actieve werving werd in 1973 door het kabinet-Den Uyl gestaakt; het wervingsverdrag werd gestopt. Voor de jonge lezers: Den Uyl was geen VVD’er.";2.0;35.0;245;7,7K;gastarbeiders;2024-09-29 11_48_53.139293;0.001103162765503;0.000002011528977;0.000017583899535;0.000022072728825;0.000050222159189;0.001977503066882;0.000152105378220;5. Is neutral.
49;0fdf96b43c995d53;b8f5b09425eb8025;457190826e0f2ea1;2024-09-25T10:18:14.000Z;Wilde de VVD die gastarbeiders dan weren? Welnee, samen met de voorgangers van het CDA werden er complete wervingsverdragen afgesloten met Turkije en Marokko. Sterker: er werden kantoren geopend om mensen naar Nederland te halen.;2.0;15.0;201;7,9K;gastarbeiders;2024-09-29 11_48_53.139293;0.025449633598328;0.000120057578897;0.000085750318249;0.000004186432307;0.000010184079656;0.012911821715534;0.000283574685454;5. Is neutral.
50;fc12ba7a25a13e0a;40e0a6c648d8dd3d;234aa629509dd698;2024-09-20T10:30:21.000Z;"""Deuglinkse politici hebben de grenzen opengezet""

Gastarbeiders zijn gehaald door werkgevers (= rechts). Oekraïeners zijn er vanwege rechtse dictator Putin. Syriërs en Irakezen zijn er omdat de rechtse Bush een puinhoop van de regio maakte.   Waar heb je het over?";1.0;;4;56;gastarbeiders;2024-09-29 11_48_53.139293;0.062301877886057;0.000100856908830;0.000082659855252;0.000434248882811;0.000305973720970;0.015801060944796;0.001181504223496;3. Against those that oppose immigration or are negative towards migrants, foreigners, refugees, or Muslims.
51;63a7b0f312c682ec;40e0a6c648d8dd3d;234aa629509dd698;2024-09-20T04:21:16.000Z;"Gastarbeiders zijn gehaald door werkgevers (= rechts). Oekraïeners zijn er vanwege rechtse dictator Putin die jij bewondert. Syriërs en Irakezen zijn er omdat de rechtse Bush een puinhoop van de regio maakte. 

Waar heb je het over?";;;7;55;gastarbeiders;2024-09-29 11_48_53.139293;0.053650509566069;0.000014989870579;0.000007348256531;0.000139928641147;0.000022281492420;0.005394282750785;0.000267297989922;5. Is neutral.
52;24e560002cf1e8b5;e78be1430d6e1d46;9c3fcdbc3e534f9e;2024-09-25T20:56:19.000Z;"Nope… dat zit Europa niet. Nederland al helemaal niet met per hoofd van de bevolking ónder het Europees gemiddelde.

Die wachtlijst is veroorzaakt door fout politiek beleid, met name door de VVD. Nederlanders staan al decennia op wachtlijsten… ver voor de eerste gastarbeiders.";2.0;;5;131;gastarbeiders;2024-09-29 11_48_53.139293;0.076359242200851;0.000008182225429;0.000014977509636;0.000013658112039;0.000040398084820;0.002005739137530;0.000114902148198;5. Is neutral.
53;6272dbd3e82771e0;b74c936a856cecc8;9d4bb69970a2387e;2024-09-05T16:07:02.000Z;De wederopbouw was al in 1955 praktisch voltooid door hardwerkende Nederlanders. Dus nog ver voor de eerste gastarbeiders als goedkope arbeidskrachten naar Nederland kwamen. Overigens eerst uit Zuid-Europa en later in de jaren '60 uit Turkije en Marokko.;24.0;146.0;452;8,1K;gastarbeiders;2024-09-29 11_48_53.139293;0.005713527556509;0.000019490556951;0.000049545244110;0.000007869845831;0.000018569588065;0.001410196651705;0.000071283677244;5. Is neutral.
54;a3c53fba81242a4a;4e0493d6c0d62f06;ac7e99a9635e0de9;2024-08-30T13:35:36.000Z;"Erm? ""Vanaf 1949 begon de Nederlandse overheid actief emigratie te plannen en te bevorderen. In het hoogtepuntjaar van 1952 emigreerden maar liefst 48.690 Nederlanders naar landen als Canada, Australië, Nieuw-Zeeland en de VS""

En dan is er nog iets met nood aan gastarbeiders.";1.0;;3;179;gastarbeiders;2024-09-29 11_48_53.139293;0.001721452339552;0.000055221928051;0.000191594735952;0.000025060622647;0.000055702268583;0.001014581182972;0.000242060836172;5. Is neutral.
55;8b3121cb60e41c55;b74c936a856cecc8;9d4bb69970a2387e;2024-09-01T19:11:18.000Z;Klopt. De wederopbouw was al in 1955 praktisch voltooid door hardwerkende Nederlanders. Dus nog ver voor de eerste gastarbeiders als goedkope arbeidskrachten naar Nederland kwamen. Overigens eerst uit Zuid-Europa en later in de jaren '60 uit Turkije en Marokko.;2.0;6.0;10;241;gastarbeiders;2024-09-29 11_48_53.139293;0.005034811329097;0.000020815221433;0.000033675703889;0.000009122006304;0.000024046637918;0.001827058382332;0.000044400312618;5. Is neutral.
56;57b8c4150ecb6956;fe31c899b5794b09;9887c29f1ddfd2d1;2024-09-02T12:41:58.000Z;"19/08/1964 Den Haag, Nederland: KVP/ ARP/ CHU/ VVD-kabinet-Victor Marijnen/ Turks minister van Arbeid Bülent Ecevit tekenen wervingscontract voor Turkse ""gastarbeiders"" - ""Blonde Geert"" beweert al jaren dat 'links' dat deed, maar dat LIEGT-ie";;;;27;gastarbeiders;2024-09-29 11_48_53.139293;0.031000770628452;0.000053750423831;0.000344058498740;0.002261245390400;0.002005380345508;0.007708726450801;0.000526299700141;3. Against those that oppose immigration or are negative towards migrants, foreigners, refugees, or Muslims.
57;5a931e5bc7862beb;fe31c899b5794b09;9887c29f1ddfd2d1;2024-09-06T15:08:18.000Z;de Volkskrant 26 april 1980 En weer EIST het bedrijfsleven de komst van 'gastarbeiders'. VVD, CDA gehoorzamen als bereidwillige politieke knechten. PvdA en vakbeweging protesteren tevergeefs. Oh, natuurlijk schelden verdeel-en-heersknechtjes de geronselde buitenlanders voor rot.;;;;11;gastarbeiders;2024-09-29 11_48_53.139293;0.406736940145492;0.000252318772255;0.001315606408752;0.000153615706949;0.000050586841098;0.256838649511337;0.001223442959599;1. Against immigration, migrants, foreigners, refugees, or Muslims.
58;c696dd0a7595b3ca;b74c936a856cecc8;9d4bb69970a2387e;2024-09-02T07:59:03.000Z;Heel wat Nederlanders zijn toen vervangen door de goedkope gastarbeiders.;2.0;1.0;5;37;gastarbeiders;2024-09-29 11_48_53.139293;0.454468846321106;0.000887065834831;0.000008730836271;0.000125644684886;0.000106187595520;0.032813135534525;0.001106767915189;1. Against immigration, migrants, foreigners, refugees, or Muslims.
59;f7b893d301c7d80c;9fe6cbb9e933ad0b;2ef37bd848a4d26c;2024-09-05T15:04:54.000Z;Jaren 60 vorige eeuw kwamen gastarbeiders naar NL om ons te helpen,Nu meer dan 60 jaar later zitten ze nog in onze huizen,passen zich niet aan,spreken amper Nederlands en hun kinderen en kleinkinderen vormen een gigantisch probleem in onze steden.;4.0;3.0;4;136;gastarbeiders;2024-09-29 11_48_53.139293;0.593506515026093;0.000026344170692;0.000000025004178;0.000030600735045;0.000033425945730;0.007808722555637;0.000010033767467;1. Against immigration, migrants, foreigners, refugees, or Muslims.
60;981123f0b109a088;fce77c34d3fec987;49389f4662f2a410;2024-09-18T17:48:10.000Z;"Is er nou vanavond alweer een programma/serie over “gastarbeiders”..?

Waarom wordt belastinggeld gebruikt om een politieke mening populair te maken?

En mensen maar klagen over ON, want dit is zeker niet “sturend” bedoeld..(?).";;;;1;gastarbeiders;2024-09-29 11_48_53.139293;0.049534354358912;0.000435083551565;0.000067278364440;0.000033764616092;0.000014765304513;0.080672688782215;0.000340520549798;1. Against immigration, migrants, foreigners, refugees, or Muslims.
61;0a7e8fdf5e7f5efc;05cd66aec3eb89f6;33b9046513227fbe;2024-09-05T04:56:29.000Z;Arbeidsmigratie door SELECTIE aan de poort, zoals vroeger gastarbeiders werden geselecteerd voor specifiek werk  #vandaaginside;;4.0;4;1,9K;gastarbeiders;2024-09-29 11_48_53.139293;0.004064431879669;0.000184353222721;0.000010988548638;0.000185774770216;0.000074038456660;0.010995184071362;0.000451457104646;5. Is neutral.
62;c1b1642df7e3e153;54107398ec94b895;d08bd88c6c6c4f0c;2024-08-23T13:00:11.000Z;"Hallo @RPlasterk, een onverwachte inkijk. Nu mijn vragen:
Ja, rechts heeft in de beginne #gastarbeiders binnengehaald, maar wie heeft toegestaan of gepromoot om de werkers hun gezinnen te laten overkomen? 
Waarom is niet gekozen voor max 5 jaar en terug, en kan je broertje komen?";;;;9;gastarbeiders;2024-09-29 11_48_53.139293;0.006472241133451;0.000719659496099;0.000035774508433;0.000231158861425;0.000692954636179;0.010353103280067;0.000581772474106;1. Against immigration, migrants, foreigners, refugees, or Muslims.
63;7084ad603e432389;b74c936a856cecc8;9d4bb69970a2387e;2024-09-05T17:02:07.000Z;De lonen werden begin jaren '60 te hoog en de werkgevers hebben toen sterk aangedrongen op goedkope gastarbeiders. Heel wat Nederlanders zijn toen werkloos geraakt. Daar heb ik nog eens een stukje over geschreven.;2.0;5.0;22;183;gastarbeiders;2024-09-29 11_48_53.139293;0.011155469343066;0.000003709980092;0.000325081404299;0.000051458016969;0.000059382931795;0.001960692694411;0.000182760355528;1. Against immigration, migrants, foreigners, refugees, or Muslims.
64;0eea07acbddad726;d95fb78b57007512;05b507067d50703c;2024-09-28T21:57:01.000Z;En breek de dijken door. Ga vechten met Indonesië. Vul je fabrieken met gastarbeiders. Laat je burgers schurft en polio krijgen. Ga 's- zondags 2x naar de kerk ! Want zo was Nederland in een ver verleden. In een zijn dat niet bestond.;;;1;40;gastarbeiders;2024-09-29 11_48_53.139293;0.652511596679688;0.209749102592468;0.000062628205342;0.000653680646792;0.000107691397716;0.830832540988922;0.000366438413039;6. Other: Critiques nostalgic view of past.
65;048a895d1cbb4700;10e7d9c072116897;ca22881e6293cd21;2024-09-11T10:35:00.000Z;"Zo'n 60 jaar geleden kwamen de eerste Turkse gastarbeiders naar Nederland. Maar hoe zit het met de vrouwen die hun man achterna reisden? Fotograaf en journalist Çiğdem Yüksel brengt deze verhalen tot leven in haar tentoonstelling en boek ""Je moest eens weten"".";;1.0;4;1,2K;gastarbeiders;2024-09-29 11_48_53.139293;0.001030900864862;0.000019237784727;0.000000741413203;0.000065591615567;0.000055900858570;0.001425236230716;0.000122288925922;5. Is neutral.
66;283852a03f2becbe;a0fa7e33d3b6e588;09542772e4404112;2024-09-24T18:56:21.000Z;"Wow, een resumé van de trucs van ⁦@DilanYesilgoz⁩ . 
“Daarom eiste de PvdA dat gastarbeiders maar 2 jaar mochten blijven. En wat deed de VVD? Die eiste dat Turken en Marokkanen het recht kregen om hun gezin mee te nemen. Zei iemand gezinshereniging?”";;;;82;gastarbeiders;2024-09-29 11_48_53.139293;0.026635996997356;0.000064870044298;0.000005893348316;0.000145816549775;0.001072296523489;0.053071215748787;0.009794739075005;5. Is neutral.
67;f5815491c3b02429;ccdeae35b9524689;955f870a4a122171;2024-09-27T13:16:35.000Z;Pleidooi voor monument gastarbeiders: ‘Zij hebben een onaantastbare bijdrage aan de samenleving geleverd‘;;;;385;gastarbeiders;2024-09-29 11_48_53.139293;0.010666092857718;0.000089737848612;0.000013154363842;0.000102297221019;0.000041099716327;0.009996251203120;0.000068306697358;2. In support of immigration, migrants, foreigners, refugees, or Muslims.
68;7ec52bba49600272;113b6fffd5478091;5e1e332894a82fb2;2024-09-24T14:30:55.000Z;Goed genuanceerd stuk over het #DeenseModel. Dat is zo bijzonder niet. Het is vooral gebaseerd op de EU-opt out, waardoor Denemarken al heel lang net iets strenger kan zijn dan andere landen. Denemarken is van oudsher wars van migranten en heeft ook nooit gastarbeiders gekend.;1.0;;;42;gastarbeiders;2024-09-29 11_48_53.139293;0.028434202075005;0.000001656172230;0.000044981239625;0.000014560408999;0.000018762173568;0.000774520041887;0.000156248381245;5. Is neutral.
69;4c053d7ef2b7550b;3dd390bd7e992d00;61139fc3c485acf9;2024-09-16T16:13:37.000Z;Koppel laat gastarbeiders in ongeschikte kamers wonen en riskeert monsterboete: “Hadden nooit slechte bedoelingen” http://dlvr.it/TDJPJt;;;;34;gastarbeiders;2024-09-29 11_48_53.139293;0.015346776694059;0.000093507245765;0.000005281215181;0.003051550593227;0.000046687706345;0.007113446015865;0.000009190586752;5. Is neutral.
70;851d3d83cf9376f9;ae3a1762d22dd110;b48bc7ccb31924db;2024-09-05T22:52:23.000Z;"Onze ‘gastarbeiders’ pasten niet in het wereldbeeld van vele suburbane Vlamingen, in de crisis opgejut door een autoritaire en racistische antivreemdelingenpartij.
http://sampol.be/2024/09/communautarisme-versus-democratie… via @Sampol_magazine";12.0;3.0;6;842;gastarbeiders;2024-09-29 11_48_53.139293;0.008886477909982;0.000013553426470;0.000001617129897;0.000084536586655;0.000002827600838;0.002341359620914;0.000105406943476;3. Against those that oppose immigration or are negative towards migrants, foreigners, refugees, or Muslims.
71;15a83d61bf8a1524;9776e9b1b6571a7a;bfd86cd4447e0dae;2024-09-25T14:06:17.000Z;"""#Marokkaanse Gastarbeiders"" | KRO Brandpunt 27-11-1965 ! 

Met dank aan @ZihniOzdil voor het uploaden .
#Casablanca 1965 
Cc: @aborifi";;1.0;1;60;gastarbeiders;2024-09-29 11_48_53.139293;0.000566387781873;0.000022881789846;0.000000942142208;0.000143820201629;0.000088537744887;0.000099673357909;0.000035597237002;5. Is neutral.
72;176295271ba8e520;14eb839283d64f19;2d556e84a43f21bc;2024-09-25T10:28:40.000Z;De vraag is dan ook: Waar en wanneer zal dit leger worden ingezet. Hoe was dit met de Turkse en Marokkaanse gastarbeiders die in WO2 vochten @superjan. Ik weet het niet, het klopt iig totaal niet.;;;;15;gastarbeiders;2024-09-29 11_48_53.139293;0.081964805722237;0.000039556194679;0.000004046253707;0.000075115785876;0.000052160765335;0.068889282643795;0.000539091823157;6. Other: unclear stance on immigration.
1;5bf47a34dc45f082;802c3b4801afc8c8;2068287c1efb63f7;2024-09-24T17:06:38.000Z;De VVD ... sloot wervingsverdragen af met Turkije en Marokko... En wie was er kritisch? Juist, ja. De PvdA... Daarom eiste de PvdA dat gastarbeiders maar twee jaar mochten blijven. En wat deed de VVD? Die eiste dat Turken en Marokkanen... hun gezin mee mochten nemen...;3.0;1.0;10;1,6K;gastarbeiders;2024-09-26 19_58_00.030786;0.057232487946749;0.000074472096458;0.000173580876435;0.000056071330619;0.000433105364209;0.052814319729805;0.004301172215492;1. Against immigration, migrants, foreigners, refugees, or Muslims.
2;1c37d1deda7849cd;5de4b0694632ebd0;2350ab61a96bb83c;2024-09-26T17:07:38.000Z;Inderdaad, de corrupte Midden-Europese elite ondermijnt de Europese veiligheid door Russische gastarbeiders toe te laten in Hongarije, en daarmee ook in de gehele Schengen-zone. Dit geeft Rusland vrij spel om spionageactiviteiten te ontplooien in Europa, wat de hybride;1.0;6.0;13;1,1K;gastarbeiders;2024-09-26 19_58_00.030786;0.240669101476669;0.000135178386699;0.000125221398775;0.003720322623849;0.000231256039115;0.037941008806229;0.000414347712649;1. Against immigration, migrants, foreigners, refugees, or Muslims.
3;d553585439c160d4;c7db0e7ae9b7bc74;d5e6b500af19b582;2024-09-24T18:06:54.000Z;"De actieve werving van gastarbeiders werd in 1973 door het kabinet-Den Uyl gestaakt; het wervingsverdrag werd gestopt. Voor de jonge lezers: Den Uyl was geen VVD’er. /13 @VVD @DilanYesilgoz";1.0;2.0;4;117;gastarbeiders;2024-09-26 19_58_00.030786;0.001415866659954;0.000001443751557;0.000001029103601;0.000245995353907;0.000209000048926;0.000705852406099;0.000102475787571;5. Is neutral.
4;c9831e4fda1d6ab3;b74c936a856cecc8;9d4bb69970a2387e;2024-09-16T16:30:59.000Z;De wederopbouw was al in 1955 praktisch voltooid door hardwerkende Nederlanders. Dus nog ver voor de eerste gastarbeiders als goedkope arbeidskrachten naar Nederland kwamen. Overigens eerst uit Zuid-Europa en later in de jaren '60 uit Turkije en Marokko.;1.0;1.0;3;87;gastarbeiders;2024-09-26 19_58_00.030786;0.005713527556509;0.000019490556951;0.000049545244110;0.000007869845831;0.000018569588065;0.001410196651705;0.000071283677244;5. Is neutral.
5;d56bd74a66351ee1;a059ebd6b03f65c6;1f5b1c22e960d0a5;2024-09-25T16:34:56.000Z;Goede draad. Voor mensen die twijfelen -> https://historiek.net/gastarbeiders-nederland-betekenis-marokko-turkije/135726/…;;;4;247;gastarbeiders;2024-09-26 19_58_00.030786;0.000765472126659;0.000005600775694;0.000011335855561;0.000064650870627;0.000077715398220;0.000445267447503;0.000051788782002;5. Is neutral.
6;c626f66a99d57804;113b6fffd5478091;5e1e332894a82fb2;2024-09-23T12:45:22.000Z;Marokkanen zijn hier gekomen als gastarbeiders. Die waren toen heel kansrijk vanzelfsprekend. Door de economische crisis na 1980 werden E echter massaal werkloos en daarom behoren zij (en hun kinderen) nu tot de lagere klasse. En in de lagere klasse vind je meer criminaliteit.;1.0;;2;90;gastarbeiders;2024-09-26 19_58_00.030786;0.319375425577164;0.000004648012691;0.001937595312484;0.000088392473117;0.000202881696168;0.004805997014046;0.000273022887995;5. Is neutral.
7;0a2a69dc72ae9958;075f118a96e30609;e85d636dcfd44189;2024-09-20T10:21:13.000Z;"Joop den Uyl maakte in 1973 een eind aan de werving van gastarbeiders die door rechts  conservatieve regeringen hierheen waren gehaald.
Job Cohen was staatsecretaris en heeft een strenger vreemdelingenwet ingevoerd. 
Wilders verteld zoals gewoonlijk sprookjes.
#APB2024";159.0;413.0;1,2K;38K;gastarbeiders;2024-09-26 19_58_00.030786;0.041742533445358;0.000043802527216;0.000058228539274;0.000734727538656;0.000263272697339;0.004917001351714;0.000485407450469;5. Is neutral.
8;151b7e2ca019e725;3ff41ca81c424737;50118ba59067f24c;2024-09-23T08:30:09.000Z;"Dat was vroeger al 70-tiger jaren. Achter op de vuilniswagen stonden enkel autochtonen, terwijl men dacht dat de turken juist als gastarbeiders kwamen om het vuile werkt te doen waar Nederlanders hun neus voor optrokken...
Tsja in  die tijd verdiende ze FL 2.600 bruto/mnd ! Een";1.0;;5;187;gastarbeiders;2024-09-26 19_58_00.030786;0.326303929090500;0.000049468857469;0.000108660613478;0.000149607978528;0.000688252446707;0.010743191465735;0.001835206407122;5. Is neutral.
9;d576ee818301b3eb;bc13295a0717829a;4fcc05e0abee58f3;2024-09-19T11:17:55.000Z;"58 jaar geleden vroegen we ""gastarbeiders"" die we wel lieten werken, maar niet lieten integreren. Wel ons buile werk te doen, voor een laag loon, maar niet het licht in de ogen gunnen. En dan nu klagen dat ze geen nederlands spreken.";;;5;109;gastarbeiders;2024-09-26 19_58_00.030786;0.228889882564545;0.000161942924024;0.000025610095690;0.000003681094768;0.000002006402156;0.024188367649913;0.000092181282525;1. Against immigration, migrants, foreigners, refugees, or Muslims.
10;6359360878d36308;3dab550bf0e3d72c;06b20c601549a4a3;2024-09-21T08:45:02.000Z;"Om spuugzat van te worden, deze onzin. Kijk eens naar de aantallen parasieten die afgelopen jaren Nederland in zijn gekomen. Honderden duizenden. Er zijn al 420.000 Marokkanen alleen binnen gekomen. Terwijl den Uyl 44.000 gastarbeiders binnengelaten heeft rond 1970.

Leugenaar!";3.0;;6;813;gastarbeiders;2024-09-26 19_58_00.030786;0.741307139396667;0.000038475729525;0.000058054502006;0.000020787114408;0.000109296706796;0.045996475964785;0.000108648491732;1. Against immigration, migrants, foreigners, refugees, or Muslims.
11;81d8835913f21f59;fa581092212eab81;30b99af317e04576;2024-09-21T20:44:03.000Z;Ik kom uit een provinciestadje waar  relatief veel industrie was. Papier- en kartonfabriek, machinefabriek, kabelbomen, landbouw techniek, confectie, blikfabriek, noem maar op. Eind jaren 60 kwamen de gastarbeiders. Eerst Spanjaarden, vrome katholieken, daarna Marokkanen,;2.0;;2;299;gastarbeiders;2024-09-26 19_58_00.030786;0.037382494658232;0.000018129108867;0.000166474259458;0.000009894596587;0.000031391671655;0.001335454871878;0.000592550437432;5. Is neutral.
12;72ed34ffd665fc2c;fcab7fcc2b4cffd9;dfd216309784f2fa;2024-09-19T19:26:45.000Z;Dat ben ik voor 1990 zelf ook kwijt geraakt #gastarbeiders;;;2;10;gastarbeiders;2024-09-26 19_58_00.030786;0.015828616917133;0.000037803787563;0.000880559207872;0.000274175865343;0.000144396384712;0.002369446679950;0.000163131015142;5. Is neutral.
13;c1c616ff95bc4a3b;a21e0ba0ca44daea;c82c663964cb358f;2024-09-25T19:43:03.000Z;Zelfde met de PvdA: gastarbeiders en immigranten werden met open armen ontvangen omdat het potentiële vakbondsleden en later PvdA-stemmers waren (dachten ze).;;;3;26;gastarbeiders;2024-09-26 19_58_00.030786;0.180198580026627;0.000012936109670;0.000225536306971;0.000116334820632;0.000083029888629;0.008961139246821;0.000342852232279;5. Is neutral.
14;69be6eeaa2af63e6;b8f5b09425eb8025;457190826e0f2ea1;2024-09-25T10:20:44.000Z;"We hadden dus een rechtse partij die actieve werving van gastarbeiders mogelijk maakte en zelfs gezinshereniging stimuleerde. Die actieve werving werd in 1973 door het kabinet-Den Uyl gestaakt; het wervingsverdrag werd gestopt. Voor de jonge lezers: Den Uyl was geen VVD’er.";2.0;34.0;232;7,1K;gastarbeiders;2024-09-26 19_58_00.030786;0.001103162765503;0.000002011528977;0.000017583899535;0.000022072728825;0.000050222159189;0.001977503066882;0.000152105378220;5. Is neutral.
15;a28797774d570ac3;07bd5ed0e667e1be;7d25f32ba8a80124;2024-09-25T10:44:58.000Z;En vergeet niet dat toen de werkloosheid hoog was en o.a. deze Turkse gastarbeiders minder productief waren, ze in de WAO werden gedumpt door de werkgevers. De Nederlandse taal niet spreken woog mee als criterium. En Kok ( PVDA) heeft de WAO vereisten daarna aangepast.;1.0;;9;862;gastarbeiders;2024-09-26 19_58_00.030786;0.096113115549087;0.000035468674469;0.000527076830622;0.000054616823036;0.000122019751870;0.009829771704972;0.000119303229439;5. Is neutral.
16;19bd84eaa9904f93;5bfe62d9f7d85f01;19bf2849176f54f4;2024-09-19T17:48:02.000Z;Zonder “witte mannen” leefde jij nog gewoon in Turkije. Dan was NL namelijk net zo’n achterlijk achtergebleven gebied gebleven als waar de meeste gastarbeiders & “asielzoekers” vandaan komen. Respect zou op zijn plaats zijn dame.;;;8;50;gastarbeiders;2024-09-26 19_58_00.030786;0.065361894667149;0.000029786633604;0.000068899920734;0.000234140738030;0.000122742334497;0.052298184484243;0.000275249738479;1. Against immigration, migrants, foreigners, refugees, or Muslims.
17;367320dbae30e68b;8c405a319e17b513;6656106f4bf7533c;2024-09-20T16:14:44.000Z;"En daarbij: De grenzen zijn destijds opengezet op verzoek van... Werkgevend Nederland. In het algemeen zijn dit... VVD-ers.
Aangezien slavernij niet meer mocht, kregen gastarbeiders (terecht) dezelfde rechten en plichten als NL-ers.";;;3;249;gastarbeiders;2024-09-26 19_58_00.030786;0.005946019198745;0.000074655261415;0.000019864770366;0.000673963397276;0.000609549169894;0.009731958620250;0.000043109896069;5. Is neutral.
18;becb849d38eec4e5;4f2bf57a5e6265b8;14bcdf67d0ccec88;2024-09-17T09:51:31.000Z;Het is niet heel anders dan 2004. Ik herken beklag over vervreemding van mijn ouders in hun 'rooie dorp'. Toch was mijn pa geen xenofoob,werkte tussen wat toen gastarbeiders werd genoemd, onderaan. Winkelcentrum waar ik in weekeinden achter de kassa zat, is nu één grote dönertent;1.0;;1;310;gastarbeiders;2024-09-26 19_58_00.030786;0.007264717016369;0.000004145645562;0.000427232531365;0.000134218673338;0.000194373016711;0.006263022776693;0.003003509249538;5. Is neutral.
19;16b43177d5dc08ea;e0c6277f17c991c8;281772972fe3316e;2024-09-23T09:24:35.000Z;Het spreekwoord gasten en verse vis,blijven 3 dagen fris. Gastarbeiders voor 3 dagen is inderdaad wat kort, maar 3 jaar had het maximum moeten zijn. Had een heleboel problemen bespaard en hadden we nu geen parallelle gemeenschap in Nederland gehad.;;1.0;3;78;gastarbeiders;2024-09-26 19_58_00.030786;0.053340483456850;0.003661247901618;0.000395517330617;0.000034766057070;0.000105518578493;0.081237971782684;0.004564776550978;1. Against immigration, migrants, foreigners, refugees, or Muslims.
20;b9a010e1a9a79d19;1d568bc6bf3c9ead;9dfa69920d236bd2;2024-09-23T19:22:20.000Z;Deze barbaren zijn ooit hierheen gehaald als GASTARBEIDERS om de economie te boosten. Soit. Maar op de premisse dat ze TERUG zouden gaan! Niet om de rest van hun (vaak achterlijke) familie ook nog eens hierheen te laten komen. Dat is helaas in 2005 al vastgelegd in de EVRM.;;;4;70;gastarbeiders;2024-09-26 19_58_00.030786;0.804923176765442;0.000102015699667;0.000003644046046;0.000026203881134;0.000006670338280;0.208164542913437;0.001017776783556;1. Against immigration, migrants, foreigners, refugees, or Muslims.
21;bdb64cdd52d36cd1;1b081aa96ddf28d4;4930471aa3c57631;2024-09-20T04:50:55.000Z;"Van oudsher was links (Joop den Uyl, Jan Marijnissen) altijd fel tegen immigratie omdat het om goedkope arbeid gaat wat concurrentie is voor autochtone arbeider qua werk en wonen en vakbonden om zeep helpt.
Later ging PvdA draaien want gastarbeiders stemden allemaal PvdA.";;1.0;23;396;gastarbeiders;2024-09-26 19_58_00.030786;0.066206350922585;0.000087997621449;0.001359098590910;0.000093264679890;0.000253684789641;0.004448296967894;0.000228200777201;1. Against immigration, migrants, foreigners, refugees, or Muslims.
22;21ffeb6146bc1915;51764b97c1f56709;73b6d156e75a8c1f;2024-09-22T09:46:25.000Z;"Zitten we niet te wachten op weer een godsdienst? De eerste gastarbeiders kwamen, met hun religie, in de jaren 50/60. Die ""nieuwe"" godsdienst is dus al een jaartje of 70 in ons land.";2.0;;4;412;gastarbeiders;2024-09-26 19_58_00.030786;0.030566288158298;0.000006891999874;0.000007562406154;0.000028646267310;0.000095651776064;0.003042474389076;0.000295981939416;1. Against immigration, migrants, foreigners, refugees, or Muslims.
23;e8d9405886a43f3a;fb5bca328c73db67;2189e9c1364d2ee7;2024-09-19T20:21:36.000Z;"Hun nieuwe electoraat.
Dat was al de opmerking eind jaren '70 over de gastarbeiders door Max vd Berg, of in ieder geval iemand in de top van de PvdA.";8.0;7.0;79;1,7K;gastarbeiders;2024-09-26 19_58_00.030786;0.004974850453436;0.000051883002016;0.000094303497463;0.000177161215106;0.000129021267639;0.006059988867491;0.000167836202308;5. Is neutral.
24;4d740cd48d319830;b74c936a856cecc8;9d4bb69970a2387e;2024-09-17T09:41:46.000Z;Klopt. Dat begon al in mijn tijd begin jaren '60 met Spaanse gastarbeiders. Waren voormalige vissers en die goedkope arbeidskrachten konden ze goed gebruiken bij ons aan boord.;1.0;;3;198;gastarbeiders;2024-09-26 19_58_00.030786;0.008130540139973;0.000029381111744;0.000124298938317;0.000174501576112;0.000074060553743;0.002627226989716;0.000441510230303;5. Is neutral.
25;1c7837a10345f2e7;91c41dde843439e9;a63bf9937b99393c;2024-09-18T09:39:11.000Z;@jimmydijk : gastarbeiders die we nu statushouders noemen !!!   #APB2024  #algemenebeschouwingen;;;2;241;gastarbeiders;2024-09-26 19_58_00.030786;0.156932592391968;0.000030010312912;0.000000886599878;0.000055058651924;0.000018981052563;0.001532890135422;0.000042200827011;1. Against immigration, migrants, foreigners, refugees, or Muslims.
26;d9359cc49bed8b3c;3d32264d59b0c2f8;58882edb0b0f4df1;2024-09-19T09:52:07.000Z;"Precies laatst ook een Turkse man en zijn zus. Zus was 60 jaar in NL en sprak geen woord NLs.
Dit waren de gastarbeiders die kwamen werken dat precies 2 jaar deden en vervolgens in de ZW en uiteindelijk in de WAO terecht kwamen, vanwege rugpijn.";;3.0;9;235;gastarbeiders;2024-09-26 19_58_00.030786;0.091302610933781;0.000095418457931;0.011481535620987;0.000594045210164;0.000276759907138;0.026972213760018;0.004659301135689;1. Against immigration, migrants, foreigners, refugees, or Muslims.
27;646959a868ed97d6;3d32264d59b0c2f8;58882edb0b0f4df1;2024-09-21T05:56:18.000Z;Het was de PvdA die de gastarbeiders de familie lieten ophalen. Het begin van alle ellende.;;;3;37;gastarbeiders;2024-09-26 19_58_00.030786;0.250074267387390;0.000007832438314;0.000015075198462;0.000022628308216;0.000069355570304;0.032442908734083;0.000588263850659;1. Against immigration, migrants, foreigners, refugees, or Muslims.
28;c29abefc56120114;1f918c07269d56c5;58b8723e33d1e8c7;2024-09-17T06:56:09.000Z;Over welke tijd heb je het? Na de Tweede Wereldoorlog hebben gastarbeiders een cruciale rol gespeeld in de wederopbouw en economische groei van ons land. Diversiteit heeft ons niet alleen welvarender gemaakt, maar ook cultureel verrijkt. Je kletst slap uit je nek kerel.;3.0;;10;80;gastarbeiders;2024-09-26 19_58_00.030786;0.063284449279308;0.000002752963837;0.000000435828696;0.000048160291044;0.000015813402570;0.009491673670709;0.000322556705214;2. In support of immigration, migrants, foreigners, refugees, or Muslims.
29;12fe6b81af09a159;c617ac153b68c253;3136ea36b1c47a45;2024-09-24T13:16:32.000Z;De buitenlandse werving van Spaanse, Marokkaanse en Turkse arbeiders, (1961 en 1964) werd gestart door het toenmalige kabinet van KVP, ARP, CHU en VVD. In 1973 beëindigde het kabinet-Den Uyl de officiële werving van gastarbeiders.;;4.0;14;732;gastarbeiders;2024-09-26 19_58_00.030786;0.002111543668434;0.000332891038852;0.000102785634226;0.000010030113117;0.000004025040198;0.003219283418730;0.000095683702966;5. Is neutral.
30;13e8215fec018bd9;3bbfd5abb6808499;a2d20b987d5f8f13;2024-09-20T22:57:16.000Z;Door gastarbeiders als slaven uit te buiten. Jeetje.;;;4;38;gastarbeiders;2024-09-26 19_58_00.030786;0.298317819833755;0.000172471714904;0.000009018914170;0.001357553876005;0.000043766332965;0.133881956338882;0.002392890630290;1. Against immigration, migrants, foreigners, refugees, or Muslims.
31;d5647f07ff09bb70;bb2d01e4ad68f9ac;c1f802ab5c6c3147;2024-09-24T13:18:48.000Z;Ik ken de verhalen van nazaten van arbeidsmigranten, eerder betiteld met gastarbeiders o.m. vanuit mijn betrokkenheid bij een minor aan de HHS, over onwrikbare schooladviezen beneden competentie waar ze tegen in moesten vechten. Vaak pas stapsgewijs op competentieniveau;;;2;15;gastarbeiders;2024-09-26 19_58_00.030786;0.027056509628892;0.000023111642804;0.002278089290485;0.001201566308737;0.000662224832922;0.029631944373250;0.001278035459109;5. Is neutral.
32;a8f8b033089c7c56;e0c6277f17c991c8;281772972fe3316e;2024-09-17T16:23:40.000Z;"Ja dat is zo. Gastarbeiders kwamen in de jaren '70 om Nederland te bouwen. Mijn ouders en wij kinderen leefden toen nog in schapenvellen en in een grot. Nederland bestond nog niet. Waarom hebben moslims het eigenlijk          ""Nederland"" genoemd? 
Waren wij inboorlingen nederig?";1.0;;2;33;gastarbeiders;2024-09-26 19_58_00.030786;0.179757863283157;0.000003749865755;0.000002122530304;0.000079721423390;0.000138007133501;0.001887602382340;0.000090886940598;1. Against immigration, migrants, foreigners, refugees, or Muslims.
33;4d8b80829f3bb151;ff4e39595418c45d;e82c085546622787;2024-09-17T06:50:06.000Z;Gastarbeiders en het roven van de koloniën hebben Nederland stinkend rijk gemaakt!;1.0;;8;108;gastarbeiders;2024-09-26 19_58_00.030786;0.384250909090042;0.001462933840230;0.000000178609639;0.000848646159284;0.000034528424294;0.042430497705936;0.000356484175427;2. In support of immigration, migrants, foreigners, refugees, or Muslims.
34;326b495523cd3234;98b28d96a7f4f319;af80523ecb031ae9;2024-09-19T09:38:56.000Z;"Ik ben 68 jaar en heb de instroom van gastarbeiders vanaf het begin meegemaakt.
Ik heb nog nooit problemen of angst ervaren als die extreemrechtse dombo's.";2.0;;6;94;gastarbeiders;2024-09-26 19_58_00.030786;0.812942504882812;0.000005091218100;0.000009428573321;0.000548408657778;0.000034207238059;0.028692228719592;0.000039492082578;3. Against those that oppose immigration or are negative towards migrants, foreigners, refugees, or Muslims.
35;f2fa046956602cff;87cba6465a35c44c;7ff26bb91d2518f6;2024-09-16T21:18:54.000Z;De grootste fout die we de vorige eeuw gemaakt hebben: om wille van economische groei gastarbeiders aan het werk zetten. De boemerang komt terug. Keihard en we gaan ten onder aan een dwangmatige religie die nietsontziend is. Medelijden met de jeugd voor hun toekomst.;;;2;16;gastarbeiders;2024-09-26 19_58_00.030786;0.470964878797531;0.021979741752148;0.000282020337181;0.000775404332671;0.001518991892226;0.500961601734161;0.012779746204615;1. Against immigration, migrants, foreigners, refugees, or Muslims.
36;c20b4f7533eec532;cb522ecb0b39ecd5;6a657b2f15ebe3d7;2024-09-18T22:50:30.000Z;Ik ben het met Ouwehands eens. De (nazaten van) gastarbeiders en die klote expats krijgen veel te weinig haat.;;;2;291;gastarbeiders;2024-09-26 19_58_00.030786;0.440266549587250;0.000041127124859;0.000016079387933;0.000004421204721;0.000011036586329;0.029996925964952;0.000046518427553;1. Against immigration, migrants, foreigners, refugees, or Muslims.
37;760ee49448e89123;c7db0e7ae9b7bc74;d5e6b500af19b582;2024-09-24T18:05:27.000Z;En wie was er kritisch? Juist, ja. De PvdA. En dat vanwege de verdringing van Nederlandse werknemers en de druk op de lonen. Daarom eiste de PvdA dat gastarbeiders maar twee jaar mochten blijven. /11 @VVD @DilanYesilgoz;1.0;1.0;3;42;gastarbeiders;2024-09-26 19_58_00.030786;0.012380379252136;0.000080388628703;0.000006022567050;0.000470327824587;0.000224455521675;0.002497338224202;0.000394066271838;1. Against immigration, migrants, foreigners, refugees, or Muslims.
38;161599a70cc94689;da8faeedc34ae2af;c1f974f08a4e23bf;2024-09-17T08:15:14.000Z;Wat gewaagd van ze om de ongerepte kleivlakte, met al die gevaren van wilde beesten, te gaan bewonen. Ook: net alsof er vóór er Marokkanen kwamen er geen Italiaanse, Spaanse, Portugese en Joegoslavische gastarbeiders waren in Nederland. Een tenenkrommend leugenachtige ondertitel!;;;7;190;gastarbeiders;2024-09-26 19_58_00.030786;0.138842359185219;0.000004710082067;0.000249009724939;0.000013643752936;0.000012050926671;0.057805560529232;0.000614893215243;3. Against those that oppose immigration or are negative towards migrants, foreigners, refugees, or Muslims.
39;711c8d8e115b3240;90f58980f970fa5f;3614f00ea10ebf64;2024-09-22T13:16:01.000Z;"Dit zijn werklozen...werkloosheid in deze arbeidsmarkt zet mij aan het denken. 
Gastarbeiders zijn het, bij ontslag of.einde werkzaamheden retour land van herkomst.";;;5;54;gastarbeiders;2024-09-26 19_58_00.030786;0.101834461092949;0.000132044617203;0.001288373256102;0.000037878086005;0.000007996970453;0.009590211324394;0.000596872414462;1. Against immigration, migrants, foreigners, refugees, or Muslims.
40;7cc4fa63f34eae4e;a21e0ba0ca44daea;c82c663964cb358f;2024-09-17T06:53:29.000Z;Een bijkomend probleem was ook dat veel gastarbeiders, meestal de Marokkanen, hun geboortedatum niet wisten. Dan werd standaard 01-01-1940 ingevuld. Als ze dan nog allemaal Mohammed heetten was het drama compleet! Fraude bij het leven!;2.0;;6;446;gastarbeiders;2024-09-26 19_58_00.030786;0.081381566822529;0.000031300471164;0.002923850435763;0.000020800935090;0.000268680538284;0.008592586964369;0.000111314278911;1. Against immigration, migrants, foreigners, refugees, or Muslims.
41;cc84ab4cacb6a1b8;a847c2a1ddd9af13;75c7692da50c29f4;2024-09-17T07:31:40.000Z;"Gastarbeiders waren veelal werkzaam in sectoren die de concurrentie met lagelonenlanden niet aankonden en niet wilden/konden mechaniseren en automatiseren

Niet lang daarna gingen ze vaak alsnog failliet, en de gastarbeiders belandden in de WAO
De kosten waren voor de samenleving";;;4;57;gastarbeiders;2024-09-26 19_58_00.030786;0.114946611225605;0.000037643516407;0.000083424893091;0.000022103040465;0.000006477556326;0.001783429412171;0.000034698885429;1. Against immigration, migrants, foreigners, refugees, or Muslims.
42;52f441a7112df8ab;3986f6e3faed0030;befd06b43c68fcb5;2024-09-17T11:26:19.000Z;Gastarbeiders werden overal binnengehaald als loondrukkers.;;;2;24;gastarbeiders;2024-09-26 19_58_00.030786;0.398385435342789;0.000646761560347;0.000002314844551;0.000043715732318;0.000007239267234;0.087524168193340;0.000114103888336;1. Against immigration, migrants, foreigners, refugees, or Muslims.
43;d78f7ecdc18efee3;bb2d01e4ad68f9ac;c1f802ab5c6c3147;2024-09-24T13:25:10.000Z;Ik ken de verhalen van nazaten van arbeidsmigranten, eerder betiteld met gastarbeiders, o.m. vanuit m’n betrokkenheid bij een minor aan de HHS, over onwrikbare schooladviezen beneden competentie waar ze tegenin moesten vechten. Vaak stapsgewijs pas op competentieniveau. #racisme;1.0;;6;187;gastarbeiders;2024-09-26 19_58_00.030786;0.026422165334225;0.000039974958781;0.000155176225235;0.000633710122202;0.000535714672878;0.004858394619077;0.000183429001481;3. Against those that oppose immigration or are negative towards migrants, foreigners, refugees, or Muslims.
44;9bd2f17c8a7a2e81;b8f5b09425eb8025;457190826e0f2ea1;2024-09-25T10:19:13.000Z;Was er dan niemand kritisch in die tijd? Jazeker. De PvdA. De linkse partij waarschuwde voor verdringing van Nederlandse werknemers en de druk op de lonen. Daarom eiste de PvdA dat gastarbeiders maar twee jaar mochten blijven.;6.0;31.0;230;7,7K;gastarbeiders;2024-09-26 19_58_00.030786;0.011446328833699;0.000059359772422;0.000261230656179;0.000034835087718;0.000183915530215;0.006249436177313;0.000586216454394;1. Against immigration, migrants, foreigners, refugees, or Muslims.
45;6ded2b796cbdf22b;0e73391ba67fccab;bda482e2ef242f65;2024-09-21T08:15:05.000Z;En toch zijn ze in grote aantallen blijven komen, dragen ze weinig bij (een groot deel van de zogenaamde gastarbeiders werkt niet en een flink aantal heeft dat zelfs nooit gedaan), integreren ze niet en leveren ze overlast (oververtegenwoordiging criminaliteit) op. Hoe kan dat?;;;3;49;gastarbeiders;2024-09-26 19_58_00.030786;0.489584296941757;0.000218252054765;0.000117571697047;0.000048056517699;0.000034172870073;0.019651548936963;0.000076266740507;1. Against immigration, migrants, foreigners, refugees, or Muslims.
46;b1dc2792135a06f3;e0c6277f17c991c8;281772972fe3316e;2024-09-20T23:21:37.000Z;De werkgevers hebben GASTarbeiders over laten komen vanuit het buitenland. De GASTarbeiders zouden enige tijd hier werken er terug gaan naar hun land van afkomst. Den Uyl en de PVDA zijn de GASTarbeiders gaan beschouwen als inwoners van Nederland hetgeen nooit de bedoeling was.;;;2;39;gastarbeiders;2024-09-26 19_58_00.030786;0.052206978201866;0.000079554578406;0.000092856367701;0.000059714275267;0.000061085345806;0.019172908738256;0.000912208226509;1. Against immigration, migrants, foreigners, refugees, or Muslims.
47;f46889f0713bd138;4c9fb9fd31cfb6f7;1228bbfb47667e32;2024-09-21T08:19:14.000Z;"Vaals is trouwens ook heel mooi al is er op dat park geen reet te doen.

Dunimar viel echt tegen, prachtige huisjes maar kale vlakte en veel gastarbeiders in de huisjes

Als je een keer iets nieuws zoekt dan raad ik de Lommerbergen echt aan, prachtig in het bos met veel beestjes.";1.0;;2;44;gastarbeiders;2024-09-26 19_58_00.030786;0.014775110408664;0.000011885783351;0.001194392680190;0.000075537587691;0.000117105570098;0.000883035303559;0.000017710237444;1. Against immigration, migrants, foreigners, refugees, or Muslims.
48;0986f892bc90aa99;1eb16bce3a4d3ad6;062eb7695309ca8c;2024-09-23T11:16:37.000Z;wat 'n idiote inschatting. zie 't onderzoek van brunt & bovenkerk uit de jaren '80 naar het zich terugtrekken van de gastarbeiders ná de gezinshereniging (daarvoor deden ze vaak mee aan buurtactiviteiten en zo) enfin, hier 'n foto van kaboel uit 1972. ook veranderd door wilders?;;;9;70;gastarbeiders;2024-09-26 19_58_00.030786;0.188885018229485;0.000225327821681;0.000115262628242;0.000437138136476;0.000163350021467;0.014983061701059;0.000309579627355;6. Other: Critiques historical immigration policy.
49;d13547c67d9c6b8a;fb1510069fa0f111;ef3353ed9cb017e2;2024-09-21T13:36:49.000Z;bv als het gaat over het kapitalistische opportunisme om gastarbeiders en arbeidsmigranten hierheen te halen, uit te buiten, niet te laten betalen voor taallessen en dus integratie. Nee, het is allemaal net onder het oppervlak, maar heel helder dat Wim hier ideologisch geneigd is;1.0;;2;49;gastarbeiders;2024-09-26 19_58_00.030786;0.071637414395809;0.000004628166153;0.000012972367585;0.000068118053605;0.000031536146707;0.003165008500218;0.000095462972240;1. Against immigration, migrants, foreigners, refugees, or Muslims.
50;57516818d8fe5308;a65fa73608f1e670;4e8be56748eb184b;2024-09-17T02:14:01.000Z;In de jaren '80 heb ik mijn scriptie geschreven over in hoeverre wij (NL) onze wetten/regels oprekten om (toen nog) gastarbeiders te accommoderen. Dat was mij toen al een doorn in het oog. Je kunt bijv. geen contract sluiten (althans: ben er niet aan gehouden) als je 'je wil niet;1.0;3.0;18;636;gastarbeiders;2024-09-26 19_58_00.030786;0.041188552975655;0.000021983700208;0.000173620108399;0.000135763300932;0.000250579207204;0.007634457666427;0.000064930383814;1. Against immigration, migrants, foreigners, refugees, or Muslims.
51;0fdf96b43c995d53;b8f5b09425eb8025;457190826e0f2ea1;2024-09-25T10:18:14.000Z;Wilde de VVD die gastarbeiders dan weren? Welnee, samen met de voorgangers van het CDA werden er complete wervingsverdragen afgesloten met Turkije en Marokko. Sterker: er werden kantoren geopend om mensen naar Nederland te halen.;2.0;15.0;189;7,3K;gastarbeiders;2024-09-26 19_58_00.030786;0.025449633598328;0.000120057578897;0.000085750318249;0.000004186432307;0.000010184079656;0.012911821715534;0.000283574685454;5. Is neutral.
52;3c528b35721ef4ec;78eb0f835c50cc74;c6151824451832d5;2024-09-20T22:20:28.000Z;Joop de Uyl zette de grenzen juist wagenwijd open..Het zijn echt sprookjes die u verteld, sterker nog toen kwamen de gastarbeiders die noooooooiiiiit meer weggingen.;1.0;;2;55;gastarbeiders;2024-09-26 19_58_00.030786;0.045954015105963;0.000021645999368;0.000243426824454;0.000029754293791;0.000025043493224;0.002120562363416;0.000552279932890;1. Against immigration, migrants, foreigners, refugees, or Muslims.
53;fb26ed6428134c13;d235d56f7980b5f9;839ac6472fa06bed;2024-09-20T14:06:52.000Z;"Vroeger moesten de gastarbeiders terug.
Den Uyl heeft hierin verandering gebracht met de wet ""recht of gezinshereniging"" in 1974.
Daarvoor waren het GASTarbeiders en zoals het woord het al zegt, te gast en men ging terug. Kom in Spanje nog veel mensen tegen uit die 
tijd.";6.0;2.0;23;1,1K;gastarbeiders;2024-09-26 19_58_00.030786;0.003335467306897;0.000005284540293;0.000013082941223;0.000003662004701;0.000007363696568;0.000695628405083;0.000015817231542;1. Against immigration, migrants, foreigners, refugees, or Muslims.
54;63a7b0f312c682ec;40e0a6c648d8dd3d;234aa629509dd698;2024-09-20T04:21:16.000Z;"Gastarbeiders zijn gehaald door werkgevers (= rechts). Oekraïeners zijn er vanwege rechtse dictator Putin die jij bewondert. Syriërs en Irakezen zijn er omdat de rechtse Bush een puinhoop van de regio maakte. 

Waar heb je het over?";;;7;50;gastarbeiders;2024-09-26 19_58_00.030786;0.053650509566069;0.000014989870579;0.000007348256531;0.000139928641147;0.000022281492420;0.005394282750785;0.000267297989922;5. Is neutral.
55;fc12ba7a25a13e0a;40e0a6c648d8dd3d;234aa629509dd698;2024-09-20T10:30:21.000Z;"""Deuglinkse politici hebben de grenzen opengezet""

Gastarbeiders zijn gehaald door werkgevers (= rechts). Oekraïeners zijn er vanwege rechtse dictator Putin. Syriërs en Irakezen zijn er omdat de rechtse Bush een puinhoop van de regio maakte.   Waar heb je het over?";1.0;;4;52;gastarbeiders;2024-09-26 19_58_00.030786;0.062301877886057;0.000100856908830;0.000082659855252;0.000434248882811;0.000305973720970;0.015801060944796;0.001181504223496;3. Against those that oppose immigration or are negative towards migrants, foreigners, refugees, or Muslims.
56;24e560002cf1e8b5;e78be1430d6e1d46;9c3fcdbc3e534f9e;2024-09-25T20:56:19.000Z;"Nope… dat zit Europa niet. Nederland al helemaal niet met per hoofd van de bevolking ónder het Europees gemiddelde.

Die wachtlijst is veroorzaakt door fout politiek beleid, met name door de VVD. Nederlanders staan al decennia op wachtlijsten… ver voor de eerste gastarbeiders.";2.0;;4;104;gastarbeiders;2024-09-26 19_58_00.030786;0.076359242200851;0.000008182225429;0.000014977509636;0.000013658112039;0.000040398084820;0.002005739137530;0.000114902148198;5. Is neutral.
57;1b35f192df813b66;d3b8924255d24171;bd610aa15f89e90d;2024-09-16T16:26:40.000Z;Een jaar voordat de werving van gastarbeiders werd beëindigd. Toen waren er al 22.000 Marokkanen die werd deden waar Nederlanders zich te goed voor voelden.  We zijn altijd al een multicultureel land geweest. Gelukkig maar.;1.0;;6;34;gastarbeiders;2024-09-26 19_58_00.030786;0.008846705779433;0.000013912012037;0.000041608283937;0.000005821823834;0.000032713836845;0.005211567040533;0.000290350959403;2. In support of immigration, migrants, foreigners, refugees, or Muslims.
58;61d0a09e793b2f82;b2ae2399c8b02ad1;7259cf2bfd5b525b;2024-09-19T07:44:41.000Z;"Meeste Palestijnen zijn gastarbeiders uit buurlanden die op het economisch wonder van de joden afkwam. Waar ze de woestijn groen maakte. 

James Joyce en Mark twain beschreven judea voor 1850 als een woestijn waar je dagen lang niemand tegen kwam en er spook steden waren. Na 1852";;2.0;5;13;gastarbeiders;2024-09-26 19_58_00.030786;0.109287500381470;0.000038604848669;0.000013577399841;0.000005487264389;0.000001134232548;0.000449581712019;0.000264243892161;1. Against immigration, migrants, foreigners, refugees, or Muslims.
1;0a2a69dc72ae9958;075f118a96e30609;e85d636dcfd44189;2024-09-20T10:21:13.000Z;"Joop den Uyl maakte in 1973 een eind aan de werving van gastarbeiders die door rechts  conservatieve regeringen hierheen waren gehaald.
Job Cohen was staatsecretaris en heeft een strenger vreemdelingenwet ingevoerd. 
Wilders verteld zoals gewoonlijk sprookjes.
#APB2024";158.0;414.0;1,2K;39K;gastarbeiders;2024-10-09 11_22_54.140846;0.041742533445358;0.000043802527216;0.000058228539274;0.000734727538656;0.000263272697339;0.004917001351714;0.000485407450469;5. Is neutral.
2;57b8c4150ecb6956;fe31c899b5794b09;9887c29f1ddfd2d1;2024-09-02T12:41:58.000Z;"19/08/1964 Den Haag, Nederland: KVP/ ARP/ CHU/ VVD-kabinet-Victor Marijnen/ Turks minister van Arbeid Bülent Ecevit tekenen wervingscontract voor Turkse ""gastarbeiders"" - ""Blonde Geert"" beweert al jaren dat 'links' dat deed, maar dat LIEGT-ie";;;;37;gastarbeiders;2024-10-09 11_22_54.140846;0.031000770628452;0.000053750423831;0.000344058498740;0.002261245390400;0.002005380345508;0.007708726450801;0.000526299700141;3. Against those that oppose immigration or are negative towards migrants, foreigners, refugees, or Muslims.
3;981123f0b109a088;fce77c34d3fec987;49389f4662f2a410;2024-09-18T17:48:10.000Z;"Is er nou vanavond alweer een programma/serie over “gastarbeiders”..?

Waarom wordt belastinggeld gebruikt om een politieke mening populair te maken?

En mensen maar klagen over ON, want dit is zeker niet “sturend” bedoeld..(?).";;;;9;gastarbeiders;2024-10-09 11_22_54.140846;0.049534354358912;0.000435083551565;0.000067278364440;0.000033764616092;0.000014765304513;0.080672688782215;0.000340520549798;1. Against immigration, migrants, foreigners, refugees, or Muslims.
4;5a931e5bc7862beb;fe31c899b5794b09;9887c29f1ddfd2d1;2024-09-06T15:08:18.000Z;de Volkskrant 26 april 1980 En weer EIST het bedrijfsleven de komst van 'gastarbeiders'. VVD, CDA gehoorzamen als bereidwillige politieke knechten. PvdA en vakbeweging protesteren tevergeefs. Oh, natuurlijk schelden verdeel-en-heersknechtjes de geronselde buitenlanders voor rot.;;;;19;gastarbeiders;2024-10-09 11_22_54.140846;0.406736940145492;0.000252318772255;0.001315606408752;0.000153615706949;0.000050586841098;0.256838649511337;0.001223442959599;1. Against immigration, migrants, foreigners, refugees, or Muslims.
5;4a0a0f1dc292a548;b14ff67048a3b878;0a4b5aeba6d0354a;2024-09-22T18:00:01.000Z;"Vanavond in De Sociëteit om 22:52 uur op NPO2.

Het is 60 jaar geleden dat de eerste Turkse gastarbeiders in Nederland aankwamen. Wat bracht het hen en wat bracht het Nederland? We gaan het er uitgebreid over hebben.";1.0;1.0;2;258;gastarbeiders;2024-10-09 11_22_54.140846;0.001097547356039;0.000003403528581;0.000001468768801;0.000024997751098;0.000182341216714;0.002001691376790;0.000245636561885;5. Is neutral.
6;c1b1642df7e3e153;54107398ec94b895;d08bd88c6c6c4f0c;2024-08-23T13:00:11.000Z;"Hallo @RPlasterk, een onverwachte inkijk. Nu mijn vragen:
Ja, rechts heeft in de beginne #gastarbeiders binnengehaald, maar wie heeft toegestaan of gepromoot om de werkers hun gezinnen te laten overkomen? 
Waarom is niet gekozen voor max 5 jaar en terug, en kan je broertje komen?";;;;17;gastarbeiders;2024-10-09 11_22_54.140846;0.006472241133451;0.000719659496099;0.000035774508433;0.000231158861425;0.000692954636179;0.010353103280067;0.000581772474106;1. Against immigration, migrants, foreigners, refugees, or Muslims.
7;6272dbd3e82771e0;b74c936a856cecc8;9d4bb69970a2387e;2024-09-05T16:07:02.000Z;De wederopbouw was al in 1955 praktisch voltooid door hardwerkende Nederlanders. Dus nog ver voor de eerste gastarbeiders als goedkope arbeidskrachten naar Nederland kwamen. Overigens eerst uit Zuid-Europa en later in de jaren '60 uit Turkije en Marokko.;24.0;146.0;450;8,1K;gastarbeiders;2024-10-09 11_22_54.140846;0.005713527556509;0.000019490556951;0.000049545244110;0.000007869845831;0.000018569588065;0.001410196651705;0.000071283677244;5. Is neutral.
8;39ab2d5f5189f6d3;74eb76c43c076b0b;3d8b0c83c4fa6567;2024-10-04T18:15:33.000Z;60 jaar Turkse gastarbeiders in Nederland: een mijlpaal vol hard werk en doorzettingsvermogen. Als derde generatie en raadslid volg ik in de voetsporen van mijn vader, vastberaden om impact te maken op mijn gemeente en hun nalatenschap voort te zetten. #trotsedeventenaar;;;6;210;gastarbeiders;2024-10-09 11_22_54.140846;0.000338429206749;0.000009540777683;0.000004327272563;0.000492441875394;0.001432730234228;0.000202171286219;0.000016814281480;2. In support of immigration, migrants, foreigners, refugees, or Muslims.
9;a3c53fba81242a4a;4e0493d6c0d62f06;ac7e99a9635e0de9;2024-08-30T13:35:36.000Z;"Erm? ""Vanaf 1949 begon de Nederlandse overheid actief emigratie te plannen en te bevorderen. In het hoogtepuntjaar van 1952 emigreerden maar liefst 48.690 Nederlanders naar landen als Canada, Australië, Nieuw-Zeeland en de VS""

En dan is er nog iets met nood aan gastarbeiders.";1.0;;3;189;gastarbeiders;2024-10-09 11_22_54.140846;0.001721452339552;0.000055221928051;0.000191594735952;0.000025060622647;0.000055702268583;0.001014581182972;0.000242060836172;5. Is neutral.
10;7b8f07902c654621;da192a004da5004e;b666b461e8954db2;2024-10-09T09:07:10.000Z;"Het is oud nieuws omdat de gevangenissen al vol zitten met dit soort lager opgeleide nazaten van gastarbeiders enz. In mijn jeugd riep men...specialiseer.
Dit is precies wat deze groep doet, specialiseren in misdaad.";;;;4;gastarbeiders;2024-10-09 11_22_54.140846;0.864082753658295;0.001862575532868;0.000118074029160;0.000280521315290;0.001152667100541;0.114864856004715;0.001024066936225;1. Against immigration, migrants, foreigners, refugees, or Muslims.
11;8b3121cb60e41c55;b74c936a856cecc8;9d4bb69970a2387e;2024-09-01T19:11:18.000Z;Klopt. De wederopbouw was al in 1955 praktisch voltooid door hardwerkende Nederlanders. Dus nog ver voor de eerste gastarbeiders als goedkope arbeidskrachten naar Nederland kwamen. Overigens eerst uit Zuid-Europa en later in de jaren '60 uit Turkije en Marokko.;2.0;6.0;10;250;gastarbeiders;2024-10-09 11_22_54.140846;0.005034811329097;0.000020815221433;0.000033675703889;0.000009122006304;0.000024046637918;0.001827058382332;0.000044400312618;5. Is neutral.
12;c696dd0a7595b3ca;b74c936a856cecc8;9d4bb69970a2387e;2024-09-02T07:59:03.000Z;Heel wat Nederlanders zijn toen vervangen door de goedkope gastarbeiders.;2.0;1.0;5;46;gastarbeiders;2024-10-09 11_22_54.140846;0.454468846321106;0.000887065834831;0.000008730836271;0.000125644684886;0.000106187595520;0.032813135534525;0.001106767915189;1. Against immigration, migrants, foreigners, refugees, or Muslims.
13;7084ad603e432389;b74c936a856cecc8;9d4bb69970a2387e;2024-09-05T17:02:07.000Z;De lonen werden begin jaren '60 te hoog en de werkgevers hebben toen sterk aangedrongen op goedkope gastarbeiders. Heel wat Nederlanders zijn toen werkloos geraakt. Daar heb ik nog eens een stukje over geschreven.;2.0;5.0;22;191;gastarbeiders;2024-10-09 11_22_54.140846;0.011155469343066;0.000003709980092;0.000325081404299;0.000051458016969;0.000059382931795;0.001960692694411;0.000182760355528;1. Against immigration, migrants, foreigners, refugees, or Muslims.
14;f7b893d301c7d80c;9fe6cbb9e933ad0b;2ef37bd848a4d26c;2024-09-05T15:04:54.000Z;Jaren 60 vorige eeuw kwamen gastarbeiders naar NL om ons te helpen,Nu meer dan 60 jaar later zitten ze nog in onze huizen,passen zich niet aan,spreken amper Nederlands en hun kinderen en kleinkinderen vormen een gigantisch probleem in onze steden.;4.0;3.0;4;145;gastarbeiders;2024-10-09 11_22_54.140846;0.593506515026093;0.000026344170692;0.000000025004178;0.000030600735045;0.000033425945730;0.007808722555637;0.000010033767467;1. Against immigration, migrants, foreigners, refugees, or Muslims.
15;0a7e8fdf5e7f5efc;05cd66aec3eb89f6;33b9046513227fbe;2024-09-05T04:56:29.000Z;Arbeidsmigratie door SELECTIE aan de poort, zoals vroeger gastarbeiders werden geselecteerd voor specifiek werk  #vandaaginside;;4.0;4;1,9K;gastarbeiders;2024-10-09 11_22_54.140846;0.004064431879669;0.000184353222721;0.000010988548638;0.000185774770216;0.000074038456660;0.010995184071362;0.000451457104646;5. Is neutral.
16;81d8835913f21f59;fa581092212eab81;30b99af317e04576;2024-09-21T20:44:03.000Z;Ik kom uit een provinciestadje waar  relatief veel industrie was. Papier- en kartonfabriek, machinefabriek, kabelbomen, landbouw techniek, confectie, blikfabriek, noem maar op. Eind jaren 60 kwamen de gastarbeiders. Eerst Spanjaarden, vrome katholieken, daarna Marokkanen,;2.0;;2;306;gastarbeiders;2024-10-09 11_22_54.140846;0.037382494658232;0.000018129108867;0.000166474259458;0.000009894596587;0.000031391671655;0.001335454871878;0.000592550437432;5. Is neutral.
17;048a895d1cbb4700;10e7d9c072116897;ca22881e6293cd21;2024-09-11T10:35:00.000Z;"Zo'n 60 jaar geleden kwamen de eerste Turkse gastarbeiders naar Nederland. Maar hoe zit het met de vrouwen die hun man achterna reisden? Fotograaf en journalist Çiğdem Yüksel brengt deze verhalen tot leven in haar tentoonstelling en boek ""Je moest eens weten"".";;1.0;4;1,2K;gastarbeiders;2024-10-09 11_22_54.140846;0.001030900864862;0.000019237784727;0.000000741413203;0.000065591615567;0.000055900858570;0.001425236230716;0.000122288925922;5. Is neutral.
18;9059bf4c9b2ec438;bfa2700b7775420c;a5b3883b42d627ac;2024-10-01T17:01:19.000Z;Het wrange is dat de VVD/werkgevers voor de eerste golf van Marokkaanse en Turkse gastarbeiders heeft gezorgd, de PvdA was daar tegen.;;;2;138;gastarbeiders;2024-10-09 11_22_54.140846;0.063295356929302;0.000019535811589;0.000068664252467;0.000045811804739;0.000088888140453;0.008044705726206;0.000172026295331;5. Is neutral.
19;c9831e4fda1d6ab3;b74c936a856cecc8;9d4bb69970a2387e;2024-09-16T16:30:59.000Z;De wederopbouw was al in 1955 praktisch voltooid door hardwerkende Nederlanders. Dus nog ver voor de eerste gastarbeiders als goedkope arbeidskrachten naar Nederland kwamen. Overigens eerst uit Zuid-Europa en later in de jaren '60 uit Turkije en Marokko.;1.0;1.0;3;92;gastarbeiders;2024-10-09 11_22_54.140846;0.005713527556509;0.000019490556951;0.000049545244110;0.000007869845831;0.000018569588065;0.001410196651705;0.000071283677244;5. Is neutral.
20;fe35887bad7f8f24;03073f718ed81d74;da85485925c0c26c;2024-09-30T14:12:07.000Z;De eerste moslimmigranten in Nederland waren geen #Turkse en #Marokkaanse gastarbeiders, maar #Indonesiërs en #Surinamers uit de koloniën, toont de eerste tentoonstelling van het @moslimarchief. Zie link hieronder voor het hele verhaal.  https://buff.ly/3Y3uPbd #islam #moslims;1.0;6.0;5;676;gastarbeiders;2024-10-09 11_22_54.140846;0.001282870885916;0.000006954990113;0.000000179558015;0.000070416244853;0.000038689613575;0.000098706426797;0.000019353936295;5. Is neutral.
21;d9606b73ac3761c6;52151f8b8161913f;d4f0b7e14398e766;2024-10-05T18:38:48.000Z;De VAE is als overwegend islamitisch land met een percentage immigranten en gastarbeiders van 88%, stevige christelijke en hindu-minderheden, natuurlijk sowieso een mooie bestemming voor diegenen die het hier zat zijn. Leerzaam ook.;2.0;3.0;5;1,2K;gastarbeiders;2024-10-09 11_22_54.140846;0.003511154791340;0.000012565475117;0.000238108390476;0.000423436693382;0.000149697734741;0.000873991579283;0.000202983865165;5. Is neutral.
22;7e35a8a6ffb6bb49;9423e9de4698b5e8;f922e83e14545af6;2024-10-03T17:02:39.000Z;"kleine reminder een 50 jaar geleden was de campagne van het vlaams blok: 400.000 werklozen waarom nog gastarbeiders?

Het is dus nooit goed.";;;2;309;gastarbeiders;2024-10-09 11_22_54.140846;0.093890316784382;0.000104323997220;0.000016817166397;0.000050426984672;0.000047609177273;0.006485436111689;0.000051647628425;1. Against immigration, migrants, foreigners, refugees, or Muslims.
23;6ec697df004dc94a;14329ccd3f623107;b7a0d74012750e36;2024-10-03T20:52:23.000Z;Nog meer gastarbeiders.;2.0;14.0;16;367;gastarbeiders;2024-10-09 11_22_54.140846;0.237369477748871;0.000192167208297;0.000004607744813;0.000066604261519;0.000043067200750;0.025498101487756;0.000066754968429;1. Against immigration, migrants, foreigners, refugees, or Muslims.
24;327f2db6bf3baf85;409da36e6425b14b;d2d10dc64d724a69;2024-10-02T15:17:50.000Z;Laatst zei iemand toch dat het de gastarbeiders waren die Nederland hebben opgebouwd? Nou, wellicht waren het lesbische Afrikaanse vrouwen die Nederland hebben bevrijd. Wist jij dat?;3.0;;6;234;gastarbeiders;2024-10-09 11_22_54.140846;0.058801222592592;0.000100905584986;0.000010336741980;0.004760853946209;0.000338468060363;0.048350516706705;0.000657081371173;1. Against immigration, migrants, foreigners, refugees, or Muslims.
25;778dbdb7a4e213dd;53d270584589c258;5e894b9736aa44ed;2024-10-02T03:37:25.000Z;Het laatste linkse kabinet was ruim 50 jaar geleden. Wist je trouwens dat links tegen het binnenhalen van gastarbeiders uit o.a. Turkije en Marokko was?  Dat het laatste linkse kabinet dit ook onmiddellijk stopte?;3.0;;14;316;gastarbeiders;2024-10-09 11_22_54.140846;0.030708286911249;0.000016976384359;0.000215338950511;0.000034119402699;0.000037812438677;0.010512248612940;0.000079703175288;5. Is neutral.
26;3a5b051d690cf7b5;5991ce426259a177;5374dd3bfe6e5fd7;2024-10-03T07:40:18.000Z;"De scheefgroei in de maatschappij hebben we vooral te danken aan de PvdA.
Het begon allemaal onder Joop den Uyl met het binnenhalen van gastarbeiders daarna met gezinshereniging. 
DENK is ook voortgekomen dankzij de PvdA.";1.0;1.0;7;95;gastarbeiders;2024-10-09 11_22_54.140846;0.139172807335853;0.000024166134608;0.000022908689061;0.000029659728170;0.000046447723435;0.003264824394137;0.000195638131117;1. Against immigration, migrants, foreigners, refugees, or Muslims.
27;b725990e7a5efcdb;ac6daa267840c064;31f0bd1d18e1f0f5;2024-10-06T10:17:09.000Z;"Hamas ontvoert en verkracht vrouwen, doodde kinderen, onthoofdden Thaise gastarbeiders, stak mensen in brand. En burgers juichten dat toe.

Geef gewoon toe dat je dat fijne beelden vind. En dat je Israel weggevaagd wil hebben.";3.0;;2;91;gastarbeiders;2024-10-09 11_22_54.140846;0.610492587089539;0.008854884654283;0.000021629346520;0.196791380643845;0.143031135201454;0.909420251846314;0.279247879981995;6. Other: Criticizes support for Hamas actions.
28;c0388348c551b85a;a87041c7ba589a3f;c12f74d741a62522;2024-10-05T18:53:05.000Z;Er zijn best veel dingen die ik vroeger geloofde omdat de omgeving, middelbare school jaren 70, dat geloofde. Ik herinner me een discussie over een voorstel de kinderbijslag voor kinderen van ‘gastarbeiders’ die in het thuisland woonden terug te brengen naar de kosten die men;1.0;1.0;13;521;gastarbeiders;2024-10-09 11_22_54.140846;0.008706201799214;0.000065877582529;0.000028687138183;0.000405564147513;0.000369903835235;0.016161482781172;0.000682293088175;6. Other: Reflects on past beliefs.
29;e68f78864108e09a;c3bc92e38d923fc4;597acb1767544810;2024-10-02T17:33:31.000Z;Toen de gastarbeiders kwamen was NL allang weer opgebouwd. Niks ten nadele van DIE mensen, maar de 4e generatie die gilt dat hun voorouders NL hebben opgebouwd: NEE..........;1.0;;2;25;gastarbeiders;2024-10-09 11_22_54.140846;0.112549699842930;0.000070228212280;0.000006272255632;0.000028391976230;0.000032343301427;0.006981707178056;0.000025515922971;1. Against immigration, migrants, foreigners, refugees, or Muslims.
30;b86c73dfc6ef3648;cc0d74e5d5dfa200;26e5349912c9603b;2024-09-30T06:51:46.000Z;CDA is inderdaad een naar clubje. Stonden aan het begin van veel ellende zoals de verkwanseling van aardgasbaten en de golven gastarbeiders.;;;3;39;gastarbeiders;2024-10-09 11_22_54.140846;0.195808961987495;0.000074728704931;0.000080201571109;0.000415108748712;0.000109692737169;0.008098462596536;0.001144194277003;1. Against immigration, migrants, foreigners, refugees, or Muslims.
31;4430075c2253ff98;c74fb9253da048bf;9a4e1a04fc14f6fe;2024-10-06T18:06:15.000Z;Ken je geschiedenis, Geert! Het was links (PvdA -Den Uyl) die TEGEN de toelating van gastarbeiders was en het was RECHTS (CDA/VVD) die ze juist wilde hebben! Jouw frame deugt niet.;;;2;20;gastarbeiders;2024-10-09 11_22_54.140846;0.105597861111164;0.000008669091585;0.000006029325505;0.000072264680057;0.000118900847156;0.018003741279244;0.000101543431810;3. Against those that oppose immigration or are negative towards migrants, foreigners, refugees, or Muslims.
32;524b1d856eb7ad0e;cb17f5ac2c3b6669;dc98378f2f59ab9a;2024-10-08T07:27:06.000Z;Herdenking? Waarom zijn de niet Joodse slachtoffers, gastarbeiders, van 7 oktober dan niet herdacht?;;;6;228;gastarbeiders;2024-10-09 11_22_54.140846;0.103254377841949;0.000741611584090;0.000006570370260;0.000016547637642;0.000016766116460;0.143373757600784;0.000970493187196;5. Is neutral.
33;b7f856e7588cfd43;7e55ade1ea5698fc;e5813a2b6a2ca5ac;2024-10-04T17:37:10.000Z;"Ja, prima verhaal. Over de jaren 60-70 volgende. 
In 1970 deed ik vakantiewerk bij Unox in Oss (ik was 15). Bij Unox (Unilever) werkten 500 Tukse gastarbeiders, 400 Spanjaarden en een paar honderd Belgische gastarbeiders. Door het bedrijf hier naar toe gehaald en inderdaad, dat";1.0;;2;65;gastarbeiders;2024-10-09 11_22_54.140846;0.031367931514978;0.000203629781026;0.000196353706997;0.001363761723041;0.006634796038270;0.005920092575252;0.001378056127578;5. Is neutral.
34;12d4934587d3858d;9b27118be8275181;3c202c121c78e39f;2024-10-04T13:36:56.000Z;Dat is al zo sinds de binnenkomst van gastarbeiders omstreeks 1970. Goedkope arbeid hield verkeerde bedrijfstakken in ons land, de goeie vertrokken of zijn recent weggejaagd met belastingmaatregelen en haat tegen ondernemers.;;;2;45;gastarbeiders;2024-10-09 11_22_54.140846;0.061957191675901;0.000117806928756;0.000090865280072;0.000010756259144;0.000010311870938;0.024585198611021;0.001585742458701;1. Against immigration, migrants, foreigners, refugees, or Muslims.
35;eceda5e451d90f2e;64d069b708baec8e;00e4715f8cd2b9f2;2024-10-07T15:18:44.000Z;"Verdiep je eerst eens in de geschiedenis.

Het overgrote deel van de grond werd door de Joden (Yishuv) gekocht; betaalbewijzen nog aanwezig. 

Wie er woonden waren Druzen en Bedouienen, en die wonen er nog; gelijkberechtigd. De Arab. waren grotendeels gastarbeiders uit de 
1/X";3.0;1.0;7;111;gastarbeiders;2024-10-09 11_22_54.140846;0.047608744353056;0.000048968660849;0.000015184059521;0.000226212534471;0.000066573782533;0.002892361721024;0.000914401025511;6. Other: historical context about land ownership
36;748ad08b5bce99c3;7609de419b35539d;c85aab6690fb353f;2024-10-04T18:39:35.000Z;Tijdens interviews op straat door de Duitse publieke omroep hoor je zelfs steeds vaker dat bijv. ook Turkse gastarbeiders genoeg hebben van de illegale massa-immigratie. Maar dat horen ze toch liever niet. De wereld op z'n kop.;1.0;5.0;33;1,1K;gastarbeiders;2024-10-09 11_22_54.140846;0.118549950420856;0.000048056106607;0.000912471150514;0.000158290044055;0.000292673299555;0.027109831571579;0.000755076354835;1. Against immigration, migrants, foreigners, refugees, or Muslims.
37;20c4caefbab94d26;1e9a003afea3fb29;04322359a9c6f1df;2024-09-10T09:34:29.000Z;Nederland is een land dat bestaat dankzij grote groepen die van buiten gekomen zijn, vaak als vluchteling, zoals Joden uit Spanje, Hugenoten, soldaten uit Zwitserland, Duitse handelaren en arbeiders, chinezen, Indische mensen, Surinamers, gastarbeiders, vluchtelingen, enz.;1.0;3.0;11;265;gastarbeiders;2024-10-09 11_22_54.140846;0.002915124874562;0.000013162132745;0.000017330965420;0.000050500279031;0.000007848274436;0.000907414359972;0.000175383145688;2. In support of immigration, migrants, foreigners, refugees, or Muslims.
38;851d3d83cf9376f9;ae3a1762d22dd110;b48bc7ccb31924db;2024-09-05T22:52:23.000Z;"Onze ‘gastarbeiders’ pasten niet in het wereldbeeld van vele suburbane Vlamingen, in de crisis opgejut door een autoritaire en racistische antivreemdelingenpartij.
http://sampol.be/2024/09/communautarisme-versus-democratie… via @Sampol_magazine";12.0;3.0;6;850;gastarbeiders;2024-10-09 11_22_54.140846;0.008886477909982;0.000013553426470;0.000001617129897;0.000084536586655;0.000002827600838;0.002341359620914;0.000105406943476;3. Against those that oppose immigration or are negative towards migrants, foreigners, refugees, or Muslims.
39;d64dbd4a01ed16a4;bde1f5efac7d8c73;9bccea6ce9288bd4;2024-08-31T18:45:21.000Z;Zo kun je ook tegen gastarbeiders aankijken.;;;;123;gastarbeiders;2024-10-09 11_22_54.140846;0.162485301494598;0.000016162159227;0.000000540596261;0.000001315865461;0.000000242726827;0.010180281475186;0.000019111739675;1. Against immigration, migrants, foreigners, refugees, or Muslims.
40;411746cae8ea156b;49ec9289b87de408;d816a91f4356ac0a;2024-09-04T11:31:02.000Z;Op 25 september kan je naar Pakhuis de Zwijger in Amsterdam, waar het boek “Van dankbaar naar strijdbaar” van Bilal Ben Abdelkarim  centraal staat. Het vertelt het verhaal van Marokkaanse Nederlanders die zich niet alleen hebben ontwikkeld van gastarbeiders naar trotse burgers,;;2.0;12;1,3K;gastarbeiders;2024-10-09 11_22_54.140846;0.001799822319299;0.000004686295142;0.000080424440966;0.000025935974918;0.000003163067049;0.003405359108001;0.000028518703402;5. Is neutral.
41;5970588f0bfac3e1;b74c936a856cecc8;9d4bb69970a2387e;2024-10-08T19:16:37.000Z;Weer eentje die het begin niet heeft meegemaakt en met de hardnekkige fabel op de proppen komt. Heel wat Nederlanders die nog graag hadden willen werken zijn toen vervangen door goedkope gastarbeiders. Ze gewoon de steun ingeschopt. Ook indertijd bij ons.;1.0;;1;26;gastarbeiders;2024-10-09 11_22_54.140846;0.083508700132370;0.000056700228015;0.000032076466596;0.000041448209231;0.000046594082960;0.028072502464056;0.000477210414829;1. Against immigration, migrants, foreigners, refugees, or Muslims.
42;5bf47a34dc45f082;802c3b4801afc8c8;2068287c1efb63f7;2024-09-24T17:06:38.000Z;De VVD ... sloot wervingsverdragen af met Turkije en Marokko... En wie was er kritisch? Juist, ja. De PvdA... Daarom eiste de PvdA dat gastarbeiders maar twee jaar mochten blijven. En wat deed de VVD? Die eiste dat Turken en Marokkanen... hun gezin mee mochten nemen...;3.0;1.0;9;1,7K;gastarbeiders;2024-10-09 11_22_54.140846;0.057232487946749;0.000074472096458;0.000173580876435;0.000056071330619;0.000433105364209;0.052814319729805;0.004301172215492;1. Against immigration, migrants, foreigners, refugees, or Muslims.
43;71f1fa24ae34ef22;f1c182e54245d2b7;a002abd51fb44e09;2024-09-16T04:34:44.000Z;Dat mensen kansen moeten krijgen om te integreren. Nederland kan niet weer de fouten maken die ze met de gastarbeiders in de jaren 60 maakten.;2.0;;;131;gastarbeiders;2024-10-09 11_22_54.140846;0.033839050680399;0.000016423986381;0.000001101230851;0.000022331973014;0.000020916128051;0.008877641521394;0.000082890728663;2. In support of immigration, migrants, foreigners, refugees, or Muslims.
44;29031b44b3fa77ad;997361bcc2b804ba;50fd38825c7242dc;2024-08-25T15:22:12.000Z;"'Dat juist een aanzienlijk deel van de tweede en derde generatie moslimimmigranten aanmerkelijk fanatieker is dan de goedlachse gastarbeiders van weleer.'
Moslims in de polder: a match made in heaven https://ewmagazine.nl/nederland/opinie/2024/04/moslims-in-de-polder-a-match-made-in-heaven-69398w/… via @ewmagazinenl";2.0;;;99;gastarbeiders;2024-10-09 11_22_54.140846;0.090293794870377;0.000067544242484;0.000000763261937;0.000136370494147;0.000214434592635;0.001490589347668;0.000020792187570;1. Against immigration, migrants, foreigners, refugees, or Muslims.
45;c8f547469d32688f;9a78afb4c45ae8db;69056dd75df3af36;2024-08-06T09:22:57.000Z;'Kinderachtige leugens': Hongarije ontkent EU-verwijten over Russische gastarbeiders;2.0;;3;45;gastarbeiders;2024-10-09 11_22_54.140846;0.024247515946627;0.000155582922161;0.000072607013863;0.000666217063554;0.003065125551075;0.002326587913558;0.000062156381318;5. Is neutral.
46;382159a69884148b;9c25e1e7400d1682;869da18ad076077a;2024-09-20T21:10:55.000Z;niet door rechts conservatieve regeringen. Die zagen alleen geen problemen (niemand niet) bij het door onze grote bedrijven (philips, akzo, aldel, textiel) ronselen van gastarbeiders.;;;;25;gastarbeiders;2024-10-09 11_22_54.140846;0.049617301672697;0.000066370244895;0.000137020804686;0.000327208806993;0.000148365768837;0.002678479067981;0.000963936734479;5. Is neutral.
47;28910507f52b0706;cad2da138473aea6;165c15b4d84c5c5a;2024-09-11T08:10:44.000Z;"Eating cats and dogs......ik herinner me dat jaaaaaren geleden dezelfde verhalen de ronde deden over Turkse en Marokkaanse gastarbeiders... 

Racisten zijn niet bepaald origineel.";;;;35;gastarbeiders;2024-10-09 11_22_54.140846;0.398987948894501;0.000009056371709;0.000069457099016;0.000119792042824;0.000007219508007;0.341678559780121;0.130309626460075;3. Against those that oppose immigration or are negative towards migrants, foreigners, refugees, or Muslims.
48;9bc6d60900c0f8d6;af0ea405278c597e;c32b90b43f824191;2024-08-27T22:18:29.000Z;Mag je niet zeggen Wierd, maar wat heb je gelijk. Ik was 8 jaar in 1955 heb het allemaal meegemaakt in Nederland. De Hongaarse vluchtelingen, de gastarbeiders, de Tsjechische vluchtelingen na de Praagse Lente en ga maar door. Onvergelijkbaar met wat er op dit moment gebeurt;;;9;494;gastarbeiders;2024-10-09 11_22_54.140846;0.011394234374166;0.000000880468292;0.000003589295829;0.000296916579828;0.000823718437459;0.006978490855545;0.001338818110526;1. Against immigration, migrants, foreigners, refugees, or Muslims.
49;fd184d61a2da287f;5ca4044b08cd0b22;ae8deca3bc9d2cf4;2024-09-30T14:12:19.000Z;De eerste moslimmigranten in Nederland waren geen #Turkse en #Marokkaanse gastarbeiders, maar #Indonesiërs en #Surinamers uit de koloniën, toont de eerste tentoonstelling van het @moslimarchief. Zie link hieronder voor het hele verhaal.  https://buff.ly/3Y3uPbd #islam #moslims;;;1;146;gastarbeiders;2024-10-09 11_22_54.140846;0.001282870885916;0.000006954990113;0.000000179558015;0.000070416244853;0.000038689613575;0.000098706426797;0.000019353936295;5. Is neutral.
50;f108355dfc0392cd;da928a3d4fede4d3;31b838d28858eaa4;2024-09-04T21:01:10.000Z;"#VaarwelVaderland
De gastarbeiders en mensen uit Indonesië vertellen over hun reden ,aankomst en leven in Nederland .Boeiend maar ook komt de vraag op ,waarom en wanneer begon het mis te gaan.";;;;118;gastarbeiders;2024-10-09 11_22_54.140846;0.006726731080562;0.000068439767347;0.000388514570659;0.000657023454551;0.000621847517323;0.001095874700695;0.000258036190644;5. Is neutral.
51;21ffeb6146bc1915;51764b97c1f56709;73b6d156e75a8c1f;2024-09-22T09:46:25.000Z;"Zitten we niet te wachten op weer een godsdienst? De eerste gastarbeiders kwamen, met hun religie, in de jaren 50/60. Die ""nieuwe"" godsdienst is dus al een jaartje of 70 in ons land.";2.0;;4;422;gastarbeiders;2024-10-09 11_22_54.140846;0.030566288158298;0.000006891999874;0.000007562406154;0.000028646267310;0.000095651776064;0.003042474389076;0.000295981939416;1. Against immigration, migrants, foreigners, refugees, or Muslims.
52;210898f6651d8834;23281e501744c763;98160ba83dfe1ecf;2024-08-30T23:24:37.000Z;"Precies.   De eerste gastarbeiders kwamen begin 60.
Die werkten vrijwel allemaal.";1.0;1.0;3;237;gastarbeiders;2024-10-09 11_22_54.140846;0.012190600857139;0.000033639080357;0.000580284686293;0.000862706452608;0.000278234074358;0.002660875907168;0.000242456502747;5. Is neutral.
53;085b5d7cb1c4b235;2b4923ac43fd2652;94dc68c32f17ecd1;2024-08-09T12:54:44.000Z;Het probleem met deze puber is, dat hij niet beter weet. Hij heeft geen notie van de tijd voor de massale toestroom van gastarbeiders, gezinshereniging, massale toestroom van zgn ‘vluchtelingen’, wij senioren of boomers hebben dat wel! Dat is het verschil!;1.0;;3;89;gastarbeiders;2024-10-09 11_22_54.140846;0.025736145675182;0.000005804438388;0.000015101140889;0.000498228997458;0.001270363456570;0.010308174416423;0.000080820223957;1. Against immigration, migrants, foreigners, refugees, or Muslims.
54;f196b74d5249218f;b437c188e2d84d32;f29ced99b79e25dc;2024-09-05T17:32:48.000Z;Verreweg de meeste Italiaanse en Spaanse gastarbeiders keerden terug naar hun land!!!;2.0;1.0;9;158;gastarbeiders;2024-10-09 11_22_54.140846;0.127928897738457;0.000023825381504;0.001974884886295;0.000073441100540;0.000019546192561;0.001481926301494;0.000009943074474;5. Is neutral.
55;87486a5598d57ebe;5b2ab6f43d9bee59;ee5a48f57d345fcd;2024-08-19T12:34:26.000Z;Podcast De Dag: 60 jaar Turkse gastarbeiders in Nederland;24.0;2.0;11;21K;gastarbeiders;2024-10-09 11_22_54.140846;0.003381410380825;0.000079587880464;0.000025923711291;0.003158856881782;0.001336314366199;0.002413949929178;0.000304787565256;5. Is neutral.
56;f85b8d48e4a19b6a;26cbe60f81eba14c;42d2f5af02932864;2024-10-09T09:03:28.000Z;"Wat wil je hiermee zeggen???

Je hebt het over huidige moslims. Wie zijn dat?
De vluchtelingen/asielzoekers? Die huis en haard ontvlucht zijn, omdat ze hun leven niet zeker zijn?
Of Nederlanders met gastarbeiders als vader en/of moeder?

Of heb je gewoon iets tegen moslims?";1.0;;;4;gastarbeiders;2024-10-09 11_22_54.140846;0.183027103543281;0.000079850608017;0.000083225124399;0.000100549528725;0.000033561089367;0.030270086601376;0.000100531317003;3. Against those that oppose immigration or are negative towards migrants, foreigners, refugees, or Muslims.
1;0a2a69dc72ae9958;075f118a96e30609;e85d636dcfd44189;2024-09-20T10:21:13.000Z;"Joop den Uyl maakte in 1973 een eind aan de werving van gastarbeiders die door rechts  conservatieve regeringen hierheen waren gehaald.
Job Cohen was staatsecretaris en heeft een strenger vreemdelingenwet ingevoerd. 
Wilders verteld zoals gewoonlijk sprookjes.
#APB2024";159.0;413.0;1,2K;39K;gastarbeiders;2024-10-06 09_57_10.118611;0.041742533445358;0.000043802527216;0.000058228539274;0.000734727538656;0.000263272697339;0.004917001351714;0.000485407450469;5. Is neutral.
2;39ab2d5f5189f6d3;74eb76c43c076b0b;3d8b0c83c4fa6567;2024-10-04T18:15:33.000Z;60 jaar Turkse gastarbeiders in Nederland: een mijlpaal vol hard werk en doorzettingsvermogen. Als derde generatie en raadslid volg ik in de voetsporen van mijn vader, vastberaden om impact te maken op mijn gemeente en hun nalatenschap voort te zetten. #trotsedeventenaar;;;6;198;gastarbeiders;2024-10-06 09_57_10.118611;0.000338429206749;0.000009540777683;0.000004327272563;0.000492441875394;0.001432730234228;0.000202171286219;0.000016814281480;2. In support of immigration, migrants, foreigners, refugees, or Muslims.
3;981123f0b109a088;fce77c34d3fec987;49389f4662f2a410;2024-09-18T17:48:10.000Z;"Is er nou vanavond alweer een programma/serie over “gastarbeiders”..?

Waarom wordt belastinggeld gebruikt om een politieke mening populair te maken?

En mensen maar klagen over ON, want dit is zeker niet “sturend” bedoeld..(?).";;;;7;gastarbeiders;2024-10-06 09_57_10.118611;0.049534354358912;0.000435083551565;0.000067278364440;0.000033764616092;0.000014765304513;0.080672688782215;0.000340520549798;1. Against immigration, migrants, foreigners, refugees, or Muslims.
4;57b8c4150ecb6956;fe31c899b5794b09;9887c29f1ddfd2d1;2024-09-02T12:41:58.000Z;"19/08/1964 Den Haag, Nederland: KVP/ ARP/ CHU/ VVD-kabinet-Victor Marijnen/ Turks minister van Arbeid Bülent Ecevit tekenen wervingscontract voor Turkse ""gastarbeiders"" - ""Blonde Geert"" beweert al jaren dat 'links' dat deed, maar dat LIEGT-ie";;;;33;gastarbeiders;2024-10-06 09_57_10.118611;0.031000770628452;0.000053750423831;0.000344058498740;0.002261245390400;0.002005380345508;0.007708726450801;0.000526299700141;3. Against those that oppose immigration or are negative towards migrants, foreigners, refugees, or Muslims.
5;5a931e5bc7862beb;fe31c899b5794b09;9887c29f1ddfd2d1;2024-09-06T15:08:18.000Z;de Volkskrant 26 april 1980 En weer EIST het bedrijfsleven de komst van 'gastarbeiders'. VVD, CDA gehoorzamen als bereidwillige politieke knechten. PvdA en vakbeweging protesteren tevergeefs. Oh, natuurlijk schelden verdeel-en-heersknechtjes de geronselde buitenlanders voor rot.;;;;17;gastarbeiders;2024-10-06 09_57_10.118611;0.406736940145492;0.000252318772255;0.001315606408752;0.000153615706949;0.000050586841098;0.256838649511337;0.001223442959599;1. Against immigration, migrants, foreigners, refugees, or Muslims.
6;8b3121cb60e41c55;b74c936a856cecc8;9d4bb69970a2387e;2024-09-01T19:11:18.000Z;Klopt. De wederopbouw was al in 1955 praktisch voltooid door hardwerkende Nederlanders. Dus nog ver voor de eerste gastarbeiders als goedkope arbeidskrachten naar Nederland kwamen. Overigens eerst uit Zuid-Europa en later in de jaren '60 uit Turkije en Marokko.;2.0;6.0;10;248;gastarbeiders;2024-10-06 09_57_10.118611;0.005034811329097;0.000020815221433;0.000033675703889;0.000009122006304;0.000024046637918;0.001827058382332;0.000044400312618;5. Is neutral.
7;6272dbd3e82771e0;b74c936a856cecc8;9d4bb69970a2387e;2024-09-05T16:07:02.000Z;De wederopbouw was al in 1955 praktisch voltooid door hardwerkende Nederlanders. Dus nog ver voor de eerste gastarbeiders als goedkope arbeidskrachten naar Nederland kwamen. Overigens eerst uit Zuid-Europa en later in de jaren '60 uit Turkije en Marokko.;24.0;146.0;450;8,1K;gastarbeiders;2024-10-06 09_57_10.118611;0.005713527556509;0.000019490556951;0.000049545244110;0.000007869845831;0.000018569588065;0.001410196651705;0.000071283677244;5. Is neutral.
8;c696dd0a7595b3ca;b74c936a856cecc8;9d4bb69970a2387e;2024-09-02T07:59:03.000Z;Heel wat Nederlanders zijn toen vervangen door de goedkope gastarbeiders.;2.0;1.0;5;44;gastarbeiders;2024-10-06 09_57_10.118611;0.454468846321106;0.000887065834831;0.000008730836271;0.000125644684886;0.000106187595520;0.032813135534525;0.001106767915189;1. Against immigration, migrants, foreigners, refugees, or Muslims.
9;7084ad603e432389;b74c936a856cecc8;9d4bb69970a2387e;2024-09-05T17:02:07.000Z;De lonen werden begin jaren '60 te hoog en de werkgevers hebben toen sterk aangedrongen op goedkope gastarbeiders. Heel wat Nederlanders zijn toen werkloos geraakt. Daar heb ik nog eens een stukje over geschreven.;2.0;5.0;22;189;gastarbeiders;2024-10-06 09_57_10.118611;0.011155469343066;0.000003709980092;0.000325081404299;0.000051458016969;0.000059382931795;0.001960692694411;0.000182760355528;1. Against immigration, migrants, foreigners, refugees, or Muslims.
10;4a0a0f1dc292a548;b14ff67048a3b878;0a4b5aeba6d0354a;2024-09-22T18:00:01.000Z;"Vanavond in De Sociëteit om 22:52 uur op NPO2.

Het is 60 jaar geleden dat de eerste Turkse gastarbeiders in Nederland aankwamen. Wat bracht het hen en wat bracht het Nederland? We gaan het er uitgebreid over hebben.";1.0;1.0;2;243;gastarbeiders;2024-10-06 09_57_10.118611;0.001097547356039;0.000003403528581;0.000001468768801;0.000024997751098;0.000182341216714;0.002001691376790;0.000245636561885;5. Is neutral.
11;0a7e8fdf5e7f5efc;05cd66aec3eb89f6;33b9046513227fbe;2024-09-05T04:56:29.000Z;Arbeidsmigratie door SELECTIE aan de poort, zoals vroeger gastarbeiders werden geselecteerd voor specifiek werk  #vandaaginside;;4.0;4;1,9K;gastarbeiders;2024-10-06 09_57_10.118611;0.004064431879669;0.000184353222721;0.000010988548638;0.000185774770216;0.000074038456660;0.010995184071362;0.000451457104646;5. Is neutral.
12;048a895d1cbb4700;10e7d9c072116897;ca22881e6293cd21;2024-09-11T10:35:00.000Z;"Zo'n 60 jaar geleden kwamen de eerste Turkse gastarbeiders naar Nederland. Maar hoe zit het met de vrouwen die hun man achterna reisden? Fotograaf en journalist Çiğdem Yüksel brengt deze verhalen tot leven in haar tentoonstelling en boek ""Je moest eens weten"".";;1.0;4;1,2K;gastarbeiders;2024-10-06 09_57_10.118611;0.001030900864862;0.000019237784727;0.000000741413203;0.000065591615567;0.000055900858570;0.001425236230716;0.000122288925922;5. Is neutral.
13;f7b893d301c7d80c;9fe6cbb9e933ad0b;2ef37bd848a4d26c;2024-09-05T15:04:54.000Z;Jaren 60 vorige eeuw kwamen gastarbeiders naar NL om ons te helpen,Nu meer dan 60 jaar later zitten ze nog in onze huizen,passen zich niet aan,spreken amper Nederlands en hun kinderen en kleinkinderen vormen een gigantisch probleem in onze steden.;4.0;3.0;4;143;gastarbeiders;2024-10-06 09_57_10.118611;0.593506515026093;0.000026344170692;0.000000025004178;0.000030600735045;0.000033425945730;0.007808722555637;0.000010033767467;1. Against immigration, migrants, foreigners, refugees, or Muslims.
14;c1b1642df7e3e153;54107398ec94b895;d08bd88c6c6c4f0c;2024-08-23T13:00:11.000Z;"Hallo @RPlasterk, een onverwachte inkijk. Nu mijn vragen:
Ja, rechts heeft in de beginne #gastarbeiders binnengehaald, maar wie heeft toegestaan of gepromoot om de werkers hun gezinnen te laten overkomen? 
Waarom is niet gekozen voor max 5 jaar en terug, en kan je broertje komen?";;;;15;gastarbeiders;2024-10-06 09_57_10.118611;0.006472241133451;0.000719659496099;0.000035774508433;0.000231158861425;0.000692954636179;0.010353103280067;0.000581772474106;1. Against immigration, migrants, foreigners, refugees, or Muslims.
15;fe35887bad7f8f24;03073f718ed81d74;da85485925c0c26c;2024-09-30T14:12:07.000Z;De eerste moslimmigranten in Nederland waren geen #Turkse en #Marokkaanse gastarbeiders, maar #Indonesiërs en #Surinamers uit de koloniën, toont de eerste tentoonstelling van het @moslimarchief. Zie link hieronder voor het hele verhaal.  https://buff.ly/3Y3uPbd #islam #moslims;1.0;6.0;5;669;gastarbeiders;2024-10-06 09_57_10.118611;0.001282870885916;0.000006954990113;0.000000179558015;0.000070416244853;0.000038689613575;0.000098706426797;0.000019353936295;5. Is neutral.
16;a3c53fba81242a4a;4e0493d6c0d62f06;ac7e99a9635e0de9;2024-08-30T13:35:36.000Z;"Erm? ""Vanaf 1949 begon de Nederlandse overheid actief emigratie te plannen en te bevorderen. In het hoogtepuntjaar van 1952 emigreerden maar liefst 48.690 Nederlanders naar landen als Canada, Australië, Nieuw-Zeeland en de VS""

En dan is er nog iets met nood aan gastarbeiders.";1.0;;3;186;gastarbeiders;2024-10-06 09_57_10.118611;0.001721452339552;0.000055221928051;0.000191594735952;0.000025060622647;0.000055702268583;0.001014581182972;0.000242060836172;5. Is neutral.
17;9059bf4c9b2ec438;bfa2700b7775420c;a5b3883b42d627ac;2024-10-01T17:01:19.000Z;Het wrange is dat de VVD/werkgevers voor de eerste golf van Marokkaanse en Turkse gastarbeiders heeft gezorgd, de PvdA was daar tegen.;;;2;133;gastarbeiders;2024-10-06 09_57_10.118611;0.063295356929302;0.000019535811589;0.000068664252467;0.000045811804739;0.000088888140453;0.008044705726206;0.000172026295331;5. Is neutral.
18;1c37d1deda7849cd;5de4b0694632ebd0;2350ab61a96bb83c;2024-09-26T17:07:38.000Z;Inderdaad, de corrupte Midden-Europese elite ondermijnt de Europese veiligheid door Russische gastarbeiders toe te laten in Hongarije, en daarmee ook in de gehele Schengen-zone. Dit geeft Rusland vrij spel om spionageactiviteiten te ontplooien in Europa, wat de hybride;2.0;10.0;19;2,1K;gastarbeiders;2024-10-06 09_57_10.118611;0.240669101476669;0.000135178386699;0.000125221398775;0.003720322623849;0.000231256039115;0.037941008806229;0.000414347712649;1. Against immigration, migrants, foreigners, refugees, or Muslims.
19;c9831e4fda1d6ab3;b74c936a856cecc8;9d4bb69970a2387e;2024-09-16T16:30:59.000Z;De wederopbouw was al in 1955 praktisch voltooid door hardwerkende Nederlanders. Dus nog ver voor de eerste gastarbeiders als goedkope arbeidskrachten naar Nederland kwamen. Overigens eerst uit Zuid-Europa en later in de jaren '60 uit Turkije en Marokko.;1.0;1.0;3;90;gastarbeiders;2024-10-06 09_57_10.118611;0.005713527556509;0.000019490556951;0.000049545244110;0.000007869845831;0.000018569588065;0.001410196651705;0.000071283677244;5. Is neutral.
20;7e35a8a6ffb6bb49;9423e9de4698b5e8;f922e83e14545af6;2024-10-03T17:02:39.000Z;"kleine reminder een 50 jaar geleden was de campagne van het vlaams blok: 400.000 werklozen waarom nog gastarbeiders?

Het is dus nooit goed.";;;2;299;gastarbeiders;2024-10-06 09_57_10.118611;0.093890316784382;0.000104323997220;0.000016817166397;0.000050426984672;0.000047609177273;0.006485436111689;0.000051647628425;1. Against immigration, migrants, foreigners, refugees, or Muslims.
21;d9606b73ac3761c6;52151f8b8161913f;d4f0b7e14398e766;2024-10-05T18:38:48.000Z;De VAE is als overwegend islamitisch land met een percentage immigranten en gastarbeiders van 88%, stevige christelijke en hindu-minderheden, natuurlijk sowieso een mooie bestemming voor diegenen die het hier zat zijn. Leerzaam ook.;1.0;2.0;3;406;gastarbeiders;2024-10-06 09_57_10.118611;0.003511154791340;0.000012565475117;0.000238108390476;0.000423436693382;0.000149697734741;0.000873991579283;0.000202983865165;5. Is neutral.
22;388559f24b8f2ca4;e6c3e25d1ee05bda;c314f3e75728631b;2024-09-28T19:06:01.000Z;"Rijk Rechts, was en is bezig met massale immigratie. Eerst Marokkaanse en Turkse gastarbeiders gevolgd door massale arbeidsimport uit Oost-Europa. Verder wordt ondermeer A’dam massaal verhuurd aan expats
en  BUITENLANDSE kopers , dankzij internationale reclame door minister Blok>";1.0;1.0;2;72;gastarbeiders;2024-10-06 09_57_10.118611;0.100053265690804;0.000063943247369;0.000042740990466;0.000157229384058;0.000112634101242;0.005065404810011;0.001056890818290;1. Against immigration, migrants, foreigners, refugees, or Muslims.
23;6ec697df004dc94a;14329ccd3f623107;b7a0d74012750e36;2024-10-03T20:52:23.000Z;Nog meer gastarbeiders.;2.0;12.0;14;325;gastarbeiders;2024-10-06 09_57_10.118611;0.237369477748871;0.000192167208297;0.000004607744813;0.000066604261519;0.000043067200750;0.025498101487756;0.000066754968429;1. Against immigration, migrants, foreigners, refugees, or Muslims.
24;5e56819582de263d;ac594214fd8448c8;fbbfb806752ec7d2;2024-09-30T07:07:30.000Z;Ik zag een reportage over een tentoonstelling van de 1e generatie gastarbeiders. Bijzonder was dat de geïnterviewde Nederturkse moeder/oma tot op heden gebrekkig Nederlands spreekt.;1.0;;2;112;gastarbeiders;2024-10-06 09_57_10.118611;0.020143494009972;0.000001636243610;0.000169396051206;0.000712503038812;0.000674804090522;0.001906299730763;0.000285003101453;5. Is neutral.
25;7b0231efc8d87377;50e98a278d9f498c;ddbb547b7042316e;2024-09-27T21:28:44.000Z;"Goede oude Nederlandse mentaliteit: we hebben je nodig en wanneer niet meer kan je wel stikken. Deden ze met kolonies, gastarbeiders en immigranten. Wie verbaast zich nog over dit kabinet?
#Afghanen";4.0;9.0;31;490;gastarbeiders;2024-10-06 09_57_10.118611;0.869331300258636;0.756503164768219;0.002579338150099;0.000083625447587;0.000018194874428;0.869246363639832;0.010495189577341;1. Against immigration, migrants, foreigners, refugees, or Muslims.
26;6d2a07b64da2da5f;e43a432804eb97e5;d449a3fb17e2e49c;2024-09-28T14:56:50.000Z;"Mijn ouders waren gastarbeiders.
Mijn vader heeft in de kool mijnen gewerkt. 
Ikzelf heb het Nederlands moeten leren en ben daar heel dankbaar voor dat ik de kans heb gekregen. 
Ik heb het geluk gehad om te kunnen bijdragen aan de maatschappij en de maatschappij is goed voor mij";;;4;34;gastarbeiders;2024-10-06 09_57_10.118611;0.001773084397428;0.000001415060183;0.000084976993094;0.000132341738208;0.000092944697826;0.002136176452041;0.000623739906587;2. In support of immigration, migrants, foreigners, refugees, or Muslims.
27;f020be1960c2f966;77fd91771febafff;9dedcae3ea4a2e6a;2024-09-27T06:16:10.000Z;Mensen en dus ook kinderen kunnen walgelijk zijn. We krijgen via de oveheid en de media te horen dat elk kind veilig moet zijn op school. Iets van 50 jr geleden trof mijn moeder een mes bij mijn jongste broertje aan. Alle jongens van gastarbeiders hebben een mes zei hij, ik moet;1.0;;7;508;gastarbeiders;2024-10-06 09_57_10.118611;0.202125370502472;0.000712905777618;0.001355989021249;0.000150057021528;0.000192788065760;0.628342926502228;0.066680260002613;1. Against immigration, migrants, foreigners, refugees, or Muslims.
28;327f2db6bf3baf85;409da36e6425b14b;d2d10dc64d724a69;2024-10-02T15:17:50.000Z;Laatst zei iemand toch dat het de gastarbeiders waren die Nederland hebben opgebouwd? Nou, wellicht waren het lesbische Afrikaanse vrouwen die Nederland hebben bevrijd. Wist jij dat?;3.0;;6;230;gastarbeiders;2024-10-06 09_57_10.118611;0.058801222592592;0.000100905584986;0.000010336741980;0.004760853946209;0.000338468060363;0.048350516706705;0.000657081371173;1. Against immigration, migrants, foreigners, refugees, or Muslims.
29;b86c73dfc6ef3648;cc0d74e5d5dfa200;26e5349912c9603b;2024-09-30T06:51:46.000Z;CDA is inderdaad een naar clubje. Stonden aan het begin van veel ellende zoals de verkwanseling van aardgasbaten en de golven gastarbeiders.;;;3;36;gastarbeiders;2024-10-06 09_57_10.118611;0.195808961987495;0.000074728704931;0.000080201571109;0.000415108748712;0.000109692737169;0.008098462596536;0.001144194277003;1. Against immigration, migrants, foreigners, refugees, or Muslims.
30;3a5b051d690cf7b5;5991ce426259a177;5374dd3bfe6e5fd7;2024-10-03T07:40:18.000Z;"De scheefgroei in de maatschappij hebben we vooral te danken aan de PvdA.
Het begon allemaal onder Joop den Uyl met het binnenhalen van gastarbeiders daarna met gezinshereniging. 
DENK is ook voortgekomen dankzij de PvdA.";1.0;1.0;7;92;gastarbeiders;2024-10-06 09_57_10.118611;0.139172807335853;0.000024166134608;0.000022908689061;0.000029659728170;0.000046447723435;0.003264824394137;0.000195638131117;1. Against immigration, migrants, foreigners, refugees, or Muslims.
31;b1fe46d3343fbf24;481cf487bc5a5e60;69ae89ffac055d21;2024-09-28T07:59:33.000Z;Banen in slachthuizen. Vooral gastarbeiders. In de bouw kunnen ze het dubbele verdienen.;;;3;63;gastarbeiders;2024-10-06 09_57_10.118611;0.061233203858137;0.000651609094348;0.001613353961147;0.000408643973060;0.000092367292382;0.174953177571297;0.022037392482162;5. Is neutral.
32;778dbdb7a4e213dd;53d270584589c258;5e894b9736aa44ed;2024-10-02T03:37:25.000Z;Het laatste linkse kabinet was ruim 50 jaar geleden. Wist je trouwens dat links tegen het binnenhalen van gastarbeiders uit o.a. Turkije en Marokko was?  Dat het laatste linkse kabinet dit ook onmiddellijk stopte?;3.0;;14;312;gastarbeiders;2024-10-06 09_57_10.118611;0.030708286911249;0.000016976384359;0.000215338950511;0.000034119402699;0.000037812438677;0.010512248612940;0.000079703175288;5. Is neutral.
33;7abd7fd0a29ec95b;5d92b7f26290a31b;c891d71f6a3fca97;2024-09-27T18:50:41.000Z;Het is alsof je de geallieerden de maat gaat nemen om dat die meer luchtaanvallen gepleegd hebben op Duitsland dan andersom. Iran (incl Hamas, Houthi's, Hezbollah) wil alle Israëlieten dood, ook de arabieren en de gastarbeiders. Israël vecht voor haar bestaan en doen dat goed;;;2;153;gastarbeiders;2024-10-06 09_57_10.118611;0.279431700706482;0.065804123878479;0.000953103415668;0.001607819460332;0.000045054650400;0.873110830783844;0.007720812223852;5. Is neutral.
34;ca595020257713f2;855717c44a2d9a1a;b96c950d445a4eb5;2024-09-27T07:55:25.000Z;Je liegt ook, die gastarbeiders kwamen op het geld af, mijnwerkers waren goed betaald in die tijd in verhouding tot andere arbeiders.  Ze kwamen ook uit regio's in Marokko waar er weinig te verdienen viel.;;;5;137;gastarbeiders;2024-10-06 09_57_10.118611;0.012228545732796;0.000005716902251;0.000115977498353;0.000060303180362;0.000040584513044;0.001394371152855;0.000917628989555;1. Against immigration, migrants, foreigners, refugees, or Muslims.
35;96ad70cbaea46f0d;62ca5c3ba92a473f;7b1f5f70d8fe4899;2024-09-29T20:51:11.000Z;Hoezo mijn vieze werk? Dat doe ikzelf. Dat doet geen enkele allochtoon voor mij. Daarnaast associeer jijzelf deze criminelen met gastarbeiders.;1.0;;2;36;gastarbeiders;2024-10-06 09_57_10.118611;0.667727351188660;0.000110345805297;0.000007505524081;0.000014834223293;0.000000544461670;0.023179307579994;0.000018862607249;1. Against immigration, migrants, foreigners, refugees, or Muslims.
36;f43ae2d2188da944;e18ac37a224ffc42;599ca3fbe02e8bd4;2024-09-27T08:08:06.000Z;Hou op deze onzinnige leugen te verspreiden dat gastarbeiders weinig verdienden. De koolputters waren de best betaalde werkers en gastarbeiders kregen hetzelfde loon. Het waren nooit meer dan 15% gastarbeiders trouwens, de rest waren Limburgse zonen en vaders.;;;7;126;gastarbeiders;2024-10-06 09_57_10.118611;0.359955221414566;0.000110212880827;0.000032900399674;0.000085783191025;0.000365037674783;0.028169302269816;0.000063718573074;5. Is neutral.
37;d531df14f03a06d3;65256347c323244f;7f31f4ac37bf41f0;2024-09-28T09:24:01.000Z;Jij bent een kind van gastarbeiders. Dus niet de Servische agressie op de Balkan meegemaakt. Je hebt dus wel meegemaakt dat mensen van de Balkan hierheen vluchtten. Ik heb het zelf meegemaakt. Er waren GEEN alleenstaande mannen die vluchtten. Waarom doen de Arabieren dit wel?;1.0;2.0;25;570;gastarbeiders;2024-10-06 09_57_10.118611;0.235739901661873;0.000001045876957;0.000196078297449;0.000636290060356;0.001012227265164;0.062135260552168;0.000752530584577;1. Against immigration, migrants, foreigners, refugees, or Muslims.
38;748ad08b5bce99c3;7609de419b35539d;c85aab6690fb353f;2024-10-04T18:39:35.000Z;Tijdens interviews op straat door de Duitse publieke omroep hoor je zelfs steeds vaker dat bijv. ook Turkse gastarbeiders genoeg hebben van de illegale massa-immigratie. Maar dat horen ze toch liever niet. De wereld op z'n kop.;1.0;4.0;26;1K;gastarbeiders;2024-10-06 09_57_10.118611;0.118549950420856;0.000048056106607;0.000912471150514;0.000158290044055;0.000292673299555;0.027109831571579;0.000755076354835;1. Against immigration, migrants, foreigners, refugees, or Muslims.
39;d1def237f4e3c923;e04c4e80256247d1;d143b46ea69311c2;2024-09-27T11:45:26.000Z;Uiteraard waren NIET alle gastarbeiders die toen naar hier kwamen 20 en kinderloos.  Vrouw en kinderen bleven vaak aanvankelijk in het thuisland en kwamen enkele jaren nadien. U hebt geen enkele grond om deze jongedame voor leugenaar uit te maken.;;;1;39;gastarbeiders;2024-10-06 09_57_10.118611;0.006093939766288;0.000040971124690;0.000011859209735;0.000764830445405;0.001562193967402;0.022856881842017;0.000008225906640;5. Is neutral.
40;b7f856e7588cfd43;7e55ade1ea5698fc;e5813a2b6a2ca5ac;2024-10-04T17:37:10.000Z;"Ja, prima verhaal. Over de jaren 60-70 volgende. 
In 1970 deed ik vakantiewerk bij Unox in Oss (ik was 15). Bij Unox (Unilever) werkten 500 Tukse gastarbeiders, 400 Spanjaarden en een paar honderd Belgische gastarbeiders. Door het bedrijf hier naar toe gehaald en inderdaad, dat";1.0;;2;49;gastarbeiders;2024-10-06 09_57_10.118611;0.031367931514978;0.000203629781026;0.000196353706997;0.001363761723041;0.006634796038270;0.005920092575252;0.001378056127578;5. Is neutral.
41;1644423ca0d042cb;18c8e698e67a7e81;b02c4b400d921556;2024-09-27T02:01:55.000Z;Ik bedoel dat de gastarbeiders indertijd graag wilde assimileren met hun gastland. Ik denk niet dat ze stonden te springen om hun cultuur of religie te importeren naar hier. Latere generaties hebben die drang meer en meer gekregen wat m.i. de verdeeldheid alleen maar voedt.;1.0;;14;1,2K;gastarbeiders;2024-10-06 09_57_10.118611;0.072240635752678;0.000010811166248;0.000623629603069;0.000028205682611;0.000186195218703;0.017209179699421;0.000544078939129;1. Against immigration, migrants, foreigners, refugees, or Muslims.
42;c0388348c551b85a;a87041c7ba589a3f;c12f74d741a62522;2024-10-05T18:53:05.000Z;Er zijn best veel dingen die ik vroeger geloofde omdat de omgeving, middelbare school jaren 70, dat geloofde. Ik herinner me een discussie over een voorstel de kinderbijslag voor kinderen van ‘gastarbeiders’ die in het thuisland woonden terug te brengen naar de kosten die men;;;8;192;gastarbeiders;2024-10-06 09_57_10.118611;0.008706201799214;0.000065877582529;0.000028687138183;0.000405564147513;0.000369903835235;0.016161482781172;0.000682293088175;6. Other: Reflects on past beliefs.
43;12d4934587d3858d;9b27118be8275181;3c202c121c78e39f;2024-10-04T13:36:56.000Z;Dat is al zo sinds de binnenkomst van gastarbeiders omstreeks 1970. Goedkope arbeid hield verkeerde bedrijfstakken in ons land, de goeie vertrokken of zijn recent weggejaagd met belastingmaatregelen en haat tegen ondernemers.;;;2;41;gastarbeiders;2024-10-06 09_57_10.118611;0.061957191675901;0.000117806928756;0.000090865280072;0.000010756259144;0.000010311870938;0.024585198611021;0.001585742458701;1. Against immigration, migrants, foreigners, refugees, or Muslims.
44;e68f78864108e09a;c3bc92e38d923fc4;597acb1767544810;2024-10-02T17:33:31.000Z;Toen de gastarbeiders kwamen was NL allang weer opgebouwd. Niks ten nadele van DIE mensen, maar de 4e generatie die gilt dat hun voorouders NL hebben opgebouwd: NEE..........;1.0;;2;22;gastarbeiders;2024-10-06 09_57_10.118611;0.112549699842930;0.000070228212280;0.000006272255632;0.000028391976230;0.000032343301427;0.006981707178056;0.000025515922971;1. Against immigration, migrants, foreigners, refugees, or Muslims.
45;76f8dc5e600243ce;a65c4bcfec9c8f74;a1214e9c0b894410;2024-09-27T20:21:03.000Z;Dat is niet waar. Natuurlijk wilden de gastarbeiders destijds hun cultuur meenemen. Integreren wil niet zeggen dat je je cultuur volledig verloochent. Ikzelf zou bepaalde culturele zaken meenemen vanuit België mocht ik verhuizen en het is belachelijk om te doen alsof dat fout is;1.0;;3;403;gastarbeiders;2024-10-06 09_57_10.118611;0.024399973452091;0.000001579170544;0.000053673487855;0.000020737612431;0.000011491901205;0.011720953509212;0.000212901140912;2. In support of immigration, migrants, foreigners, refugees, or Muslims.
1;39ab2d5f5189f6d3;74eb76c43c076b0b;3d8b0c83c4fa6567;2024-10-04T18:15:33.000Z;60 jaar Turkse gastarbeiders in Nederland: een mijlpaal vol hard werk en doorzettingsvermogen. Als derde generatie en raadslid volg ik in de voetsporen van mijn vader, vastberaden om impact te maken op mijn gemeente en hun nalatenschap voort te zetten. #trotsedeventenaar;;;6;218;gastarbeiders;2024-10-10 11_34_57.023607;0.000338429206749;0.000009540777683;0.000004327272563;0.000492441875394;0.001432730234228;0.000202171286219;0.000016814281480;2. In support of immigration, migrants, foreigners, refugees, or Muslims.
2;7e35a8a6ffb6bb49;9423e9de4698b5e8;f922e83e14545af6;2024-10-03T17:02:39.000Z;"kleine reminder een 50 jaar geleden was de campagne van het vlaams blok: 400.000 werklozen waarom nog gastarbeiders?

Het is dus nooit goed.";;;2;312;gastarbeiders;2024-10-10 11_34_57.023607;0.093890316784382;0.000104323997220;0.000016817166397;0.000050426984672;0.000047609177273;0.006485436111689;0.000051647628425;1. Against immigration, migrants, foreigners, refugees, or Muslims.
3;5970588f0bfac3e1;b74c936a856cecc8;9d4bb69970a2387e;2024-10-08T19:16:37.000Z;Weer eentje die het begin niet heeft meegemaakt en met de hardnekkige fabel op de proppen komt. Heel wat Nederlanders die nog graag hadden willen werken zijn toen vervangen door goedkope gastarbeiders. Ze gewoon de steun ingeschopt. Ook indertijd bij ons.;1.0;1.0;4;45;gastarbeiders;2024-10-10 11_34_57.023607;0.083508700132370;0.000056700228015;0.000032076466596;0.000041448209231;0.000046594082960;0.028072502464056;0.000477210414829;1. Against immigration, migrants, foreigners, refugees, or Muslims.
4;9059bf4c9b2ec438;bfa2700b7775420c;a5b3883b42d627ac;2024-10-01T17:01:19.000Z;Het wrange is dat de VVD/werkgevers voor de eerste golf van Marokkaanse en Turkse gastarbeiders heeft gezorgd, de PvdA was daar tegen.;;;2;139;gastarbeiders;2024-10-10 11_34_57.023607;0.063295356929302;0.000019535811589;0.000068664252467;0.000045811804739;0.000088888140453;0.008044705726206;0.000172026295331;5. Is neutral.
5;6ec697df004dc94a;14329ccd3f623107;b7a0d74012750e36;2024-10-03T20:52:23.000Z;Nog meer gastarbeiders.;2.0;14.0;16;369;gastarbeiders;2024-10-10 11_34_57.023607;0.237369477748871;0.000192167208297;0.000004607744813;0.000066604261519;0.000043067200750;0.025498101487756;0.000066754968429;1. Against immigration, migrants, foreigners, refugees, or Muslims.
6;d9606b73ac3761c6;52151f8b8161913f;d4f0b7e14398e766;2024-10-05T18:38:48.000Z;De VAE is als overwegend islamitisch land met een percentage immigranten en gastarbeiders van 88%, stevige christelijke en hindu-minderheden, natuurlijk sowieso een mooie bestemming voor diegenen die het hier zat zijn. Leerzaam ook.;2.0;3.0;5;1,2K;gastarbeiders;2024-10-10 11_34_57.023607;0.003511154791340;0.000012565475117;0.000238108390476;0.000423436693382;0.000149697734741;0.000873991579283;0.000202983865165;5. Is neutral.
7;778dbdb7a4e213dd;53d270584589c258;5e894b9736aa44ed;2024-10-02T03:37:25.000Z;Het laatste linkse kabinet was ruim 50 jaar geleden. Wist je trouwens dat links tegen het binnenhalen van gastarbeiders uit o.a. Turkije en Marokko was?  Dat het laatste linkse kabinet dit ook onmiddellijk stopte?;3.0;;14;318;gastarbeiders;2024-10-10 11_34_57.023607;0.030708286911249;0.000016976384359;0.000215338950511;0.000034119402699;0.000037812438677;0.010512248612940;0.000079703175288;5. Is neutral.
8;327f2db6bf3baf85;409da36e6425b14b;d2d10dc64d724a69;2024-10-02T15:17:50.000Z;Laatst zei iemand toch dat het de gastarbeiders waren die Nederland hebben opgebouwd? Nou, wellicht waren het lesbische Afrikaanse vrouwen die Nederland hebben bevrijd. Wist jij dat?;3.0;;6;235;gastarbeiders;2024-10-10 11_34_57.023607;0.058801222592592;0.000100905584986;0.000010336741980;0.004760853946209;0.000338468060363;0.048350516706705;0.000657081371173;1. Against immigration, migrants, foreigners, refugees, or Muslims.
9;b7f856e7588cfd43;7e55ade1ea5698fc;e5813a2b6a2ca5ac;2024-10-04T17:37:10.000Z;"Ja, prima verhaal. Over de jaren 60-70 volgende. 
In 1970 deed ik vakantiewerk bij Unox in Oss (ik was 15). Bij Unox (Unilever) werkten 500 Tukse gastarbeiders, 400 Spanjaarden en een paar honderd Belgische gastarbeiders. Door het bedrijf hier naar toe gehaald en inderdaad, dat";1.0;;2;67;gastarbeiders;2024-10-10 11_34_57.023607;0.031466145068407;0.000205142016057;0.000187444456969;0.001348380814306;0.006569655612111;0.005919702351093;0.001338173635304;5. Is neutral.
10;4430075c2253ff98;c74fb9253da048bf;9a4e1a04fc14f6fe;2024-10-06T18:06:15.000Z;Ken je geschiedenis, Geert! Het was links (PvdA -Den Uyl) die TEGEN de toelating van gastarbeiders was en het was RECHTS (CDA/VVD) die ze juist wilde hebben! Jouw frame deugt niet.;;;2;21;gastarbeiders;2024-10-10 11_34_57.023607;0.105597861111164;0.000008669091585;0.000006029325505;0.000072264680057;0.000118900847156;0.018003741279244;0.000101543431810;3. Against those that oppose immigration or are negative towards migrants, foreigners, refugees, or Muslims.
11;e68f78864108e09a;c3bc92e38d923fc4;597acb1767544810;2024-10-02T17:33:31.000Z;Toen de gastarbeiders kwamen was NL allang weer opgebouwd. Niks ten nadele van DIE mensen, maar de 4e generatie die gilt dat hun voorouders NL hebben opgebouwd: NEE..........;1.0;;2;26;gastarbeiders;2024-10-10 11_34_57.023607;0.112549699842930;0.000070228212280;0.000006272255632;0.000028391976230;0.000032343301427;0.006981707178056;0.000025515922971;1. Against immigration, migrants, foreigners, refugees, or Muslims.
12;c0388348c551b85a;a87041c7ba589a3f;c12f74d741a62522;2024-10-05T18:53:05.000Z;Er zijn best veel dingen die ik vroeger geloofde omdat de omgeving, middelbare school jaren 70, dat geloofde. Ik herinner me een discussie over een voorstel de kinderbijslag voor kinderen van ‘gastarbeiders’ die in het thuisland woonden terug te brengen naar de kosten die men;1.0;1.0;13;522;gastarbeiders;2024-10-10 11_34_57.023607;0.008706201799214;0.000065877582529;0.000028687138183;0.000405564147513;0.000369903835235;0.016161482781172;0.000682293088175;6. Other: Reflects on past beliefs.
13;b725990e7a5efcdb;ac6daa267840c064;31f0bd1d18e1f0f5;2024-10-06T10:17:09.000Z;"Hamas ontvoert en verkracht vrouwen, doodde kinderen, onthoofdden Thaise gastarbeiders, stak mensen in brand. En burgers juichten dat toe.

Geef gewoon toe dat je dat fijne beelden vind. En dat je Israel weggevaagd wil hebben.";3.0;;2;93;gastarbeiders;2024-10-10 11_34_57.023607;0.610492587089539;0.008854884654283;0.000021629346520;0.196791380643845;0.143031135201454;0.909420251846314;0.279247879981995;6. Other: Criticizes support for Hamas actions.
14;3a5b051d690cf7b5;5991ce426259a177;5374dd3bfe6e5fd7;2024-10-03T07:40:18.000Z;"De scheefgroei in de maatschappij hebben we vooral te danken aan de PvdA.
Het begon allemaal onder Joop den Uyl met het binnenhalen van gastarbeiders daarna met gezinshereniging. 
DENK is ook voortgekomen dankzij de PvdA.";1.0;1.0;7;96;gastarbeiders;2024-10-10 11_34_57.023607;0.139172807335853;0.000024166134608;0.000022908689061;0.000029659728170;0.000046447723435;0.003264824394137;0.000195638131117;1. Against immigration, migrants, foreigners, refugees, or Muslims.
15;524b1d856eb7ad0e;cb17f5ac2c3b6669;dc98378f2f59ab9a;2024-10-08T07:27:06.000Z;Herdenking? Waarom zijn de niet Joodse slachtoffers, gastarbeiders, van 7 oktober dan niet herdacht?;;;7;237;gastarbeiders;2024-10-10 11_34_57.023607;0.103254377841949;0.000741611584090;0.000006570370260;0.000016547637642;0.000016766116460;0.143373757600784;0.000970493187196;5. Is neutral.
16;748ad08b5bce99c3;7609de419b35539d;c85aab6690fb353f;2024-10-04T18:39:35.000Z;Tijdens interviews op straat door de Duitse publieke omroep hoor je zelfs steeds vaker dat bijv. ook Turkse gastarbeiders genoeg hebben van de illegale massa-immigratie. Maar dat horen ze toch liever niet. De wereld op z'n kop.;1.0;5.0;33;1,1K;gastarbeiders;2024-10-10 11_34_57.023607;0.118549950420856;0.000048056106607;0.000912471150514;0.000158290044055;0.000292673299555;0.027109831571579;0.000755076354835;1. Against immigration, migrants, foreigners, refugees, or Muslims.
17;eceda5e451d90f2e;64d069b708baec8e;00e4715f8cd2b9f2;2024-10-07T15:18:44.000Z;"Verdiep je eerst eens in de geschiedenis.

Het overgrote deel van de grond werd door de Joden (Yishuv) gekocht; betaalbewijzen nog aanwezig. 

Wie er woonden waren Druzen en Bedouienen, en die wonen er nog; gelijkberechtigd. De Arab. waren grotendeels gastarbeiders uit de 
1/X";3.0;1.0;7;113;gastarbeiders;2024-10-10 11_34_57.023607;0.047608744353056;0.000048968660849;0.000015184059521;0.000226212534471;0.000066573782533;0.002892361721024;0.000914401025511;6. Other: historical context about land ownership
18;12d4934587d3858d;9b27118be8275181;3c202c121c78e39f;2024-10-04T13:36:56.000Z;Dat is al zo sinds de binnenkomst van gastarbeiders omstreeks 1970. Goedkope arbeid hield verkeerde bedrijfstakken in ons land, de goeie vertrokken of zijn recent weggejaagd met belastingmaatregelen en haat tegen ondernemers.;;;2;46;gastarbeiders;2024-10-10 11_34_57.023607;0.061957191675901;0.000117806928756;0.000090865280072;0.000010756259144;0.000010311870938;0.024585198611021;0.001585742458701;1. Against immigration, migrants, foreigners, refugees, or Muslims.
1;fe35887bad7f8f24;03073f718ed81d74;da85485925c0c26c;2024-09-30T14:12:07.000Z;De eerste moslimmigranten in Nederland waren geen #Turkse en #Marokkaanse gastarbeiders, maar #Indonesiërs en #Surinamers uit de koloniën, toont de eerste tentoonstelling van het @moslimarchief. Zie link hieronder voor het hele verhaal.  https://buff.ly/3Y3uPbd #islam #moslims;1.0;6.0;5;654;gastarbeiders;2024-10-03 11_54_01.348625;0.001282870885916;0.000006954990113;0.000000179558015;0.000070416244853;0.000038689613575;0.000098706426797;0.000019353936295;5. Is neutral.
2;9059bf4c9b2ec438;bfa2700b7775420c;a5b3883b42d627ac;2024-10-01T17:01:19.000Z;Het wrange is dat de VVD/werkgevers voor de eerste golf van Marokkaanse en Turkse gastarbeiders heeft gezorgd, de PvdA was daar tegen.;;;2;119;gastarbeiders;2024-10-03 11_54_01.348625;0.063295356929302;0.000019535811589;0.000068664252467;0.000045811804739;0.000088888140453;0.008044705726206;0.000172026295331;5. Is neutral.
3;1c37d1deda7849cd;5de4b0694632ebd0;2350ab61a96bb83c;2024-09-26T17:07:38.000Z;Inderdaad, de corrupte Midden-Europese elite ondermijnt de Europese veiligheid door Russische gastarbeiders toe te laten in Hongarije, en daarmee ook in de gehele Schengen-zone. Dit geeft Rusland vrij spel om spionageactiviteiten te ontplooien in Europa, wat de hybride;2.0;10.0;19;2,1K;gastarbeiders;2024-10-03 11_54_01.348625;0.240669101476669;0.000135178386699;0.000125221398775;0.003720322623849;0.000231256039115;0.037941008806229;0.000414347712649;1. Against immigration, migrants, foreigners, refugees, or Muslims.
4;778dbdb7a4e213dd;53d270584589c258;5e894b9736aa44ed;2024-10-02T03:37:25.000Z;Het laatste linkse kabinet was ruim 50 jaar geleden. Wist je trouwens dat links tegen het binnenhalen van gastarbeiders uit o.a. Turkije en Marokko was?  Dat het laatste linkse kabinet dit ook onmiddellijk stopte?;3.0;;14;306;gastarbeiders;2024-10-03 11_54_01.348625;0.030708286911249;0.000016976384359;0.000215338950511;0.000034119402699;0.000037812438677;0.010512248612940;0.000079703175288;5. Is neutral.
5;5e56819582de263d;ac594214fd8448c8;fbbfb806752ec7d2;2024-09-30T07:07:30.000Z;Ik zag een reportage over een tentoonstelling van de 1e generatie gastarbeiders. Bijzonder was dat de geïnterviewde Nederturkse moeder/oma tot op heden gebrekkig Nederlands spreekt.;1.0;;2;100;gastarbeiders;2024-10-03 11_54_01.348625;0.020143494009972;0.000001636243610;0.000169396051206;0.000712503038812;0.000674804090522;0.001906299730763;0.000285003101453;5. Is neutral.
6;5bf47a34dc45f082;802c3b4801afc8c8;2068287c1efb63f7;2024-09-24T17:06:38.000Z;De VVD ... sloot wervingsverdragen af met Turkije en Marokko... En wie was er kritisch? Juist, ja. De PvdA... Daarom eiste de PvdA dat gastarbeiders maar twee jaar mochten blijven. En wat deed de VVD? Die eiste dat Turken en Marokkanen... hun gezin mee mochten nemen...;3.0;1.0;9;1,7K;gastarbeiders;2024-10-03 11_54_01.348625;0.057232487946749;0.000074472096458;0.000173580876435;0.000056071330619;0.000433105364209;0.052814319729805;0.004301172215492;1. Against immigration, migrants, foreigners, refugees, or Muslims.
7;d531df14f03a06d3;65256347c323244f;7f31f4ac37bf41f0;2024-09-28T09:24:01.000Z;Jij bent een kind van gastarbeiders. Dus niet de Servische agressie op de Balkan meegemaakt. Je hebt dus wel meegemaakt dat mensen van de Balkan hierheen vluchtten. Ik heb het zelf meegemaakt. Er waren GEEN alleenstaande mannen die vluchtten. Waarom doen de Arabieren dit wel?;1.0;2.0;25;568;gastarbeiders;2024-10-03 11_54_01.348625;0.235739901661873;0.000001045876957;0.000196078297449;0.000636290060356;0.001012227265164;0.062135260552168;0.000752530584577;1. Against immigration, migrants, foreigners, refugees, or Muslims.
8;d56bd74a66351ee1;a059ebd6b03f65c6;1f5b1c22e960d0a5;2024-09-25T16:34:56.000Z;Goede draad. Voor mensen die twijfelen -> https://historiek.net/gastarbeiders-nederland-betekenis-marokko-turkije/135726/…;;;4;270;gastarbeiders;2024-10-03 11_54_01.348625;0.000765472126659;0.000005600775694;0.000011335855561;0.000064650870627;0.000077715398220;0.000445267447503;0.000051788782002;5. Is neutral.
9;6d2a07b64da2da5f;e43a432804eb97e5;d449a3fb17e2e49c;2024-09-28T14:56:50.000Z;"Mijn ouders waren gastarbeiders.
Mijn vader heeft in de kool mijnen gewerkt. 
Ikzelf heb het Nederlands moeten leren en ben daar heel dankbaar voor dat ik de kans heb gekregen. 
Ik heb het geluk gehad om te kunnen bijdragen aan de maatschappij en de maatschappij is goed voor mij";;;4;32;gastarbeiders;2024-10-03 11_54_01.348625;0.001773084397428;0.000001415060183;0.000084976993094;0.000132341738208;0.000092944697826;0.002136176452041;0.000623739906587;2. In support of immigration, migrants, foreigners, refugees, or Muslims.
10;12fe6b81af09a159;c617ac153b68c253;3136ea36b1c47a45;2024-09-24T13:16:32.000Z;De buitenlandse werving van Spaanse, Marokkaanse en Turkse arbeiders, (1961 en 1964) werd gestart door het toenmalige kabinet van KVP, ARP, CHU en VVD. In 1973 beëindigde het kabinet-Den Uyl de officiële werving van gastarbeiders.;;4.0;16;769;gastarbeiders;2024-10-03 11_54_01.348625;0.002111543668434;0.000332891038852;0.000102785634226;0.000010030113117;0.000004025040198;0.003219283418730;0.000095683702966;5. Is neutral.
11;f020be1960c2f966;77fd91771febafff;9dedcae3ea4a2e6a;2024-09-27T06:16:10.000Z;Mensen en dus ook kinderen kunnen walgelijk zijn. We krijgen via de oveheid en de media te horen dat elk kind veilig moet zijn op school. Iets van 50 jr geleden trof mijn moeder een mes bij mijn jongste broertje aan. Alle jongens van gastarbeiders hebben een mes zei hij, ik moet;1.0;;7;506;gastarbeiders;2024-10-03 11_54_01.348625;0.202125370502472;0.000712905777618;0.001355989021249;0.000150057021528;0.000192788065760;0.628342926502228;0.066680260002613;1. Against immigration, migrants, foreigners, refugees, or Muslims.
12;96ad70cbaea46f0d;62ca5c3ba92a473f;7b1f5f70d8fe4899;2024-09-29T20:51:11.000Z;Hoezo mijn vieze werk? Dat doe ikzelf. Dat doet geen enkele allochtoon voor mij. Daarnaast associeer jijzelf deze criminelen met gastarbeiders.;1.0;;2;31;gastarbeiders;2024-10-03 11_54_01.348625;0.667727351188660;0.000110345805297;0.000007505524081;0.000014834223293;0.000000544461670;0.023179307579994;0.000018862607249;1. Against immigration, migrants, foreigners, refugees, or Muslims.
13;b9a010e1a9a79d19;1d568bc6bf3c9ead;9dfa69920d236bd2;2024-09-23T19:22:20.000Z;Deze barbaren zijn ooit hierheen gehaald als GASTARBEIDERS om de economie te boosten. Soit. Maar op de premisse dat ze TERUG zouden gaan! Niet om de rest van hun (vaak achterlijke) familie ook nog eens hierheen te laten komen. Dat is helaas in 2005 al vastgelegd in de EVRM.;;;4;77;gastarbeiders;2024-10-03 11_54_01.348625;0.804923176765442;0.000102015699667;0.000003644046046;0.000026203881134;0.000006670338280;0.208164542913437;0.001017776783556;1. Against immigration, migrants, foreigners, refugees, or Muslims.
14;d78f7ecdc18efee3;bb2d01e4ad68f9ac;c1f802ab5c6c3147;2024-09-24T13:25:10.000Z;Ik ken de verhalen van nazaten van arbeidsmigranten, eerder betiteld met gastarbeiders, o.m. vanuit m’n betrokkenheid bij een minor aan de HHS, over onwrikbare schooladviezen beneden competentie waar ze tegenin moesten vechten. Vaak stapsgewijs pas op competentieniveau. #racisme;1.0;;6;194;gastarbeiders;2024-10-03 11_54_01.348625;0.026422165334225;0.000039974958781;0.000155176225235;0.000633710122202;0.000535714672878;0.004858394619077;0.000183429001481;3. Against those that oppose immigration or are negative towards migrants, foreigners, refugees, or Muslims.
15;a28797774d570ac3;07bd5ed0e667e1be;7d25f32ba8a80124;2024-09-25T10:44:58.000Z;En vergeet niet dat toen de werkloosheid hoog was en o.a. deze Turkse gastarbeiders minder productief waren, ze in de WAO werden gedumpt door de werkgevers. De Nederlandse taal niet spreken woog mee als criterium. En Kok ( PVDA) heeft de WAO vereisten daarna aangepast.;2.0;;10;909;gastarbeiders;2024-10-03 11_54_01.348625;0.096113115549087;0.000035468674469;0.000527076830622;0.000054616823036;0.000122019751870;0.009829771704972;0.000119303229439;5. Is neutral.
16;7b0231efc8d87377;50e98a278d9f498c;ddbb547b7042316e;2024-09-27T21:28:44.000Z;"Goede oude Nederlandse mentaliteit: we hebben je nodig en wanneer niet meer kan je wel stikken. Deden ze met kolonies, gastarbeiders en immigranten. Wie verbaast zich nog over dit kabinet?
#Afghanen";4.0;9.0;31;483;gastarbeiders;2024-10-03 11_54_01.348625;0.869331300258636;0.756503164768219;0.002579338150099;0.000083625447587;0.000018194874428;0.869246363639832;0.010495189577341;1. Against immigration, migrants, foreigners, refugees, or Muslims.
17;388559f24b8f2ca4;e6c3e25d1ee05bda;c314f3e75728631b;2024-09-28T19:06:01.000Z;"Rijk Rechts, was en is bezig met massale immigratie. Eerst Marokkaanse en Turkse gastarbeiders gevolgd door massale arbeidsimport uit Oost-Europa. Verder wordt ondermeer A’dam massaal verhuurd aan expats
en  BUITENLANDSE kopers , dankzij internationale reclame door minister Blok>";1.0;1.0;2;66;gastarbeiders;2024-10-03 11_54_01.348625;0.100053265690804;0.000063943247369;0.000042740990466;0.000157229384058;0.000112634101242;0.005065404810011;0.001056890818290;1. Against immigration, migrants, foreigners, refugees, or Muslims.
18;9bd2f17c8a7a2e81;b8f5b09425eb8025;457190826e0f2ea1;2024-09-25T10:19:13.000Z;Was er dan niemand kritisch in die tijd? Jazeker. De PvdA. De linkse partij waarschuwde voor verdringing van Nederlandse werknemers en de druk op de lonen. Daarom eiste de PvdA dat gastarbeiders maar twee jaar mochten blijven.;6.0;32.0;243;8,4K;gastarbeiders;2024-10-03 11_54_01.348625;0.011446328833699;0.000059359772422;0.000261230656179;0.000034835087718;0.000183915530215;0.006249436177313;0.000586216454394;1. Against immigration, migrants, foreigners, refugees, or Muslims.
19;d5647f07ff09bb70;bb2d01e4ad68f9ac;c1f802ab5c6c3147;2024-09-24T13:18:48.000Z;Ik ken de verhalen van nazaten van arbeidsmigranten, eerder betiteld met gastarbeiders o.m. vanuit mijn betrokkenheid bij een minor aan de HHS, over onwrikbare schooladviezen beneden competentie waar ze tegen in moesten vechten. Vaak pas stapsgewijs op competentieniveau;;;2;22;gastarbeiders;2024-10-03 11_54_01.348625;0.027056509628892;0.000023111642804;0.002278089290485;0.001201566308737;0.000662224832922;0.029631944373250;0.001278035459109;5. Is neutral.
20;0fdf96b43c995d53;b8f5b09425eb8025;457190826e0f2ea1;2024-09-25T10:18:14.000Z;Wilde de VVD die gastarbeiders dan weren? Welnee, samen met de voorgangers van het CDA werden er complete wervingsverdragen afgesloten met Turkije en Marokko. Sterker: er werden kantoren geopend om mensen naar Nederland te halen.;2.0;15.0;201;7,9K;gastarbeiders;2024-10-03 11_54_01.348625;0.025449633598328;0.000120057578897;0.000085750318249;0.000004186432307;0.000010184079656;0.012911821715534;0.000283574685454;5. Is neutral.
21;b86c73dfc6ef3648;cc0d74e5d5dfa200;26e5349912c9603b;2024-09-30T06:51:46.000Z;CDA is inderdaad een naar clubje. Stonden aan het begin van veel ellende zoals de verkwanseling van aardgasbaten en de golven gastarbeiders.;;;3;32;gastarbeiders;2024-10-03 11_54_01.348625;0.195808961987495;0.000074728704931;0.000080201571109;0.000415108748712;0.000109692737169;0.008098462596536;0.001144194277003;1. Against immigration, migrants, foreigners, refugees, or Muslims.
22;d1def237f4e3c923;e04c4e80256247d1;d143b46ea69311c2;2024-09-27T11:45:26.000Z;Uiteraard waren NIET alle gastarbeiders die toen naar hier kwamen 20 en kinderloos.  Vrouw en kinderen bleven vaak aanvankelijk in het thuisland en kwamen enkele jaren nadien. U hebt geen enkele grond om deze jongedame voor leugenaar uit te maken.;;;1;36;gastarbeiders;2024-10-03 11_54_01.348625;0.006093939766288;0.000040971124690;0.000011859209735;0.000764830445405;0.001562193967402;0.022856881842017;0.000008225906640;5. Is neutral.
23;327f2db6bf3baf85;409da36e6425b14b;d2d10dc64d724a69;2024-10-02T15:17:50.000Z;Laatst zei iemand toch dat het de gastarbeiders waren die Nederland hebben opgebouwd? Nou, wellicht waren het lesbische Afrikaanse vrouwen die Nederland hebben bevrijd. Wist jij dat?;2.0;;4;136;gastarbeiders;2024-10-03 11_54_01.348625;0.058801222592592;0.000100905584986;0.000010336741980;0.004760853946209;0.000338468060363;0.048350516706705;0.000657081371173;1. Against immigration, migrants, foreigners, refugees, or Muslims.
24;c1c616ff95bc4a3b;a21e0ba0ca44daea;c82c663964cb358f;2024-09-25T19:43:03.000Z;Zelfde met de PvdA: gastarbeiders en immigranten werden met open armen ontvangen omdat het potentiële vakbondsleden en later PvdA-stemmers waren (dachten ze).;;;3;40;gastarbeiders;2024-10-03 11_54_01.348625;0.180198580026627;0.000012936109670;0.000225536306971;0.000116334820632;0.000083029888629;0.008961139246821;0.000342852232279;5. Is neutral.
25;f43ae2d2188da944;e18ac37a224ffc42;599ca3fbe02e8bd4;2024-09-27T08:08:06.000Z;Hou op deze onzinnige leugen te verspreiden dat gastarbeiders weinig verdienden. De koolputters waren de best betaalde werkers en gastarbeiders kregen hetzelfde loon. Het waren nooit meer dan 15% gastarbeiders trouwens, de rest waren Limburgse zonen en vaders.;;;7;124;gastarbeiders;2024-10-03 11_54_01.348625;0.359955221414566;0.000110212880827;0.000032900399674;0.000085783191025;0.000365037674783;0.028169302269816;0.000063718573074;5. Is neutral.
26;d553585439c160d4;c7db0e7ae9b7bc74;d5e6b500af19b582;2024-09-24T18:06:54.000Z;"De actieve werving van gastarbeiders werd in 1973 door het kabinet-Den Uyl gestaakt; het wervingsverdrag werd gestopt. Voor de jonge lezers: Den Uyl was geen VVD’er. /13 @VVD @DilanYesilgoz";1.0;2.0;4;125;gastarbeiders;2024-10-03 11_54_01.348625;0.001415866659954;0.000001443751557;0.000001029103601;0.000245995353907;0.000209000048926;0.000705852406099;0.000102475787571;5. Is neutral.
27;e68f78864108e09a;c3bc92e38d923fc4;597acb1767544810;2024-10-02T17:33:31.000Z;Toen de gastarbeiders kwamen was NL allang weer opgebouwd. Niks ten nadele van DIE mensen, maar de 4e generatie die gilt dat hun voorouders NL hebben opgebouwd: NEE..........;1.0;;2;16;gastarbeiders;2024-10-03 11_54_01.348625;0.112549699842930;0.000070228212280;0.000006272255632;0.000028391976230;0.000032343301427;0.006981707178056;0.000025515922971;1. Against immigration, migrants, foreigners, refugees, or Muslims.
28;760ee49448e89123;c7db0e7ae9b7bc74;d5e6b500af19b582;2024-09-24T18:05:27.000Z;En wie was er kritisch? Juist, ja. De PvdA. En dat vanwege de verdringing van Nederlandse werknemers en de druk op de lonen. Daarom eiste de PvdA dat gastarbeiders maar twee jaar mochten blijven. /11 @VVD @DilanYesilgoz;1.0;1.0;3;50;gastarbeiders;2024-10-03 11_54_01.348625;0.012380379252136;0.000080388628703;0.000006022567050;0.000470327824587;0.000224455521675;0.002497338224202;0.000394066271838;1. Against immigration, migrants, foreigners, refugees, or Muslims.
29;1644423ca0d042cb;18c8e698e67a7e81;b02c4b400d921556;2024-09-27T02:01:55.000Z;Ik bedoel dat de gastarbeiders indertijd graag wilde assimileren met hun gastland. Ik denk niet dat ze stonden te springen om hun cultuur of religie te importeren naar hier. Latere generaties hebben die drang meer en meer gekregen wat m.i. de verdeeldheid alleen maar voedt.;1.0;;14;1,2K;gastarbeiders;2024-10-03 11_54_01.348625;0.072240635752678;0.000010811166248;0.000623629603069;0.000028205682611;0.000186195218703;0.017209179699421;0.000544078939129;1. Against immigration, migrants, foreigners, refugees, or Muslims.
30;69be6eeaa2af63e6;b8f5b09425eb8025;457190826e0f2ea1;2024-09-25T10:20:44.000Z;"We hadden dus een rechtse partij die actieve werving van gastarbeiders mogelijk maakte en zelfs gezinshereniging stimuleerde. Die actieve werving werd in 1973 door het kabinet-Den Uyl gestaakt; het wervingsverdrag werd gestopt. Voor de jonge lezers: Den Uyl was geen VVD’er.";2.0;35.0;244;7,8K;gastarbeiders;2024-10-03 11_54_01.348625;0.001103162765503;0.000002011528977;0.000017583899535;0.000022072728825;0.000050222159189;0.001977503066882;0.000152105378220;5. Is neutral.
31;76f8dc5e600243ce;a65c4bcfec9c8f74;a1214e9c0b894410;2024-09-27T20:21:03.000Z;Dat is niet waar. Natuurlijk wilden de gastarbeiders destijds hun cultuur meenemen. Integreren wil niet zeggen dat je je cultuur volledig verloochent. Ikzelf zou bepaalde culturele zaken meenemen vanuit België mocht ik verhuizen en het is belachelijk om te doen alsof dat fout is;1.0;;3;395;gastarbeiders;2024-10-03 11_54_01.348625;0.024399973452091;0.000001579170544;0.000053673487855;0.000020737612431;0.000011491901205;0.011720953509212;0.000212901140912;2. In support of immigration, migrants, foreigners, refugees, or Muslims.
32;ca595020257713f2;855717c44a2d9a1a;b96c950d445a4eb5;2024-09-27T07:55:25.000Z;Je liegt ook, die gastarbeiders kwamen op het geld af, mijnwerkers waren goed betaald in die tijd in verhouding tot andere arbeiders.  Ze kwamen ook uit regio's in Marokko waar er weinig te verdienen viel.;;;5;134;gastarbeiders;2024-10-03 11_54_01.348625;0.012228545732796;0.000005716902251;0.000115977498353;0.000060303180362;0.000040584513044;0.001394371152855;0.000917628989555;1. Against immigration, migrants, foreigners, refugees, or Muslims.
33;7abd7fd0a29ec95b;5d92b7f26290a31b;c891d71f6a3fca97;2024-09-27T18:50:41.000Z;Het is alsof je de geallieerden de maat gaat nemen om dat die meer luchtaanvallen gepleegd hebben op Duitsland dan andersom. Iran (incl Hamas, Houthi's, Hezbollah) wil alle Israëlieten dood, ook de arabieren en de gastarbeiders. Israël vecht voor haar bestaan en doen dat goed;;;2;147;gastarbeiders;2024-10-03 11_54_01.348625;0.279431700706482;0.065804123878479;0.000953103415668;0.001607819460332;0.000045054650400;0.873110830783844;0.007720812223852;5. Is neutral.
34;b1fe46d3343fbf24;481cf487bc5a5e60;69ae89ffac055d21;2024-09-28T07:59:33.000Z;Banen in slachthuizen. Vooral gastarbeiders. In de bouw kunnen ze het dubbele verdienen.;;;3;61;gastarbeiders;2024-10-03 11_54_01.348625;0.061233203858137;0.000651609094348;0.001613353961147;0.000408643973060;0.000092367292382;0.174953177571297;0.022037392482162;5. Is neutral.
35;24e560002cf1e8b5;e78be1430d6e1d46;9c3fcdbc3e534f9e;2024-09-25T20:56:19.000Z;"Nope… dat zit Europa niet. Nederland al helemaal niet met per hoofd van de bevolking ónder het Europees gemiddelde.

Die wachtlijst is veroorzaakt door fout politiek beleid, met name door de VVD. Nederlanders staan al decennia op wachtlijsten… ver voor de eerste gastarbeiders.";2.0;;5;135;gastarbeiders;2024-10-03 11_54_01.348625;0.076359242200851;0.000008182225429;0.000014977509636;0.000013658112039;0.000040398084820;0.002005739137530;0.000114902148198;5. Is neutral.
36;0a2a69dc72ae9958;075f118a96e30609;e85d636dcfd44189;2024-09-20T10:21:13.000Z;"Joop den Uyl maakte in 1973 een eind aan de werving van gastarbeiders die door rechts  conservatieve regeringen hierheen waren gehaald.
Job Cohen was staatsecretaris en heeft een strenger vreemdelingenwet ingevoerd. 
Wilders verteld zoals gewoonlijk sprookjes.
#APB2024";159.0;414.0;1,2K;39K;gastarbeiders;2024-10-03 11_54_01.348625;0.041742533445358;0.000043802527216;0.000058228539274;0.000734727538656;0.000263272697339;0.004917001351714;0.000485407450469;5. Is neutral.
37;57b8c4150ecb6956;fe31c899b5794b09;9887c29f1ddfd2d1;2024-09-02T12:41:58.000Z;"19/08/1964 Den Haag, Nederland: KVP/ ARP/ CHU/ VVD-kabinet-Victor Marijnen/ Turks minister van Arbeid Bülent Ecevit tekenen wervingscontract voor Turkse ""gastarbeiders"" - ""Blonde Geert"" beweert al jaren dat 'links' dat deed, maar dat LIEGT-ie";;;;31;gastarbeiders;2024-10-03 11_54_01.348625;0.031000770628452;0.000053750423831;0.000344058498740;0.002261245390400;0.002005380345508;0.007708726450801;0.000526299700141;3. Against those that oppose immigration or are negative towards migrants, foreigners, refugees, or Muslims.
38;5a931e5bc7862beb;fe31c899b5794b09;9887c29f1ddfd2d1;2024-09-06T15:08:18.000Z;de Volkskrant 26 april 1980 En weer EIST het bedrijfsleven de komst van 'gastarbeiders'. VVD, CDA gehoorzamen als bereidwillige politieke knechten. PvdA en vakbeweging protesteren tevergeefs. Oh, natuurlijk schelden verdeel-en-heersknechtjes de geronselde buitenlanders voor rot.;;;;15;gastarbeiders;2024-10-03 11_54_01.348625;0.406736940145492;0.000252318772255;0.001315606408752;0.000153615706949;0.000050586841098;0.256838649511337;0.001223442959599;1. Against immigration, migrants, foreigners, refugees, or Muslims.
39;981123f0b109a088;fce77c34d3fec987;49389f4662f2a410;2024-09-18T17:48:10.000Z;"Is er nou vanavond alweer een programma/serie over “gastarbeiders”..?

Waarom wordt belastinggeld gebruikt om een politieke mening populair te maken?

En mensen maar klagen over ON, want dit is zeker niet “sturend” bedoeld..(?).";;;;5;gastarbeiders;2024-10-03 11_54_01.348625;0.049534354358912;0.000435083551565;0.000067278364440;0.000033764616092;0.000014765304513;0.080672688782215;0.000340520549798;1. Against immigration, migrants, foreigners, refugees, or Muslims.
40;4a0a0f1dc292a548;b14ff67048a3b878;0a4b5aeba6d0354a;2024-09-22T18:00:01.000Z;"Vanavond in De Sociëteit om 22:52 uur op NPO2.

Het is 60 jaar geleden dat de eerste Turkse gastarbeiders in Nederland aankwamen. Wat bracht het hen en wat bracht het Nederland? We gaan het er uitgebreid over hebben.";1.0;1.0;2;236;gastarbeiders;2024-10-03 11_54_01.348625;0.001097547356039;0.000003403528581;0.000001468768801;0.000024997751098;0.000182341216714;0.002001691376790;0.000245636561885;5. Is neutral.
41;6272dbd3e82771e0;b74c936a856cecc8;9d4bb69970a2387e;2024-09-05T16:07:02.000Z;De wederopbouw was al in 1955 praktisch voltooid door hardwerkende Nederlanders. Dus nog ver voor de eerste gastarbeiders als goedkope arbeidskrachten naar Nederland kwamen. Overigens eerst uit Zuid-Europa en later in de jaren '60 uit Turkije en Marokko.;24.0;146.0;451;8,1K;gastarbeiders;2024-10-03 11_54_01.348625;0.005713527556509;0.000019490556951;0.000049545244110;0.000007869845831;0.000018569588065;0.001410196651705;0.000071283677244;5. Is neutral.
42;c1b1642df7e3e153;54107398ec94b895;d08bd88c6c6c4f0c;2024-08-23T13:00:11.000Z;"Hallo @RPlasterk, een onverwachte inkijk. Nu mijn vragen:
Ja, rechts heeft in de beginne #gastarbeiders binnengehaald, maar wie heeft toegestaan of gepromoot om de werkers hun gezinnen te laten overkomen? 
Waarom is niet gekozen voor max 5 jaar en terug, en kan je broertje komen?";;;;13;gastarbeiders;2024-10-03 11_54_01.348625;0.006472241133451;0.000719659496099;0.000035774508433;0.000231158861425;0.000692954636179;0.010353103280067;0.000581772474106;1. Against immigration, migrants, foreigners, refugees, or Muslims.
43;fdfe26f7cdfca6ab;4f866134b2a7fdb7;efa56f68c617a710;2024-09-05T13:53:28.000Z;Het ontbrekende detail in #VaarwelVaderland van @OmroepMAX: de ontheemde gezinnen uit Indonesië betaalden de hoofdprijs voor hun gedwongen verblijf in #contractpensions. Die als opvanglocaties vervolgens op uitgekookte wijze geëxploiteerd werden voor de opvang van gastarbeiders.;;3.0;4;265;gastarbeiders;2024-10-03 11_54_01.348625;0.003703943220898;0.000018743146939;0.000028191780075;0.000866237678565;0.000241028887103;0.035329580307007;0.001343536539935;5. Is neutral.
44;8b3121cb60e41c55;b74c936a856cecc8;9d4bb69970a2387e;2024-09-01T19:11:18.000Z;Klopt. De wederopbouw was al in 1955 praktisch voltooid door hardwerkende Nederlanders. Dus nog ver voor de eerste gastarbeiders als goedkope arbeidskrachten naar Nederland kwamen. Overigens eerst uit Zuid-Europa en later in de jaren '60 uit Turkije en Marokko.;2.0;6.0;10;246;gastarbeiders;2024-10-03 11_54_01.348625;0.005034811329097;0.000020815221433;0.000033675703889;0.000009122006304;0.000024046637918;0.001827058382332;0.000044400312618;5. Is neutral.
45;a3c53fba81242a4a;4e0493d6c0d62f06;ac7e99a9635e0de9;2024-08-30T13:35:36.000Z;"Erm? ""Vanaf 1949 begon de Nederlandse overheid actief emigratie te plannen en te bevorderen. In het hoogtepuntjaar van 1952 emigreerden maar liefst 48.690 Nederlanders naar landen als Canada, Australië, Nieuw-Zeeland en de VS""

En dan is er nog iets met nood aan gastarbeiders.";1.0;;3;183;gastarbeiders;2024-10-03 11_54_01.348625;0.001721452339552;0.000055221928051;0.000191594735952;0.000025060622647;0.000055702268583;0.001014581182972;0.000242060836172;5. Is neutral.
46;bc0de96755cbf414;d04546263b2b2f14;26f2c77050b17f32;2024-09-28T08:50:13.000Z;Je bent in 1959 geboren en nadert je pensioen. In 1959 had Nederland 2.294 gastarbeiders, waarvan 1.884 Italianen. Van buiten Europa: 9 Turken en 3 Marokkanen. Vandaag: zo’n 2 miljoen buiten Europa geboren nld’se inwoners, miljoenen meer 2e generatie. En het gaat steeds sneller.;;;;28;gastarbeiders;2024-10-03 11_54_01.348625;0.000895275676157;0.000003218803386;0.000012381256056;0.000026457517379;0.000017794955056;0.000220099798753;0.000020985258743;5. Is neutral.
47;c696dd0a7595b3ca;b74c936a856cecc8;9d4bb69970a2387e;2024-09-02T07:59:03.000Z;Heel wat Nederlanders zijn toen vervangen door de goedkope gastarbeiders.;2.0;1.0;5;41;gastarbeiders;2024-10-03 11_54_01.348625;0.454468846321106;0.000887065834831;0.000008730836271;0.000125644684886;0.000106187595520;0.032813135534525;0.001106767915189;1. Against immigration, migrants, foreigners, refugees, or Muslims.
48;7084ad603e432389;b74c936a856cecc8;9d4bb69970a2387e;2024-09-05T17:02:07.000Z;De lonen werden begin jaren '60 te hoog en de werkgevers hebben toen sterk aangedrongen op goedkope gastarbeiders. Heel wat Nederlanders zijn toen werkloos geraakt. Daar heb ik nog eens een stukje over geschreven.;2.0;5.0;22;186;gastarbeiders;2024-10-03 11_54_01.348625;0.011155469343066;0.000003709980092;0.000325081404299;0.000051458016969;0.000059382931795;0.001960692694411;0.000182760355528;1. Against immigration, migrants, foreigners, refugees, or Muslims.
49;f7b893d301c7d80c;9fe6cbb9e933ad0b;2ef37bd848a4d26c;2024-09-05T15:04:54.000Z;Jaren 60 vorige eeuw kwamen gastarbeiders naar NL om ons te helpen,Nu meer dan 60 jaar later zitten ze nog in onze huizen,passen zich niet aan,spreken amper Nederlands en hun kinderen en kleinkinderen vormen een gigantisch probleem in onze steden.;4.0;3.0;4;139;gastarbeiders;2024-10-03 11_54_01.348625;0.593506515026093;0.000026344170692;0.000000025004178;0.000030600735045;0.000033425945730;0.007808722555637;0.000010033767467;1. Against immigration, migrants, foreigners, refugees, or Muslims.
50;0a7e8fdf5e7f5efc;05cd66aec3eb89f6;33b9046513227fbe;2024-09-05T04:56:29.000Z;Arbeidsmigratie door SELECTIE aan de poort, zoals vroeger gastarbeiders werden geselecteerd voor specifiek werk  #vandaaginside;;4.0;4;1,9K;gastarbeiders;2024-10-03 11_54_01.348625;0.004064431879669;0.000184353222721;0.000010988548638;0.000185774770216;0.000074038456660;0.010995184071362;0.000451457104646;5. Is neutral.
51;f108355dfc0392cd;da928a3d4fede4d3;31b838d28858eaa4;2024-09-04T21:01:10.000Z;"#VaarwelVaderland
De gastarbeiders en mensen uit Indonesië vertellen over hun reden ,aankomst en leven in Nederland .Boeiend maar ook komt de vraag op ,waarom en wanneer begon het mis te gaan.";;;;116;gastarbeiders;2024-10-03 11_54_01.348625;0.006726731080562;0.000068439767347;0.000388514570659;0.000657023454551;0.000621847517323;0.001095874700695;0.000258036190644;5. Is neutral.
52;048a895d1cbb4700;10e7d9c072116897;ca22881e6293cd21;2024-09-11T10:35:00.000Z;"Zo'n 60 jaar geleden kwamen de eerste Turkse gastarbeiders naar Nederland. Maar hoe zit het met de vrouwen die hun man achterna reisden? Fotograaf en journalist Çiğdem Yüksel brengt deze verhalen tot leven in haar tentoonstelling en boek ""Je moest eens weten"".";;1.0;4;1,2K;gastarbeiders;2024-10-03 11_54_01.348625;0.001030900864862;0.000019237784727;0.000000741413203;0.000065591615567;0.000055900858570;0.001425236230716;0.000122288925922;5. Is neutral.
53;851d3d83cf9376f9;ae3a1762d22dd110;b48bc7ccb31924db;2024-09-05T22:52:23.000Z;"Onze ‘gastarbeiders’ pasten niet in het wereldbeeld van vele suburbane Vlamingen, in de crisis opgejut door een autoritaire en racistische antivreemdelingenpartij.
http://sampol.be/2024/09/communautarisme-versus-democratie… via @Sampol_magazine";12.0;3.0;6;846;gastarbeiders;2024-10-03 11_54_01.348625;0.008886477909982;0.000013553426470;0.000001617129897;0.000084536586655;0.000002827600838;0.002341359620914;0.000105406943476;3. Against those that oppose immigration or are negative towards migrants, foreigners, refugees, or Muslims.
54;20c4caefbab94d26;1e9a003afea3fb29;04322359a9c6f1df;2024-09-10T09:34:29.000Z;Nederland is een land dat bestaat dankzij grote groepen die van buiten gekomen zijn, vaak als vluchteling, zoals Joden uit Spanje, Hugenoten, soldaten uit Zwitserland, Duitse handelaren en arbeiders, chinezen, Indische mensen, Surinamers, gastarbeiders, vluchtelingen, enz.;1.0;3.0;11;262;gastarbeiders;2024-10-03 11_54_01.348625;0.002915124874562;0.000013162132745;0.000017330965420;0.000050500279031;0.000007848274436;0.000907414359972;0.000175383145688;2. In support of immigration, migrants, foreigners, refugees, or Muslims.
55;71a03a7ec53594e8;a195a1a4fcc35cd3;b2776c41e10c69ea;2024-09-14T09:14:38.000Z;"Never give in for abuis. Wat? Check; hoog conjunctuur alleen (?) bij slavernij rn gastarbeiders. Tuurlijk ook uw gezin (ja, soort '67 Palasteina) oei, oei wij hebben het fout gedaan, dat kost u geld. Emigratie belasting, bij vertrekpoort ff strippen 
https://youtu.be/YySW9cF7N7Y?si=GwkVq-vQOC8i8XsJ…";;;;49;gastarbeiders;2024-10-03 11_54_01.348625;0.130237609148026;0.001613197964616;0.000011783093214;0.001847306382842;0.000378830329282;0.026659583672881;0.003512299386784;1. Against immigration, migrants, foreigners, refugees, or Muslims.
1;57b8c4150ecb6956;fe31c899b5794b09;9887c29f1ddfd2d1;2024-09-02T12:41:58.000Z;"19/08/1964 Den Haag, Nederland: KVP/ ARP/ CHU/ VVD-kabinet-Victor Marijnen/ Turks minister van Arbeid Bülent Ecevit tekenen wervingscontract voor Turkse ""gastarbeiders"" - ""Blonde Geert"" beweert al jaren dat 'links' dat deed, maar dat LIEGT-ie";;;;28;gastarbeiders;2024-09-30 09_27_27.801576;0.031000770628452;0.000053750423831;0.000344058498740;0.002261245390400;0.002005380345508;0.007708726450801;0.000526299700141;3. Against those that oppose immigration or are negative towards migrants, foreigners, refugees, or Muslims.
2;5a931e5bc7862beb;fe31c899b5794b09;9887c29f1ddfd2d1;2024-09-06T15:08:18.000Z;de Volkskrant 26 april 1980 En weer EIST het bedrijfsleven de komst van 'gastarbeiders'. VVD, CDA gehoorzamen als bereidwillige politieke knechten. PvdA en vakbeweging protesteren tevergeefs. Oh, natuurlijk schelden verdeel-en-heersknechtjes de geronselde buitenlanders voor rot.;;;;12;gastarbeiders;2024-09-30 09_27_27.801576;0.406736940145492;0.000252318772255;0.001315606408752;0.000153615706949;0.000050586841098;0.256838649511337;0.001223442959599;1. Against immigration, migrants, foreigners, refugees, or Muslims.
3;981123f0b109a088;fce77c34d3fec987;49389f4662f2a410;2024-09-18T17:48:10.000Z;"Is er nou vanavond alweer een programma/serie over “gastarbeiders”..?

Waarom wordt belastinggeld gebruikt om een politieke mening populair te maken?

En mensen maar klagen over ON, want dit is zeker niet “sturend” bedoeld..(?).";;;;2;gastarbeiders;2024-09-30 09_27_27.801576;0.049534354358912;0.000435083551565;0.000067278364440;0.000033764616092;0.000014765304513;0.080672688782215;0.000340520549798;1. Against immigration, migrants, foreigners, refugees, or Muslims.
4;1c37d1deda7849cd;5de4b0694632ebd0;2350ab61a96bb83c;2024-09-26T17:07:38.000Z;Inderdaad, de corrupte Midden-Europese elite ondermijnt de Europese veiligheid door Russische gastarbeiders toe te laten in Hongarije, en daarmee ook in de gehele Schengen-zone. Dit geeft Rusland vrij spel om spionageactiviteiten te ontplooien in Europa, wat de hybride;2.0;10.0;19;2,1K;gastarbeiders;2024-09-30 09_27_27.801576;0.240669101476669;0.000135178386699;0.000125221398775;0.003720322623849;0.000231256039115;0.037941008806229;0.000414347712649;1. Against immigration, migrants, foreigners, refugees, or Muslims.
5;5bf47a34dc45f082;802c3b4801afc8c8;2068287c1efb63f7;2024-09-24T17:06:38.000Z;De VVD ... sloot wervingsverdragen af met Turkije en Marokko... En wie was er kritisch? Juist, ja. De PvdA... Daarom eiste de PvdA dat gastarbeiders maar twee jaar mochten blijven. En wat deed de VVD? Die eiste dat Turken en Marokkanen... hun gezin mee mochten nemen...;3.0;1.0;10;1,6K;gastarbeiders;2024-09-30 09_27_27.801576;0.057232487946749;0.000074472096458;0.000173580876435;0.000056071330619;0.000433105364209;0.052814319729805;0.004301172215492;1. Against immigration, migrants, foreigners, refugees, or Muslims.
6;6272dbd3e82771e0;b74c936a856cecc8;9d4bb69970a2387e;2024-09-05T16:07:02.000Z;De wederopbouw was al in 1955 praktisch voltooid door hardwerkende Nederlanders. Dus nog ver voor de eerste gastarbeiders als goedkope arbeidskrachten naar Nederland kwamen. Overigens eerst uit Zuid-Europa en later in de jaren '60 uit Turkije en Marokko.;24.0;146.0;451;8,1K;gastarbeiders;2024-09-30 09_27_27.801576;0.005713527556509;0.000019490556951;0.000049545244110;0.000007869845831;0.000018569588065;0.001410196651705;0.000071283677244;5. Is neutral.
7;c1b1642df7e3e153;54107398ec94b895;d08bd88c6c6c4f0c;2024-08-23T13:00:11.000Z;"Hallo @RPlasterk, een onverwachte inkijk. Nu mijn vragen:
Ja, rechts heeft in de beginne #gastarbeiders binnengehaald, maar wie heeft toegestaan of gepromoot om de werkers hun gezinnen te laten overkomen? 
Waarom is niet gekozen voor max 5 jaar en terug, en kan je broertje komen?";;;;10;gastarbeiders;2024-09-30 09_27_27.801576;0.006472241133451;0.000719659496099;0.000035774508433;0.000231158861425;0.000692954636179;0.010353103280067;0.000581772474106;1. Against immigration, migrants, foreigners, refugees, or Muslims.
8;a3c53fba81242a4a;4e0493d6c0d62f06;ac7e99a9635e0de9;2024-08-30T13:35:36.000Z;"Erm? ""Vanaf 1949 begon de Nederlandse overheid actief emigratie te plannen en te bevorderen. In het hoogtepuntjaar van 1952 emigreerden maar liefst 48.690 Nederlanders naar landen als Canada, Australië, Nieuw-Zeeland en de VS""

En dan is er nog iets met nood aan gastarbeiders.";1.0;;3;180;gastarbeiders;2024-09-30 09_27_27.801576;0.001721452339552;0.000055221928051;0.000191594735952;0.000025060622647;0.000055702268583;0.001014581182972;0.000242060836172;5. Is neutral.
9;0986f892bc90aa99;1eb16bce3a4d3ad6;062eb7695309ca8c;2024-09-23T11:16:37.000Z;wat 'n idiote inschatting. zie 't onderzoek van brunt & bovenkerk uit de jaren '80 naar het zich terugtrekken van de gastarbeiders ná de gezinshereniging (daarvoor deden ze vaak mee aan buurtactiviteiten en zo) enfin, hier 'n foto van kaboel uit 1972. ook veranderd door wilders?;;;9;74;gastarbeiders;2024-09-30 09_27_27.801576;0.188885018229485;0.000225327821681;0.000115262628242;0.000437138136476;0.000163350021467;0.014983061701059;0.000309579627355;6. Other: Critiques historical immigration policy.
10;8b3121cb60e41c55;b74c936a856cecc8;9d4bb69970a2387e;2024-09-01T19:11:18.000Z;Klopt. De wederopbouw was al in 1955 praktisch voltooid door hardwerkende Nederlanders. Dus nog ver voor de eerste gastarbeiders als goedkope arbeidskrachten naar Nederland kwamen. Overigens eerst uit Zuid-Europa en later in de jaren '60 uit Turkije en Marokko.;2.0;6.0;10;242;gastarbeiders;2024-09-30 09_27_27.801576;0.005034811329097;0.000020815221433;0.000033675703889;0.000009122006304;0.000024046637918;0.001827058382332;0.000044400312618;5. Is neutral.
11;c696dd0a7595b3ca;b74c936a856cecc8;9d4bb69970a2387e;2024-09-02T07:59:03.000Z;Heel wat Nederlanders zijn toen vervangen door de goedkope gastarbeiders.;2.0;1.0;5;38;gastarbeiders;2024-09-30 09_27_27.801576;0.454468846321106;0.000887065834831;0.000008730836271;0.000125644684886;0.000106187595520;0.032813135534525;0.001106767915189;1. Against immigration, migrants, foreigners, refugees, or Muslims.
12;7084ad603e432389;b74c936a856cecc8;9d4bb69970a2387e;2024-09-05T17:02:07.000Z;De lonen werden begin jaren '60 te hoog en de werkgevers hebben toen sterk aangedrongen op goedkope gastarbeiders. Heel wat Nederlanders zijn toen werkloos geraakt. Daar heb ik nog eens een stukje over geschreven.;2.0;5.0;22;184;gastarbeiders;2024-09-30 09_27_27.801576;0.011155469343066;0.000003709980092;0.000325081404299;0.000051458016969;0.000059382931795;0.001960692694411;0.000182760355528;1. Against immigration, migrants, foreigners, refugees, or Muslims.
13;f7b893d301c7d80c;9fe6cbb9e933ad0b;2ef37bd848a4d26c;2024-09-05T15:04:54.000Z;Jaren 60 vorige eeuw kwamen gastarbeiders naar NL om ons te helpen,Nu meer dan 60 jaar later zitten ze nog in onze huizen,passen zich niet aan,spreken amper Nederlands en hun kinderen en kleinkinderen vormen een gigantisch probleem in onze steden.;4.0;3.0;4;137;gastarbeiders;2024-09-30 09_27_27.801576;0.590832650661469;0.000025364632165;0.000000024004857;0.000030583320040;0.000032461524825;0.007731670979410;0.000009410795428;1. Against immigration, migrants, foreigners, refugees, or Muslims.
14;0a7e8fdf5e7f5efc;05cd66aec3eb89f6;33b9046513227fbe;2024-09-05T04:56:29.000Z;Arbeidsmigratie door SELECTIE aan de poort, zoals vroeger gastarbeiders werden geselecteerd voor specifiek werk  #vandaaginside;;4.0;4;1,9K;gastarbeiders;2024-09-30 09_27_27.801576;0.004064431879669;0.000184353222721;0.000010988548638;0.000185774770216;0.000074038456660;0.010995184071362;0.000451457104646;5. Is neutral.
15;048a895d1cbb4700;10e7d9c072116897;ca22881e6293cd21;2024-09-11T10:35:00.000Z;"Zo'n 60 jaar geleden kwamen de eerste Turkse gastarbeiders naar Nederland. Maar hoe zit het met de vrouwen die hun man achterna reisden? Fotograaf en journalist Çiğdem Yüksel brengt deze verhalen tot leven in haar tentoonstelling en boek ""Je moest eens weten"".";;1.0;4;1,2K;gastarbeiders;2024-09-30 09_27_27.801576;0.001030900864862;0.000019237784727;0.000000741413203;0.000065591615567;0.000055900858570;0.001425236230716;0.000122288925922;5. Is neutral.
16;0eea07acbddad726;d95fb78b57007512;05b507067d50703c;2024-09-28T21:57:01.000Z;En breek de dijken door. Ga vechten met Indonesië. Vul je fabrieken met gastarbeiders. Laat je burgers schurft en polio krijgen. Ga 's- zondags 2x naar de kerk ! Want zo was Nederland in een ver verleden. In een zijn dat niet bestond.;;;1;43;gastarbeiders;2024-09-30 09_27_27.801576;0.652511596679688;0.209749102592468;0.000062628205342;0.000653680646792;0.000107691397716;0.830832540988922;0.000366438413039;6. Other: Critiques nostalgic view of past.
17;283852a03f2becbe;a0fa7e33d3b6e588;09542772e4404112;2024-09-24T18:56:21.000Z;"Wow, een resumé van de trucs van ⁦@DilanYesilgoz⁩ . 
“Daarom eiste de PvdA dat gastarbeiders maar 2 jaar mochten blijven. En wat deed de VVD? Die eiste dat Turken en Marokkanen het recht kregen om hun gezin mee te nemen. Zei iemand gezinshereniging?”";;;;83;gastarbeiders;2024-09-30 09_27_27.801576;0.026635996997356;0.000064870044298;0.000005893348316;0.000145816549775;0.001072296523489;0.053071215748787;0.009794739075005;5. Is neutral.
18;5e56819582de263d;ac594214fd8448c8;fbbfb806752ec7d2;2024-09-30T07:07:30.000Z;Ik zag een reportage over een tentoonstelling van de 1e generatie gastarbeiders. Bijzonder was dat de geïnterviewde Nederturkse moeder/oma tot op heden gebrekkig Nederlands spreekt.;;;1;41;gastarbeiders;2024-09-30 09_27_27.801576;0.020143494009972;0.000001636243610;0.000169396051206;0.000712503038812;0.000674804090522;0.001906299730763;0.000285003101453;5. Is neutral.
19;851d3d83cf9376f9;ae3a1762d22dd110;b48bc7ccb31924db;2024-09-05T22:52:23.000Z;"Onze ‘gastarbeiders’ pasten niet in het wereldbeeld van vele suburbane Vlamingen, in de crisis opgejut door een autoritaire en racistische antivreemdelingenpartij.
http://sampol.be/2024/09/communautarisme-versus-democratie… via @Sampol_magazine";12.0;3.0;6;843;gastarbeiders;2024-09-30 09_27_27.801576;0.008886477909982;0.000013553426470;0.000001617129897;0.000084536586655;0.000002827600838;0.002341359620914;0.000105406943476;3. Against those that oppose immigration or are negative towards migrants, foreigners, refugees, or Muslims.
20;7b0231efc8d87377;50e98a278d9f498c;ddbb547b7042316e;2024-09-27T21:28:44.000Z;"Goede oude Nederlandse mentaliteit: we hebben je nodig en wanneer niet meer kan je wel stikken. Deden ze met kolonies, gastarbeiders en immigranten. Wie verbaast zich nog over dit kabinet?
#Afghanen";4.0;9.0;30;471;gastarbeiders;2024-09-30 09_27_27.801576;0.869331300258636;0.756503164768219;0.002579338150099;0.000083625447587;0.000018194874428;0.869246363639832;0.010495189577341;1. Against immigration, migrants, foreigners, refugees, or Muslims.
21;81d8835913f21f59;fa581092212eab81;30b99af317e04576;2024-09-21T20:44:03.000Z;Ik kom uit een provinciestadje waar  relatief veel industrie was. Papier- en kartonfabriek, machinefabriek, kabelbomen, landbouw techniek, confectie, blikfabriek, noem maar op. Eind jaren 60 kwamen de gastarbeiders. Eerst Spanjaarden, vrome katholieken, daarna Marokkanen,;2.0;;2;303;gastarbeiders;2024-09-30 09_27_27.801576;0.037382494658232;0.000018129108867;0.000166474259458;0.000009894596587;0.000031391671655;0.001335454871878;0.000592550437432;5. Is neutral.
22;0a2a69dc72ae9958;075f118a96e30609;e85d636dcfd44189;2024-09-20T10:21:13.000Z;"Joop den Uyl maakte in 1973 een eind aan de werving van gastarbeiders die door rechts  conservatieve regeringen hierheen waren gehaald.
Job Cohen was staatsecretaris en heeft een strenger vreemdelingenwet ingevoerd. 
Wilders verteld zoals gewoonlijk sprookjes.
#APB2024";159.0;414.0;1,2K;39K;gastarbeiders;2024-09-30 09_27_27.801576;0.041742533445358;0.000043802527216;0.000058228539274;0.000734727538656;0.000263272697339;0.004917001351714;0.000485407450469;5. Is neutral.
23;bc0de96755cbf414;d04546263b2b2f14;26f2c77050b17f32;2024-09-28T08:50:13.000Z;Je bent in 1959 geboren en nadert je pensioen. In 1959 had Nederland 2.294 gastarbeiders, waarvan 1.884 Italianen. Van buiten Europa: 9 Turken en 3 Marokkanen. Vandaag: zo’n 2 miljoen buiten Europa geboren nld’se inwoners, miljoenen meer 2e generatie. En het gaat steeds sneller.;;;;19;gastarbeiders;2024-09-30 09_27_27.801576;0.000895275676157;0.000003218803386;0.000012381256056;0.000026457517379;0.000017794955056;0.000220099798753;0.000020985258743;5. Is neutral.
24;4a0a0f1dc292a548;b14ff67048a3b878;0a4b5aeba6d0354a;2024-09-22T18:00:01.000Z;"Vanavond in De Sociëteit om 22:52 uur op NPO2.

Het is 60 jaar geleden dat de eerste Turkse gastarbeiders in Nederland aankwamen. Wat bracht het hen en wat bracht het Nederland? We gaan het er uitgebreid over hebben.";1.0;1.0;2;230;gastarbeiders;2024-09-30 09_27_27.801576;0.001097547356039;0.000003403528581;0.000001468768801;0.000024997751098;0.000182341216714;0.002001691376790;0.000245636561885;5. Is neutral.
25;4c053d7ef2b7550b;3dd390bd7e992d00;61139fc3c485acf9;2024-09-16T16:13:37.000Z;Koppel laat gastarbeiders in ongeschikte kamers wonen en riskeert monsterboete: “Hadden nooit slechte bedoelingen” http://dlvr.it/TDJPJt;;;;35;gastarbeiders;2024-09-30 09_27_27.801576;0.015346776694059;0.000093507245765;0.000005281215181;0.003051550593227;0.000046687706345;0.007113446015865;0.000009190586752;5. Is neutral.
26;711c8d8e115b3240;90f58980f970fa5f;3614f00ea10ebf64;2024-09-22T13:16:01.000Z;"Dit zijn werklozen...werkloosheid in deze arbeidsmarkt zet mij aan het denken. 
Gastarbeiders zijn het, bij ontslag of.einde werkzaamheden retour land van herkomst.";;;5;59;gastarbeiders;2024-09-30 09_27_27.801576;0.101834461092949;0.000132044617203;0.001288373256102;0.000037878086005;0.000007996970453;0.009590211324394;0.000596872414462;1. Against immigration, migrants, foreigners, refugees, or Muslims.
27;15a83d61bf8a1524;9776e9b1b6571a7a;bfd86cd4447e0dae;2024-09-25T14:06:17.000Z;"""#Marokkaanse Gastarbeiders"" | KRO Brandpunt 27-11-1965 ! 

Met dank aan @ZihniOzdil voor het uploaden .
#Casablanca 1965 
Cc: @aborifi";;1.0;1;61;gastarbeiders;2024-09-30 09_27_27.801576;0.000566387781873;0.000022881789846;0.000000942142208;0.000143820201629;0.000088537744887;0.000099673357909;0.000035597237002;5. Is neutral.
28;f5815491c3b02429;ccdeae35b9524689;955f870a4a122171;2024-09-27T13:16:35.000Z;Pleidooi voor monument gastarbeiders: ‘Zij hebben een onaantastbare bijdrage aan de samenleving geleverd‘;;;;390;gastarbeiders;2024-09-30 09_27_27.801576;0.010666092857718;0.000089737848612;0.000013154363842;0.000102297221019;0.000041099716327;0.009996251203120;0.000068306697358;2. In support of immigration, migrants, foreigners, refugees, or Muslims.
29;12fe6b81af09a159;c617ac153b68c253;3136ea36b1c47a45;2024-09-24T13:16:32.000Z;De buitenlandse werving van Spaanse, Marokkaanse en Turkse arbeiders, (1961 en 1964) werd gestart door het toenmalige kabinet van KVP, ARP, CHU en VVD. In 1973 beëindigde het kabinet-Den Uyl de officiële werving van gastarbeiders.;;4.0;16;766;gastarbeiders;2024-09-30 09_27_27.801576;0.002111543668434;0.000332891038852;0.000102785634226;0.000010030113117;0.000004025040198;0.003219283418730;0.000095683702966;5. Is neutral.
30;367320dbae30e68b;8c405a319e17b513;6656106f4bf7533c;2024-09-20T16:14:44.000Z;"En daarbij: De grenzen zijn destijds opengezet op verzoek van... Werkgevend Nederland. In het algemeen zijn dit... VVD-ers.
Aangezien slavernij niet meer mocht, kregen gastarbeiders (terecht) dezelfde rechten en plichten als NL-ers.";;;3;254;gastarbeiders;2024-09-30 09_27_27.801576;0.005946019198745;0.000074655261415;0.000019864770366;0.000673963397276;0.000609549169894;0.009731958620250;0.000043109896069;5. Is neutral.
31;6d2a07b64da2da5f;e43a432804eb97e5;d449a3fb17e2e49c;2024-09-28T14:56:50.000Z;"Mijn ouders waren gastarbeiders.
Mijn vader heeft in de kool mijnen gewerkt. 
Ikzelf heb het Nederlands moeten leren en ben daar heel dankbaar voor dat ik de kans heb gekregen. 
Ik heb het geluk gehad om te kunnen bijdragen aan de maatschappij en de maatschappij is goed voor mij";;;4;28;gastarbeiders;2024-09-30 09_27_27.801576;0.001773084397428;0.000001415060183;0.000084976993094;0.000132341738208;0.000092944697826;0.002136176452041;0.000623739906587;2. In support of immigration, migrants, foreigners, refugees, or Muslims.
32;f020be1960c2f966;77fd91771febafff;9dedcae3ea4a2e6a;2024-09-27T06:16:10.000Z;Mensen en dus ook kinderen kunnen walgelijk zijn. We krijgen via de oveheid en de media te horen dat elk kind veilig moet zijn op school. Iets van 50 jr geleden trof mijn moeder een mes bij mijn jongste broertje aan. Alle jongens van gastarbeiders hebben een mes zei hij, ik moet;1.0;;7;503;gastarbeiders;2024-09-30 09_27_27.801576;0.202125370502472;0.000712905777618;0.001355989021249;0.000150057021528;0.000192788065760;0.628342926502228;0.066680260002613;1. Against immigration, migrants, foreigners, refugees, or Muslims.
33;7ec52bba49600272;113b6fffd5478091;5e1e332894a82fb2;2024-09-24T14:30:55.000Z;Goed genuanceerd stuk over het #DeenseModel. Dat is zo bijzonder niet. Het is vooral gebaseerd op de EU-opt out, waardoor Denemarken al heel lang net iets strenger kan zijn dan andere landen. Denemarken is van oudsher wars van migranten en heeft ook nooit gastarbeiders gekend.;1.0;;;43;gastarbeiders;2024-09-30 09_27_27.801576;0.028434202075005;0.000001656172230;0.000044981239625;0.000014560408999;0.000018762173568;0.000774520041887;0.000156248381245;5. Is neutral.
34;b9a010e1a9a79d19;1d568bc6bf3c9ead;9dfa69920d236bd2;2024-09-23T19:22:20.000Z;Deze barbaren zijn ooit hierheen gehaald als GASTARBEIDERS om de economie te boosten. Soit. Maar op de premisse dat ze TERUG zouden gaan! Niet om de rest van hun (vaak achterlijke) familie ook nog eens hierheen te laten komen. Dat is helaas in 2005 al vastgelegd in de EVRM.;;;4;74;gastarbeiders;2024-09-30 09_27_27.801576;0.804923176765442;0.000102015699667;0.000003644046046;0.000026203881134;0.000006670338280;0.208164542913437;0.001017776783556;1. Against immigration, migrants, foreigners, refugees, or Muslims.
35;d5647f07ff09bb70;bb2d01e4ad68f9ac;c1f802ab5c6c3147;2024-09-24T13:18:48.000Z;Ik ken de verhalen van nazaten van arbeidsmigranten, eerder betiteld met gastarbeiders o.m. vanuit mijn betrokkenheid bij een minor aan de HHS, over onwrikbare schooladviezen beneden competentie waar ze tegen in moesten vechten. Vaak pas stapsgewijs op competentieniveau;;;2;19;gastarbeiders;2024-09-30 09_27_27.801576;0.027056509628892;0.000023111642804;0.002278089290485;0.001201566308737;0.000662224832922;0.029631944373250;0.001278035459109;5. Is neutral.
36;d531df14f03a06d3;65256347c323244f;7f31f4ac37bf41f0;2024-09-28T09:24:01.000Z;Jij bent een kind van gastarbeiders. Dus niet de Servische agressie op de Balkan meegemaakt. Je hebt dus wel meegemaakt dat mensen van de Balkan hierheen vluchtten. Ik heb het zelf meegemaakt. Er waren GEEN alleenstaande mannen die vluchtten. Waarom doen de Arabieren dit wel?;1.0;2.0;25;565;gastarbeiders;2024-09-30 09_27_27.801576;0.235739901661873;0.000001045876957;0.000196078297449;0.000636290060356;0.001012227265164;0.062135260552168;0.000752530584577;1. Against immigration, migrants, foreigners, refugees, or Muslims.
37;16b43177d5dc08ea;e0c6277f17c991c8;281772972fe3316e;2024-09-23T09:24:35.000Z;Het spreekwoord gasten en verse vis,blijven 3 dagen fris. Gastarbeiders voor 3 dagen is inderdaad wat kort, maar 3 jaar had het maximum moeten zijn. Had een heleboel problemen bespaard en hadden we nu geen parallelle gemeenschap in Nederland gehad.;;1.0;3;85;gastarbeiders;2024-09-30 09_27_27.801576;0.053340483456850;0.003661247901618;0.000395517330617;0.000034766057070;0.000105518578493;0.081237971782684;0.004564776550978;1. Against immigration, migrants, foreigners, refugees, or Muslims.
38;ba9d485035522a44;da234f602db8b874;c38c746509cffe05;2024-09-27T08:13:01.000Z;Ik ken het uit mijn jeugd, bij vriendinnen van mijn moeder die in elkaar werden geslagen door hun mannen. Lang voor er gastarbeiders kwamen. Gewone meneren die in pak naar hun werk gingen in hun Opel. Ik ken n jonge vrouw die kort geleden bijna gewurgd werd door haar man.;2.0;;1;26;gastarbeiders;2024-09-30 09_27_27.801576;0.055980507284403;0.000158518872922;0.045149590820074;0.018412942066789;0.000814015627839;0.621003687381744;0.061561554670334;6. Other: domestic violence not immigration related.
39;a28797774d570ac3;07bd5ed0e667e1be;7d25f32ba8a80124;2024-09-25T10:44:58.000Z;En vergeet niet dat toen de werkloosheid hoog was en o.a. deze Turkse gastarbeiders minder productief waren, ze in de WAO werden gedumpt door de werkgevers. De Nederlandse taal niet spreken woog mee als criterium. En Kok ( PVDA) heeft de WAO vereisten daarna aangepast.;2.0;;10;905;gastarbeiders;2024-09-30 09_27_27.801576;0.096113115549087;0.000035468674469;0.000527076830622;0.000054616823036;0.000122019751870;0.009829771704972;0.000119303229439;5. Is neutral.
40;b1dc2792135a06f3;e0c6277f17c991c8;281772972fe3316e;2024-09-20T23:21:37.000Z;De werkgevers hebben GASTarbeiders over laten komen vanuit het buitenland. De GASTarbeiders zouden enige tijd hier werken er terug gaan naar hun land van afkomst. Den Uyl en de PVDA zijn de GASTarbeiders gaan beschouwen als inwoners van Nederland hetgeen nooit de bedoeling was.;;;2;43;gastarbeiders;2024-09-30 09_27_27.801576;0.052206978201866;0.000079554578406;0.000092856367701;0.000059714275267;0.000061085345806;0.019172908738256;0.000912208226509;1. Against immigration, migrants, foreigners, refugees, or Muslims.
41;6359360878d36308;3dab550bf0e3d72c;06b20c601549a4a3;2024-09-21T08:45:02.000Z;"Om spuugzat van te worden, deze onzin. Kijk eens naar de aantallen parasieten die afgelopen jaren Nederland in zijn gekomen. Honderden duizenden. Er zijn al 420.000 Marokkanen alleen binnen gekomen. Terwijl den Uyl 44.000 gastarbeiders binnengelaten heeft rond 1970.

Leugenaar!";3.0;;6;878;gastarbeiders;2024-09-30 09_27_27.801576;0.741307139396667;0.000038475729525;0.000058054502006;0.000020787114408;0.000109296706796;0.045996475964785;0.000108648491732;1. Against immigration, migrants, foreigners, refugees, or Muslims.
42;151b7e2ca019e725;3ff41ca81c424737;50118ba59067f24c;2024-09-23T08:30:09.000Z;"Dat was vroeger al 70-tiger jaren. Achter op de vuilniswagen stonden enkel autochtonen, terwijl men dacht dat de turken juist als gastarbeiders kwamen om het vuile werkt te doen waar Nederlanders hun neus voor optrokken...
Tsja in  die tijd verdiende ze FL 2.600 bruto/mnd ! Een";1.0;;5;197;gastarbeiders;2024-09-30 09_27_27.801576;0.326303929090500;0.000049468857469;0.000108660613478;0.000149607978528;0.000688252446707;0.010743191465735;0.001835206407122;5. Is neutral.
43;c626f66a99d57804;113b6fffd5478091;5e1e332894a82fb2;2024-09-23T12:45:22.000Z;Marokkanen zijn hier gekomen als gastarbeiders. Die waren toen heel kansrijk vanzelfsprekend. Door de economische crisis na 1980 werden E echter massaal werkloos en daarom behoren zij (en hun kinderen) nu tot de lagere klasse. En in de lagere klasse vind je meer criminaliteit.;1.0;;2;95;gastarbeiders;2024-09-30 09_27_27.801576;0.319375425577164;0.000004648012691;0.001937595312484;0.000088392473117;0.000202881696168;0.004805997014046;0.000273022887995;5. Is neutral.
44;13e8215fec018bd9;3bbfd5abb6808499;a2d20b987d5f8f13;2024-09-20T22:57:16.000Z;Door gastarbeiders als slaven uit te buiten. Jeetje.;;;4;42;gastarbeiders;2024-09-30 09_27_27.801576;0.298317819833755;0.000172471714904;0.000009018914170;0.001357553876005;0.000043766332965;0.133881956338882;0.002392890630290;1. Against immigration, migrants, foreigners, refugees, or Muslims.
45;e8d9405886a43f3a;fb5bca328c73db67;2189e9c1364d2ee7;2024-09-19T20:21:36.000Z;"Hun nieuwe electoraat.
Dat was al de opmerking eind jaren '70 over de gastarbeiders door Max vd Berg, of in ieder geval iemand in de top van de PvdA.";8.0;7.0;79;1,7K;gastarbeiders;2024-09-30 09_27_27.801576;0.004974850453436;0.000051883002016;0.000094303497463;0.000177161215106;0.000129021267639;0.006059988867491;0.000167836202308;5. Is neutral.
46;d78f7ecdc18efee3;bb2d01e4ad68f9ac;c1f802ab5c6c3147;2024-09-24T13:25:10.000Z;Ik ken de verhalen van nazaten van arbeidsmigranten, eerder betiteld met gastarbeiders, o.m. vanuit m’n betrokkenheid bij een minor aan de HHS, over onwrikbare schooladviezen beneden competentie waar ze tegenin moesten vechten. Vaak stapsgewijs pas op competentieniveau. #racisme;1.0;;6;191;gastarbeiders;2024-09-30 09_27_27.801576;0.026422165334225;0.000039974958781;0.000155176225235;0.000633710122202;0.000535714672878;0.004858394619077;0.000183429001481;3. Against those that oppose immigration or are negative towards migrants, foreigners, refugees, or Muslims.
47;d64dbd4a01ed16a4;bde1f5efac7d8c73;9bccea6ce9288bd4;2024-08-31T18:45:21.000Z;Zo kun je ook tegen gastarbeiders aankijken.;;;;119;gastarbeiders;2024-09-30 09_27_27.801576;0.162485301494598;0.000016162159227;0.000000540596261;0.000001315865461;0.000000242726827;0.010180281475186;0.000019111739675;1. Against immigration, migrants, foreigners, refugees, or Muslims.
48;21ffeb6146bc1915;51764b97c1f56709;73b6d156e75a8c1f;2024-09-22T09:46:25.000Z;"Zitten we niet te wachten op weer een godsdienst? De eerste gastarbeiders kwamen, met hun religie, in de jaren 50/60. Die ""nieuwe"" godsdienst is dus al een jaartje of 70 in ons land.";2.0;;4;417;gastarbeiders;2024-09-30 09_27_27.801576;0.030566288158298;0.000006891999874;0.000007562406154;0.000028646267310;0.000095651776064;0.003042474389076;0.000295981939416;1. Against immigration, migrants, foreigners, refugees, or Muslims.
49;176295271ba8e520;14eb839283d64f19;2d556e84a43f21bc;2024-09-25T10:28:40.000Z;De vraag is dan ook: Waar en wanneer zal dit leger worden ingezet. Hoe was dit met de Turkse en Marokkaanse gastarbeiders die in WO2 vochten @superjan. Ik weet het niet, het klopt iig totaal niet.;;;;16;gastarbeiders;2024-09-30 09_27_27.801576;0.081964805722237;0.000039556194679;0.000004046253707;0.000075115785876;0.000052160765335;0.068889282643795;0.000539091823157;6. Other: unclear stance on immigration.
50;3c528b35721ef4ec;78eb0f835c50cc74;c6151824451832d5;2024-09-20T22:20:28.000Z;Joop de Uyl zette de grenzen juist wagenwijd open..Het zijn echt sprookjes die u verteld, sterker nog toen kwamen de gastarbeiders die noooooooiiiiit meer weggingen.;1.0;;2;60;gastarbeiders;2024-09-30 09_27_27.801576;0.045954015105963;0.000021645999368;0.000243426824454;0.000029754293791;0.000025043493224;0.002120562363416;0.000552279932890;1. Against immigration, migrants, foreigners, refugees, or Muslims.
51;d9359cc49bed8b3c;3d32264d59b0c2f8;58882edb0b0f4df1;2024-09-19T09:52:07.000Z;"Precies laatst ook een Turkse man en zijn zus. Zus was 60 jaar in NL en sprak geen woord NLs.
Dit waren de gastarbeiders die kwamen werken dat precies 2 jaar deden en vervolgens in de ZW en uiteindelijk in de WAO terecht kwamen, vanwege rugpijn.";;3.0;9;239;gastarbeiders;2024-09-30 09_27_27.801576;0.091302610933781;0.000095418457931;0.011481535620987;0.000594045210164;0.000276759907138;0.026972213760018;0.004659301135689;1. Against immigration, migrants, foreigners, refugees, or Muslims.
52;d1def237f4e3c923;e04c4e80256247d1;d143b46ea69311c2;2024-09-27T11:45:26.000Z;Uiteraard waren NIET alle gastarbeiders die toen naar hier kwamen 20 en kinderloos.  Vrouw en kinderen bleven vaak aanvankelijk in het thuisland en kwamen enkele jaren nadien. U hebt geen enkele grond om deze jongedame voor leugenaar uit te maken.;;;1;32;gastarbeiders;2024-09-30 09_27_27.801576;0.006093939766288;0.000040971124690;0.000011859209735;0.000764830445405;0.001562193967402;0.022856881842017;0.000008225906640;5. Is neutral.
53;388559f24b8f2ca4;e6c3e25d1ee05bda;c314f3e75728631b;2024-09-28T19:06:01.000Z;"Rijk Rechts, was en is bezig met massale immigratie. Eerst Marokkaanse en Turkse gastarbeiders gevolgd door massale arbeidsimport uit Oost-Europa. Verder wordt ondermeer A’dam massaal verhuurd aan expats
en  BUITENLANDSE kopers , dankzij internationale reclame door minister Blok>";1.0;1.0;2;59;gastarbeiders;2024-09-30 09_27_27.801576;0.100053265690804;0.000063943247369;0.000042740990466;0.000157229384058;0.000112634101242;0.005065404810011;0.001056890818290;1. Against immigration, migrants, foreigners, refugees, or Muslims.
54;71f1fa24ae34ef22;f1c182e54245d2b7;a002abd51fb44e09;2024-09-16T04:34:44.000Z;Dat mensen kansen moeten krijgen om te integreren. Nederland kan niet weer de fouten maken die ze met de gastarbeiders in de jaren 60 maakten.;2.0;;;126;gastarbeiders;2024-09-30 09_27_27.801576;0.033839050680399;0.000016423986381;0.000001101230851;0.000022331973014;0.000020916128051;0.008877641521394;0.000082890728663;2. In support of immigration, migrants, foreigners, refugees, or Muslims.
55;71a03a7ec53594e8;a195a1a4fcc35cd3;b2776c41e10c69ea;2024-09-14T09:14:38.000Z;"Never give in for abuis. Wat? Check; hoog conjunctuur alleen (?) bij slavernij rn gastarbeiders. Tuurlijk ook uw gezin (ja, soort '67 Palasteina) oei, oei wij hebben het fout gedaan, dat kost u geld. Emigratie belasting, bij vertrekpoort ff strippen 
https://youtu.be/YySW9cF7N7Y?si=GwkVq-vQOC8i8XsJ…";;;;44;gastarbeiders;2024-09-30 09_27_27.801576;0.130237609148026;0.001613197964616;0.000011783093214;0.001847306382842;0.000378830329282;0.026659583672881;0.003512299386784;1. Against immigration, migrants, foreigners, refugees, or Muslims.
56;78548484e93ea243;2308555a2dcb035c;0f5654b655fb743b;2024-09-27T12:47:06.000Z;Het vermoeden dat een verzetsstrijder aanwezig is, is al  voldoende om een huis weg te vagen. En maar liegen en jammeren over 7 okt toen er ook veel doden (wo gastarbeiders) vielen door de Hannibal doctrine, isr bronnen bevestigen dat. Maar dd buitenlandse doden krijgen niet aan;1.0;;;40;gastarbeiders;2024-09-30 09_27_27.801576;0.086038023233414;0.002273934427649;0.000608770060353;0.000039082024159;0.000029331782571;0.413911759853363;0.003387442091480;1. Against immigration, migrants, foreigners, refugees, or Muslims.
57;ba0481cd6ded8319;4232d2af1588375f;f9a620d0133fa173;2024-08-31T14:20:16.000Z;"Het is zestig jaar geleden dat Nederland een wervingsverdrag sloot met Turkije en dat de eerste gastarbeiders naar ons land kwamen. Wat valt er, nu arbeidsmigratie weer onder vuur ligt, van toen te leren? ‘Dat mensen teruggaan is vaak een illusie.’
#60jaarTurksearbeidsmigratie";;;;55;gastarbeiders;2024-09-30 09_27_27.801576;0.014224751852453;0.000105509818240;0.000025371622542;0.000075630203355;0.000232273887377;0.006945656612515;0.000327235000441;5. Is neutral.
58;9bd2f17c8a7a2e81;b8f5b09425eb8025;457190826e0f2ea1;2024-09-25T10:19:13.000Z;Was er dan niemand kritisch in die tijd? Jazeker. De PvdA. De linkse partij waarschuwde voor verdringing van Nederlandse werknemers en de druk op de lonen. Daarom eiste de PvdA dat gastarbeiders maar twee jaar mochten blijven.;6.0;32.0;243;8,4K;gastarbeiders;2024-09-30 09_27_27.801576;0.011446328833699;0.000059359772422;0.000261230656179;0.000034835087718;0.000183915530215;0.006249436177313;0.000586216454394;1. Against immigration, migrants, foreigners, refugees, or Muslims.
59;29031b44b3fa77ad;997361bcc2b804ba;50fd38825c7242dc;2024-08-25T15:22:12.000Z;"'Dat juist een aanzienlijk deel van de tweede en derde generatie moslimimmigranten aanmerkelijk fanatieker is dan de goedlachse gastarbeiders van weleer.'
Moslims in de polder: a match made in heaven https://ewmagazine.nl/nederland/opinie/2024/04/moslims-in-de-polder-a-match-made-in-heaven-69398w/… via @ewmagazinenl";2.0;;;94;gastarbeiders;2024-09-30 09_27_27.801576;0.090293794870377;0.000067544242484;0.000000763261937;0.000136370494147;0.000214434592635;0.001490589347668;0.000020792187570;1. Against immigration, migrants, foreigners, refugees, or Muslims.
60;d553585439c160d4;c7db0e7ae9b7bc74;d5e6b500af19b582;2024-09-24T18:06:54.000Z;"De actieve werving van gastarbeiders werd in 1973 door het kabinet-Den Uyl gestaakt; het wervingsverdrag werd gestopt. Voor de jonge lezers: Den Uyl was geen VVD’er. /13 @VVD @DilanYesilgoz";1.0;2.0;4;122;gastarbeiders;2024-09-30 09_27_27.801576;0.001415866659954;0.000001443751557;0.000001029103601;0.000245995353907;0.000209000048926;0.000705852406099;0.000102475787571;5. Is neutral.
61;6ded2b796cbdf22b;0e73391ba67fccab;bda482e2ef242f65;2024-09-21T08:15:05.000Z;En toch zijn ze in grote aantallen blijven komen, dragen ze weinig bij (een groot deel van de zogenaamde gastarbeiders werkt niet en een flink aantal heeft dat zelfs nooit gedaan), integreren ze niet en leveren ze overlast (oververtegenwoordiging criminaliteit) op. Hoe kan dat?;;;3;54;gastarbeiders;2024-09-30 09_27_27.801576;0.489584296941757;0.000218252054765;0.000117571697047;0.000048056517699;0.000034172870073;0.019651548936963;0.000076266740507;1. Against immigration, migrants, foreigners, refugees, or Muslims.
62;411746cae8ea156b;49ec9289b87de408;d816a91f4356ac0a;2024-09-04T11:31:02.000Z;Op 25 september kan je naar Pakhuis de Zwijger in Amsterdam, waar het boek “Van dankbaar naar strijdbaar” van Bilal Ben Abdelkarim  centraal staat. Het vertelt het verhaal van Marokkaanse Nederlanders die zich niet alleen hebben ontwikkeld van gastarbeiders naar trotse burgers,;;2.0;12;1,2K;gastarbeiders;2024-09-30 09_27_27.801576;0.001799822319299;0.000004686295142;0.000080424440966;0.000025935974918;0.000003163067049;0.003405359108001;0.000028518703402;5. Is neutral.
63;d56bd74a66351ee1;a059ebd6b03f65c6;1f5b1c22e960d0a5;2024-09-25T16:34:56.000Z;Goede draad. Voor mensen die twijfelen -> https://historiek.net/gastarbeiders-nederland-betekenis-marokko-turkije/135726/…;;;4;264;gastarbeiders;2024-09-30 09_27_27.801576;0.000765472126659;0.000005600775694;0.000011335855561;0.000064650870627;0.000077715398220;0.000445267447503;0.000051788782002;5. Is neutral.
64;bd828efd09a37397;f46cf2b95a332ba2;c8083fd928f6ceb1;2024-09-20T19:33:37.000Z;De VVD wilde gastarbeiders naar Nederland halen, want de werkgevers (en dat vinden ze nog steeds) zijn williger, gehoorzamer en goedkoper. Het is vooral en met en met name de VVD, men Wilders, de berg volksverlakker waar u uitgekropen bent, omdat u daar zelfs niet tussen paste.;;;1;45;gastarbeiders;2024-09-30 09_27_27.801576;0.263691484928131;0.000442596938228;0.001427509356290;0.000096883792139;0.000040312766941;0.091225899755955;0.000275756668998;1. Against immigration, migrants, foreigners, refugees, or Muslims.
65;f46889f0713bd138;4c9fb9fd31cfb6f7;1228bbfb47667e32;2024-09-21T08:19:14.000Z;"Vaals is trouwens ook heel mooi al is er op dat park geen reet te doen.

Dunimar viel echt tegen, prachtige huisjes maar kale vlakte en veel gastarbeiders in de huisjes

Als je een keer iets nieuws zoekt dan raad ik de Lommerbergen echt aan, prachtig in het bos met veel beestjes.";1.0;;2;52;gastarbeiders;2024-09-30 09_27_27.801576;0.014775110408664;0.000011885783351;0.001194392680190;0.000075537587691;0.000117105570098;0.000883035303559;0.000017710237444;1. Against immigration, migrants, foreigners, refugees, or Muslims.
66;f108355dfc0392cd;da928a3d4fede4d3;31b838d28858eaa4;2024-09-04T21:01:10.000Z;"#VaarwelVaderland
De gastarbeiders en mensen uit Indonesië vertellen over hun reden ,aankomst en leven in Nederland .Boeiend maar ook komt de vraag op ,waarom en wanneer begon het mis te gaan.";;;;108;gastarbeiders;2024-09-30 09_27_27.801576;0.006726731080562;0.000068439767347;0.000388514570659;0.000657023454551;0.000621847517323;0.001095874700695;0.000258036190644;5. Is neutral.
67;0b16afd2f81cca16;d95fb78b57007512;05b507067d50703c;2024-08-31T15:05:14.000Z;Dit was een aanleiding om arbeiders uit Turkije en Joegoslavië te halen om het arbeidspotentieel voor de Nederlandse industrie weer op peil te brengen. Daarom verwelkomden onze scheepsbouwers, havenbaronnen en directeuren van onze textielindustrie onze gastarbeiders zo van harte.;;1.0;2;53;gastarbeiders;2024-09-30 09_27_27.801576;0.001980184111744;0.000059423207858;0.000047604771680;0.000050251186622;0.000010820087482;0.001814194140024;0.000200759968720;5. Is neutral.
68;c8f547469d32688f;9a78afb4c45ae8db;69056dd75df3af36;2024-08-06T09:22:57.000Z;'Kinderachtige leugens': Hongarije ontkent EU-verwijten over Russische gastarbeiders;2.0;;3;40;gastarbeiders;2024-09-30 09_27_27.801576;0.024247515946627;0.000155582922161;0.000072607013863;0.000666217063554;0.003065125551075;0.002326587913558;0.000062156381318;5. Is neutral.
69;fb26ed6428134c13;d235d56f7980b5f9;839ac6472fa06bed;2024-09-20T14:06:52.000Z;"Vroeger moesten de gastarbeiders terug.
Den Uyl heeft hierin verandering gebracht met de wet ""recht of gezinshereniging"" in 1974.
Daarvoor waren het GASTarbeiders en zoals het woord het al zegt, te gast en men ging terug. Kom in Spanje nog veel mensen tegen uit die 
tijd.";6.0;2.0;23;1,1K;gastarbeiders;2024-09-30 09_27_27.801576;0.003335467306897;0.000005284540293;0.000013082941223;0.000003662004701;0.000007363696568;0.000695628405083;0.000015817231542;1. Against immigration, migrants, foreigners, refugees, or Muslims.
70;8585c72787eb7b51;9a412f8884719aa0;82386357e6f5881a;2024-08-30T19:46:46.000Z;2024: Kabinet onder leiding van @PVVpers regelt belastingvoordeel voor gastarbeiders. What's next?;;;;22;gastarbeiders;2024-09-30 09_27_27.801576;0.002518951194361;0.000258823885815;0.000000333474162;0.000019036360754;0.000101584402728;0.009338766336441;0.000109370717837;1. Against immigration, migrants, foreigners, refugees, or Muslims.
71;52c3fbe19e4104d1;a51967a2deb1f0c2;9ee26a62af7ea872;2024-09-04T19:19:52.000Z;O bij Arno mag er niet gepraat worden tijdens het werk? Hij vergat even dat het om potentiële partners gaat en niet om gastarbeiders. #benbvolliefde;;;35;2K;gastarbeiders;2024-09-30 09_27_27.801576;0.007029140368104;0.000011876855751;0.000001215161774;0.000860380765516;0.000219379900955;0.000636423472315;0.000008857034118;1. Against immigration, migrants, foreigners, refugees, or Muslims.
72;382159a69884148b;9c25e1e7400d1682;869da18ad076077a;2024-09-20T21:10:55.000Z;niet door rechts conservatieve regeringen. Die zagen alleen geen problemen (niemand niet) bij het door onze grote bedrijven (philips, akzo, aldel, textiel) ronselen van gastarbeiders.;;;;21;gastarbeiders;2024-09-30 09_27_27.801576;0.049617301672697;0.000066370244895;0.000137020804686;0.000327208806993;0.000148365768837;0.002678479067981;0.000963936734479;5. Is neutral.
73;48a737bdc153b168;a195a1a4fcc35cd3;b2776c41e10c69ea;2024-08-25T23:04:26.000Z;Faber wil ik toch even op de korrel hebben, zij claimt 'ons geld' daar komt het kort op neer. Maar vergeet één cruciaal ding. Wij, nl  verdienen alleen geld als Slaven of Gastarbeiders, enne dat van vakantie in hun (ja,) thuisland of culturele gelijke, gelijk hebben zij. Volgt /2;;;;26;gastarbeiders;2024-09-30 09_27_27.801576;0.255990743637085;0.000069637819252;0.000109207001515;0.003758943872526;0.001499997801147;0.047118738293648;0.001230502966791;3. Against those that oppose immigration or are negative towards migrants, foreigners, refugees, or Muslims.
74;d13547c67d9c6b8a;fb1510069fa0f111;ef3353ed9cb017e2;2024-09-21T13:36:49.000Z;bv als het gaat over het kapitalistische opportunisme om gastarbeiders en arbeidsmigranten hierheen te halen, uit te buiten, niet te laten betalen voor taallessen en dus integratie. Nee, het is allemaal net onder het oppervlak, maar heel helder dat Wim hier ideologisch geneigd is;1.0;;2;53;gastarbeiders;2024-09-30 09_27_27.801576;0.071637414395809;0.000004628166153;0.000012972367585;0.000068118053605;0.000031536146707;0.003165008500218;0.000095462972240;1. Against immigration, migrants, foreigners, refugees, or Muslims.
75;0a0bf103dd4e259f;d1431cb52feaa021;a21389091bcf938d;2024-09-05T06:42:32.000Z;True story. Conservatisme is ook te merken op de middelbare scholen in Amsterdam. Het is net de Turkse cultuur toen de gastarbeiders naar Nederland kwamen. Vooral als het gaat liefdesrelaties. Ik weet niet wat ik meemaak.;;;2;591;gastarbeiders;2024-09-30 09_27_27.801576;0.036469932645559;0.000000480523852;0.000177924710442;0.000755006563850;0.007577391341329;0.000840417866129;0.000256351806456;5. Is neutral.
76;7c2f4df07d0e31fd;361cde1b152e57dc;f8733c9649197545;2024-09-16T21:42:45.000Z;#barlaat de fout is in de jaren 70 en 80 gemaakt door de gastarbeiders niet terug te sturen na einde werk..en dat is geescaleerd nu..In Dubai moet je oprotten als je baan klaar is. Wat naturaliseren? ROT OP!!;;;;171;gastarbeiders;2024-09-30 09_27_27.801576;0.232559114694595;0.000645921623800;0.000006868116998;0.000050620092225;0.000012258105926;0.024855766445398;0.000019306193280;1. Against immigration, migrants, foreigners, refugees, or Muslims.
77;4d740cd48d319830;b74c936a856cecc8;9d4bb69970a2387e;2024-09-17T09:41:46.000Z;Klopt. Dat begon al in mijn tijd begin jaren '60 met Spaanse gastarbeiders. Waren voormalige vissers en die goedkope arbeidskrachten konden ze goed gebruiken bij ons aan boord.;1.0;;3;199;gastarbeiders;2024-09-30 09_27_27.801576;0.008130540139973;0.000029381111744;0.000124298938317;0.000174501576112;0.000074060553743;0.002627226989716;0.000441510230303;5. Is neutral.
78;28910507f52b0706;cad2da138473aea6;165c15b4d84c5c5a;2024-09-11T08:10:44.000Z;"Eating cats and dogs......ik herinner me dat jaaaaaren geleden dezelfde verhalen de ronde deden over Turkse en Marokkaanse gastarbeiders... 

Racisten zijn niet bepaald origineel.";;;;30;gastarbeiders;2024-09-30 09_27_27.801576;0.398987948894501;0.000009056371709;0.000069457099016;0.000119792042824;0.000007219508007;0.341678559780121;0.130309626460075;3. Against those that oppose immigration or are negative towards migrants, foreigners, refugees, or Muslims.
79;87486a5598d57ebe;5b2ab6f43d9bee59;ee5a48f57d345fcd;2024-08-19T12:34:26.000Z;Podcast De Dag: 60 jaar Turkse gastarbeiders in Nederland;24.0;2.0;11;21K;gastarbeiders;2024-09-30 09_27_27.801576;0.003381410380825;0.000079587880464;0.000025923711291;0.003158856881782;0.001336314366199;0.002413949929178;0.000304787565256;5. Is neutral.
80;210898f6651d8834;23281e501744c763;98160ba83dfe1ecf;2024-08-30T23:24:37.000Z;"Precies.   De eerste gastarbeiders kwamen begin 60.
Die werkten vrijwel allemaal.";1.0;1.0;3;233;gastarbeiders;2024-09-30 09_27_27.801576;0.012190600857139;0.000033639080357;0.000580284686293;0.000862706452608;0.000278234074358;0.002660875907168;0.000242456502747;5. Is neutral.
81;c37cf0b6c47ff994;77fd91771febafff;9dedcae3ea4a2e6a;2024-09-16T09:57:30.000Z;Onze nakomeling was boos. Mijn jongste broertje was boos, omdat een kind van gastarbeiders hem verteld had dat Nederland later van hen zou zijn. Wij moesten daar toen om lachen. We zijn nu iets van 50 jr verder. Binnen een eeuw was het midden oosten geïslamiseerd.;4.0;;28;1,2K;gastarbeiders;2024-09-30 09_27_27.801576;0.025922007858753;0.000009532845979;0.000006052288882;0.000181354262168;0.000767777732108;0.009229082614183;0.000568938034121;1. Against immigration, migrants, foreigners, refugees, or Muslims.
82;646959a868ed97d6;3d32264d59b0c2f8;58882edb0b0f4df1;2024-09-21T05:56:18.000Z;Het was de PvdA die de gastarbeiders de familie lieten ophalen. Het begin van alle ellende.;;;3;41;gastarbeiders;2024-09-30 09_27_27.801576;0.250074267387390;0.000007832438314;0.000015075198462;0.000022628308216;0.000069355570304;0.032442908734083;0.000588263850659;1. Against immigration, migrants, foreigners, refugees, or Muslims.
83;9bc6d60900c0f8d6;af0ea405278c597e;c32b90b43f824191;2024-08-27T22:18:29.000Z;Mag je niet zeggen Wierd, maar wat heb je gelijk. Ik was 8 jaar in 1955 heb het allemaal meegemaakt in Nederland. De Hongaarse vluchtelingen, de gastarbeiders, de Tsjechische vluchtelingen na de Praagse Lente en ga maar door. Onvergelijkbaar met wat er op dit moment gebeurt;;;9;490;gastarbeiders;2024-09-30 09_27_27.801576;0.011394234374166;0.000000880468292;0.000003589295829;0.000296916579828;0.000823718437459;0.006978490855545;0.001338818110526;1. Against immigration, migrants, foreigners, refugees, or Muslims.
84;f43ae2d2188da944;e18ac37a224ffc42;599ca3fbe02e8bd4;2024-09-27T08:08:06.000Z;Hou op deze onzinnige leugen te verspreiden dat gastarbeiders weinig verdienden. De koolputters waren de best betaalde werkers en gastarbeiders kregen hetzelfde loon. Het waren nooit meer dan 15% gastarbeiders trouwens, de rest waren Limburgse zonen en vaders.;;;7;118;gastarbeiders;2024-09-30 09_27_27.801576;0.359955221414566;0.000110212880827;0.000032900399674;0.000085783191025;0.000365037674783;0.028169302269816;0.000063718573074;5. Is neutral.
85;085b5d7cb1c4b235;2b4923ac43fd2652;94dc68c32f17ecd1;2024-08-09T12:54:44.000Z;Het probleem met deze puber is, dat hij niet beter weet. Hij heeft geen notie van de tijd voor de massale toestroom van gastarbeiders, gezinshereniging, massale toestroom van zgn ‘vluchtelingen’, wij senioren of boomers hebben dat wel! Dat is het verschil!;1.0;;3;84;gastarbeiders;2024-09-30 09_27_27.801576;0.025736145675182;0.000005804438388;0.000015101140889;0.000498228997458;0.001270363456570;0.010308174416423;0.000080820223957;1. Against immigration, migrants, foreigners, refugees, or Muslims.
86;20c4caefbab94d26;1e9a003afea3fb29;04322359a9c6f1df;2024-09-10T09:34:29.000Z;Nederland is een land dat bestaat dankzij grote groepen die van buiten gekomen zijn, vaak als vluchteling, zoals Joden uit Spanje, Hugenoten, soldaten uit Zwitserland, Duitse handelaren en arbeiders, chinezen, Indische mensen, Surinamers, gastarbeiders, vluchtelingen, enz.;1.0;3.0;11;260;gastarbeiders;2024-09-30 09_27_27.801576;0.002915124874562;0.000013162132745;0.000017330965420;0.000050500279031;0.000007848274436;0.000907414359972;0.000175383145688;2. In support of immigration, migrants, foreigners, refugees, or Muslims.
87;f55cd176a05904f6;ea1d3c3c97ca44df;c95113d6dfb4454a;2024-09-18T08:01:37.000Z;"Ook weer zo'n migratiemythe: namelijk dat links massaal gastarbeiders naar Nederland haalde, terwijl de SP vanaf het begin niet blij was met de komst van gastarbeiders (overigens spatte de xenofobie toen al van de SP standpunten af). 

Maar het is allemaal de schuld van links...";1.0;;;212;gastarbeiders;2024-09-30 09_27_27.801576;0.324826419353485;0.000059821944888;0.000378590630135;0.000037761015847;0.000057317367464;0.008368434384465;0.000084444254753;3. Against those that oppose immigration or are negative towards migrants, foreigners, refugees, or Muslims.
88;fdfe26f7cdfca6ab;4f866134b2a7fdb7;efa56f68c617a710;2024-09-05T13:53:28.000Z;Het ontbrekende detail in #VaarwelVaderland van @OmroepMAX: de ontheemde gezinnen uit Indonesië betaalden de hoofdprijs voor hun gedwongen verblijf in #contractpensions. Die als opvanglocaties vervolgens op uitgekookte wijze geëxploiteerd werden voor de opvang van gastarbeiders.;;3.0;4;258;gastarbeiders;2024-09-30 09_27_27.801576;0.003703943220898;0.000018743146939;0.000028191780075;0.000866237678565;0.000241028887103;0.035329580307007;0.001343536539935;5. Is neutral.
89;76f8dc5e600243ce;a65c4bcfec9c8f74;a1214e9c0b894410;2024-09-27T20:21:03.000Z;Dat is niet waar. Natuurlijk wilden de gastarbeiders destijds hun cultuur meenemen. Integreren wil niet zeggen dat je je cultuur volledig verloochent. Ikzelf zou bepaalde culturele zaken meenemen vanuit België mocht ik verhuizen en het is belachelijk om te doen alsof dat fout is;1.0;;3;379;gastarbeiders;2024-09-30 09_27_27.801576;0.024399973452091;0.000001579170544;0.000053673487855;0.000020737612431;0.000011491901205;0.011720953509212;0.000212901140912;2. In support of immigration, migrants, foreigners, refugees, or Muslims.
90;42b432e8735f805d;fb13e4620624f2b8;14d0963a15bbc291;2024-08-19T18:22:53.000Z;De NOS gooit nog even olie op het vuur van ons nieuwe kabinet. Er waren geen Nederlands sprekende Turkse vrouwen te vinden die hier 60 jaar geleden zijn komen wonen? #nos #gastarbeiders;;;;78;gastarbeiders;2024-09-30 09_27_27.801576;0.082327008247375;0.000196068969672;0.000002490176939;0.000449086568551;0.000096960597148;0.002807175042108;0.000084531435277;1. Against immigration, migrants, foreigners, refugees, or Muslims.
91;f196b74d5249218f;b437c188e2d84d32;f29ced99b79e25dc;2024-09-05T17:32:48.000Z;Verreweg de meeste Italiaanse en Spaanse gastarbeiders keerden terug naar hun land!!!;2.0;1.0;9;154;gastarbeiders;2024-09-30 09_27_27.801576;0.127928897738457;0.000023825381504;0.001974884886295;0.000073441100540;0.000019546192561;0.001481926301494;0.000009943074474;5. Is neutral.
92;c1c616ff95bc4a3b;a21e0ba0ca44daea;c82c663964cb358f;2024-09-25T19:43:03.000Z;Zelfde met de PvdA: gastarbeiders en immigranten werden met open armen ontvangen omdat het potentiële vakbondsleden en later PvdA-stemmers waren (dachten ze).;;;3;34;gastarbeiders;2024-09-30 09_27_27.801576;0.180198580026627;0.000012936109670;0.000225536306971;0.000116334820632;0.000083029888629;0.008961139246821;0.000342852232279;5. Is neutral.
93;607fc35fe57a955a;1145260b89e6da6f;ff8203fb6bd691d0;2024-08-19T18:05:23.000Z;"Lachen met de NPO, journaal, de eerste generatie gastarbeiders, de eerste die aan het woord komt, mevrouw kan nog geen Nederlands.
We zappen maar wéér weg!";;;1;41;gastarbeiders;2024-09-30 09_27_27.801576;0.102579340338707;0.000434969726484;0.000048874699132;0.000516241067089;0.000544033304323;0.050442907959223;0.000112476453069;1. Against immigration, migrants, foreigners, refugees, or Muslims.
94;760ee49448e89123;c7db0e7ae9b7bc74;d5e6b500af19b582;2024-09-24T18:05:27.000Z;En wie was er kritisch? Juist, ja. De PvdA. En dat vanwege de verdringing van Nederlandse werknemers en de druk op de lonen. Daarom eiste de PvdA dat gastarbeiders maar twee jaar mochten blijven. /11 @VVD @DilanYesilgoz;1.0;1.0;3;46;gastarbeiders;2024-09-30 09_27_27.801576;0.012380379252136;0.000080388628703;0.000006022567050;0.000470327824587;0.000224455521675;0.002497338224202;0.000394066271838;1. Against immigration, migrants, foreigners, refugees, or Muslims.
95;54ad841119728cbe;5992e467defe2643;b4454cc2d50b7392;2024-09-20T09:01:12.000Z;Mijn stuk gaat over vluchtelingen, niet over gastarbeiders van wie niet werd verwacht dat ze zouden blijven, zelf ook lange tijd aan terugkeer dachten en die al hun energie in zwaar en slecht betaald werk hebben gestoken. Dat is een heel andere dynamiek;1.0;;1;23;gastarbeiders;2024-09-30 09_27_27.801576;0.034682590514421;0.000004287231150;0.000283382541966;0.000065569918661;0.000045336862968;0.003038086695596;0.000189451689948;5. Is neutral.
96;29167a01585a62a7;a846649b74b8a087;f875e1889f419a15;2024-09-05T14:47:35.000Z;"Ik zag ""vaarwel vaderland"" over gastarbeiders. Het was moeilijk, hard en zwaar werk. Maar wat kregen zij daarvoor terug wat ze in eigen  land nooit hadden gekregen. En ze prijzen de gastvrijheid en hulp van de nederlanders. Waar komt het anti Nederland 3e generatie dan vandaan?";;;;24;gastarbeiders;2024-09-30 09_27_27.801576;0.066634491086006;0.000088591034000;0.000068334185926;0.000113092151878;0.000462088588392;0.007334538269788;0.000067605848017;5. Is neutral.
97;c866605b98a11e1e;3d5b86071d96d682;8d85db31e1d471c4;2024-09-02T22:31:35.000Z;"Jaja, dames en heren. 
Volgens Pieter is er werk aan de winkel. 
Anders haalt Hengelo de 100.000 niet...
(Ow, Ok, sorry, komt dus goed met gastarbeiders...)

NSC-leider Omtzigt waarschuwt voor lage geboortecijfers: 'Gevolgen zijn groot'";;1.0;3;107;gastarbeiders;2024-09-30 09_27_27.801576;0.015587231144309;0.000166157100466;0.000098062650068;0.000345401989762;0.000391970796045;0.007318308111280;0.000032136296795;6. Other: sarcastic about guest workers.
98;8595894a73146abd;8a53a8a45a6f87a1;9cb89660e4fb9ac3;2024-09-15T20:08:04.000Z;#Nederland  Problemen met te weinig parkeerplaatsen in div steden - dorpen, DenHaag bijv Iedereen moet gaan dokken  Tja volgestopt met gastarbeiders en wat al niet  Volle bak dus;;;;107;gastarbeiders;2024-09-30 09_27_27.801576;0.225543871521950;0.000311068957672;0.000625608721748;0.000429769366747;0.000176139816176;0.039619229733944;0.000088816879725;1. Against immigration, migrants, foreigners, refugees, or Muslims.
99;9e69b064cb4f08cc;8313ef9d6a297751;d99e60f410a44bf5;2024-08-30T22:25:18.000Z;Mijn ouders hebben hebben net als andere Nederlanders voor een paar rot centen gewerkt om Nederland op te bouwen, ze moesten huizen delen dus bij familie inwonen en kregen minder betaald, pas veel later toen Nederland was opgebouwd kwamen de gastarbeiders en konden meeprofiteren;2.0;1.0;8;234;gastarbeiders;2024-09-30 09_27_27.801576;0.009704108349979;0.000021744004698;0.000035361343180;0.000078274773841;0.000135880633024;0.004114270210266;0.001426297938451;1. Against immigration, migrants, foreigners, refugees, or Muslims.
100;2f43963cb0298d40;050f0410306cb707;867f2164babe149c;2024-08-19T06:26:02.000Z;Wierd Duk is nog altijd blij dat de grootouders van zijn kind naar Nederland kwamen. 60 jaar Turkse gastarbeiders in Nederland: 'Hebben onze jaren gegeven' /via @NOS;;;;136;gastarbeiders;2024-09-30 09_27_27.801576;0.002536516403779;0.000008431881724;0.000008971826901;0.000793408486061;0.007029782515019;0.000383135804441;0.000353656156221;2. In support of immigration, migrants, foreigners, refugees, or Muslims.
101;ca595020257713f2;855717c44a2d9a1a;b96c950d445a4eb5;2024-09-27T07:55:25.000Z;Je liegt ook, die gastarbeiders kwamen op het geld af, mijnwerkers waren goed betaald in die tijd in verhouding tot andere arbeiders.  Ze kwamen ook uit regio's in Marokko waar er weinig te verdienen viel.;;;5;128;gastarbeiders;2024-09-30 09_27_27.801576;0.012228545732796;0.000005716902251;0.000115977498353;0.000060303180362;0.000040584513044;0.001394371152855;0.000917628989555;1. Against immigration, migrants, foreigners, refugees, or Muslims.
102;1644423ca0d042cb;18c8e698e67a7e81;b02c4b400d921556;2024-09-27T02:01:55.000Z;Ik bedoel dat de gastarbeiders indertijd graag wilde assimileren met hun gastland. Ik denk niet dat ze stonden te springen om hun cultuur of religie te importeren naar hier. Latere generaties hebben die drang meer en meer gekregen wat m.i. de verdeeldheid alleen maar voedt.;1.0;;14;1,1K;gastarbeiders;2024-09-30 09_27_27.801576;0.072240635752678;0.000010811166248;0.000623629603069;0.000028205682611;0.000186195218703;0.017209179699421;0.000544078939129;1. Against immigration, migrants, foreigners, refugees, or Muslims.
103;7abd7fd0a29ec95b;5d92b7f26290a31b;c891d71f6a3fca97;2024-09-27T18:50:41.000Z;Het is alsof je de geallieerden de maat gaat nemen om dat die meer luchtaanvallen gepleegd hebben op Duitsland dan andersom. Iran (incl Hamas, Houthi's, Hezbollah) wil alle Israëlieten dood, ook de arabieren en de gastarbeiders. Israël vecht voor haar bestaan en doen dat goed;;;2;119;gastarbeiders;2024-09-30 09_27_27.801576;0.279431700706482;0.065804123878479;0.000953103415668;0.001607819460332;0.000045054650400;0.873110830783844;0.007720812223852;5. Is neutral.
104;b1fe46d3343fbf24;481cf487bc5a5e60;69ae89ffac055d21;2024-09-28T07:59:33.000Z;Banen in slachthuizen. Vooral gastarbeiders. In de bouw kunnen ze het dubbele verdienen.;;;3;57;gastarbeiders;2024-09-30 09_27_27.801576;0.061233203858137;0.000651609094348;0.001613353961147;0.000408643973060;0.000092367292382;0.174953177571297;0.022037392482162;5. Is neutral.
105;96ad70cbaea46f0d;62ca5c3ba92a473f;7b1f5f70d8fe4899;2024-09-29T20:51:11.000Z;Hoezo mijn vieze werk? Dat doe ikzelf. Dat doet geen enkele allochtoon voor mij. Daarnaast associeer jijzelf deze criminelen met gastarbeiders.;;;2;13;gastarbeiders;2024-09-30 09_27_27.801576;0.667727351188660;0.000110345805297;0.000007505524081;0.000014834223293;0.000000544461670;0.023179307579994;0.000018862607249;1. Against immigration, migrants, foreigners, refugees, or Muslims.
106;69be6eeaa2af63e6;b8f5b09425eb8025;457190826e0f2ea1;2024-09-25T10:20:44.000Z;"We hadden dus een rechtse partij die actieve werving van gastarbeiders mogelijk maakte en zelfs gezinshereniging stimuleerde. Die actieve werving werd in 1973 door het kabinet-Den Uyl gestaakt; het wervingsverdrag werd gestopt. Voor de jonge lezers: Den Uyl was geen VVD’er.";2.0;35.0;245;7,8K;gastarbeiders;2024-09-30 09_27_27.801576;0.001103162765503;0.000002011528977;0.000017583899535;0.000022072728825;0.000050222159189;0.001977503066882;0.000152105378220;5. Is neutral.
107;0fdf96b43c995d53;b8f5b09425eb8025;457190826e0f2ea1;2024-09-25T10:18:14.000Z;Wilde de VVD die gastarbeiders dan weren? Welnee, samen met de voorgangers van het CDA werden er complete wervingsverdragen afgesloten met Turkije en Marokko. Sterker: er werden kantoren geopend om mensen naar Nederland te halen.;2.0;15.0;201;7,9K;gastarbeiders;2024-09-30 09_27_27.801576;0.025449633598328;0.000120057578897;0.000085750318249;0.000004186432307;0.000010184079656;0.012911821715534;0.000283574685454;5. Is neutral.
108;fc12ba7a25a13e0a;40e0a6c648d8dd3d;234aa629509dd698;2024-09-20T10:30:21.000Z;"""Deuglinkse politici hebben de grenzen opengezet""

Gastarbeiders zijn gehaald door werkgevers (= rechts). Oekraïeners zijn er vanwege rechtse dictator Putin. Syriërs en Irakezen zijn er omdat de rechtse Bush een puinhoop van de regio maakte.   Waar heb je het over?";1.0;;4;57;gastarbeiders;2024-09-30 09_27_27.801576;0.062301877886057;0.000100856908830;0.000082659855252;0.000434248882811;0.000305973720970;0.015801060944796;0.001181504223496;3. Against those that oppose immigration or are negative towards migrants, foreigners, refugees, or Muslims.
109;24e560002cf1e8b5;e78be1430d6e1d46;9c3fcdbc3e534f9e;2024-09-25T20:56:19.000Z;"Nope… dat zit Europa niet. Nederland al helemaal niet met per hoofd van de bevolking ónder het Europees gemiddelde.

Die wachtlijst is veroorzaakt door fout politiek beleid, met name door de VVD. Nederlanders staan al decennia op wachtlijsten… ver voor de eerste gastarbeiders.";2.0;;5;131;gastarbeiders;2024-09-30 09_27_27.801576;0.076359242200851;0.000008182225429;0.000014977509636;0.000013658112039;0.000040398084820;0.002005739137530;0.000114902148198;5. Is neutral.
1;39ab2d5f5189f6d3;74eb76c43c076b0b;3d8b0c83c4fa6567;2024-10-04T18:15:33.000Z;60 jaar Turkse gastarbeiders in Nederland: een mijlpaal vol hard werk en doorzettingsvermogen. Als derde generatie en raadslid volg ik in de voetsporen van mijn vader, vastberaden om impact te maken op mijn gemeente en hun nalatenschap voort te zetten. #trotsedeventenaar;;;6;206;gastarbeiders;2024-10-08 14_27_29.616917;0.000338429206749;0.000009540777683;0.000004327272563;0.000492441875394;0.001432730234228;0.000202171286219;0.000016814281480;2. In support of immigration, migrants, foreigners, refugees, or Muslims.
2;9059bf4c9b2ec438;bfa2700b7775420c;a5b3883b42d627ac;2024-10-01T17:01:19.000Z;Het wrange is dat de VVD/werkgevers voor de eerste golf van Marokkaanse en Turkse gastarbeiders heeft gezorgd, de PvdA was daar tegen.;;;2;137;gastarbeiders;2024-10-08 14_27_29.616917;0.063295356929302;0.000019535811589;0.000068664252467;0.000045811804739;0.000088888140453;0.008044705726206;0.000172026295331;5. Is neutral.
3;fe35887bad7f8f24;03073f718ed81d74;da85485925c0c26c;2024-09-30T14:12:07.000Z;De eerste moslimmigranten in Nederland waren geen #Turkse en #Marokkaanse gastarbeiders, maar #Indonesiërs en #Surinamers uit de koloniën, toont de eerste tentoonstelling van het @moslimarchief. Zie link hieronder voor het hele verhaal.  https://buff.ly/3Y3uPbd #islam #moslims;1.0;6.0;5;675;gastarbeiders;2024-10-08 14_27_29.616917;0.001282870885916;0.000006954990113;0.000000179558015;0.000070416244853;0.000038689613575;0.000098706426797;0.000019353936295;5. Is neutral.
4;d9606b73ac3761c6;52151f8b8161913f;d4f0b7e14398e766;2024-10-05T18:38:48.000Z;De VAE is als overwegend islamitisch land met een percentage immigranten en gastarbeiders van 88%, stevige christelijke en hindu-minderheden, natuurlijk sowieso een mooie bestemming voor diegenen die het hier zat zijn. Leerzaam ook.;2.0;3.0;5;1,1K;gastarbeiders;2024-10-08 14_27_29.616917;0.003511154791340;0.000012565475117;0.000238108390476;0.000423436693382;0.000149697734741;0.000873991579283;0.000202983865165;5. Is neutral.
5;7e35a8a6ffb6bb49;9423e9de4698b5e8;f922e83e14545af6;2024-10-03T17:02:39.000Z;"kleine reminder een 50 jaar geleden was de campagne van het vlaams blok: 400.000 werklozen waarom nog gastarbeiders?

Het is dus nooit goed.";;;2;303;gastarbeiders;2024-10-08 14_27_29.616917;0.093890316784382;0.000104323997220;0.000016817166397;0.000050426984672;0.000047609177273;0.006485436111689;0.000051647628425;1. Against immigration, migrants, foreigners, refugees, or Muslims.
6;6ec697df004dc94a;14329ccd3f623107;b7a0d74012750e36;2024-10-03T20:52:23.000Z;Nog meer gastarbeiders.;2.0;14.0;16;362;gastarbeiders;2024-10-08 14_27_29.616917;0.238477796316147;0.000191827435629;0.000004595864993;0.000066550484917;0.000043874984840;0.025976339355111;0.000066787310061;1. Against immigration, migrants, foreigners, refugees, or Muslims.
7;778dbdb7a4e213dd;53d270584589c258;5e894b9736aa44ed;2024-10-02T03:37:25.000Z;Het laatste linkse kabinet was ruim 50 jaar geleden. Wist je trouwens dat links tegen het binnenhalen van gastarbeiders uit o.a. Turkije en Marokko was?  Dat het laatste linkse kabinet dit ook onmiddellijk stopte?;3.0;;14;315;gastarbeiders;2024-10-08 14_27_29.616917;0.030708286911249;0.000016976384359;0.000215338950511;0.000034119402699;0.000037812438677;0.010512248612940;0.000079703175288;5. Is neutral.
8;327f2db6bf3baf85;409da36e6425b14b;d2d10dc64d724a69;2024-10-02T15:17:50.000Z;Laatst zei iemand toch dat het de gastarbeiders waren die Nederland hebben opgebouwd? Nou, wellicht waren het lesbische Afrikaanse vrouwen die Nederland hebben bevrijd. Wist jij dat?;3.0;;6;233;gastarbeiders;2024-10-08 14_27_29.616917;0.058801222592592;0.000100905584986;0.000010336741980;0.004760853946209;0.000338468060363;0.048350516706705;0.000657081371173;1. Against immigration, migrants, foreigners, refugees, or Muslims.
9;3a5b051d690cf7b5;5991ce426259a177;5374dd3bfe6e5fd7;2024-10-03T07:40:18.000Z;"De scheefgroei in de maatschappij hebben we vooral te danken aan de PvdA.
Het begon allemaal onder Joop den Uyl met het binnenhalen van gastarbeiders daarna met gezinshereniging. 
DENK is ook voortgekomen dankzij de PvdA.";1.0;1.0;7;94;gastarbeiders;2024-10-08 14_27_29.616917;0.139172807335853;0.000024166134608;0.000022908689061;0.000029659728170;0.000046447723435;0.003264824394137;0.000195638131117;1. Against immigration, migrants, foreigners, refugees, or Muslims.
10;524b1d856eb7ad0e;cb17f5ac2c3b6669;dc98378f2f59ab9a;2024-10-08T07:27:06.000Z;Herdenking? Waarom zijn de niet Joodse slachtoffers, gastarbeiders, van 7 oktober dan niet herdacht?;;;3;194;gastarbeiders;2024-10-08 14_27_29.616917;0.103254377841949;0.000741611584090;0.000006570370260;0.000016547637642;0.000016766116460;0.143373757600784;0.000970493187196;5. Is neutral.
11;96ad70cbaea46f0d;62ca5c3ba92a473f;7b1f5f70d8fe4899;2024-09-29T20:51:11.000Z;Hoezo mijn vieze werk? Dat doe ikzelf. Dat doet geen enkele allochtoon voor mij. Daarnaast associeer jijzelf deze criminelen met gastarbeiders.;1.0;;2;40;gastarbeiders;2024-10-08 14_27_29.616917;0.667727351188660;0.000110345805297;0.000007505524081;0.000014834223293;0.000000544461670;0.023179307579994;0.000018862607249;1. Against immigration, migrants, foreigners, refugees, or Muslims.
12;b86c73dfc6ef3648;cc0d74e5d5dfa200;26e5349912c9603b;2024-09-30T06:51:46.000Z;CDA is inderdaad een naar clubje. Stonden aan het begin van veel ellende zoals de verkwanseling van aardgasbaten en de golven gastarbeiders.;;;3;38;gastarbeiders;2024-10-08 14_27_29.616917;0.195808961987495;0.000074728704931;0.000080201571109;0.000415108748712;0.000109692737169;0.008098462596536;0.001144194277003;1. Against immigration, migrants, foreigners, refugees, or Muslims.
13;c0388348c551b85a;a87041c7ba589a3f;c12f74d741a62522;2024-10-05T18:53:05.000Z;Er zijn best veel dingen die ik vroeger geloofde omdat de omgeving, middelbare school jaren 70, dat geloofde. Ik herinner me een discussie over een voorstel de kinderbijslag voor kinderen van ‘gastarbeiders’ die in het thuisland woonden terug te brengen naar de kosten die men;1.0;1.0;13;517;gastarbeiders;2024-10-08 14_27_29.616917;0.008706201799214;0.000065877582529;0.000028687138183;0.000405564147513;0.000369903835235;0.016161482781172;0.000682293088175;6. Other: Reflects on past beliefs.
14;b725990e7a5efcdb;ac6daa267840c064;31f0bd1d18e1f0f5;2024-10-06T10:17:09.000Z;"Hamas ontvoert en verkracht vrouwen, doodde kinderen, onthoofdden Thaise gastarbeiders, stak mensen in brand. En burgers juichten dat toe.

Geef gewoon toe dat je dat fijne beelden vind. En dat je Israel weggevaagd wil hebben.";3.0;;2;90;gastarbeiders;2024-10-08 14_27_29.616917;0.610492587089539;0.008854884654283;0.000021629346520;0.196791380643845;0.143031135201454;0.909420251846314;0.279247879981995;6. Other: Criticizes support for Hamas actions.
15;e68f78864108e09a;c3bc92e38d923fc4;597acb1767544810;2024-10-02T17:33:31.000Z;Toen de gastarbeiders kwamen was NL allang weer opgebouwd. Niks ten nadele van DIE mensen, maar de 4e generatie die gilt dat hun voorouders NL hebben opgebouwd: NEE..........;1.0;;2;24;gastarbeiders;2024-10-08 14_27_29.616917;0.112549699842930;0.000070228212280;0.000006272255632;0.000028391976230;0.000032343301427;0.006981707178056;0.000025515922971;1. Against immigration, migrants, foreigners, refugees, or Muslims.
16;b7f856e7588cfd43;7e55ade1ea5698fc;e5813a2b6a2ca5ac;2024-10-04T17:37:10.000Z;"Ja, prima verhaal. Over de jaren 60-70 volgende. 
In 1970 deed ik vakantiewerk bij Unox in Oss (ik was 15). Bij Unox (Unilever) werkten 500 Tukse gastarbeiders, 400 Spanjaarden en een paar honderd Belgische gastarbeiders. Door het bedrijf hier naar toe gehaald en inderdaad, dat";1.0;;2;63;gastarbeiders;2024-10-08 14_27_29.616917;0.031367931514978;0.000203629781026;0.000196353706997;0.001363761723041;0.006634796038270;0.005920092575252;0.001378056127578;5. Is neutral.
17;4430075c2253ff98;c74fb9253da048bf;9a4e1a04fc14f6fe;2024-10-06T18:06:15.000Z;Ken je geschiedenis, Geert! Het was links (PvdA -Den Uyl) die TEGEN de toelating van gastarbeiders was en het was RECHTS (CDA/VVD) die ze juist wilde hebben! Jouw frame deugt niet.;;;2;19;gastarbeiders;2024-10-08 14_27_29.616917;0.105597861111164;0.000008669091585;0.000006029325505;0.000072264680057;0.000118900847156;0.018003741279244;0.000101543431810;3. Against those that oppose immigration or are negative towards migrants, foreigners, refugees, or Muslims.
18;eceda5e451d90f2e;64d069b708baec8e;00e4715f8cd2b9f2;2024-10-07T15:18:44.000Z;"Verdiep je eerst eens in de geschiedenis.

Het overgrote deel van de grond werd door de Joden (Yishuv) gekocht; betaalbewijzen nog aanwezig. 

Wie er woonden waren Druzen en Bedouienen, en die wonen er nog; gelijkberechtigd. De Arab. waren grotendeels gastarbeiders uit de 
1/X";3.0;1.0;7;105;gastarbeiders;2024-10-08 14_27_29.616917;0.047608744353056;0.000048968660849;0.000015184059521;0.000226212534471;0.000066573782533;0.002892361721024;0.000914401025511;6. Other: historical context about land ownership
19;12d4934587d3858d;9b27118be8275181;3c202c121c78e39f;2024-10-04T13:36:56.000Z;Dat is al zo sinds de binnenkomst van gastarbeiders omstreeks 1970. Goedkope arbeid hield verkeerde bedrijfstakken in ons land, de goeie vertrokken of zijn recent weggejaagd met belastingmaatregelen en haat tegen ondernemers.;;;2;44;gastarbeiders;2024-10-08 14_27_29.616917;0.061957191675901;0.000117806928756;0.000090865280072;0.000010756259144;0.000010311870938;0.024585198611021;0.001585742458701;1. Against immigration, migrants, foreigners, refugees, or Muslims.
20;748ad08b5bce99c3;7609de419b35539d;c85aab6690fb353f;2024-10-04T18:39:35.000Z;Tijdens interviews op straat door de Duitse publieke omroep hoor je zelfs steeds vaker dat bijv. ook Turkse gastarbeiders genoeg hebben van de illegale massa-immigratie. Maar dat horen ze toch liever niet. De wereld op z'n kop.;1.0;5.0;33;1,1K;gastarbeiders;2024-10-08 14_27_29.616917;0.118549950420856;0.000048056106607;0.000912471150514;0.000158290044055;0.000292673299555;0.027109831571579;0.000755076354835;1. Against immigration, migrants, foreigners, refugees, or Muslims.
1;39ab2d5f5189f6d3;74eb76c43c076b0b;3d8b0c83c4fa6567;2024-10-04T18:15:33.000Z;60 jaar Turkse gastarbeiders in Nederland: een mijlpaal vol hard werk en doorzettingsvermogen. Als derde generatie en raadslid volg ik in de voetsporen van mijn vader, vastberaden om impact te maken op mijn gemeente en hun nalatenschap voort te zetten. #trotsedeventenaar;;;6;258;gastarbeiders;2024-10-18 16_04_37.370274;0.000338429206749;0.000009540777683;0.000004327272563;0.000492441875394;0.001432730234228;0.000202171286219;0.000016814281480;2. In support of immigration, migrants, foreigners, refugees, or Muslims.
2;981123f0b109a088;fce77c34d3fec987;49389f4662f2a410;2024-09-18T17:48:10.000Z;"Is er nou vanavond alweer een programma/serie over “gastarbeiders”..?

Waarom wordt belastinggeld gebruikt om een politieke mening populair te maken?

En mensen maar klagen over ON, want dit is zeker niet “sturend” bedoeld..(?).";;;;16;gastarbeiders;2024-10-18 16_04_37.370274;0.049534354358912;0.000435083551565;0.000067278364440;0.000033764616092;0.000014765304513;0.080672688782215;0.000340520549798;1. Against immigration, migrants, foreigners, refugees, or Muslims.
3;0cd48403f485ca25;78f0b33e7124c2bc;23e72ec352d2003b;2024-10-10T06:24:22.000Z;"Poolse knokploegen jagen op illegale migranten. ‘Er hangt geen ‘pogromsfeer’ 

Sinds een maand zoeken in Polen heldhaftige burgerpatrouilles naar ‘criminele migranten’. In Zyrardów ontvluchtten gastarbeiders de stad. De overheid reageert traag. De bevolking kijkt tevreden toe.";;;;43;gastarbeiders;2024-10-18 16_04_37.370274;0.037116911262274;0.000774782733060;0.000060054524511;0.000536284816917;0.000021603433197;0.092448949813843;0.002328094560653;1. Against immigration, migrants, foreigners, refugees, or Muslims.
4;6ec697df004dc94a;14329ccd3f623107;b7a0d74012750e36;2024-10-03T20:52:23.000Z;Nog meer gastarbeiders.;2.0;14.0;16;375;gastarbeiders;2024-10-18 16_04_37.370274;0.237369477748871;0.000192167208297;0.000004607744813;0.000066604261519;0.000043067200750;0.025498101487756;0.000066754968429;1. Against immigration, migrants, foreigners, refugees, or Muslims.
5;05f0abbffbcb0732;b06b5267a5d72932;de051039ce421fb0;2024-10-11T08:17:44.000Z;"Welk links? Ik kan me Den Uyl nog herinneren die juist de grenzen sloot voor gastarbeiders. 

Het is ronduit zo stupide hoe mensen maar wat roepen omdat anderen dat ook roepen. Verdiep je eens, neem kennis tot je!";1.0;;7;112;gastarbeiders;2024-10-18 16_04_37.370274;0.052249111235142;0.000004190750587;0.000210326223169;0.000040465871280;0.000024747816497;0.016279827803373;0.000185337383300;5. Is neutral.
6;71a03a7ec53594e8;a195a1a4fcc35cd3;b2776c41e10c69ea;2024-09-14T09:14:38.000Z;"Never give in for abuis. Wat? Check; hoog conjunctuur alleen (?) bij slavernij rn gastarbeiders. Tuurlijk ook uw gezin (ja, soort '67 Palasteina) oei, oei wij hebben het fout gedaan, dat kost u geld. Emigratie belasting, bij vertrekpoort ff strippen 
https://youtu.be/YySW9cF7N7Y?si=GwkVq-vQOC8i8XsJ…";;;;69;gastarbeiders;2024-10-18 16_04_37.370274;0.130237609148026;0.001613197964616;0.000011783093214;0.001847306382842;0.000378830329282;0.026659583672881;0.003512299386784;1. Against immigration, migrants, foreigners, refugees, or Muslims.
7;a3ff8ca9a0fd01a9;28558e49506f1132;b547a3fddb094730;2024-10-10T06:22:30.000Z;"Poolse knokploegen jagen op migranten. ‘Er hangt een ‘pogromsfeer’
Sinds een maand zoeken in Polen zelfbenoemde burgerpatrouilles naar ‘criminele migranten’. In Zyrardów ontvluchtten gastarbeiders de stad. De overheid reageert traag. De bevolking kijkt gelaten toe.Het pand aan de";1.0;;;59;gastarbeiders;2024-10-18 16_04_37.370274;0.190514966845512;0.002289155498147;0.000081077741925;0.000355518917786;0.000006175049748;0.253040224313736;0.003868016647175;1. Against immigration, migrants, foreigners, refugees, or Muslims.
8;15a83d61bf8a1524;9776e9b1b6571a7a;bfd86cd4447e0dae;2024-09-25T14:06:17.000Z;"""#Marokkaanse Gastarbeiders"" | KRO Brandpunt 27-11-1965 ! 

Met dank aan @ZihniOzdil voor het uploaden .
#Casablanca 1965 
Cc: @aborifi";;1.0;1;67;gastarbeiders;2024-10-18 16_04_37.370274;0.000566387781873;0.000022881789846;0.000000942142208;0.000143820201629;0.000088537744887;0.000099673357909;0.000035597237002;5. Is neutral.
9;20c4caefbab94d26;1e9a003afea3fb29;04322359a9c6f1df;2024-09-10T09:34:29.000Z;Nederland is een land dat bestaat dankzij grote groepen die van buiten gekomen zijn, vaak als vluchteling, zoals Joden uit Spanje, Hugenoten, soldaten uit Zwitserland, Duitse handelaren en arbeiders, chinezen, Indische mensen, Surinamers, gastarbeiders, vluchtelingen, enz.;1.0;3.0;11;272;gastarbeiders;2024-10-18 16_04_37.370274;0.002915124874562;0.000013162132745;0.000017330965420;0.000050500279031;0.000007848274436;0.000907414359972;0.000175383145688;2. In support of immigration, migrants, foreigners, refugees, or Muslims.
10;c1b1642df7e3e153;54107398ec94b895;d08bd88c6c6c4f0c;2024-08-23T13:00:11.000Z;"Hallo @RPlasterk, een onverwachte inkijk. Nu mijn vragen:
Ja, rechts heeft in de beginne #gastarbeiders binnengehaald, maar wie heeft toegestaan of gepromoot om de werkers hun gezinnen te laten overkomen? 
Waarom is niet gekozen voor max 5 jaar en terug, en kan je broertje komen?";;;;24;gastarbeiders;2024-10-18 16_04_37.370274;0.006472241133451;0.000719659496099;0.000035774508433;0.000231158861425;0.000692954636179;0.010353103280067;0.000581772474106;1. Against immigration, migrants, foreigners, refugees, or Muslims.
11;c10c226def4404d9;ade77a82af47447d;6cf7b68127143870;2024-09-13T09:11:28.000Z;Wat in de jaren 60/70 begon met 'gastarbeiders'.....;;;1;16;gastarbeiders;2024-10-18 16_04_37.370274;0.087305761873722;0.000123080346384;0.000010234581168;0.000067003114964;0.000138250397868;0.005049700848758;0.001567214960232;1. Against immigration, migrants, foreigners, refugees, or Muslims.
12;0a2a69dc72ae9958;075f118a96e30609;e85d636dcfd44189;2024-09-20T10:21:13.000Z;"Joop den Uyl maakte in 1973 een eind aan de werving van gastarbeiders die door rechts  conservatieve regeringen hierheen waren gehaald.
Job Cohen was staatsecretaris en heeft een strenger vreemdelingenwet ingevoerd. 
Wilders verteld zoals gewoonlijk sprookjes.
#APB2024";158.0;413.0;1,2K;39K;gastarbeiders;2024-10-18 16_04_37.370274;0.041742533445358;0.000043802527216;0.000058228539274;0.000734727538656;0.000263272697339;0.004917001351714;0.000485407450469;5. Is neutral.
13;7c2f4df07d0e31fd;361cde1b152e57dc;f8733c9649197545;2024-09-16T21:42:45.000Z;#barlaat de fout is in de jaren 70 en 80 gemaakt door de gastarbeiders niet terug te sturen na einde werk..en dat is geescaleerd nu..In Dubai moet je oprotten als je baan klaar is. Wat naturaliseren? ROT OP!!;;;;178;gastarbeiders;2024-10-18 16_04_37.370274;0.232559114694595;0.000645921623800;0.000006868116998;0.000050620092225;0.000012258105926;0.024855766445398;0.000019306193280;1. Against immigration, migrants, foreigners, refugees, or Muslims.
14;bc0de96755cbf414;d04546263b2b2f14;26f2c77050b17f32;2024-09-28T08:50:13.000Z;Je bent in 1959 geboren en nadert je pensioen. In 1959 had Nederland 2.294 gastarbeiders, waarvan 1.884 Italianen. Van buiten Europa: 9 Turken en 3 Marokkanen. Vandaag: zo’n 2 miljoen buiten Europa geboren nld’se inwoners, miljoenen meer 2e generatie. En het gaat steeds sneller.;;;;35;gastarbeiders;2024-10-18 16_04_37.370274;0.000895275676157;0.000003218803386;0.000012381256056;0.000026457517379;0.000017794955056;0.000220099798753;0.000020985258743;5. Is neutral.
15;283852a03f2becbe;a0fa7e33d3b6e588;09542772e4404112;2024-09-24T18:56:21.000Z;"Wow, een resumé van de trucs van ⁦@DilanYesilgoz⁩ . 
“Daarom eiste de PvdA dat gastarbeiders maar 2 jaar mochten blijven. En wat deed de VVD? Die eiste dat Turken en Marokkanen het recht kregen om hun gezin mee te nemen. Zei iemand gezinshereniging?”";;;;93;gastarbeiders;2024-10-18 16_04_37.370274;0.026635996997356;0.000064870044298;0.000005893348316;0.000145816549775;0.001072296523489;0.053071215748787;0.009794739075005;5. Is neutral.
16;b9a010e1a9a79d19;1d568bc6bf3c9ead;9dfa69920d236bd2;2024-09-23T19:22:20.000Z;Deze barbaren zijn ooit hierheen gehaald als GASTARBEIDERS om de economie te boosten. Soit. Maar op de premisse dat ze TERUG zouden gaan! Niet om de rest van hun (vaak achterlijke) familie ook nog eens hierheen te laten komen. Dat is helaas in 2005 al vastgelegd in de EVRM.;;;4;82;gastarbeiders;2024-10-18 16_04_37.370274;0.804923176765442;0.000102015699667;0.000003644046046;0.000026203881134;0.000006670338280;0.208164542913437;0.001017776783556;1. Against immigration, migrants, foreigners, refugees, or Muslims.
17;626d513cc3a74c97;9404164a4430e185;45587a3c168cac54;2024-10-12T06:58:16.000Z;"Zestig jaar Turkse gastarbeiders in Hilversum: ""Nederlanders waren heel nieuwsgierig""";;;;1,6K;gastarbeiders;2024-10-18 16_04_37.370274;0.001020268537104;0.000010106205082;0.000008861276001;0.000611208030023;0.000339536054525;0.000201490416657;0.000023505588615;5. Is neutral.
18;d169a584b709115f;123b16ba56f9d75d;8ead3c96c3b2e8c6;2024-10-14T23:02:00.000Z;"Ik heb ooit in de jaren ""80 jongerenwerk gestudeerd en heb gewerkt in het ultralinkse ""Aktiekomitee Pro Gastarbeiders"" en ik heb van dichtbij gezien en ervaren hoe we toen al niet mochten ingrijpen bij asociaal gedrag en absoluut niets opvoedkundigs mochten doen. Dus jeugdwerk...";4.0;1.0;9;205;gastarbeiders;2024-10-18 16_04_37.370274;0.058505117893219;0.000012188106666;0.000011554859157;0.000489417463541;0.000697992218193;0.002191896550357;0.000069563888246;1. Against immigration, migrants, foreigners, refugees, or Muslims.
19;1c37d1deda7849cd;5de4b0694632ebd0;2350ab61a96bb83c;2024-09-26T17:07:38.000Z;Inderdaad, de corrupte Midden-Europese elite ondermijnt de Europese veiligheid door Russische gastarbeiders toe te laten in Hongarije, en daarmee ook in de gehele Schengen-zone. Dit geeft Rusland vrij spel om spionageactiviteiten te ontplooien in Europa, wat de hybride;2.0;10.0;19;2,1K;gastarbeiders;2024-10-18 16_04_37.370274;0.240669101476669;0.000135178386699;0.000125221398775;0.003720322623849;0.000231256039115;0.037941008806229;0.000414347712649;1. Against immigration, migrants, foreigners, refugees, or Muslims.
20;4a0a0f1dc292a548;b14ff67048a3b878;0a4b5aeba6d0354a;2024-09-22T18:00:01.000Z;"Vanavond in De Sociëteit om 22:52 uur op NPO2.

Het is 60 jaar geleden dat de eerste Turkse gastarbeiders in Nederland aankwamen. Wat bracht het hen en wat bracht het Nederland? We gaan het er uitgebreid over hebben.";1.0;1.0;2;273;gastarbeiders;2024-10-18 16_04_37.370274;0.001097547356039;0.000003403528581;0.000001468768801;0.000024997751098;0.000182341216714;0.002001691376790;0.000245636561885;5. Is neutral.
21;d531df14f03a06d3;65256347c323244f;7f31f4ac37bf41f0;2024-09-28T09:24:01.000Z;Jij bent een kind van gastarbeiders. Dus niet de Servische agressie op de Balkan meegemaakt. Je hebt dus wel meegemaakt dat mensen van de Balkan hierheen vluchtten. Ik heb het zelf meegemaakt. Er waren GEEN alleenstaande mannen die vluchtten. Waarom doen de Arabieren dit wel?;1.0;2.0;25;575;gastarbeiders;2024-10-18 16_04_37.370274;0.235739901661873;0.000001045876957;0.000196078297449;0.000636290060356;0.001012227265164;0.062135260552168;0.000752530584577;1. Against immigration, migrants, foreigners, refugees, or Muslims.
22;327f2db6bf3baf85;409da36e6425b14b;d2d10dc64d724a69;2024-10-02T15:17:50.000Z;Laatst zei iemand toch dat het de gastarbeiders waren die Nederland hebben opgebouwd? Nou, wellicht waren het lesbische Afrikaanse vrouwen die Nederland hebben bevrijd. Wist jij dat?;3.0;;6;242;gastarbeiders;2024-10-18 16_04_37.370274;0.058801222592592;0.000100905584986;0.000010336741980;0.004760853946209;0.000338468060363;0.048350516706705;0.000657081371173;1. Against immigration, migrants, foreigners, refugees, or Muslims.
23;285e338cd64edc47;0c2fd4270e018360;b3cacd35847179c4;2024-09-04T20:47:00.000Z;"""...de gastarbeiders kwamen de baantjes doen waar wij ons te goed voor voelden'....
Heeft @heindehaas dat echt gezegd?
Da's een leugen. Vraag maar aan Jan Marijnissen:
(2:15) https://youtube.com/watch?v=2SUoSZS5UBo&t=140s…

Hein blokkeert mij volgens goed ""links"" gebruik bij tegenspraak
#vandaaginside";;1.0;9;2,3K;gastarbeiders;2024-10-18 16_04_37.370274;0.006071139127016;0.000018693273887;0.000332939904183;0.001528657041490;0.000450119870948;0.001098467386328;0.000053974683397;6. Other: questioning a statement about immigration.
24;0c50c75b6eace6af;ae932c905ed7f38e;94517d5598b41322;2024-10-14T10:16:47.000Z;"De Marokkanen zijn hier in de jaren zestig als gastarbeiders gekomen, 60 jaar geleden.

Dit is inmiddels de vierde generatie Marokkanen in Nederland en het zijn precies dezelfde soort etterbakken als die Marokkaanse jochies in de jaren 70 en 80.

Dat volk zalf nooit integreren";1.0;3.0;32;1,1K;gastarbeiders;2024-10-18 16_04_37.370274;0.974821269512176;0.000035733522964;0.000025685012588;0.001042443094775;0.003044786397368;0.013264466077089;0.000904436863493;1. Against immigration, migrants, foreigners, refugees, or Muslims.
25;28b663fe98477030;e6eb155c408fb70e;75bfbfd81748ef6c;2024-10-18T07:56:37.000Z;In 1973 waren er ongeveer 22.000 Marokkaanse gastarbeiders in Nederland. #GertDeeltMede;;1.0;2;56;gastarbeiders;2024-10-18 16_04_37.370274;0.000644507585093;0.000003704821665;0.000000234643849;0.000071928137913;0.000022424272174;0.000132403452881;0.000008447189430;5. Is neutral.
26;78548484e93ea243;2308555a2dcb035c;0f5654b655fb743b;2024-09-27T12:47:06.000Z;Het vermoeden dat een verzetsstrijder aanwezig is, is al  voldoende om een huis weg te vagen. En maar liegen en jammeren over 7 okt toen er ook veel doden (wo gastarbeiders) vielen door de Hannibal doctrine, isr bronnen bevestigen dat. Maar dd buitenlandse doden krijgen niet aan;1.0;;;46;gastarbeiders;2024-10-18 16_04_37.370274;0.086038023233414;0.002273934427649;0.000608770060353;0.000039082024159;0.000029331782571;0.413911759853363;0.003387442091480;1. Against immigration, migrants, foreigners, refugees, or Muslims.
27;87486a5598d57ebe;5b2ab6f43d9bee59;ee5a48f57d345fcd;2024-08-19T12:34:26.000Z;Podcast De Dag: 60 jaar Turkse gastarbeiders in Nederland;24.0;2.0;11;21K;gastarbeiders;2024-10-18 16_04_37.370274;0.003381410380825;0.000079587880464;0.000025923711291;0.003158856881782;0.001336314366199;0.002413949929178;0.000304787565256;5. Is neutral.
28;28910507f52b0706;cad2da138473aea6;165c15b4d84c5c5a;2024-09-11T08:10:44.000Z;"Eating cats and dogs......ik herinner me dat jaaaaaren geleden dezelfde verhalen de ronde deden over Turkse en Marokkaanse gastarbeiders... 

Racisten zijn niet bepaald origineel.";;;;40;gastarbeiders;2024-10-18 16_04_37.370274;0.398987948894501;0.000009056371709;0.000069457099016;0.000119792042824;0.000007219508007;0.341678559780121;0.130309626460075;3. Against those that oppose immigration or are negative towards migrants, foreigners, refugees, or Muslims.
29;1bde75556b49a712;0ed0afc90598061e;893577e3e8c65f69;2024-09-01T21:46:41.000Z;Niet vergeten...het waren gastarbeiders dus tijdelijke krachten.;;;1;18;gastarbeiders;2024-10-18 16_04_37.370274;0.021996337920427;0.000073591480032;0.000014971954442;0.000016576035705;0.000021996575015;0.008679172024131;0.000083079859905;1. Against immigration, migrants, foreigners, refugees, or Muslims.
30;7a70c884e47c40ae;9b059f912cb56871;fb60ad2bdc05c299;2024-10-17T10:35:39.000Z;NL weer opgebouwd na wo2. Platgebombardeerd, alles geplunderd. Alles zonder slaven en gastarbeiders. Chapeau onze voorouders!;3.0;2.0;36;1,4K;gastarbeiders;2024-10-18 16_04_37.370274;0.049047406762838;0.000408592954045;0.000000230079095;0.000331329763867;0.000002514957032;0.135651260614395;0.004130653571337;1. Against immigration, migrants, foreigners, refugees, or Muslims.
31;09de07e9b3708694;8a1ab5c9838bd140;17b3148909b116a0;2024-09-15T05:52:31.000Z;60 jaar Turkse gastarbeiders in Nederland: rondreizende tentoonstelling vertelt hun verhaal;19.0;9.0;20;8,9K;gastarbeiders;2024-10-18 16_04_37.370274;0.000865620095283;0.000025453948183;0.000161790914717;0.001838794793002;0.000354823278030;0.001470221090130;0.000447642640211;5. Is neutral.
32;5bf47a34dc45f082;802c3b4801afc8c8;2068287c1efb63f7;2024-09-24T17:06:38.000Z;De VVD ... sloot wervingsverdragen af met Turkije en Marokko... En wie was er kritisch? Juist, ja. De PvdA... Daarom eiste de PvdA dat gastarbeiders maar twee jaar mochten blijven. En wat deed de VVD? Die eiste dat Turken en Marokkanen... hun gezin mee mochten nemen...;3.0;1.0;9;1,7K;gastarbeiders;2024-10-18 16_04_37.370274;0.057232487946749;0.000074472096458;0.000173580876435;0.000056071330619;0.000433105364209;0.052814319729805;0.004301172215492;1. Against immigration, migrants, foreigners, refugees, or Muslims.
33;849c603aa7237483;df7d22e0b2af8629;8e2c0d57e9f55425;2024-08-19T15:45:41.000Z;60 jaar Turkse gastarbeiders in Nederland - met @GulsahErcetin;;;1;176;gastarbeiders;2024-10-18 16_04_37.370274;0.002186940051615;0.000081439065980;0.000018305112462;0.003455483354628;0.001167853712104;0.000447508820798;0.000053314361139;5. Is neutral.
34;382159a69884148b;9c25e1e7400d1682;869da18ad076077a;2024-09-20T21:10:55.000Z;niet door rechts conservatieve regeringen. Die zagen alleen geen problemen (niemand niet) bij het door onze grote bedrijven (philips, akzo, aldel, textiel) ronselen van gastarbeiders.;;;;29;gastarbeiders;2024-10-18 16_04_37.370274;0.049617301672697;0.000066370244895;0.000137020804686;0.000327208806993;0.000148365768837;0.002678479067981;0.000963936734479;5. Is neutral.
35;683c47d8626beb14;d1ab0e625d29882e;23d850348107eb61;2024-10-10T18:20:59.000Z;Begrijpend lezen is aan U voorbijgegaan ?  Net wat ik zeg  , aangepaste mensen . Waarom begin je daar vandaag over ? Deze boodschap is er ene voor radicaal links en hun import vandaag , en we leven vandaag zonder problemen met uw gastarbeiders , dus wat is uw boodschap ?;1.0;;1;27;gastarbeiders;2024-10-18 16_04_37.370274;0.041872348636389;0.000019386485292;0.000350847927621;0.000049880127335;0.000063308354584;0.017864963039756;0.000061738559452;4. Against those that support immigration, migrants, foreigners, refugees, or Muslims.
36;8595894a73146abd;8a53a8a45a6f87a1;9cb89660e4fb9ac3;2024-09-15T20:08:04.000Z;#Nederland  Problemen met te weinig parkeerplaatsen in div steden - dorpen, DenHaag bijv Iedereen moet gaan dokken  Tja volgestopt met gastarbeiders en wat al niet  Volle bak dus;;;;113;gastarbeiders;2024-10-18 16_04_37.370274;0.225543871521950;0.000311068957672;0.000625608721748;0.000429769366747;0.000176139816176;0.039619229733944;0.000088816879725;1. Against immigration, migrants, foreigners, refugees, or Muslims.
37;a135332e84fb6778;feefb2f3e8f8e48a;b849a26c613c3b68;2024-10-12T07:35:58.000Z;Gedurende de middeleeuwen was de moslimbeschaving geavanceerder dan welke andere ook. Moslims boekten grote vooruitgang in astronomie, zoölogie, geografie, rekenen, navigatie, kunst, architectuur en technologie. Het waren de gastarbeiders die nl hebben opgebouwd na de oorlog!;1.0;;2;80;gastarbeiders;2024-10-18 16_04_37.370274;0.016675319522619;0.000002696652246;0.000001941743903;0.000031947911339;0.000013603229490;0.000684052647557;0.000202799710678;2. In support of immigration, migrants, foreigners, refugees, or Muslims.
38;851d3d83cf9376f9;ae3a1762d22dd110;b48bc7ccb31924db;2024-09-05T22:52:23.000Z;"Onze ‘gastarbeiders’ pasten niet in het wereldbeeld van vele suburbane Vlamingen, in de crisis opgejut door een autoritaire en racistische antivreemdelingenpartij.
http://sampol.be/2024/09/communautarisme-versus-democratie… via @Sampol_magazine";12.0;3.0;6;856;gastarbeiders;2024-10-18 16_04_37.370274;0.008886477909982;0.000013553426470;0.000001617129897;0.000084536586655;0.000002827600838;0.002341359620914;0.000105406943476;3. Against those that oppose immigration or are negative towards migrants, foreigners, refugees, or Muslims.
39;176295271ba8e520;14eb839283d64f19;2d556e84a43f21bc;2024-09-25T10:28:40.000Z;De vraag is dan ook: Waar en wanneer zal dit leger worden ingezet. Hoe was dit met de Turkse en Marokkaanse gastarbeiders die in WO2 vochten @superjan. Ik weet het niet, het klopt iig totaal niet.;;;;21;gastarbeiders;2024-10-18 16_04_37.370274;0.081964805722237;0.000039556194679;0.000004046253707;0.000075115785876;0.000052160765335;0.068889282643795;0.000539091823157;6. Other: unclear stance on immigration.
40;d56bd74a66351ee1;a059ebd6b03f65c6;1f5b1c22e960d0a5;2024-09-25T16:34:56.000Z;Goede draad. Voor mensen die twijfelen -> https://historiek.net/gastarbeiders-nederland-betekenis-marokko-turkije/135726/…;;;4;274;gastarbeiders;2024-10-18 16_04_37.370274;0.000765472126659;0.000005600775694;0.000011335855561;0.000064650870627;0.000077715398220;0.000445267447503;0.000051788782002;5. Is neutral.
41;c1fcbf2eb6164379;9ab1fbe136070bf5;64fce443a9035437;2024-10-13T12:22:47.000Z;Oudkerk vergeet even dat de PvdA beginjaren 70 de strengste maatregelen wilde ten opzichte van vluchtelingen en arbeidsmigranten (gastarbeiders). Waarschijnlijk zat ie toen bij de dames van lichte zeden en is het hem ontgaan.;2.0;;2;56;gastarbeiders;2024-10-18 16_04_37.370274;0.063737697899341;0.000007301724963;0.000105485676613;0.004251202568412;0.005729915108532;0.009517287835479;0.000036022531276;5. Is neutral.
42;959dda09dede778e;7706c4fa02b8f543;4a285419cec29974;2024-10-13T12:16:26.000Z;Vóór de EU was het fijn leven in een vrij Nederland. Het welvaartsniveau was hoog. De mensen waren saamhorig en solidair. Het veiligheidsgevoel was hoog. Criminaliteit cijfers waren laag bij 2024 vergeleken. Op gastarbeiders na waren er weinig vreemdelingen in NL.;;;4;34;gastarbeiders;2024-10-18 16_04_37.370274;0.027650987729430;0.000010930959434;0.000260991684627;0.000022922149583;0.000034170458093;0.003633926389739;0.000634842959698;1. Against immigration, migrants, foreigners, refugees, or Muslims.
43;8e49d3b739ab2594;534a4d9b27e87da0;353588cd3dd6d774;2024-09-12T06:17:54.000Z;"En degene die niet werken, worden die geweigerd?

Toen we nog gastarbeiders hadden werkte het prima
Niet werken, lekker weer naar huis

Rond 1982 was er ook tekort aan werkkrachten

Het toverwoord was automatiseren";;;;5;gastarbeiders;2024-10-18 16_04_37.370274;0.248775690793991;0.000834192382172;0.000186566467164;0.000066318178142;0.000027402667911;0.047523822635412;0.000293977325782;1. Against immigration, migrants, foreigners, refugees, or Muslims.
44;66b083573c8259d9;d73e35dac4745af6;5636146467ec8202;2024-10-09T16:53:09.000Z;Weer het heilloze idee om de vergrijzing door arbeidsmigranten te laten opvangen. Vanaf de gastarbeiders in de vorige eeuw weten we dat die niet meer weggaan en de oorzaak zullen vormen van nieuwe vergrijzingsgolven. Als we ...->;1.0;;2;82;gastarbeiders;2024-10-18 16_04_37.370274;0.125432670116425;0.006020179484039;0.000228839402553;0.000069701265602;0.000064952742832;0.040342789143324;0.000178096655873;1. Against immigration, migrants, foreigners, refugees, or Muslims.
45;bdb64cdd52d36cd1;1b081aa96ddf28d4;4930471aa3c57631;2024-09-20T04:50:55.000Z;"Van oudsher was links (Joop den Uyl, Jan Marijnissen) altijd fel tegen immigratie omdat het om goedkope arbeid gaat wat concurrentie is voor autochtone arbeider qua werk en wonen en vakbonden om zeep helpt.
Later ging PvdA draaien want gastarbeiders stemden allemaal PvdA.";;1.0;23;402;gastarbeiders;2024-10-18 16_04_37.370274;0.066206350922585;0.000087997621449;0.001359098590910;0.000093264679890;0.000253684789641;0.004448296967894;0.000228200777201;1. Against immigration, migrants, foreigners, refugees, or Muslims.
46;778dbdb7a4e213dd;53d270584589c258;5e894b9736aa44ed;2024-10-02T03:37:25.000Z;Het laatste linkse kabinet was ruim 50 jaar geleden. Wist je trouwens dat links tegen het binnenhalen van gastarbeiders uit o.a. Turkije en Marokko was?  Dat het laatste linkse kabinet dit ook onmiddellijk stopte?;3.0;;14;323;gastarbeiders;2024-10-18 16_04_37.370274;0.030708286911249;0.000016976384359;0.000215338950511;0.000034119402699;0.000037812438677;0.010512248612940;0.000079703175288;5. Is neutral.
47;935577b780ee65df;b92debe984465eba;158433b105cff657;2024-08-19T05:55:06.000Z;"""Nederland is een mooi land, als je de taal spreekt"" zegt de Turkse vrouw die 50 jaar in Nederland woont en amper Nederlands spreekt.

60 jaar Turkse gastarbeiders in Nederland: 'Hebben onze jaren gegeven' /via @NOS";;;;155;gastarbeiders;2024-10-18 16_04_37.370274;0.008138000033796;0.000020386734832;0.000020136165404;0.002445447258651;0.001595197478309;0.000341165374266;0.000117947427498;5. Is neutral.
48;498b2f0fd88eed39;1e3cc376afa5a27c;06542d96860e40c3;2024-10-12T08:02:13.000Z;"Op de bouwplaats wemelt het van de gastarbeiders. Een vraag stellen in het Nederlands is haast onmogelijk geworden.
De bouw in Nederland is kwalitatief ook met een enorme teloorgang bezig.
Ze zijn drukker met fouten herstellen dan met progressie.
Gek he, dat er niets op schema is";;2.0;6;150;gastarbeiders;2024-10-18 16_04_37.370274;0.272350549697876;0.000031586048863;0.000037732650526;0.000017295154976;0.000011084749531;0.004539642017335;0.000082102873421;1. Against immigration, migrants, foreigners, refugees, or Muslims.
49;fb26ed6428134c13;d235d56f7980b5f9;839ac6472fa06bed;2024-09-20T14:06:52.000Z;"Vroeger moesten de gastarbeiders terug.
Den Uyl heeft hierin verandering gebracht met de wet ""recht of gezinshereniging"" in 1974.
Daarvoor waren het GASTarbeiders en zoals het woord het al zegt, te gast en men ging terug. Kom in Spanje nog veel mensen tegen uit die 
tijd.";6.0;2.0;23;1,1K;gastarbeiders;2024-10-18 16_04_37.370274;0.003335467306897;0.000005284540293;0.000013082941223;0.000003662004701;0.000007363696568;0.000695628405083;0.000015817231542;1. Against immigration, migrants, foreigners, refugees, or Muslims.
50;387d290735532a1b;d1ab0e625d29882e;23d850348107eb61;2024-10-10T18:04:48.000Z;Dat zijn Europeanen en die werken overal hier en elders , ook Portugezen, Spanjaarden, Italianen enz . Werken hier als gastarbeiders en zijn geïntegreerd en laten onze cultuur de onze zijn en beleven de hunne thuis ! Maar Afrikanen en mohammedanen daar doelde ik op  !;1.0;;;39;gastarbeiders;2024-10-18 16_04_37.370274;0.072207756340504;0.000007050446584;0.000165558652952;0.000020781762942;0.000010069330528;0.000672859838232;0.000069471607276;1. Against immigration, migrants, foreigners, refugees, or Muslims.
51;0445d0b27f2063b6;5b2ab6f43d9bee59;ee5a48f57d345fcd;2016-05-12T16:33:34.000Z;'Vluchtelingen in Duitsland zijn niet de gastarbeiders van toen': http://nos.nl/l/2104635;;7.0;;/NOS###/NOS###/NOS/status/730798080757501952###https://t.co/2zyzN7RXg0;gastarbeiders;2024-10-18 16_04_37.370274;0.041203174740076;0.000011020987586;0.000001437530614;0.000011524154615;0.000016634152416;0.000478930945974;0.000008572344086;5. Is neutral.
52;15c7702f6143f3fc;054d01610e298641;5ac1daa43f23a2b2;2024-09-25T19:06:00.000Z;Op donderdagmiddag 3 oktober wandelt Ries  een route waarbij we stil staan b verhalen van gastarbeiders.  We verzamelen om 14.00 uur bij Bemuurde Weerd Oostzijde 3.  Na afloop is er gelegenheid tot napraten.;;1.0;1;74;gastarbeiders;2024-10-18 16_04_37.370274;0.004368593450636;0.000237090323935;0.000167381673236;0.000120477889141;0.000048345456889;0.004275982733816;0.000080478137534;5. Is neutral.
53;d1fcdedbc7be7a5b;dedb19748e2a9b1b;16fd6145ffd76aee;2024-10-15T17:52:11.000Z;"Jaat kan op zijn luie reet zitten, bier drinken en een kuxe leven leiden, terwijl gastarbeiders/arbeidsmigranten het smerige werk doen.
En Jaat gaat wel lekker goedkoop naar Antalya, staat er niet bij stil dat dat in Turkije ligt. 
Hypocriet heet zoiets, ook voor PVV’ertjes.";1.0;;3;725;gastarbeiders;2024-10-18 16_04_37.370274;0.461285501718521;0.000017032980395;0.001362607581541;0.010797169990837;0.002206339966506;0.048297461122274;0.000572574383113;3. Against those that oppose immigration or are negative towards migrants, foreigners, refugees, or Muslims.
54;c360a3971afe604b;ec75c0ac5c47736a;91bdeb96326398dc;2024-10-13T15:30:53.000Z;Ik beweer inderdaad dat Arafat de naam 'Palestijnen' heeft verzonnen voor Arabieren die daar in de buurt woonden. Het was nooit een bestaand volk, en de lokale joden en christenen zijn net zo goed Palestijnen (velen zelfs meer: vele arabieren kwamen later als gastarbeiders).;;;3;42;gastarbeiders;2024-10-18 16_04_37.370274;0.016850553452969;0.000005153526672;0.000019943412553;0.000012095808415;0.000009483573194;0.002732096705586;0.000163478413015;1. Against immigration, migrants, foreigners, refugees, or Muslims.
55;e70ea223b8b567b9;cf0d1e93181a5c1b;20ca4de173388bae;2024-10-13T11:58:33.000Z;"Een minister die zegt dat gastarbeiders onder de mijnwerkers in de jaren 1970 de ‘welvaart’ hier hebben opgebouwd. Ik vind dat speciaal.
1) de mijnen daar is massa belastinggeld aan verkwist in die jaren
2) de jaren 1970 waren crisisjaren, toen welvaart onder druk kwam te staan";7.0;9.0;79;1,4K;gastarbeiders;2024-10-18 16_04_37.370274;0.030992178246379;0.000010959192878;0.000005888882242;0.000105258193798;0.000015473378880;0.001063014031388;0.000144567078678;1. Against immigration, migrants, foreigners, refugees, or Muslims.
56;cf8fc139a1b19765;0ed0afc90598061e;893577e3e8c65f69;2024-09-08T13:23:22.000Z;Dat was in de jaren 60 al zo... gastarbeiders helaas nam het een andere wending.;;;;7;gastarbeiders;2024-10-18 16_04_37.370274;0.068907469511032;0.000078044169641;0.000195261687622;0.000066995708039;0.000041619397962;0.019779648631811;0.000255244784057;5. Is neutral.
57;a64809cf4731571e;c57dc617f2d0ac95;df99c76b52401a94;2024-10-15T06:24:13.000Z;Misschien handig om aan te geven dat dit om de zoveelste generatie gaat die nog steeds als de Marokkaanse gastarbeiders uit de jaren 70.;1.0;;23;984;gastarbeiders;2024-10-18 16_04_37.370274;0.118903286755085;0.000218423374463;0.000019202136173;0.000254167796811;0.001225922373123;0.023903654888272;0.000273422221653;5. Is neutral.
58;f27011dd2381e53a;fd6be7a4788a3b4c;ca1fbb784b4c35b1;2024-10-15T12:19:44.000Z;Je zou zeker rechts bedoelen, zij begonnen met de import van gastarbeiders. Zijn wij wel oud genoeg om brievenbus touwtje herinneren maar niet dat rechts die import starten. Hebben wij selectief geheugen verlies? Domrechts!!;1.0;;2;16;gastarbeiders;2024-10-18 16_04_37.370274;0.628480374813080;0.000024562468752;0.000004184360932;0.000447933474788;0.000048858062655;0.064419731497765;0.000124719823361;3. Against those that oppose immigration or are negative towards migrants, foreigners, refugees, or Muslims.
59;18f1c1f6b88f4bb8;5b2ab6f43d9bee59;ee5a48f57d345fcd;2013-11-10T14:51:54.000Z;"In Rotterdam is een standbeeld onthuld voor de tienduizenden gastarbeiders die in de jaren 60 naar Nederland kwamen:
http://nos.nl/artikel/573312";;8.0;2;/NOS###/NOS###/NOS/status/399549987358384128###http://t.co/VRV1JyBjCn;gastarbeiders;2024-10-18 16_04_37.370274;0.004566854797304;0.000033272495784;0.000021747009669;0.000088801214588;0.000023665552362;0.001880751573481;0.000069280074968;5. Is neutral.
60;bd828efd09a37397;f46cf2b95a332ba2;c8083fd928f6ceb1;2024-09-20T19:33:37.000Z;De VVD wilde gastarbeiders naar Nederland halen, want de werkgevers (en dat vinden ze nog steeds) zijn williger, gehoorzamer en goedkoper. Het is vooral en met en met name de VVD, men Wilders, de berg volksverlakker waar u uitgekropen bent, omdat u daar zelfs niet tussen paste.;;;1;51;gastarbeiders;2024-10-18 16_04_37.370274;0.263691484928131;0.000442596938228;0.001427509356290;0.000096883792139;0.000040312766941;0.091225899755955;0.000275756668998;1. Against immigration, migrants, foreigners, refugees, or Muslims.
61;bdeae607c580aaa8;42b29f82927d4793;fdf999837bd3e055;2024-10-11T12:58:18.000Z;Ja, de joden zijn eerst uitgeroeid, daarna in de jaren die volgden te weinig huizen voor de Amsterdammers maar wel voor de gastarbeiders. Wij gingen naar Lelystad. Mijn Mokumse vader zei dat ie alsnog gedeporteerd werd.;1.0;;3;72;gastarbeiders;2024-10-18 16_04_37.370274;0.216510921716690;0.002981888828799;0.000057510966144;0.000017170663341;0.000006650469459;0.534254372119904;0.001763181760907;1. Against immigration, migrants, foreigners, refugees, or Muslims.
62;3ad701a25c07ebe1;9ba204437fb41446;79fc729fae3df531;2024-10-15T09:01:02.000Z;"Bullshit !

Er zijn de afgelopen jaren honderdduizenden permits/visa’s !!!!verleend aan Russische “gastarbeiders” in Duitsland en Frankrijk en Spanje !!

Het is echt totale bullshit/gelul dat “de nationale veiligheid nú plotseling in het geding zou zijn” ( door “Orban/Hongarije”)";1.0;;2;53;gastarbeiders;2024-10-18 16_04_37.370274;0.122108332812786;0.000014146178728;0.000013729664715;0.000090149027528;0.000016760777726;0.005132048856467;0.001044258591719;5. Is neutral.
63;d74d817939b64261;9ba204437fb41446;79fc729fae3df531;2024-10-15T19:54:32.000Z;"Bullshit !

Er zijn de afgelopen jaren honderdduizenden permits/visa’s !!!!verleend aan Russische “gastarbeiders” in Duitsland en Frankrijk en Spanje !!

Het is echt totale bullshit/gelul dat “de nationale veiligheid nú plotseling in het geding zou zijn” ( door “Orban/Hongarije”)";2.0;5.0;21;196;gastarbeiders;2024-10-18 16_04_37.370274;0.122108332812786;0.000014146178728;0.000013729664715;0.000090149027528;0.000016760777726;0.005132048856467;0.001044258591719;5. Is neutral.
64;89b0fadd4bd49420;9ba204437fb41446;79fc729fae3df531;2024-10-15T08:29:14.000Z;"Er zijn de afgelopen jaren honderdduizenden permits/visa’s !!!!verleend aan Russische “gastarbeiders” in Duitsland en Frankrijk en Spanje !!

Het is echt totale bullshit/gelul dat “de nationale veiligheid nú plotseling in het geding zou zijn”.";1.0;;2;58;gastarbeiders;2024-10-18 16_04_37.370274;0.200288698077202;0.000023658625651;0.000025709543479;0.000947273336351;0.000416458351537;0.041941825300455;0.003781402949244;5. Is neutral.
65;a452e04089977a90;b17962edc95ec757;a5929e7ad86fc1a4;2024-10-14T15:46:23.000Z;"Dus liever een gebrek aan empathie voor de mensen die DAGELIJKS met racisme te maken krijgen 

PS: dat madammeke in Denderleeuw heeft dit prachtige land NIET opgebouwd 

Congolese SLAVEN en Italiaanse, Turkse en Marokkaanse GASTARBEIDERS daarentegen…";;;2;482;gastarbeiders;2024-10-18 16_04_37.370274;0.111784890294075;0.000014399988686;0.000009058298929;0.000111129207653;0.000016830066670;0.001893478911370;0.000015098965378;3. Against those that oppose immigration or are negative towards migrants, foreigners, refugees, or Muslims.
66;5fbe2ba3750ed2e3;7d1ca70d935c63fa;0748a84f66ca23c0;2024-10-14T08:03:46.000Z;R waren slechts circa 4000 Marokkaanse arbeiders in NL toen het Gastarbeiders project in 1975 beëindigd werd. Alles dat hier daarna binnen is komen hossen heeft hier F*ck all te maken, + zouden we vandaag nog het land uit moeten trappen. Niets dan ellende met die lui;;;12;483;gastarbeiders;2024-10-18 16_04_37.370274;0.915601491928101;0.001658680848777;0.000078904144175;0.000168200189364;0.000096543022664;0.195679813623428;0.000037528570829;1. Against immigration, migrants, foreigners, refugees, or Muslims.
67;83b95a4d30e7ba36;87ad6ecd424bee8c;4352dad08b7db46a;2024-10-14T07:38:44.000Z;Aha. Dan ben ik benieuwd hoe die relatie precies zit. Voor mij blijft het onbegrijpelijk dat vanuit klein groepje van 30.000 Marokkaanse gastarbeiders komende uit een haaks op onze cultuur zo kon/mocht groeien zonder enige eis tot aanpassing.;2.0;;9;259;gastarbeiders;2024-10-18 16_04_37.370274;0.037152756005525;0.000032311821997;0.000130589745822;0.000285921938484;0.000255271559581;0.007297570351511;0.001374914427288;1. Against immigration, migrants, foreigners, refugees, or Muslims.
68;488f8761f3acd145;0c2fd4270e018360;b3cacd35847179c4;2024-10-11T09:51:35.000Z;"al vanaf de jaren 60 haalden 't bedrijfsleven gastarbeiders hierheen
niet ""om 's lands economie te redden"", maar
enkel voor de lage loonkosten: pure kolonisatie-2.0
waardoor investeren in innovatie niet nodig was.

en nu zitten we met Leo's gebakken peren";;;5;32;gastarbeiders;2024-10-18 16_04_37.370274;0.137363851070404;0.000473368301755;0.000008804323443;0.000030510580473;0.000006804973509;0.021104495972395;0.001244462095201;1. Against immigration, migrants, foreigners, refugees, or Muslims.
69;b63ee67bdac9ef0e;ee71981f5e3c3bc8;0485a8ddca97ba12;2024-10-10T10:56:05.000Z;"Wat Vanessa @V_van_Vanessa ook aan geeft, dat was jaren geleden al.

Ze krijgen dik betaald om oostblokkers (gastarbeiders) en goudzoekers te huisvesten. Dat is veel makkelijker cashen dan huisje voor huisje aan de man brengen bij mensen die het schoon willen hebben en netjes";;2.0;9;2,1K;gastarbeiders;2024-10-18 16_04_37.370274;0.160047382116318;0.000039989907236;0.000091189322120;0.002120631979778;0.000145533311297;0.034497253596783;0.000178913964191;1. Against immigration, migrants, foreigners, refugees, or Muslims.
70;eb8949b98a97a080;a87041c7ba589a3f;c12f74d741a62522;2024-10-11T08:29:31.000Z;De eerste gastarbeiders werkten hard en zorgden voor een enorme druk op de lonen. Maar ook voor uitstel van de mechanisering in die beroepen waar ze gingen werken. En toen kwam de crisis, veel industrie failliet. Gastarbeiders, nu met hun familie, werkloos. Als er geen goedkope;2.0;;3;79;gastarbeiders;2024-10-18 16_04_37.370274;0.061536293476820;0.000063343199145;0.001845151884481;0.000163064149092;0.000087991073087;0.017900973558426;0.000827869225759;5. Is neutral.
71;52c3fbe19e4104d1;a51967a2deb1f0c2;9ee26a62af7ea872;2024-09-04T19:19:52.000Z;O bij Arno mag er niet gepraat worden tijdens het werk? Hij vergat even dat het om potentiële partners gaat en niet om gastarbeiders. #benbvolliefde;;;34;2K;gastarbeiders;2024-10-18 16_04_37.370274;0.007029140368104;0.000011876855751;0.000001215161774;0.000860380765516;0.000219379900955;0.000636423472315;0.000008857034118;1. Against immigration, migrants, foreigners, refugees, or Muslims.
72;0986f892bc90aa99;1eb16bce3a4d3ad6;062eb7695309ca8c;2024-09-23T11:16:37.000Z;wat 'n idiote inschatting. zie 't onderzoek van brunt & bovenkerk uit de jaren '80 naar het zich terugtrekken van de gastarbeiders ná de gezinshereniging (daarvoor deden ze vaak mee aan buurtactiviteiten en zo) enfin, hier 'n foto van kaboel uit 1972. ook veranderd door wilders?;;;9;82;gastarbeiders;2024-10-18 16_04_37.370274;0.188885018229485;0.000225327821681;0.000115262628242;0.000437138136476;0.000163350021467;0.014983061701059;0.000309579627355;6. Other: Critiques historical immigration policy.
73;c8f547469d32688f;9a78afb4c45ae8db;69056dd75df3af36;2024-08-06T09:22:57.000Z;'Kinderachtige leugens': Hongarije ontkent EU-verwijten over Russische gastarbeiders;2.0;;3;46;gastarbeiders;2024-10-18 16_04_37.370274;0.024247515946627;0.000155582922161;0.000072607013863;0.000666217063554;0.003065125551075;0.002326587913558;0.000062156381318;5. Is neutral.
74;d0e5176a0a850b1c;dd6de82f5c56872f;af56207035663062;2024-09-15T11:02:25.000Z;"""De ene ploeg sliep er overdag als de andere ploeg aan het werk was. Als die arbeiders terug kwamen gingen de anderen werken.""";;;;16;gastarbeiders;2024-10-18 16_04_37.370274;0.007560382131487;0.000036450059270;0.000005204214631;0.000243496426265;0.000176972462213;0.005125265568495;0.000433792301919;5. Is neutral.
75;ec1ba7dc58ecc1fa;5518968ee8401449;30dbed2650951acf;2024-08-19T13:04:00.000Z;De migratie is in gang gezet met het werven van gastarbeiders om de industrie tegemoet te komen. NOS vandaag wel mooi filmpje met eerste Turkse gastarbeider die hete kippen moest pellen;1.0;;1;80;gastarbeiders;2024-10-18 16_04_37.370274;0.108514368534088;0.000187092693523;0.000014424165784;0.005639672279358;0.000928428198676;0.171095848083496;0.012179845012724;5. Is neutral.
76;1e625eac82ba6da1;291ce89ba63601a6;225122de2f9540e3;2024-09-05T18:25:25.000Z;"De eerste gastarbeiders waren de 
Spanjaarden in Nederland. Toen de grootste groep.";1.0;1.0;10;395;gastarbeiders;2024-10-18 16_04_37.370274;0.005584634840488;0.000013023686734;0.000007773205652;0.000010773762369;0.000003227640946;0.000268720730674;0.000022008371161;5. Is neutral.
77;015233ef267d5524;f0365f540d6c3abf;1db3c53e52339837;2024-09-28T14:20:43.000Z;"Destijds is de nationaliteit gegeven in de verwachting dat immigranten zich dan makkelijker zouden integreren & assimileren
Aan ons, oorspronkelijke Belgen, was eerst beloofd dat gastarbeiders slechts tijdelijk hier zouden zijn, vervolgens dat ze zich aan ons zouden aanpassen
2/2";1.0;;;40;gastarbeiders;2024-10-18 16_04_37.370274;0.011733719147742;0.000038812118873;0.000004159053788;0.000003017963991;0.000089691566245;0.002278407802805;0.000457107846159;1. Against immigration, migrants, foreigners, refugees, or Muslims.
78;326b495523cd3234;98b28d96a7f4f319;af80523ecb031ae9;2024-09-19T09:38:56.000Z;"Ik ben 68 jaar en heb de instroom van gastarbeiders vanaf het begin meegemaakt.
Ik heb nog nooit problemen of angst ervaren als die extreemrechtse dombo's.";2.0;;7;110;gastarbeiders;2024-10-18 16_04_37.370274;0.812942504882812;0.000005091218100;0.000009428573321;0.000548408657778;0.000034207238059;0.028692228719592;0.000039492082578;3. Against those that oppose immigration or are negative towards migrants, foreigners, refugees, or Muslims.
79;d1def237f4e3c923;e04c4e80256247d1;d143b46ea69311c2;2024-09-27T11:45:26.000Z;Uiteraard waren NIET alle gastarbeiders die toen naar hier kwamen 20 en kinderloos.  Vrouw en kinderen bleven vaak aanvankelijk in het thuisland en kwamen enkele jaren nadien. U hebt geen enkele grond om deze jongedame voor leugenaar uit te maken.;;;1;40;gastarbeiders;2024-10-18 16_04_37.370274;0.006093939766288;0.000040971124690;0.000011859209735;0.000764830445405;0.001562193967402;0.022856881842017;0.000008225906640;5. Is neutral.
80;9bd2f17c8a7a2e81;b8f5b09425eb8025;457190826e0f2ea1;2024-09-25T10:19:13.000Z;Was er dan niemand kritisch in die tijd? Jazeker. De PvdA. De linkse partij waarschuwde voor verdringing van Nederlandse werknemers en de druk op de lonen. Daarom eiste de PvdA dat gastarbeiders maar twee jaar mochten blijven.;6.0;32.0;243;8,5K;gastarbeiders;2024-10-18 16_04_37.370274;0.011446328833699;0.000059359772422;0.000261230656179;0.000034835087718;0.000183915530215;0.006249436177313;0.000586216454394;1. Against immigration, migrants, foreigners, refugees, or Muslims.
81;29167a01585a62a7;a846649b74b8a087;f875e1889f419a15;2024-09-05T14:47:35.000Z;"Ik zag ""vaarwel vaderland"" over gastarbeiders. Het was moeilijk, hard en zwaar werk. Maar wat kregen zij daarvoor terug wat ze in eigen  land nooit hadden gekregen. En ze prijzen de gastvrijheid en hulp van de nederlanders. Waar komt het anti Nederland 3e generatie dan vandaan?";;;;31;gastarbeiders;2024-10-18 16_04_37.370274;0.066634491086006;0.000088591034000;0.000068334185926;0.000113092151878;0.000462088588392;0.007334538269788;0.000067605848017;5. Is neutral.
82;c37cf0b6c47ff994;77fd91771febafff;9dedcae3ea4a2e6a;2024-09-16T09:57:30.000Z;Onze nakomeling was boos. Mijn jongste broertje was boos, omdat een kind van gastarbeiders hem verteld had dat Nederland later van hen zou zijn. Wij moesten daar toen om lachen. We zijn nu iets van 50 jr verder. Binnen een eeuw was het midden oosten geïslamiseerd.;4.0;;28;1,2K;gastarbeiders;2024-10-18 16_04_37.370274;0.025922007858753;0.000009532845979;0.000006052288882;0.000181354262168;0.000767777732108;0.009229082614183;0.000568938034121;1. Against immigration, migrants, foreigners, refugees, or Muslims.
83;69be6eeaa2af63e6;b8f5b09425eb8025;457190826e0f2ea1;2024-09-25T10:20:44.000Z;"We hadden dus een rechtse partij die actieve werving van gastarbeiders mogelijk maakte en zelfs gezinshereniging stimuleerde. Die actieve werving werd in 1973 door het kabinet-Den Uyl gestaakt; het wervingsverdrag werd gestopt. Voor de jonge lezers: Den Uyl was geen VVD’er.";2.0;35.0;244;7,8K;gastarbeiders;2024-10-18 16_04_37.370274;0.001103162765503;0.000002011528977;0.000017583899535;0.000022072728825;0.000050222159189;0.001977503066882;0.000152105378220;5. Is neutral.
84;048a895d1cbb4700;10e7d9c072116897;ca22881e6293cd21;2024-09-11T10:35:00.000Z;"Zo'n 60 jaar geleden kwamen de eerste Turkse gastarbeiders naar Nederland. Maar hoe zit het met de vrouwen die hun man achterna reisden? Fotograaf en journalist Çiğdem Yüksel brengt deze verhalen tot leven in haar tentoonstelling en boek ""Je moest eens weten"".";;1.0;4;1,2K;gastarbeiders;2024-10-18 16_04_37.370274;0.001030900864862;0.000019237784727;0.000000741413203;0.000065591615567;0.000055900858570;0.001425236230716;0.000122288925922;5. Is neutral.
85;6cafa9d8319ebeae;880bd15a3bc2aac7;f99674404d740e7e;2024-08-31T08:27:46.000Z;Ken je geschiedenis eikel. Je bedoelt dat ze de sociale dienst hadden ontdekt. Het waren de Turken, Spanjaarden, Italianen, Hongaren die als gastarbeiders hier echt hebben gewerkt. De rest alleen maar gevangen en geprofiteerd.;;;;63;gastarbeiders;2024-10-18 16_04_37.370274;0.342065006494522;0.000008810261534;0.000289080926450;0.001832619193010;0.000162466167239;0.015122480690479;0.000977860763669;1. Against immigration, migrants, foreigners, refugees, or Muslims.
86;f8bf8ab4f9f43cd1;181dcd8ad802c3ff;df9920bc4bc2ffdd;2024-10-13T10:16:21.000Z;[Extra] 60 jaar Turkse gastarbeiders in Hilversum: 'Het woord discriminatie kenden wij toen niet' -  http://hilversumsnieuws.nl/l/343597;;;;190;gastarbeiders;2024-10-18 16_04_37.370274;0.001601013122126;0.000041840299673;0.000001880110290;0.000295160483802;0.001053101615980;0.000810321304016;0.000042940195272;5. Is neutral.
87;0fdf96b43c995d53;b8f5b09425eb8025;457190826e0f2ea1;2024-09-25T10:18:14.000Z;Wilde de VVD die gastarbeiders dan weren? Welnee, samen met de voorgangers van het CDA werden er complete wervingsverdragen afgesloten met Turkije en Marokko. Sterker: er werden kantoren geopend om mensen naar Nederland te halen.;2.0;15.0;201;8K;gastarbeiders;2024-10-18 16_04_37.370274;0.025449633598328;0.000120057578897;0.000085750318249;0.000004186432307;0.000010184079656;0.012911821715534;0.000283574685454;5. Is neutral.
88;a28797774d570ac3;07bd5ed0e667e1be;7d25f32ba8a80124;2024-09-25T10:44:58.000Z;En vergeet niet dat toen de werkloosheid hoog was en o.a. deze Turkse gastarbeiders minder productief waren, ze in de WAO werden gedumpt door de werkgevers. De Nederlandse taal niet spreken woog mee als criterium. En Kok ( PVDA) heeft de WAO vereisten daarna aangepast.;2.0;;10;911;gastarbeiders;2024-10-18 16_04_37.370274;0.096113115549087;0.000035468674469;0.000527076830622;0.000054616823036;0.000122019751870;0.009829771704972;0.000119303229439;5. Is neutral.
89;5bb08b21996a112e;ebdf7c3b031d3a3c;4502b9b01a4c8766;2024-09-13T19:34:05.000Z;"Ach wat schattig, Duitsland gaat de jaren 60 gastarbeiders-periode weer helemaal over doen…

#WhatCouldPossiblyGoWrong";;;;62;gastarbeiders;2024-10-18 16_04_37.370274;0.220861092209816;0.000061064201873;0.000000079194692;0.000707776518539;0.000412392982980;0.001865512109362;0.000057342898799;1. Against immigration, migrants, foreigners, refugees, or Muslims.
90;e8d9405886a43f3a;fb5bca328c73db67;2189e9c1364d2ee7;2024-09-19T20:21:36.000Z;"Hun nieuwe electoraat.
Dat was al de opmerking eind jaren '70 over de gastarbeiders door Max vd Berg, of in ieder geval iemand in de top van de PvdA.";8.0;7.0;79;1,8K;gastarbeiders;2024-10-18 16_04_37.370274;0.004974850453436;0.000051883002016;0.000094303497463;0.000177161215106;0.000129021267639;0.006059988867491;0.000167836202308;5. Is neutral.
91;51d5898e768474b5;f27c823b8d56c8c2;9c9bb8201dc1805d;2024-08-17T09:02:50.000Z;We kunnen nog iets leren van Oman, gastarbeiders mogen er werken en moeten dan weer vertrekken! Geen naturalisaties of wat dan ook. Zo moet het!;2.0;;2;320;gastarbeiders;2024-10-18 16_04_37.370274;0.097729310393333;0.000676366034895;0.000071846901847;0.000015042469386;0.000024561695682;0.129106536507607;0.000102303361928;1. Against immigration, migrants, foreigners, refugees, or Muslims.
92;f108355dfc0392cd;da928a3d4fede4d3;31b838d28858eaa4;2024-09-04T21:01:10.000Z;"#VaarwelVaderland
De gastarbeiders en mensen uit Indonesië vertellen over hun reden ,aankomst en leven in Nederland .Boeiend maar ook komt de vraag op ,waarom en wanneer begon het mis te gaan.";;;;127;gastarbeiders;2024-10-18 16_04_37.370274;0.006726731080562;0.000068439767347;0.000388514570659;0.000657023454551;0.000621847517323;0.001095874700695;0.000258036190644;5. Is neutral.
93;71fdf2a7d1365688;4744f13b3ec4a2af;7fcc1503af04a384;2024-08-19T18:20:56.000Z;"""SNEL @BLIKOPENER333 NIEUWS"" 60 jaar Turkse gastarbeiders in Nederland. 
Nu ook in het 20.00 uur Journaal van maandagavond 19 augustus 2024
https://youtu.be/BNumiJxPvlc?si=mJSSuGz-d5-wXG_g… @J41963735 @LidwienNews @Grard05542415";;1.0;;93;gastarbeiders;2024-10-18 16_04_37.370274;0.003114558523521;0.000020159664928;0.000005918288025;0.000529752578586;0.000467970414320;0.002674902090803;0.000263787282165;5. Is neutral.
94;9176356f8ce340e3;173b83c9110b78cf;0c68f0b24f002e73;2024-10-15T08:40:26.000Z;"Ik durf best met je mee te gaan dat er onder kinderen van asielzoekers cq gastarbeiders, dus 2e of 3e generatie Marokkanen bijvoorbeeld, statistisch meer criminaliteit en dit soort brutaliteit voorkomt.

Onder woonwagenbewoners ook. Of laagopgeleiden.

Maar wat wil je eraan doen?";3.0;;1;222;gastarbeiders;2024-10-18 16_04_37.370274;0.665915906429291;0.000212254366488;0.000469917373266;0.000081006481196;0.000682686630171;0.192568421363831;0.000344599800883;5. Is neutral.
95;411746cae8ea156b;49ec9289b87de408;d816a91f4356ac0a;2024-09-04T11:31:02.000Z;Op 25 september kan je naar Pakhuis de Zwijger in Amsterdam, waar het boek “Van dankbaar naar strijdbaar” van Bilal Ben Abdelkarim  centraal staat. Het vertelt het verhaal van Marokkaanse Nederlanders die zich niet alleen hebben ontwikkeld van gastarbeiders naar trotse burgers,;;2.0;12;1,3K;gastarbeiders;2024-10-18 16_04_37.370274;0.001799822319299;0.000004686295142;0.000080424440966;0.000025935974918;0.000003163067049;0.003405359108001;0.000028518703402;5. Is neutral.
96;9dd598a09ea701fb;fb5bca328c73db67;2189e9c1364d2ee7;2024-10-13T17:21:40.000Z;"de ""Allochtonen"", of de ""Gastarbeiders"" - gasten die voor 50% van de massa  ongewenste gasten werden, gezien het criminele en a-sociale gedrag - zwalk je nogal waar je het eer over jóuw generatie hebt, en dan over de generatie van voor je, ""die ons uit de Tweede Wereldoorlog";1.0;2.0;1;96;gastarbeiders;2024-10-18 16_04_37.370274;0.382495850324631;0.000184263248229;0.000002018674195;0.000032189323974;0.000020294710339;0.008208508603275;0.000014222593563;1. Against immigration, migrants, foreigners, refugees, or Muslims.
97;6ca8c6b232d00577;28e4bc16874f2b89;d6968bbc8954ab99;2024-10-12T15:09:15.000Z;Zestig jaar Turkse gastarbeiders in Hilversum: Zorlu Hançer was één van de eersten;;;;83;gastarbeiders;2024-10-18 16_04_37.370274;0.000638879311737;0.000019460505428;0.000008196775525;0.000449954299256;0.000135162787046;0.001192618045025;0.000052358966059;5. Is neutral.
98;7240876f0c12e780;74c980c6fae1d212;f20c915bf7161fec;2024-10-07T20:37:43.000Z;"#Marokkanen, #berbers, voorheen '#gastarbeiders', hier gekomen om te ontsnappen aan armoede en de terreur van  #Hassan2
Nu; de nieuwe #Jodenhaat";;;1;33;gastarbeiders;2024-10-18 16_04_37.370274;0.081569023430347;0.000053912648582;0.000001985123163;0.000057296161685;0.000013634049537;0.007275133859366;0.000039436308725;1. Against immigration, migrants, foreigners, refugees, or Muslims.
99;f020be1960c2f966;77fd91771febafff;9dedcae3ea4a2e6a;2024-09-27T06:16:10.000Z;Mensen en dus ook kinderen kunnen walgelijk zijn. We krijgen via de oveheid en de media te horen dat elk kind veilig moet zijn op school. Iets van 50 jr geleden trof mijn moeder een mes bij mijn jongste broertje aan. Alle jongens van gastarbeiders hebben een mes zei hij, ik moet;1.0;;7;511;gastarbeiders;2024-10-18 16_04_37.370274;0.202125370502472;0.000712905777618;0.001355989021249;0.000150057021528;0.000192788065760;0.628342926502228;0.066680260002613;1. Against immigration, migrants, foreigners, refugees, or Muslims.
100;d21ad7d27f6e6a72;5b2ab6f43d9bee59;ee5a48f57d345fcd;2015-09-21T13:06:56.000Z;De Franse spoorwegmaatschappij is veroordeeld voor het stelselmatig discrimineren van gastarbeiders in de jaren 70: http://nos.nl/l/2058926;;6.0;;/NOS###/NOS###/NOS/status/645947319561678849###http://t.co/1FHPtU7Eiu;gastarbeiders;2024-10-18 16_04_37.370274;0.020838662981987;0.000012480063560;0.000001987419182;0.000301597261569;0.000028116171961;0.007125326897949;0.000284441717667;5. Is neutral.
101;d78f7ecdc18efee3;bb2d01e4ad68f9ac;c1f802ab5c6c3147;2024-09-24T13:25:10.000Z;Ik ken de verhalen van nazaten van arbeidsmigranten, eerder betiteld met gastarbeiders, o.m. vanuit m’n betrokkenheid bij een minor aan de HHS, over onwrikbare schooladviezen beneden competentie waar ze tegenin moesten vechten. Vaak stapsgewijs pas op competentieniveau. #racisme;1.0;;6;196;gastarbeiders;2024-10-18 16_04_37.370274;0.026422165334225;0.000039974958781;0.000155176225235;0.000633710122202;0.000535714672878;0.004858394619077;0.000183429001481;3. Against those that oppose immigration or are negative towards migrants, foreigners, refugees, or Muslims.
102;21ffeb6146bc1915;51764b97c1f56709;73b6d156e75a8c1f;2024-09-22T09:46:25.000Z;"Zitten we niet te wachten op weer een godsdienst? De eerste gastarbeiders kwamen, met hun religie, in de jaren 50/60. Die ""nieuwe"" godsdienst is dus al een jaartje of 70 in ons land.";2.0;;4;427;gastarbeiders;2024-10-18 16_04_37.370274;0.030566288158298;0.000006891999874;0.000007562406154;0.000028646267310;0.000095651776064;0.003042474389076;0.000295981939416;1. Against immigration, migrants, foreigners, refugees, or Muslims.
103;295ecb6779aec721;1b4c2ad6238e60b8;6b8590b87794a9e4;2024-09-04T15:05:47.000Z;De onvoorstelbare luxe: Bijbelvertalingen voor iedere soort gebruiker. Gratis Nieuwe Testamenten in alle talen van vluchtelingen en gastarbeiders. Maar de verspreiding van de HSV gaat de kerk de das om doen. Get a life people!;;;2;95;gastarbeiders;2024-10-18 16_04_37.370274;0.141281932592392;0.000080866091594;0.000385967374314;0.000284705456579;0.000026184598028;0.035246774554253;0.001189458998851;5. Is neutral.
104;71f1fa24ae34ef22;f1c182e54245d2b7;a002abd51fb44e09;2024-09-16T04:34:44.000Z;Dat mensen kansen moeten krijgen om te integreren. Nederland kan niet weer de fouten maken die ze met de gastarbeiders in de jaren 60 maakten.;2.0;;;136;gastarbeiders;2024-10-18 16_04_37.370274;0.033839050680399;0.000016423986381;0.000001101230851;0.000022331973014;0.000020916128051;0.008877641521394;0.000082890728663;2. In support of immigration, migrants, foreigners, refugees, or Muslims.
105;e4ceb80d30680027;5b2ab6f43d9bee59;ee5a48f57d345fcd;2011-03-03T20:05:05.000Z;Video: Afrikaanse gastarbeiders zijn blij om Libië te ontvluchten http://nos.nl/l/223044;;;;/NOS###/NOS###/NOS/status/43401530593918976;gastarbeiders;2024-10-18 16_04_37.370274;0.010994095355272;0.000232046106248;0.000007773665857;0.001712232129648;0.000386394240195;0.016343660652637;0.000330569106154;5. Is neutral.
106;fe35887bad7f8f24;03073f718ed81d74;da85485925c0c26c;2024-09-30T14:12:07.000Z;De eerste moslimmigranten in Nederland waren geen #Turkse en #Marokkaanse gastarbeiders, maar #Indonesiërs en #Surinamers uit de koloniën, toont de eerste tentoonstelling van het @moslimarchief. Zie link hieronder voor het hele verhaal.  https://buff.ly/3Y3uPbd #islam #moslims;1.0;6.0;5;685;gastarbeiders;2024-10-18 16_04_37.370274;0.001282870885916;0.000006954990113;0.000000179558015;0.000070416244853;0.000038689613575;0.000098706426797;0.000019353936295;5. Is neutral.
107;7e35a8a6ffb6bb49;9423e9de4698b5e8;f922e83e14545af6;2024-10-03T17:02:39.000Z;"kleine reminder een 50 jaar geleden was de campagne van het vlaams blok: 400.000 werklozen waarom nog gastarbeiders?

Het is dus nooit goed.";;;2;319;gastarbeiders;2024-10-18 16_04_37.370274;0.093890316784382;0.000104323997220;0.000016817166397;0.000050426984672;0.000047609177273;0.006485436111689;0.000051647628425;1. Against immigration, migrants, foreigners, refugees, or Muslims.
108;2846ac2a2a374e08;3baee9f30bd535b5;85d21f86d9a47be2;2024-09-07T15:54:52.000Z;Goede nieuwe serie (6 delen van 50 min.) over #migratie/eerste #gastarbeiders. Titel 'Vaarwel Vaderland'. De feiten kloppen (grotendeels)(schreef er zelf 10 jaar geleden over). #Geschiednisles #geschiedenis #politiek #economie #arbeidsmigratie.;1.0;;1;92;gastarbeiders;2024-10-18 16_04_37.370274;0.003014185465872;0.000008338712178;0.000009895246876;0.000177590307430;0.000327543384628;0.001706346170977;0.000359034806024;5. Is neutral.
109;0eea07acbddad726;d95fb78b57007512;05b507067d50703c;2024-09-28T21:57:01.000Z;En breek de dijken door. Ga vechten met Indonesië. Vul je fabrieken met gastarbeiders. Laat je burgers schurft en polio krijgen. Ga 's- zondags 2x naar de kerk ! Want zo was Nederland in een ver verleden. In een zijn dat niet bestond.;;;1;59;gastarbeiders;2024-10-18 16_04_37.370274;0.652511596679688;0.209749102592468;0.000062628205342;0.000653680646792;0.000107691397716;0.830832540988922;0.000366438413039;6. Other: Critiques nostalgic view of past.
110;b0ea27b6a40781fd;50c7b2261510b833;063d99531a88c182;2024-09-05T13:55:14.000Z;"gastarbeiders waren idd slechts een paar duizend marokkanen, die zich binnen afzienbare tijd nagenoeg allemaal in de WAO ""gewerkt"" hadden";7.0;7.0;74;1,5K;gastarbeiders;2024-10-18 16_04_37.370274;0.182985544204712;0.000245762581471;0.001158225815743;0.000061489321524;0.000048064037401;0.003935055807233;0.000210829559364;1. Against immigration, migrants, foreigners, refugees, or Muslims.
1;39ab2d5f5189f6d3;74eb76c43c076b0b;3d8b0c83c4fa6567;2024-10-04T18:15:33.000Z;60 jaar Turkse gastarbeiders in Nederland: een mijlpaal vol hard werk en doorzettingsvermogen. Als derde generatie en raadslid volg ik in de voetsporen van mijn vader, vastberaden om impact te maken op mijn gemeente en hun nalatenschap voort te zetten. #trotsedeventenaar;;;6;245;gastarbeiders;2024-10-12 11_04_33.324198;0.000338429206749;0.000009540777683;0.000004327272563;0.000492441875394;0.001432730234228;0.000202171286219;0.000016814281480;2. In support of immigration, migrants, foreigners, refugees, or Muslims.
2;5970588f0bfac3e1;b74c936a856cecc8;9d4bb69970a2387e;2024-10-08T19:16:37.000Z;Weer eentje die het begin niet heeft meegemaakt en met de hardnekkige fabel op de proppen komt. Heel wat Nederlanders die nog graag hadden willen werken zijn toen vervangen door goedkope gastarbeiders. Ze gewoon de steun ingeschopt. Ook indertijd bij ons.;1.0;1.0;4;49;gastarbeiders;2024-10-12 11_04_33.324198;0.083508700132370;0.000056700228015;0.000032076466596;0.000041448209231;0.000046594082960;0.028072502464056;0.000477210414829;1. Against immigration, migrants, foreigners, refugees, or Muslims.
3;6ec697df004dc94a;14329ccd3f623107;b7a0d74012750e36;2024-10-03T20:52:23.000Z;Nog meer gastarbeiders.;2.0;14.0;16;371;gastarbeiders;2024-10-12 11_04_33.324198;0.237369477748871;0.000192167208297;0.000004607744813;0.000066604261519;0.000043067200750;0.025498101487756;0.000066754968429;1. Against immigration, migrants, foreigners, refugees, or Muslims.
4;d9606b73ac3761c6;52151f8b8161913f;d4f0b7e14398e766;2024-10-05T18:38:48.000Z;De VAE is als overwegend islamitisch land met een percentage immigranten en gastarbeiders van 88%, stevige christelijke en hindu-minderheden, natuurlijk sowieso een mooie bestemming voor diegenen die het hier zat zijn. Leerzaam ook.;2.0;3.0;5;1,2K;gastarbeiders;2024-10-12 11_04_33.324198;0.003511154791340;0.000012565475117;0.000238108390476;0.000423436693382;0.000149697734741;0.000873991579283;0.000202983865165;5. Is neutral.
5;c0388348c551b85a;a87041c7ba589a3f;c12f74d741a62522;2024-10-05T18:53:05.000Z;Er zijn best veel dingen die ik vroeger geloofde omdat de omgeving, middelbare school jaren 70, dat geloofde. Ik herinner me een discussie over een voorstel de kinderbijslag voor kinderen van ‘gastarbeiders’ die in het thuisland woonden terug te brengen naar de kosten die men;1.0;1.0;14;531;gastarbeiders;2024-10-12 11_04_33.324198;0.008706201799214;0.000065877582529;0.000028687138183;0.000405564147513;0.000369903835235;0.016161482781172;0.000682293088175;6. Other: Reflects on past beliefs.
6;66b083573c8259d9;d73e35dac4745af6;5636146467ec8202;2024-10-09T16:53:09.000Z;Weer het heilloze idee om de vergrijzing door arbeidsmigranten te laten opvangen. Vanaf de gastarbeiders in de vorige eeuw weten we dat die niet meer weggaan en de oorzaak zullen vormen van nieuwe vergrijzingsgolven. Als we ...->;1.0;;2;69;gastarbeiders;2024-10-12 11_04_33.324198;0.125432670116425;0.006020179484039;0.000228839402553;0.000069701265602;0.000064952742832;0.040342789143324;0.000178096655873;1. Against immigration, migrants, foreigners, refugees, or Muslims.
7;7e35a8a6ffb6bb49;9423e9de4698b5e8;f922e83e14545af6;2024-10-03T17:02:39.000Z;"kleine reminder een 50 jaar geleden was de campagne van het vlaams blok: 400.000 werklozen waarom nog gastarbeiders?

Het is dus nooit goed.";;;2;314;gastarbeiders;2024-10-12 11_04_33.324198;0.093890316784382;0.000104323997220;0.000016817166397;0.000050426984672;0.000047609177273;0.006485436111689;0.000051647628425;1. Against immigration, migrants, foreigners, refugees, or Muslims.
8;b7f856e7588cfd43;7e55ade1ea5698fc;e5813a2b6a2ca5ac;2024-10-04T17:37:10.000Z;"Ja, prima verhaal. Over de jaren 60-70 volgende. 
In 1970 deed ik vakantiewerk bij Unox in Oss (ik was 15). Bij Unox (Unilever) werkten 500 Tukse gastarbeiders, 400 Spanjaarden en een paar honderd Belgische gastarbeiders. Door het bedrijf hier naar toe gehaald en inderdaad, dat";1.0;;2;71;gastarbeiders;2024-10-12 11_04_33.324198;0.031367931514978;0.000203629781026;0.000196353706997;0.001363761723041;0.006634796038270;0.005920092575252;0.001378056127578;5. Is neutral.
9;748ad08b5bce99c3;7609de419b35539d;c85aab6690fb353f;2024-10-04T18:39:35.000Z;Tijdens interviews op straat door de Duitse publieke omroep hoor je zelfs steeds vaker dat bijv. ook Turkse gastarbeiders genoeg hebben van de illegale massa-immigratie. Maar dat horen ze toch liever niet. De wereld op z'n kop.;1.0;5.0;33;1,1K;gastarbeiders;2024-10-12 11_04_33.324198;0.118549950420856;0.000048056106607;0.000912471150514;0.000158290044055;0.000292673299555;0.027109831571579;0.000755076354835;1. Against immigration, migrants, foreigners, refugees, or Muslims.
10;4430075c2253ff98;c74fb9253da048bf;9a4e1a04fc14f6fe;2024-10-06T18:06:15.000Z;Ken je geschiedenis, Geert! Het was links (PvdA -Den Uyl) die TEGEN de toelating van gastarbeiders was en het was RECHTS (CDA/VVD) die ze juist wilde hebben! Jouw frame deugt niet.;;;2;23;gastarbeiders;2024-10-12 11_04_33.324198;0.105597861111164;0.000008669091585;0.000006029325505;0.000072264680057;0.000118900847156;0.018003741279244;0.000101543431810;3. Against those that oppose immigration or are negative towards migrants, foreigners, refugees, or Muslims.
11;488f8761f3acd145;0c2fd4270e018360;b3cacd35847179c4;2024-10-11T09:51:35.000Z;"al vanaf de jaren 60 haalden 't bedrijfsleven gastarbeiders hierheen
niet ""om 's lands economie te redden"", maar
enkel voor de lage loonkosten: pure kolonisatie-2.0
waardoor investeren in innovatie niet nodig was.

en nu zitten we met Leo's gebakken peren";;;4;25;gastarbeiders;2024-10-12 11_04_33.324198;0.137363851070404;0.000473368301755;0.000008804323443;0.000030510580473;0.000006804973509;0.021104495972395;0.001244462095201;1. Against immigration, migrants, foreigners, refugees, or Muslims.
12;b725990e7a5efcdb;ac6daa267840c064;31f0bd1d18e1f0f5;2024-10-06T10:17:09.000Z;"Hamas ontvoert en verkracht vrouwen, doodde kinderen, onthoofdden Thaise gastarbeiders, stak mensen in brand. En burgers juichten dat toe.

Geef gewoon toe dat je dat fijne beelden vind. En dat je Israel weggevaagd wil hebben.";3.0;;2;96;gastarbeiders;2024-10-12 11_04_33.324198;0.610492587089539;0.008854884654283;0.000021629346520;0.196791380643845;0.143031135201454;0.909420251846314;0.279247879981995;6. Other: Criticizes support for Hamas actions.
13;eb8949b98a97a080;a87041c7ba589a3f;c12f74d741a62522;2024-10-11T08:29:31.000Z;De eerste gastarbeiders werkten hard en zorgden voor een enorme druk op de lonen. Maar ook voor uitstel van de mechanisering in die beroepen waar ze gingen werken. En toen kwam de crisis, veel industrie failliet. Gastarbeiders, nu met hun familie, werkloos. Als er geen goedkope;3.0;;3;65;gastarbeiders;2024-10-12 11_04_33.324198;0.061536293476820;0.000063343199145;0.001845151884481;0.000163064149092;0.000087991073087;0.017900973558426;0.000827869225759;5. Is neutral.
14;3a5b051d690cf7b5;5991ce426259a177;5374dd3bfe6e5fd7;2024-10-03T07:40:18.000Z;"De scheefgroei in de maatschappij hebben we vooral te danken aan de PvdA.
Het begon allemaal onder Joop den Uyl met het binnenhalen van gastarbeiders daarna met gezinshereniging. 
DENK is ook voortgekomen dankzij de PvdA.";1.0;1.0;7;98;gastarbeiders;2024-10-12 11_04_33.324198;0.139172807335853;0.000024166134608;0.000022908689061;0.000029659728170;0.000046447723435;0.003264824394137;0.000195638131117;1. Against immigration, migrants, foreigners, refugees, or Muslims.
15;12d4934587d3858d;9b27118be8275181;3c202c121c78e39f;2024-10-04T13:36:56.000Z;Dat is al zo sinds de binnenkomst van gastarbeiders omstreeks 1970. Goedkope arbeid hield verkeerde bedrijfstakken in ons land, de goeie vertrokken of zijn recent weggejaagd met belastingmaatregelen en haat tegen ondernemers.;;;2;48;gastarbeiders;2024-10-12 11_04_33.324198;0.061957191675901;0.000117806928756;0.000090865280072;0.000010756259144;0.000010311870938;0.024585198611021;0.001585742458701;1. Against immigration, migrants, foreigners, refugees, or Muslims.
16;bdeae607c580aaa8;42b29f82927d4793;fdf999837bd3e055;2024-10-11T12:58:18.000Z;Ja, de joden zijn eerst uitgeroeid, daarna in de jaren die volgden te weinig huizen voor de Amsterdammers maar wel voor de gastarbeiders. Wij gingen naar Lelystad. Mijn Mokumse vader zei dat ie alsnog gedeporteerd werd.;1.0;;3;55;gastarbeiders;2024-10-12 11_04_33.324198;0.216510921716690;0.002981888828799;0.000057510966144;0.000017170663341;0.000006650469459;0.534254372119904;0.001763181760907;1. Against immigration, migrants, foreigners, refugees, or Muslims.
17;524b1d856eb7ad0e;cb17f5ac2c3b6669;dc98378f2f59ab9a;2024-10-08T07:27:06.000Z;Herdenking? Waarom zijn de niet Joodse slachtoffers, gastarbeiders, van 7 oktober dan niet herdacht?;;;7;239;gastarbeiders;2024-10-12 11_04_33.324198;0.103254377841949;0.000741611584090;0.000006570370260;0.000016547637642;0.000016766116460;0.143373757600784;0.000970493187196;5. Is neutral.
18;eceda5e451d90f2e;64d069b708baec8e;00e4715f8cd2b9f2;2024-10-07T15:18:44.000Z;"Verdiep je eerst eens in de geschiedenis.

Het overgrote deel van de grond werd door de Joden (Yishuv) gekocht; betaalbewijzen nog aanwezig. 

Wie er woonden waren Druzen en Bedouienen, en die wonen er nog; gelijkberechtigd. De Arab. waren grotendeels gastarbeiders uit de 
1/X";3.0;1.0;7;116;gastarbeiders;2024-10-12 11_04_33.324198;0.047608744353056;0.000048968660849;0.000015184059521;0.000226212534471;0.000066573782533;0.002892361721024;0.000914401025511;6. Other: historical context about land ownership
19;05f0abbffbcb0732;b06b5267a5d72932;de051039ce421fb0;2024-10-11T08:17:44.000Z;"Welk links? Ik kan me Den Uyl nog herinneren die juist de grenzen sloot voor gastarbeiders. 

Het is ronduit zo stupide hoe mensen maar wat roepen omdat anderen dat ook roepen. Verdiep je eens, neem kennis tot je!";1.0;;7;90;gastarbeiders;2024-10-12 11_04_33.324198;0.052091915160418;0.000004168079158;0.000209484627703;0.000040740316763;0.000024862805731;0.016182135790586;0.000185424534720;5. Is neutral.
20;b63ee67bdac9ef0e;ee71981f5e3c3bc8;0485a8ddca97ba12;2024-10-10T10:56:05.000Z;"Wat Vanessa @V_van_Vanessa ook aan geeft, dat was jaren geleden al.

Ze krijgen dik betaald om oostblokkers (gastarbeiders) en goudzoekers te huisvesten. Dat is veel makkelijker cashen dan huisje voor huisje aan de man brengen bij mensen die het schoon willen hebben en netjes";;2.0;9;2,1K;gastarbeiders;2024-10-12 11_04_33.324198;0.160047382116318;0.000039989907236;0.000091189322120;0.002120631979778;0.000145533311297;0.034497253596783;0.000178913964191;1. Against immigration, migrants, foreigners, refugees, or Muslims.
21;0a2a69dc72ae9958;075f118a96e30609;e85d636dcfd44189;2024-09-20T10:21:13.000Z;"Joop den Uyl maakte in 1973 een eind aan de werving van gastarbeiders die door rechts  conservatieve regeringen hierheen waren gehaald.
Job Cohen was staatsecretaris en heeft een strenger vreemdelingenwet ingevoerd. 
Wilders verteld zoals gewoonlijk sprookjes.
#APB2024";158.0;414.0;1,2K;39K;gastarbeiders;2024-10-12 11_04_33.324198;0.041742533445358;0.000043802527216;0.000058228539274;0.000734727538656;0.000263272697339;0.004917001351714;0.000485407450469;5. Is neutral.
22;a3ff8ca9a0fd01a9;28558e49506f1132;b547a3fddb094730;2024-10-10T06:22:30.000Z;"Poolse knokploegen jagen op migranten. ‘Er hangt een ‘pogromsfeer’
Sinds een maand zoeken in Polen zelfbenoemde burgerpatrouilles naar ‘criminele migranten’. In Zyrardów ontvluchtten gastarbeiders de stad. De overheid reageert traag. De bevolking kijkt gelaten toe.Het pand aan de";1.0;;;31;gastarbeiders;2024-10-12 11_04_33.324198;0.190514966845512;0.002289155498147;0.000081077741925;0.000355518917786;0.000006175049748;0.253040224313736;0.003868016647175;1. Against immigration, migrants, foreigners, refugees, or Muslims.
23;0cd48403f485ca25;78f0b33e7124c2bc;23e72ec352d2003b;2024-10-10T06:24:22.000Z;"Poolse knokploegen jagen op illegale migranten. ‘Er hangt geen ‘pogromsfeer’ 

Sinds een maand zoeken in Polen heldhaftige burgerpatrouilles naar ‘criminele migranten’. In Zyrardów ontvluchtten gastarbeiders de stad. De overheid reageert traag. De bevolking kijkt tevreden toe.";;;;23;gastarbeiders;2024-10-12 11_04_33.324198;0.037116911262274;0.000774782733060;0.000060054524511;0.000536284816917;0.000021603433197;0.092448949813843;0.002328094560653;1. Against immigration, migrants, foreigners, refugees, or Muslims.
24;981123f0b109a088;fce77c34d3fec987;49389f4662f2a410;2024-09-18T17:48:10.000Z;"Is er nou vanavond alweer een programma/serie over “gastarbeiders”..?

Waarom wordt belastinggeld gebruikt om een politieke mening populair te maken?

En mensen maar klagen over ON, want dit is zeker niet “sturend” bedoeld..(?).";;;;11;gastarbeiders;2024-10-12 11_04_33.324198;0.049534354358912;0.000435083551565;0.000067278364440;0.000033764616092;0.000014765304513;0.080672688782215;0.000340520549798;1. Against immigration, migrants, foreigners, refugees, or Muslims.
25;6272dbd3e82771e0;b74c936a856cecc8;9d4bb69970a2387e;2024-09-05T16:07:02.000Z;De wederopbouw was al in 1955 praktisch voltooid door hardwerkende Nederlanders. Dus nog ver voor de eerste gastarbeiders als goedkope arbeidskrachten naar Nederland kwamen. Overigens eerst uit Zuid-Europa en later in de jaren '60 uit Turkije en Marokko.;24.0;146.0;450;8,1K;gastarbeiders;2024-10-12 11_04_33.324198;0.005713527556509;0.000019490556951;0.000049545244110;0.000007869845831;0.000018569588065;0.001410196651705;0.000071283677244;5. Is neutral.
26;c1b1642df7e3e153;54107398ec94b895;d08bd88c6c6c4f0c;2024-08-23T13:00:11.000Z;"Hallo @RPlasterk, een onverwachte inkijk. Nu mijn vragen:
Ja, rechts heeft in de beginne #gastarbeiders binnengehaald, maar wie heeft toegestaan of gepromoot om de werkers hun gezinnen te laten overkomen? 
Waarom is niet gekozen voor max 5 jaar en terug, en kan je broertje komen?";;;;19;gastarbeiders;2024-10-12 11_04_33.324198;0.006472241133451;0.000719659496099;0.000035774508433;0.000231158861425;0.000692954636179;0.010353103280067;0.000581772474106;1. Against immigration, migrants, foreigners, refugees, or Muslims.
27;683c47d8626beb14;d1ab0e625d29882e;23d850348107eb61;2024-10-10T18:20:59.000Z;Begrijpend lezen is aan U voorbijgegaan ?  Net wat ik zeg  , aangepaste mensen . Waarom begin je daar vandaag over ? Deze boodschap is er ene voor radicaal links en hun import vandaag , en we leven vandaag zonder problemen met uw gastarbeiders , dus wat is uw boodschap ?;1.0;;1;23;gastarbeiders;2024-10-12 11_04_33.324198;0.041872348636389;0.000019386485292;0.000350847927621;0.000049880127335;0.000063308354584;0.017864963039756;0.000061738559452;4. Against those that support immigration, migrants, foreigners, refugees, or Muslims.
28;4a0a0f1dc292a548;b14ff67048a3b878;0a4b5aeba6d0354a;2024-09-22T18:00:01.000Z;"Vanavond in De Sociëteit om 22:52 uur op NPO2.

Het is 60 jaar geleden dat de eerste Turkse gastarbeiders in Nederland aankwamen. Wat bracht het hen en wat bracht het Nederland? We gaan het er uitgebreid over hebben.";1.0;1.0;2;263;gastarbeiders;2024-10-12 11_04_33.324198;0.001097547356039;0.000003403528581;0.000001468768801;0.000024997751098;0.000182341216714;0.002001691376790;0.000245636561885;5. Is neutral.
29;8b3121cb60e41c55;b74c936a856cecc8;9d4bb69970a2387e;2024-09-01T19:11:18.000Z;Klopt. De wederopbouw was al in 1955 praktisch voltooid door hardwerkende Nederlanders. Dus nog ver voor de eerste gastarbeiders als goedkope arbeidskrachten naar Nederland kwamen. Overigens eerst uit Zuid-Europa en later in de jaren '60 uit Turkije en Marokko.;2.0;6.0;10;251;gastarbeiders;2024-10-12 11_04_33.324198;0.005034811329097;0.000020815221433;0.000033675703889;0.000009122006304;0.000024046637918;0.001827058382332;0.000044400312618;5. Is neutral.
30;a3c53fba81242a4a;4e0493d6c0d62f06;ac7e99a9635e0de9;2024-08-30T13:35:36.000Z;"Erm? ""Vanaf 1949 begon de Nederlandse overheid actief emigratie te plannen en te bevorderen. In het hoogtepuntjaar van 1952 emigreerden maar liefst 48.690 Nederlanders naar landen als Canada, Australië, Nieuw-Zeeland en de VS""

En dan is er nog iets met nood aan gastarbeiders.";1.0;;3;191;gastarbeiders;2024-10-12 11_04_33.324198;0.001721452339552;0.000055221928051;0.000191594735952;0.000025060622647;0.000055702268583;0.001014581182972;0.000242060836172;5. Is neutral.
31;c696dd0a7595b3ca;b74c936a856cecc8;9d4bb69970a2387e;2024-09-02T07:59:03.000Z;Heel wat Nederlanders zijn toen vervangen door de goedkope gastarbeiders.;2.0;1.0;5;47;gastarbeiders;2024-10-12 11_04_33.324198;0.454468846321106;0.000887065834831;0.000008730836271;0.000125644684886;0.000106187595520;0.032813135534525;0.001106767915189;1. Against immigration, migrants, foreigners, refugees, or Muslims.
32;387d290735532a1b;d1ab0e625d29882e;23d850348107eb61;2024-10-10T18:04:48.000Z;Dat zijn Europeanen en die werken overal hier en elders , ook Portugezen, Spanjaarden, Italianen enz . Werken hier als gastarbeiders en zijn geïntegreerd en laten onze cultuur de onze zijn en beleven de hunne thuis ! Maar Afrikanen en mohammedanen daar doelde ik op  !;1.0;;;35;gastarbeiders;2024-10-12 11_04_33.324198;0.072207756340504;0.000007050446584;0.000165558652952;0.000020781762942;0.000010069330528;0.000672859838232;0.000069471607276;1. Against immigration, migrants, foreigners, refugees, or Muslims.
33;c9831e4fda1d6ab3;b74c936a856cecc8;9d4bb69970a2387e;2024-09-16T16:30:59.000Z;De wederopbouw was al in 1955 praktisch voltooid door hardwerkende Nederlanders. Dus nog ver voor de eerste gastarbeiders als goedkope arbeidskrachten naar Nederland kwamen. Overigens eerst uit Zuid-Europa en later in de jaren '60 uit Turkije en Marokko.;1.0;1.0;3;94;gastarbeiders;2024-10-12 11_04_33.324198;0.005713527556509;0.000019490556951;0.000049545244110;0.000007869845831;0.000018569588065;0.001410196651705;0.000071283677244;5. Is neutral.
34;f7b893d301c7d80c;9fe6cbb9e933ad0b;2ef37bd848a4d26c;2024-09-05T15:04:54.000Z;Jaren 60 vorige eeuw kwamen gastarbeiders naar NL om ons te helpen,Nu meer dan 60 jaar later zitten ze nog in onze huizen,passen zich niet aan,spreken amper Nederlands en hun kinderen en kleinkinderen vormen een gigantisch probleem in onze steden.;4.0;3.0;4;147;gastarbeiders;2024-10-12 11_04_33.324198;0.593506515026093;0.000026344170692;0.000000025004178;0.000030600735045;0.000033425945730;0.007808722555637;0.000010033767467;1. Against immigration, migrants, foreigners, refugees, or Muslims.
35;626d513cc3a74c97;9404164a4430e185;45587a3c168cac54;2024-10-12T06:58:16.000Z;"Zestig jaar Turkse gastarbeiders in Hilversum: ""Nederlanders waren heel nieuwsgierig""";;;;1,1K;gastarbeiders;2024-10-12 11_04_33.324198;0.001020268537104;0.000010106205082;0.000008861276001;0.000611208030023;0.000339536054525;0.000201490416657;0.000023505588615;5. Is neutral.
36;048a895d1cbb4700;10e7d9c072116897;ca22881e6293cd21;2024-09-11T10:35:00.000Z;"Zo'n 60 jaar geleden kwamen de eerste Turkse gastarbeiders naar Nederland. Maar hoe zit het met de vrouwen die hun man achterna reisden? Fotograaf en journalist Çiğdem Yüksel brengt deze verhalen tot leven in haar tentoonstelling en boek ""Je moest eens weten"".";;1.0;4;1,2K;gastarbeiders;2024-10-12 11_04_33.324198;0.001030900864862;0.000019237784727;0.000000741413203;0.000065591615567;0.000055900858570;0.001425236230716;0.000122288925922;5. Is neutral.
37;81d8835913f21f59;fa581092212eab81;30b99af317e04576;2024-09-21T20:44:03.000Z;Ik kom uit een provinciestadje waar  relatief veel industrie was. Papier- en kartonfabriek, machinefabriek, kabelbomen, landbouw techniek, confectie, blikfabriek, noem maar op. Eind jaren 60 kwamen de gastarbeiders. Eerst Spanjaarden, vrome katholieken, daarna Marokkanen,;2.0;;2;308;gastarbeiders;2024-10-12 11_04_33.324198;0.037382494658232;0.000018129108867;0.000166474259458;0.000009894596587;0.000031391671655;0.001335454871878;0.000592550437432;5. Is neutral.
38;1c37d1deda7849cd;5de4b0694632ebd0;2350ab61a96bb83c;2024-09-26T17:07:38.000Z;Inderdaad, de corrupte Midden-Europese elite ondermijnt de Europese veiligheid door Russische gastarbeiders toe te laten in Hongarije, en daarmee ook in de gehele Schengen-zone. Dit geeft Rusland vrij spel om spionageactiviteiten te ontplooien in Europa, wat de hybride;2.0;10.0;19;2,1K;gastarbeiders;2024-10-12 11_04_33.324198;0.240669101476669;0.000135178386699;0.000125221398775;0.003720322623849;0.000231256039115;0.037941008806229;0.000414347712649;1. Against immigration, migrants, foreigners, refugees, or Muslims.
39;20c4caefbab94d26;1e9a003afea3fb29;04322359a9c6f1df;2024-09-10T09:34:29.000Z;Nederland is een land dat bestaat dankzij grote groepen die van buiten gekomen zijn, vaak als vluchteling, zoals Joden uit Spanje, Hugenoten, soldaten uit Zwitserland, Duitse handelaren en arbeiders, chinezen, Indische mensen, Surinamers, gastarbeiders, vluchtelingen, enz.;1.0;3.0;11;268;gastarbeiders;2024-10-12 11_04_33.324198;0.002915124874562;0.000013162132745;0.000017330965420;0.000050500279031;0.000007848274436;0.000907414359972;0.000175383145688;2. In support of immigration, migrants, foreigners, refugees, or Muslims.
40;411746cae8ea156b;49ec9289b87de408;d816a91f4356ac0a;2024-09-04T11:31:02.000Z;Op 25 september kan je naar Pakhuis de Zwijger in Amsterdam, waar het boek “Van dankbaar naar strijdbaar” van Bilal Ben Abdelkarim  centraal staat. Het vertelt het verhaal van Marokkaanse Nederlanders die zich niet alleen hebben ontwikkeld van gastarbeiders naar trotse burgers,;;2.0;12;1,3K;gastarbeiders;2024-10-12 11_04_33.324198;0.001799822319299;0.000004686295142;0.000080424440966;0.000025935974918;0.000003163067049;0.003405359108001;0.000028518703402;5. Is neutral.
41;57b8c4150ecb6956;fe31c899b5794b09;9887c29f1ddfd2d1;2024-09-02T12:41:58.000Z;"19/08/1964 Den Haag, Nederland: KVP/ ARP/ CHU/ VVD-kabinet-Victor Marijnen/ Turks minister van Arbeid Bülent Ecevit tekenen wervingscontract voor Turkse ""gastarbeiders"" - ""Blonde Geert"" beweert al jaren dat 'links' dat deed, maar dat LIEGT-ie";;;;38;gastarbeiders;2024-10-12 11_04_33.324198;0.031000770628452;0.000053750423831;0.000344058498740;0.002261245390400;0.002005380345508;0.007708726450801;0.000526299700141;3. Against those that oppose immigration or are negative towards migrants, foreigners, refugees, or Muslims.
42;5a931e5bc7862beb;fe31c899b5794b09;9887c29f1ddfd2d1;2024-09-06T15:08:18.000Z;de Volkskrant 26 april 1980 En weer EIST het bedrijfsleven de komst van 'gastarbeiders'. VVD, CDA gehoorzamen als bereidwillige politieke knechten. PvdA en vakbeweging protesteren tevergeefs. Oh, natuurlijk schelden verdeel-en-heersknechtjes de geronselde buitenlanders voor rot.;;;;20;gastarbeiders;2024-10-12 11_04_33.324198;0.406736940145492;0.000252318772255;0.001315606408752;0.000153615706949;0.000050586841098;0.256838649511337;0.001223442959599;1. Against immigration, migrants, foreigners, refugees, or Muslims.
43;851d3d83cf9376f9;ae3a1762d22dd110;b48bc7ccb31924db;2024-09-05T22:52:23.000Z;"Onze ‘gastarbeiders’ pasten niet in het wereldbeeld van vele suburbane Vlamingen, in de crisis opgejut door een autoritaire en racistische antivreemdelingenpartij.
http://sampol.be/2024/09/communautarisme-versus-democratie… via @Sampol_magazine";12.0;3.0;6;852;gastarbeiders;2024-10-12 11_04_33.324198;0.008886477909982;0.000013553426470;0.000001617129897;0.000084536586655;0.000002827600838;0.002341359620914;0.000105406943476;3. Against those that oppose immigration or are negative towards migrants, foreigners, refugees, or Muslims.
44;d64dbd4a01ed16a4;bde1f5efac7d8c73;9bccea6ce9288bd4;2024-08-31T18:45:21.000Z;Zo kun je ook tegen gastarbeiders aankijken.;;;;125;gastarbeiders;2024-10-12 11_04_33.324198;0.162485301494598;0.000016162159227;0.000000540596261;0.000001315865461;0.000000242726827;0.010180281475186;0.000019111739675;1. Against immigration, migrants, foreigners, refugees, or Muslims.
45;7084ad603e432389;b74c936a856cecc8;9d4bb69970a2387e;2024-09-05T17:02:07.000Z;De lonen werden begin jaren '60 te hoog en de werkgevers hebben toen sterk aangedrongen op goedkope gastarbeiders. Heel wat Nederlanders zijn toen werkloos geraakt. Daar heb ik nog eens een stukje over geschreven.;2.0;5.0;22;192;gastarbeiders;2024-10-12 11_04_33.324198;0.011155469343066;0.000003709980092;0.000325081404299;0.000051458016969;0.000059382931795;0.001960692694411;0.000182760355528;1. Against immigration, migrants, foreigners, refugees, or Muslims.
46;71a03a7ec53594e8;a195a1a4fcc35cd3;b2776c41e10c69ea;2024-09-14T09:14:38.000Z;"Never give in for abuis. Wat? Check; hoog conjunctuur alleen (?) bij slavernij rn gastarbeiders. Tuurlijk ook uw gezin (ja, soort '67 Palasteina) oei, oei wij hebben het fout gedaan, dat kost u geld. Emigratie belasting, bij vertrekpoort ff strippen 
https://youtu.be/YySW9cF7N7Y?si=GwkVq-vQOC8i8XsJ…";;;;60;gastarbeiders;2024-10-12 11_04_33.324198;0.130237609148026;0.001613197964616;0.000011783093214;0.001847306382842;0.000378830329282;0.026659583672881;0.003512299386784;1. Against immigration, migrants, foreigners, refugees, or Muslims.
47;f108355dfc0392cd;da928a3d4fede4d3;31b838d28858eaa4;2024-09-04T21:01:10.000Z;"#VaarwelVaderland
De gastarbeiders en mensen uit Indonesië vertellen over hun reden ,aankomst en leven in Nederland .Boeiend maar ook komt de vraag op ,waarom en wanneer begon het mis te gaan.";;;;120;gastarbeiders;2024-10-12 11_04_33.324198;0.006726731080562;0.000068439767347;0.000388514570659;0.000657023454551;0.000621847517323;0.001095874700695;0.000258036190644;5. Is neutral.
48;778dbdb7a4e213dd;53d270584589c258;5e894b9736aa44ed;2024-10-02T03:37:25.000Z;Het laatste linkse kabinet was ruim 50 jaar geleden. Wist je trouwens dat links tegen het binnenhalen van gastarbeiders uit o.a. Turkije en Marokko was?  Dat het laatste linkse kabinet dit ook onmiddellijk stopte?;3.0;;14;319;gastarbeiders;2024-10-12 11_04_33.324198;0.030708286911249;0.000016976384359;0.000215338950511;0.000034119402699;0.000037812438677;0.010512248612940;0.000079703175288;5. Is neutral.
49;5bf47a34dc45f082;802c3b4801afc8c8;2068287c1efb63f7;2024-09-24T17:06:38.000Z;De VVD ... sloot wervingsverdragen af met Turkije en Marokko... En wie was er kritisch? Juist, ja. De PvdA... Daarom eiste de PvdA dat gastarbeiders maar twee jaar mochten blijven. En wat deed de VVD? Die eiste dat Turken en Marokkanen... hun gezin mee mochten nemen...;3.0;1.0;9;1,7K;gastarbeiders;2024-10-12 11_04_33.324198;0.057232487946749;0.000074472096458;0.000173580876435;0.000056071330619;0.000433105364209;0.052814319729805;0.004301172215492;1. Against immigration, migrants, foreigners, refugees, or Muslims.
50;28910507f52b0706;cad2da138473aea6;165c15b4d84c5c5a;2024-09-11T08:10:44.000Z;"Eating cats and dogs......ik herinner me dat jaaaaaren geleden dezelfde verhalen de ronde deden over Turkse en Marokkaanse gastarbeiders... 

Racisten zijn niet bepaald origineel.";;;;36;gastarbeiders;2024-10-12 11_04_33.324198;0.398987948894501;0.000009056371709;0.000069457099016;0.000119792042824;0.000007219508007;0.341678559780121;0.130309626460075;3. Against those that oppose immigration or are negative towards migrants, foreigners, refugees, or Muslims.
51;382159a69884148b;9c25e1e7400d1682;869da18ad076077a;2024-09-20T21:10:55.000Z;niet door rechts conservatieve regeringen. Die zagen alleen geen problemen (niemand niet) bij het door onze grote bedrijven (philips, akzo, aldel, textiel) ronselen van gastarbeiders.;;;;26;gastarbeiders;2024-10-12 11_04_33.324198;0.049617301672697;0.000066370244895;0.000137020804686;0.000327208806993;0.000148365768837;0.002678479067981;0.000963936734479;5. Is neutral.
52;21ffeb6146bc1915;51764b97c1f56709;73b6d156e75a8c1f;2024-09-22T09:46:25.000Z;"Zitten we niet te wachten op weer een godsdienst? De eerste gastarbeiders kwamen, met hun religie, in de jaren 50/60. Die ""nieuwe"" godsdienst is dus al een jaartje of 70 in ons land.";2.0;;4;423;gastarbeiders;2024-10-12 11_04_33.324198;0.030566288158298;0.000006891999874;0.000007562406154;0.000028646267310;0.000095651776064;0.003042474389076;0.000295981939416;1. Against immigration, migrants, foreigners, refugees, or Muslims.
53;71f1fa24ae34ef22;f1c182e54245d2b7;a002abd51fb44e09;2024-09-16T04:34:44.000Z;Dat mensen kansen moeten krijgen om te integreren. Nederland kan niet weer de fouten maken die ze met de gastarbeiders in de jaren 60 maakten.;2.0;;;132;gastarbeiders;2024-10-12 11_04_33.324198;0.033839050680399;0.000016423986381;0.000001101230851;0.000022331973014;0.000020916128051;0.008877641521394;0.000082890728663;2. In support of immigration, migrants, foreigners, refugees, or Muslims.
54;9bc6d60900c0f8d6;af0ea405278c597e;c32b90b43f824191;2024-08-27T22:18:29.000Z;Mag je niet zeggen Wierd, maar wat heb je gelijk. Ik was 8 jaar in 1955 heb het allemaal meegemaakt in Nederland. De Hongaarse vluchtelingen, de gastarbeiders, de Tsjechische vluchtelingen na de Praagse Lente en ga maar door. Onvergelijkbaar met wat er op dit moment gebeurt;;;9;495;gastarbeiders;2024-10-12 11_04_33.324198;0.011394234374166;0.000000880468292;0.000003589295829;0.000296916579828;0.000823718437459;0.006978490855545;0.001338818110526;1. Against immigration, migrants, foreigners, refugees, or Muslims.
55;f196b74d5249218f;b437c188e2d84d32;f29ced99b79e25dc;2024-09-05T17:32:48.000Z;Verreweg de meeste Italiaanse en Spaanse gastarbeiders keerden terug naar hun land!!!;2.0;1.0;9;159;gastarbeiders;2024-10-12 11_04_33.324198;0.127928897738457;0.000023825381504;0.001974884886295;0.000073441100540;0.000019546192561;0.001481926301494;0.000009943074474;5. Is neutral.
56;085b5d7cb1c4b235;2b4923ac43fd2652;94dc68c32f17ecd1;2024-08-09T12:54:44.000Z;Het probleem met deze puber is, dat hij niet beter weet. Hij heeft geen notie van de tijd voor de massale toestroom van gastarbeiders, gezinshereniging, massale toestroom van zgn ‘vluchtelingen’, wij senioren of boomers hebben dat wel! Dat is het verschil!;1.0;;3;90;gastarbeiders;2024-10-12 11_04_33.324198;0.025736145675182;0.000005804438388;0.000015101140889;0.000498228997458;0.001270363456570;0.010308174416423;0.000080820223957;1. Against immigration, migrants, foreigners, refugees, or Muslims.
57;2846ac2a2a374e08;3baee9f30bd535b5;85d21f86d9a47be2;2024-09-07T15:54:52.000Z;Goede nieuwe serie (6 delen van 50 min.) over #migratie/eerste #gastarbeiders. Titel 'Vaarwel Vaderland'. De feiten kloppen (grotendeels)(schreef er zelf 10 jaar geleden over). #Geschiednisles #geschiedenis #politiek #economie #arbeidsmigratie.;1.0;;1;88;gastarbeiders;2024-10-12 11_04_33.324198;0.003014185465872;0.000008338712178;0.000009895246876;0.000177590307430;0.000327543384628;0.001706346170977;0.000359034806024;5. Is neutral.
58;87486a5598d57ebe;5b2ab6f43d9bee59;ee5a48f57d345fcd;2024-08-19T12:34:26.000Z;Podcast De Dag: 60 jaar Turkse gastarbeiders in Nederland;24.0;2.0;11;21K;gastarbeiders;2024-10-12 11_04_33.324198;0.003381410380825;0.000079587880464;0.000025923711291;0.003158856881782;0.001336314366199;0.002413949929178;0.000304787565256;5. Is neutral.
59;0eea07acbddad726;d95fb78b57007512;05b507067d50703c;2024-09-28T21:57:01.000Z;En breek de dijken door. Ga vechten met Indonesië. Vul je fabrieken met gastarbeiders. Laat je burgers schurft en polio krijgen. Ga 's- zondags 2x naar de kerk ! Want zo was Nederland in een ver verleden. In een zijn dat niet bestond.;;;1;54;gastarbeiders;2024-10-12 11_04_33.324198;0.652511596679688;0.209749102592468;0.000062628205342;0.000653680646792;0.000107691397716;0.830832540988922;0.000366438413039;6. Other: Critiques nostalgic view of past.
60;285e338cd64edc47;0c2fd4270e018360;b3cacd35847179c4;2024-09-04T20:47:00.000Z;"""...de gastarbeiders kwamen de baantjes doen waar wij ons te goed voor voelden'....
Heeft @heindehaas dat echt gezegd?
Da's een leugen. Vraag maar aan Jan Marijnissen:
(2:15) https://youtube.com/watch?v=2SUoSZS5UBo&t=140s…

Hein blokkeert mij volgens goed ""links"" gebruik bij tegenspraak
#vandaaginside";;1.0;9;2,3K;gastarbeiders;2024-10-12 11_04_33.324198;0.006071139127016;0.000018693273887;0.000332939904183;0.001528657041490;0.000450119870948;0.001098467386328;0.000053974683397;6. Other: questioning a statement about immigration.
61;0986f892bc90aa99;1eb16bce3a4d3ad6;062eb7695309ca8c;2024-09-23T11:16:37.000Z;wat 'n idiote inschatting. zie 't onderzoek van brunt & bovenkerk uit de jaren '80 naar het zich terugtrekken van de gastarbeiders ná de gezinshereniging (daarvoor deden ze vaak mee aan buurtactiviteiten en zo) enfin, hier 'n foto van kaboel uit 1972. ook veranderd door wilders?;;;9;77;gastarbeiders;2024-10-12 11_04_33.324198;0.188885018229485;0.000225327821681;0.000115262628242;0.000437138136476;0.000163350021467;0.014983061701059;0.000309579627355;6. Other: Critiques historical immigration policy.
62;210898f6651d8834;23281e501744c763;98160ba83dfe1ecf;2024-08-30T23:24:37.000Z;"Precies.   De eerste gastarbeiders kwamen begin 60.
Die werkten vrijwel allemaal.";1.0;1.0;3;238;gastarbeiders;2024-10-12 11_04_33.324198;0.012190600857139;0.000033639080357;0.000580284686293;0.000862706452608;0.000278234074358;0.002660875907168;0.000242456502747;5. Is neutral.
63;327f2db6bf3baf85;409da36e6425b14b;d2d10dc64d724a69;2024-10-02T15:17:50.000Z;Laatst zei iemand toch dat het de gastarbeiders waren die Nederland hebben opgebouwd? Nou, wellicht waren het lesbische Afrikaanse vrouwen die Nederland hebben bevrijd. Wist jij dat?;3.0;;6;238;gastarbeiders;2024-10-12 11_04_33.324198;0.058801222592592;0.000100905584986;0.000010336741980;0.004760853946209;0.000338468060363;0.048350516706705;0.000657081371173;1. Against immigration, migrants, foreigners, refugees, or Muslims.
64;fe35887bad7f8f24;03073f718ed81d74;da85485925c0c26c;2024-09-30T14:12:07.000Z;De eerste moslimmigranten in Nederland waren geen #Turkse en #Marokkaanse gastarbeiders, maar #Indonesiërs en #Surinamers uit de koloniën, toont de eerste tentoonstelling van het @moslimarchief. Zie link hieronder voor het hele verhaal.  https://buff.ly/3Y3uPbd #islam #moslims;1.0;6.0;5;678;gastarbeiders;2024-10-12 11_04_33.324198;0.001282870885916;0.000006954990113;0.000000179558015;0.000070416244853;0.000038689613575;0.000098706426797;0.000019353936295;5. Is neutral.
65;fd184d61a2da287f;5ca4044b08cd0b22;ae8deca3bc9d2cf4;2024-09-30T14:12:19.000Z;De eerste moslimmigranten in Nederland waren geen #Turkse en #Marokkaanse gastarbeiders, maar #Indonesiërs en #Surinamers uit de koloniën, toont de eerste tentoonstelling van het @moslimarchief. Zie link hieronder voor het hele verhaal.  https://buff.ly/3Y3uPbd #islam #moslims;;;1;149;gastarbeiders;2024-10-12 11_04_33.324198;0.001282870885916;0.000006954990113;0.000000179558015;0.000070416244853;0.000038689613575;0.000098706426797;0.000019353936295;5. Is neutral.
66;2071c90d8db04c3d;b99d6ce4fafaf715;b86200fbb72d19a6;2024-09-16T14:34:39.000Z;"dezelfde argumenten worden nog steeds gebruikt als bij de eerste gastarbeiders.. en bevolkingsgroei betekend dat je ook meer mensen nodig hebt

en als ik vroeger bij mijn oma mocht kiezen, en ik begon de zin met ""ik heb liever..."" dat heb ik niet

en ondertussen groeit ""overheid""";2.0;1.0;;68;gastarbeiders;2024-10-12 11_04_33.324198;0.041840907186270;0.000122606987134;0.000129198801005;0.000325470289681;0.000556414423045;0.005507782101631;0.000027352045436;5. Is neutral.
67;e58416e79980a326;e0c5f2741926ab4b;4fb617edc452b819;2024-09-30T12:02:19.000Z;Het getal van 70% klopt niet volgens het CBS. De allochtonen die in bewaring zitten hebben overigens grotendeels een Nederlands paspoort en hebben niets met asielzoekers te maken, maar zijn 3e generatie kids van gastarbeiders. Zoek hulp dom gefrustreerde debiel!;2.0;;;8;gastarbeiders;2024-10-12 11_04_33.324198;0.211036875844002;0.000046198096243;0.000197566856514;0.000020767833121;0.000023387905458;0.046349279582500;0.000020479801606;3. Against those that oppose immigration or are negative towards migrants, foreigners, refugees, or Muslims.
68;c37cf0b6c47ff994;77fd91771febafff;9dedcae3ea4a2e6a;2024-09-16T09:57:30.000Z;Onze nakomeling was boos. Mijn jongste broertje was boos, omdat een kind van gastarbeiders hem verteld had dat Nederland later van hen zou zijn. Wij moesten daar toen om lachen. We zijn nu iets van 50 jr verder. Binnen een eeuw was het midden oosten geïslamiseerd.;4.0;;28;1,2K;gastarbeiders;2024-10-12 11_04_33.324198;0.025922007858753;0.000009532845979;0.000006052288882;0.000181354262168;0.000767777732108;0.009229082614183;0.000568938034121;1. Against immigration, migrants, foreigners, refugees, or Muslims.
69;fb26ed6428134c13;d235d56f7980b5f9;839ac6472fa06bed;2024-09-20T14:06:52.000Z;"Vroeger moesten de gastarbeiders terug.
Den Uyl heeft hierin verandering gebracht met de wet ""recht of gezinshereniging"" in 1974.
Daarvoor waren het GASTarbeiders en zoals het woord het al zegt, te gast en men ging terug. Kom in Spanje nog veel mensen tegen uit die 
tijd.";6.0;2.0;23;1,1K;gastarbeiders;2024-10-12 11_04_33.324198;0.003335467306897;0.000005284540293;0.000013082941223;0.000003662004701;0.000007363696568;0.000695628405083;0.000015817231542;1. Against immigration, migrants, foreigners, refugees, or Muslims.
70;52c3fbe19e4104d1;a51967a2deb1f0c2;9ee26a62af7ea872;2024-09-04T19:19:52.000Z;O bij Arno mag er niet gepraat worden tijdens het werk? Hij vergat even dat het om potentiële partners gaat en niet om gastarbeiders. #benbvolliefde;;;34;2K;gastarbeiders;2024-10-12 11_04_33.324198;0.007029140368104;0.000011876855751;0.000001215161774;0.000860380765516;0.000219379900955;0.000636423472315;0.000008857034118;1. Against immigration, migrants, foreigners, refugees, or Muslims.
71;7240876f0c12e780;74c980c6fae1d212;f20c915bf7161fec;2024-10-07T20:37:43.000Z;"#Marokkanen, #berbers, voorheen '#gastarbeiders', hier gekomen om te ontsnappen aan armoede en de terreur van  #Hassan2
Nu; de nieuwe #Jodenhaat";;;1;21;gastarbeiders;2024-10-12 11_04_33.324198;0.081569023430347;0.000053912648582;0.000001985123163;0.000057296161685;0.000013634049537;0.007275133859366;0.000039436308725;1. Against immigration, migrants, foreigners, refugees, or Muslims.
72;fdfe26f7cdfca6ab;4f866134b2a7fdb7;efa56f68c617a710;2024-09-05T13:53:28.000Z;Het ontbrekende detail in #VaarwelVaderland van @OmroepMAX: de ontheemde gezinnen uit Indonesië betaalden de hoofdprijs voor hun gedwongen verblijf in #contractpensions. Die als opvanglocaties vervolgens op uitgekookte wijze geëxploiteerd werden voor de opvang van gastarbeiders.;;3.0;4;277;gastarbeiders;2024-10-12 11_04_33.324198;0.003703943220898;0.000018743146939;0.000028191780075;0.000866237678565;0.000241028887103;0.035329580307007;0.001343536539935;5. Is neutral.
73;ed052fad871e32db;f04c749903eb09d0;05adf5068d9debed;2024-08-23T14:48:35.000Z;Dit zijn mensen die hier blijven, begrijp ik. Hoe zit het met gastarbeiders, voor zover die nog bestaan.;2.0;;;66;gastarbeiders;2024-10-12 11_04_33.324198;0.084015034139156;0.000317270634696;0.000389587366953;0.000104320613900;0.000036101388105;0.047769188880920;0.000191056955373;5. Is neutral.
74;9da2b56b0a04e0b5;c9b5d704902a6be1;d35750a6ee4211b6;2024-09-12T09:51:33.000Z;"Oeh! Goede datum (rest moet ik nog lezen). Wat hebben we sinds 2001 voor rommel toegelaten? 
Oh! Wacht! Weet je wat voor hulp wij hebben gekregen? Is iets langer geleden. Super veel gastarbeiders.

Heb jij blank of donker haar op de billen? Onbeschofte pannenkoek.";1.0;;;20;gastarbeiders;2024-10-12 11_04_33.324198;0.262859672307968;0.000020844541723;0.000034913740819;0.003297134069726;0.000517115986440;0.012840337119997;0.000167526173755;6. Other: unclear stance on immigration.
75;d576ee818301b3eb;bc13295a0717829a;4fcc05e0abee58f3;2024-09-19T11:17:55.000Z;"58 jaar geleden vroegen we ""gastarbeiders"" die we wel lieten werken, maar niet lieten integreren. Wel ons buile werk te doen, voor een laag loon, maar niet het licht in de ogen gunnen. En dan nu klagen dat ze geen nederlands spreken.";;;5;113;gastarbeiders;2024-10-12 11_04_33.324198;0.228889882564545;0.000161942924024;0.000025610095690;0.000003681094768;0.000002006402156;0.024188367649913;0.000092181282525;1. Against immigration, migrants, foreigners, refugees, or Muslims.
76;becb849d38eec4e5;4f2bf57a5e6265b8;14bcdf67d0ccec88;2024-09-17T09:51:31.000Z;Het is niet heel anders dan 2004. Ik herken beklag over vervreemding van mijn ouders in hun 'rooie dorp'. Toch was mijn pa geen xenofoob,werkte tussen wat toen gastarbeiders werd genoemd, onderaan. Winkelcentrum waar ik in weekeinden achter de kassa zat, is nu één grote dönertent;1.0;;1;313;gastarbeiders;2024-10-12 11_04_33.324198;0.007264717016369;0.000004145645562;0.000427232531365;0.000134218673338;0.000194373016711;0.006263022776693;0.003003509249538;5. Is neutral.
77;7ec52bba49600272;113b6fffd5478091;5e1e332894a82fb2;2024-09-24T14:30:55.000Z;Goed genuanceerd stuk over het #DeenseModel. Dat is zo bijzonder niet. Het is vooral gebaseerd op de EU-opt out, waardoor Denemarken al heel lang net iets strenger kan zijn dan andere landen. Denemarken is van oudsher wars van migranten en heeft ook nooit gastarbeiders gekend.;1.0;;;45;gastarbeiders;2024-10-12 11_04_33.324198;0.028434202075005;0.000001656172230;0.000044981239625;0.000014560408999;0.000018762173568;0.000774520041887;0.000156248381245;5. Is neutral.
78;5e56819582de263d;ac594214fd8448c8;fbbfb806752ec7d2;2024-09-30T07:07:30.000Z;Ik zag een reportage over een tentoonstelling van de 1e generatie gastarbeiders. Bijzonder was dat de geïnterviewde Nederturkse moeder/oma tot op heden gebrekkig Nederlands spreekt.;1.0;;2;122;gastarbeiders;2024-10-12 11_04_33.324198;0.020143494009972;0.000001636243610;0.000169396051206;0.000712503038812;0.000674804090522;0.001906299730763;0.000285003101453;5. Is neutral.
79;c876161357065bb0;8fd53c3e09f74b9f;5771985786b9e34e;2024-10-05T05:23:45.000Z;Al een tijd geleden dat links aan de knoppen zat. Daarnaast was het de @VVD die ooit goedkope gastarbeiders naar Nederland haalde. Tegen de wens van de @PvdA omdat die dat oneerlijke concurrentie vond. Ook gezinshereniging kwam niet bij de @PvdA vandaan. Get your facts straight;2.0;;1;45;gastarbeiders;2024-10-12 11_04_33.324198;0.064632296562195;0.000000822088168;0.000001810629442;0.000041475730541;0.000038971971662;0.003731149481609;0.000007725000614;5. Is neutral.
80;d5647f07ff09bb70;bb2d01e4ad68f9ac;c1f802ab5c6c3147;2024-09-24T13:18:48.000Z;Ik ken de verhalen van nazaten van arbeidsmigranten, eerder betiteld met gastarbeiders o.m. vanuit mijn betrokkenheid bij een minor aan de HHS, over onwrikbare schooladviezen beneden competentie waar ze tegen in moesten vechten. Vaak pas stapsgewijs op competentieniveau;;;2;23;gastarbeiders;2024-10-12 11_04_33.324198;0.027056509628892;0.000023111642804;0.002278089290485;0.001201566308737;0.000662224832922;0.029631944373250;0.001278035459109;5. Is neutral.
1;5970588f0bfac3e1;b74c936a856cecc8;9d4bb69970a2387e;2024-10-08T19:16:37.000Z;Weer eentje die het begin niet heeft meegemaakt en met de hardnekkige fabel op de proppen komt. Heel wat Nederlanders die nog graag hadden willen werken zijn toen vervangen door goedkope gastarbeiders. Ze gewoon de steun ingeschopt. Ook indertijd bij ons.;1.0;1.0;4;48;gastarbeiders;2024-10-11 12_04_11.379101;0.083508700132370;0.000056700228015;0.000032076466596;0.000041448209231;0.000046594082960;0.028072502464056;0.000477210414829;1. Against immigration, migrants, foreigners, refugees, or Muslims.
2;6ec697df004dc94a;14329ccd3f623107;b7a0d74012750e36;2024-10-03T20:52:23.000Z;Nog meer gastarbeiders.;2.0;14.0;16;370;gastarbeiders;2024-10-11 12_04_11.379101;0.237369477748871;0.000192167208297;0.000004607744813;0.000066604261519;0.000043067200750;0.025498101487756;0.000066754968429;1. Against immigration, migrants, foreigners, refugees, or Muslims.
3;39ab2d5f5189f6d3;74eb76c43c076b0b;3d8b0c83c4fa6567;2024-10-04T18:15:33.000Z;60 jaar Turkse gastarbeiders in Nederland: een mijlpaal vol hard werk en doorzettingsvermogen. Als derde generatie en raadslid volg ik in de voetsporen van mijn vader, vastberaden om impact te maken op mijn gemeente en hun nalatenschap voort te zetten. #trotsedeventenaar;;;6;241;gastarbeiders;2024-10-11 12_04_11.379101;0.000338429206749;0.000009540777683;0.000004327272563;0.000492441875394;0.001432730234228;0.000202171286219;0.000016814281480;2. In support of immigration, migrants, foreigners, refugees, or Muslims.
4;d9606b73ac3761c6;52151f8b8161913f;d4f0b7e14398e766;2024-10-05T18:38:48.000Z;De VAE is als overwegend islamitisch land met een percentage immigranten en gastarbeiders van 88%, stevige christelijke en hindu-minderheden, natuurlijk sowieso een mooie bestemming voor diegenen die het hier zat zijn. Leerzaam ook.;2.0;3.0;5;1,2K;gastarbeiders;2024-10-11 12_04_11.379101;0.003511154791340;0.000012565475117;0.000238108390476;0.000423436693382;0.000149697734741;0.000873991579283;0.000202983865165;5. Is neutral.
5;7e35a8a6ffb6bb49;9423e9de4698b5e8;f922e83e14545af6;2024-10-03T17:02:39.000Z;"kleine reminder een 50 jaar geleden was de campagne van het vlaams blok: 400.000 werklozen waarom nog gastarbeiders?

Het is dus nooit goed.";;;2;313;gastarbeiders;2024-10-11 12_04_11.379101;0.093890316784382;0.000104323997220;0.000016817166397;0.000050426984672;0.000047609177273;0.006485436111689;0.000051647628425;1. Against immigration, migrants, foreigners, refugees, or Muslims.
6;488f8761f3acd145;0c2fd4270e018360;b3cacd35847179c4;2024-10-11T09:51:35.000Z;"al vanaf de jaren 60 haalden 't bedrijfsleven gastarbeiders hierheen
niet ""om 's lands economie te redden"", maar
enkel voor de lage loonkosten: pure kolonisatie-2.0
waardoor investeren in innovatie niet nodig was.

en nu zitten we met Leo's gebakken peren";;;2;9;gastarbeiders;2024-10-11 12_04_11.379101;0.137363851070404;0.000473368301755;0.000008804323443;0.000030510580473;0.000006804973509;0.021104495972395;0.001244462095201;1. Against immigration, migrants, foreigners, refugees, or Muslims.
7;b7f856e7588cfd43;7e55ade1ea5698fc;e5813a2b6a2ca5ac;2024-10-04T17:37:10.000Z;"Ja, prima verhaal. Over de jaren 60-70 volgende. 
In 1970 deed ik vakantiewerk bij Unox in Oss (ik was 15). Bij Unox (Unilever) werkten 500 Tukse gastarbeiders, 400 Spanjaarden en een paar honderd Belgische gastarbeiders. Door het bedrijf hier naar toe gehaald en inderdaad, dat";1.0;;2;69;gastarbeiders;2024-10-11 12_04_11.379101;0.031367931514978;0.000203629781026;0.000196353706997;0.001363761723041;0.006634796038270;0.005920092575252;0.001378056127578;5. Is neutral.
8;748ad08b5bce99c3;7609de419b35539d;c85aab6690fb353f;2024-10-04T18:39:35.000Z;Tijdens interviews op straat door de Duitse publieke omroep hoor je zelfs steeds vaker dat bijv. ook Turkse gastarbeiders genoeg hebben van de illegale massa-immigratie. Maar dat horen ze toch liever niet. De wereld op z'n kop.;1.0;5.0;33;1,1K;gastarbeiders;2024-10-11 12_04_11.379101;0.118549950420856;0.000048056106607;0.000912471150514;0.000158290044055;0.000292673299555;0.027109831571579;0.000755076354835;1. Against immigration, migrants, foreigners, refugees, or Muslims.
9;327f2db6bf3baf85;409da36e6425b14b;d2d10dc64d724a69;2024-10-02T15:17:50.000Z;Laatst zei iemand toch dat het de gastarbeiders waren die Nederland hebben opgebouwd? Nou, wellicht waren het lesbische Afrikaanse vrouwen die Nederland hebben bevrijd. Wist jij dat?;3.0;;6;237;gastarbeiders;2024-10-11 12_04_11.379101;0.058801222592592;0.000100905584986;0.000010336741980;0.004760853946209;0.000338468060363;0.048350516706705;0.000657081371173;1. Against immigration, migrants, foreigners, refugees, or Muslims.
10;4430075c2253ff98;c74fb9253da048bf;9a4e1a04fc14f6fe;2024-10-06T18:06:15.000Z;Ken je geschiedenis, Geert! Het was links (PvdA -Den Uyl) die TEGEN de toelating van gastarbeiders was en het was RECHTS (CDA/VVD) die ze juist wilde hebben! Jouw frame deugt niet.;;;2;22;gastarbeiders;2024-10-11 12_04_11.379101;0.105597861111164;0.000008669091585;0.000006029325505;0.000072264680057;0.000118900847156;0.018003741279244;0.000101543431810;3. Against those that oppose immigration or are negative towards migrants, foreigners, refugees, or Muslims.
11;c0388348c551b85a;a87041c7ba589a3f;c12f74d741a62522;2024-10-05T18:53:05.000Z;Er zijn best veel dingen die ik vroeger geloofde omdat de omgeving, middelbare school jaren 70, dat geloofde. Ik herinner me een discussie over een voorstel de kinderbijslag voor kinderen van ‘gastarbeiders’ die in het thuisland woonden terug te brengen naar de kosten die men;1.0;1.0;13;523;gastarbeiders;2024-10-11 12_04_11.379101;0.008706201799214;0.000065877582529;0.000028687138183;0.000405564147513;0.000369903835235;0.016161482781172;0.000682293088175;6. Other: Reflects on past beliefs.
12;e68f78864108e09a;c3bc92e38d923fc4;597acb1767544810;2024-10-02T17:33:31.000Z;Toen de gastarbeiders kwamen was NL allang weer opgebouwd. Niks ten nadele van DIE mensen, maar de 4e generatie die gilt dat hun voorouders NL hebben opgebouwd: NEE..........;1.0;;2;27;gastarbeiders;2024-10-11 12_04_11.379101;0.112549699842930;0.000070228212280;0.000006272255632;0.000028391976230;0.000032343301427;0.006981707178056;0.000025515922971;1. Against immigration, migrants, foreigners, refugees, or Muslims.
13;b725990e7a5efcdb;ac6daa267840c064;31f0bd1d18e1f0f5;2024-10-06T10:17:09.000Z;"Hamas ontvoert en verkracht vrouwen, doodde kinderen, onthoofdden Thaise gastarbeiders, stak mensen in brand. En burgers juichten dat toe.

Geef gewoon toe dat je dat fijne beelden vind. En dat je Israel weggevaagd wil hebben.";3.0;;2;95;gastarbeiders;2024-10-11 12_04_11.379101;0.610492587089539;0.008854884654283;0.000021629346520;0.196791380643845;0.143031135201454;0.909420251846314;0.279247879981995;6. Other: Criticizes support for Hamas actions.
14;3a5b051d690cf7b5;5991ce426259a177;5374dd3bfe6e5fd7;2024-10-03T07:40:18.000Z;"De scheefgroei in de maatschappij hebben we vooral te danken aan de PvdA.
Het begon allemaal onder Joop den Uyl met het binnenhalen van gastarbeiders daarna met gezinshereniging. 
DENK is ook voortgekomen dankzij de PvdA.";1.0;1.0;7;97;gastarbeiders;2024-10-11 12_04_11.379101;0.139172807335853;0.000024166134608;0.000022908689061;0.000029659728170;0.000046447723435;0.003264824394137;0.000195638131117;1. Against immigration, migrants, foreigners, refugees, or Muslims.
15;66b083573c8259d9;d73e35dac4745af6;5636146467ec8202;2024-10-09T16:53:09.000Z;Weer het heilloze idee om de vergrijzing door arbeidsmigranten te laten opvangen. Vanaf de gastarbeiders in de vorige eeuw weten we dat die niet meer weggaan en de oorzaak zullen vormen van nieuwe vergrijzingsgolven. Als we ...->;1.0;;2;59;gastarbeiders;2024-10-11 12_04_11.379101;0.125432670116425;0.006020179484039;0.000228839402553;0.000069701265602;0.000064952742832;0.040342789143324;0.000178096655873;1. Against immigration, migrants, foreigners, refugees, or Muslims.
16;524b1d856eb7ad0e;cb17f5ac2c3b6669;dc98378f2f59ab9a;2024-10-08T07:27:06.000Z;Herdenking? Waarom zijn de niet Joodse slachtoffers, gastarbeiders, van 7 oktober dan niet herdacht?;;;7;238;gastarbeiders;2024-10-11 12_04_11.379101;0.103254377841949;0.000741611584090;0.000006570370260;0.000016547637642;0.000016766116460;0.143373757600784;0.000970493187196;5. Is neutral.
17;eceda5e451d90f2e;64d069b708baec8e;00e4715f8cd2b9f2;2024-10-07T15:18:44.000Z;"Verdiep je eerst eens in de geschiedenis.

Het overgrote deel van de grond werd door de Joden (Yishuv) gekocht; betaalbewijzen nog aanwezig. 

Wie er woonden waren Druzen en Bedouienen, en die wonen er nog; gelijkberechtigd. De Arab. waren grotendeels gastarbeiders uit de 
1/X";3.0;1.0;7;115;gastarbeiders;2024-10-11 12_04_11.379101;0.047608744353056;0.000048968660849;0.000015184059521;0.000226212534471;0.000066573782533;0.002892361721024;0.000914401025511;6. Other: historical context about land ownership
18;12d4934587d3858d;9b27118be8275181;3c202c121c78e39f;2024-10-04T13:36:56.000Z;Dat is al zo sinds de binnenkomst van gastarbeiders omstreeks 1970. Goedkope arbeid hield verkeerde bedrijfstakken in ons land, de goeie vertrokken of zijn recent weggejaagd met belastingmaatregelen en haat tegen ondernemers.;;;2;47;gastarbeiders;2024-10-11 12_04_11.379101;0.061957191675901;0.000117806928756;0.000090865280072;0.000010756259144;0.000010311870938;0.024585198611021;0.001585742458701;1. Against immigration, migrants, foreigners, refugees, or Muslims.
19;b63ee67bdac9ef0e;ee71981f5e3c3bc8;0485a8ddca97ba12;2024-10-10T10:56:05.000Z;"Wat Vanessa @V_van_Vanessa ook aan geeft, dat was jaren geleden al.

Ze krijgen dik betaald om oostblokkers (gastarbeiders) en goudzoekers te huisvesten. Dat is veel makkelijker cashen dan huisje voor huisje aan de man brengen bij mensen die het schoon willen hebben en netjes";;2.0;8;2K;gastarbeiders;2024-10-11 12_04_11.379101;0.160047382116318;0.000039989907236;0.000091189322120;0.002120631979778;0.000145533311297;0.034497253596783;0.000178913964191;1. Against immigration, migrants, foreigners, refugees, or Muslims.
20;0a2a69dc72ae9958;075f118a96e30609;e85d636dcfd44189;2024-09-20T10:21:13.000Z;"Joop den Uyl maakte in 1973 een eind aan de werving van gastarbeiders die door rechts  conservatieve regeringen hierheen waren gehaald.
Job Cohen was staatsecretaris en heeft een strenger vreemdelingenwet ingevoerd. 
Wilders verteld zoals gewoonlijk sprookjes.
#APB2024";158.0;414.0;1,2K;39K;gastarbeiders;2024-10-11 12_04_11.379101;0.041742533445358;0.000043802527216;0.000058228539274;0.000734727538656;0.000263272697339;0.004917001351714;0.000485407450469;5. Is neutral.
21;a3ff8ca9a0fd01a9;28558e49506f1132;b547a3fddb094730;2024-10-10T06:22:30.000Z;"Poolse knokploegen jagen op migranten. ‘Er hangt een ‘pogromsfeer’
Sinds een maand zoeken in Polen zelfbenoemde burgerpatrouilles naar ‘criminele migranten’. In Zyrardów ontvluchtten gastarbeiders de stad. De overheid reageert traag. De bevolking kijkt gelaten toe.Het pand aan de";1.0;;;21;gastarbeiders;2024-10-11 12_04_11.379101;0.190514966845512;0.002289155498147;0.000081077741925;0.000355518917786;0.000006175049748;0.253040224313736;0.003868016647175;1. Against immigration, migrants, foreigners, refugees, or Muslims.
22;0cd48403f485ca25;78f0b33e7124c2bc;23e72ec352d2003b;2024-10-10T06:24:22.000Z;"Poolse knokploegen jagen op illegale migranten. ‘Er hangt geen ‘pogromsfeer’ 

Sinds een maand zoeken in Polen heldhaftige burgerpatrouilles naar ‘criminele migranten’. In Zyrardów ontvluchtten gastarbeiders de stad. De overheid reageert traag. De bevolking kijkt tevreden toe.";;;;15;gastarbeiders;2024-10-11 12_04_11.379101;0.037116911262274;0.000774782733060;0.000060054524511;0.000536284816917;0.000021603433197;0.092448949813843;0.002328094560653;1. Against immigration, migrants, foreigners, refugees, or Muslims.
23;981123f0b109a088;fce77c34d3fec987;49389f4662f2a410;2024-09-18T17:48:10.000Z;"Is er nou vanavond alweer een programma/serie over “gastarbeiders”..?

Waarom wordt belastinggeld gebruikt om een politieke mening populair te maken?

En mensen maar klagen over ON, want dit is zeker niet “sturend” bedoeld..(?).";;;;10;gastarbeiders;2024-10-11 12_04_11.379101;0.049534354358912;0.000435083551565;0.000067278364440;0.000033764616092;0.000014765304513;0.080672688782215;0.000340520549798;1. Against immigration, migrants, foreigners, refugees, or Muslims.
24;c1b1642df7e3e153;54107398ec94b895;d08bd88c6c6c4f0c;2024-08-23T13:00:11.000Z;"Hallo @RPlasterk, een onverwachte inkijk. Nu mijn vragen:
Ja, rechts heeft in de beginne #gastarbeiders binnengehaald, maar wie heeft toegestaan of gepromoot om de werkers hun gezinnen te laten overkomen? 
Waarom is niet gekozen voor max 5 jaar en terug, en kan je broertje komen?";;;;18;gastarbeiders;2024-10-11 12_04_11.379101;0.006472241133451;0.000719659496099;0.000035774508433;0.000231158861425;0.000692954636179;0.010353103280067;0.000581772474106;1. Against immigration, migrants, foreigners, refugees, or Muslims.
25;4a0a0f1dc292a548;b14ff67048a3b878;0a4b5aeba6d0354a;2024-09-22T18:00:01.000Z;"Vanavond in De Sociëteit om 22:52 uur op NPO2.

Het is 60 jaar geleden dat de eerste Turkse gastarbeiders in Nederland aankwamen. Wat bracht het hen en wat bracht het Nederland? We gaan het er uitgebreid over hebben.";1.0;1.0;2;261;gastarbeiders;2024-10-11 12_04_11.379101;0.001097547356039;0.000003403528581;0.000001468768801;0.000024997751098;0.000182341216714;0.002001691376790;0.000245636561885;5. Is neutral.
26;a3c53fba81242a4a;4e0493d6c0d62f06;ac7e99a9635e0de9;2024-08-30T13:35:36.000Z;"Erm? ""Vanaf 1949 begon de Nederlandse overheid actief emigratie te plannen en te bevorderen. In het hoogtepuntjaar van 1952 emigreerden maar liefst 48.690 Nederlanders naar landen als Canada, Australië, Nieuw-Zeeland en de VS""

En dan is er nog iets met nood aan gastarbeiders.";1.0;;3;190;gastarbeiders;2024-10-11 12_04_11.379101;0.001721452339552;0.000055221928051;0.000191594735952;0.000025060622647;0.000055702268583;0.001014581182972;0.000242060836172;5. Is neutral.
27;683c47d8626beb14;d1ab0e625d29882e;23d850348107eb61;2024-10-10T18:20:59.000Z;Begrijpend lezen is aan U voorbijgegaan ?  Net wat ik zeg  , aangepaste mensen . Waarom begin je daar vandaag over ? Deze boodschap is er ene voor radicaal links en hun import vandaag , en we leven vandaag zonder problemen met uw gastarbeiders , dus wat is uw boodschap ?;1.0;;;22;gastarbeiders;2024-10-11 12_04_11.379101;0.041872348636389;0.000019386485292;0.000350847927621;0.000049880127335;0.000063308354584;0.017864963039756;0.000061738559452;4. Against those that support immigration, migrants, foreigners, refugees, or Muslims.
28;f7b893d301c7d80c;9fe6cbb9e933ad0b;2ef37bd848a4d26c;2024-09-05T15:04:54.000Z;Jaren 60 vorige eeuw kwamen gastarbeiders naar NL om ons te helpen,Nu meer dan 60 jaar later zitten ze nog in onze huizen,passen zich niet aan,spreken amper Nederlands en hun kinderen en kleinkinderen vormen een gigantisch probleem in onze steden.;4.0;3.0;4;146;gastarbeiders;2024-10-11 12_04_11.379101;0.593506515026093;0.000026344170692;0.000000025004178;0.000030600735045;0.000033425945730;0.007808722555637;0.000010033767467;1. Against immigration, migrants, foreigners, refugees, or Muslims.
29;81d8835913f21f59;fa581092212eab81;30b99af317e04576;2024-09-21T20:44:03.000Z;Ik kom uit een provinciestadje waar  relatief veel industrie was. Papier- en kartonfabriek, machinefabriek, kabelbomen, landbouw techniek, confectie, blikfabriek, noem maar op. Eind jaren 60 kwamen de gastarbeiders. Eerst Spanjaarden, vrome katholieken, daarna Marokkanen,;2.0;;2;307;gastarbeiders;2024-10-11 12_04_11.379101;0.037382494658232;0.000018129108867;0.000166474259458;0.000009894596587;0.000031391671655;0.001335454871878;0.000592550437432;5. Is neutral.
30;387d290735532a1b;d1ab0e625d29882e;23d850348107eb61;2024-10-10T18:04:48.000Z;Dat zijn Europeanen en die werken overal hier en elders , ook Portugezen, Spanjaarden, Italianen enz . Werken hier als gastarbeiders en zijn geïntegreerd en laten onze cultuur de onze zijn en beleven de hunne thuis ! Maar Afrikanen en mohammedanen daar doelde ik op  !;1.0;;;30;gastarbeiders;2024-10-11 12_04_11.379101;0.072207756340504;0.000007050446584;0.000165558652952;0.000020781762942;0.000010069330528;0.000672859838232;0.000069471607276;1. Against immigration, migrants, foreigners, refugees, or Muslims.
31;048a895d1cbb4700;10e7d9c072116897;ca22881e6293cd21;2024-09-11T10:35:00.000Z;"Zo'n 60 jaar geleden kwamen de eerste Turkse gastarbeiders naar Nederland. Maar hoe zit het met de vrouwen die hun man achterna reisden? Fotograaf en journalist Çiğdem Yüksel brengt deze verhalen tot leven in haar tentoonstelling en boek ""Je moest eens weten"".";;1.0;4;1,2K;gastarbeiders;2024-10-11 12_04_11.379101;0.001030900864862;0.000019237784727;0.000000741413203;0.000065591615567;0.000055900858570;0.001425236230716;0.000122288925922;5. Is neutral.
32;c9831e4fda1d6ab3;b74c936a856cecc8;9d4bb69970a2387e;2024-09-16T16:30:59.000Z;De wederopbouw was al in 1955 praktisch voltooid door hardwerkende Nederlanders. Dus nog ver voor de eerste gastarbeiders als goedkope arbeidskrachten naar Nederland kwamen. Overigens eerst uit Zuid-Europa en later in de jaren '60 uit Turkije en Marokko.;1.0;1.0;3;93;gastarbeiders;2024-10-11 12_04_11.379101;0.005713527556509;0.000019490556951;0.000049545244110;0.000007869845831;0.000018569588065;0.001410196651705;0.000071283677244;5. Is neutral.
33;69f894733665002b;b65f76f2bb2615d9;722f576c8a2ae43d;2024-10-11T04:16:29.000Z;"Een klein voorbeeld: de anti-migratie standpunten van Orban, zijn eigenlijk gewoon anti-moslim/asielzoekers. Hongarije zit op een demografische bom, elke week landen hier vliegtuigen vol met gastarbeiders uit Azie.

https://portfolio.hu/gazdasag/20230309/orban-viktor-magyarorszagnak-szuksege-van-meg-500-ezer-emberre-601796#…";3.0;;;12;gastarbeiders;2024-10-11 12_04_11.379101;0.016372663900256;0.000010004061551;0.000158007140271;0.000148933730088;0.000024635683076;0.002064196625724;0.000585731700994;1. Against immigration, migrants, foreigners, refugees, or Muslims.
34;851d3d83cf9376f9;ae3a1762d22dd110;b48bc7ccb31924db;2024-09-05T22:52:23.000Z;"Onze ‘gastarbeiders’ pasten niet in het wereldbeeld van vele suburbane Vlamingen, in de crisis opgejut door een autoritaire en racistische antivreemdelingenpartij.
http://sampol.be/2024/09/communautarisme-versus-democratie… via @Sampol_magazine";12.0;3.0;6;851;gastarbeiders;2024-10-11 12_04_11.379101;0.008886477909982;0.000013553440112;0.000001617129897;0.000084536666691;0.000002827600838;0.002341359620914;0.000105406943476;3. Against those that oppose immigration or are negative towards migrants, foreigners, refugees, or Muslims.
35;08d913debcd3fe0e;221861d3ce8bbe72;d292e70fc4b8b4e4;2024-10-10T15:04:58.000Z;Niks veranderd sinds de #Molukken kampen en de eerste generatie #gastarbeiders in #Nederland. Opvang blijft onmenselijk.;;;;9;gastarbeiders;2024-10-11 12_04_11.379101;0.137711986899376;0.000158221228048;0.000048288326070;0.000167463891557;0.000327908928739;0.018693892285228;0.000492411840241;2. In support of immigration, migrants, foreigners, refugees, or Muslims.
36;20c4caefbab94d26;1e9a003afea3fb29;04322359a9c6f1df;2024-09-10T09:34:29.000Z;Nederland is een land dat bestaat dankzij grote groepen die van buiten gekomen zijn, vaak als vluchteling, zoals Joden uit Spanje, Hugenoten, soldaten uit Zwitserland, Duitse handelaren en arbeiders, chinezen, Indische mensen, Surinamers, gastarbeiders, vluchtelingen, enz.;1.0;3.0;11;267;gastarbeiders;2024-10-11 12_04_11.379101;0.002915124874562;0.000013162132745;0.000017330965420;0.000050500279031;0.000007848274436;0.000907414359972;0.000175383145688;2. In support of immigration, migrants, foreigners, refugees, or Muslims.
37;71a03a7ec53594e8;a195a1a4fcc35cd3;b2776c41e10c69ea;2024-09-14T09:14:38.000Z;"Never give in for abuis. Wat? Check; hoog conjunctuur alleen (?) bij slavernij rn gastarbeiders. Tuurlijk ook uw gezin (ja, soort '67 Palasteina) oei, oei wij hebben het fout gedaan, dat kost u geld. Emigratie belasting, bij vertrekpoort ff strippen 
https://youtu.be/YySW9cF7N7Y?si=GwkVq-vQOC8i8XsJ…";;;;58;gastarbeiders;2024-10-11 12_04_11.379101;0.130237609148026;0.001613197964616;0.000011783093214;0.001847306382842;0.000378830329282;0.026659583672881;0.003512299386784;1. Against immigration, migrants, foreigners, refugees, or Muslims.
38;d64dbd4a01ed16a4;bde1f5efac7d8c73;9bccea6ce9288bd4;2024-08-31T18:45:21.000Z;Zo kun je ook tegen gastarbeiders aankijken.;;;;124;gastarbeiders;2024-10-11 12_04_11.379101;0.162485301494598;0.000016162159227;0.000000540596261;0.000001315865461;0.000000242726827;0.010180281475186;0.000019111739675;1. Against immigration, migrants, foreigners, refugees, or Muslims.
39;29031b44b3fa77ad;997361bcc2b804ba;50fd38825c7242dc;2024-08-25T15:22:12.000Z;"'Dat juist een aanzienlijk deel van de tweede en derde generatie moslimimmigranten aanmerkelijk fanatieker is dan de goedlachse gastarbeiders van weleer.'
Moslims in de polder: a match made in heaven https://ewmagazine.nl/nederland/opinie/2024/04/moslims-in-de-polder-a-match-made-in-heaven-69398w/… via @ewmagazinenl";2.0;;;100;gastarbeiders;2024-10-11 12_04_11.379101;0.090293794870377;0.000067544242484;0.000000763261937;0.000136370494147;0.000214434592635;0.001490589347668;0.000020792187570;1. Against immigration, migrants, foreigners, refugees, or Muslims.
1;05f0abbffbcb0732;851e0a505c1b1fa8;de051039ce421fb0;2024-10-11T08:17:44.000Z;"Welk links? Ik kan me Den Uyl nog herinneren die juist de grenzen sloot voor gastarbeiders. 

Het is ronduit zo stupide hoe mensen maar wat roepen omdat anderen dat ook roepen. Verdiep je eens, neem kennis tot je!";1.0;;7;115;gastarbeiders;2024-10-19 17_46_28.625660;0.052249111235142;0.000004190750587;0.000210326223169;0.000040465871280;0.000024747816497;0.016279827803373;0.000185337383300;5. Is neutral.
2;7a70c884e47c40ae;9b059f912cb56871;fb60ad2bdc05c299;2024-10-17T10:35:39.000Z;NL weer opgebouwd na wo2. Platgebombardeerd, alles geplunderd. Alles zonder slaven en gastarbeiders. Chapeau onze voorouders!;5.0;4.0;43;1,8K;gastarbeiders;2024-10-19 17_46_28.625660;0.049047406762838;0.000408592954045;0.000000230079095;0.000331329763867;0.000002514957032;0.135651260614395;0.004130653571337;1. Against immigration, migrants, foreigners, refugees, or Muslims.
3;0c50c75b6eace6af;ae932c905ed7f38e;94517d5598b41322;2024-10-14T10:16:47.000Z;"De Marokkanen zijn hier in de jaren zestig als gastarbeiders gekomen, 60 jaar geleden.

Dit is inmiddels de vierde generatie Marokkanen in Nederland en het zijn precies dezelfde soort etterbakken als die Marokkaanse jochies in de jaren 70 en 80.

Dat volk zalf nooit integreren";1.0;3.0;32;1,2K;gastarbeiders;2024-10-19 17_46_28.625660;0.974821269512176;0.000035733522964;0.000025685012588;0.001042443094775;0.003044786397368;0.013264466077089;0.000904436863493;1. Against immigration, migrants, foreigners, refugees, or Muslims.
4;82c976b519a5bc9e;f2a111006a90c1b7;5efc073fa5383066;2024-10-18T22:16:29.000Z;Al 30 jaar zeg ik dat, het domste wat Europa heeft gedaan, is de Islam toegelaten, dat volk mocht hier nooit zijn geweest, de gastarbeiders moesten ze na hun werk betaald hebben, en terug naar eigen land! Dan zag Europa er heel anders uit, nu is het een chaos geworden!!!;;2.0;6;74;gastarbeiders;2024-10-19 17_46_28.625660;0.887059152126312;0.000132285844302;0.000007267005458;0.000011900347090;0.000017660129743;0.459287345409393;0.000181603449164;1. Against immigration, migrants, foreigners, refugees, or Muslims.
5;959dda09dede778e;7706c4fa02b8f543;4a285419cec29974;2024-10-13T12:16:26.000Z;Vóór de EU was het fijn leven in een vrij Nederland. Het welvaartsniveau was hoog. De mensen waren saamhorig en solidair. Het veiligheidsgevoel was hoog. Criminaliteit cijfers waren laag bij 2024 vergeleken. Op gastarbeiders na waren er weinig vreemdelingen in NL.;;;4;36;gastarbeiders;2024-10-19 17_46_28.625660;0.027650987729430;0.000010930959434;0.000260991684627;0.000022922149583;0.000034170458093;0.003633926389739;0.000634842959698;1. Against immigration, migrants, foreigners, refugees, or Muslims.
6;c360a3971afe604b;ec75c0ac5c47736a;91bdeb96326398dc;2024-10-13T15:30:53.000Z;Ik beweer inderdaad dat Arafat de naam 'Palestijnen' heeft verzonnen voor Arabieren die daar in de buurt woonden. Het was nooit een bestaand volk, en de lokale joden en christenen zijn net zo goed Palestijnen (velen zelfs meer: vele arabieren kwamen later als gastarbeiders).;;;3;43;gastarbeiders;2024-10-19 17_46_28.625660;0.016850553452969;0.000005153526672;0.000019943412553;0.000012095808415;0.000009483573194;0.002732096705586;0.000163478413015;1. Against immigration, migrants, foreigners, refugees, or Muslims.
7;c1fcbf2eb6164379;9ab1fbe136070bf5;64fce443a9035437;2024-10-13T12:22:47.000Z;Oudkerk vergeet even dat de PvdA beginjaren 70 de strengste maatregelen wilde ten opzichte van vluchtelingen en arbeidsmigranten (gastarbeiders). Waarschijnlijk zat ie toen bij de dames van lichte zeden en is het hem ontgaan.;2.0;;2;58;gastarbeiders;2024-10-19 17_46_28.625660;0.063737697899341;0.000007301724963;0.000105485676613;0.004251202568412;0.005729915108532;0.009517287835479;0.000036022531276;5. Is neutral.
8;d169a584b709115f;123b16ba56f9d75d;8ead3c96c3b2e8c6;2024-10-14T23:02:00.000Z;"Ik heb ooit in de jaren ""80 jongerenwerk gestudeerd en heb gewerkt in het ultralinkse ""Aktiekomitee Pro Gastarbeiders"" en ik heb van dichtbij gezien en ervaren hoe we toen al niet mochten ingrijpen bij asociaal gedrag en absoluut niets opvoedkundigs mochten doen. Dus jeugdwerk...";4.0;1.0;9;206;gastarbeiders;2024-10-19 17_46_28.625660;0.058505117893219;0.000012188106666;0.000011554859157;0.000489417463541;0.000697992218193;0.002191896550357;0.000069563888246;1. Against immigration, migrants, foreigners, refugees, or Muslims.
9;d1fcdedbc7be7a5b;dedb19748e2a9b1b;16fd6145ffd76aee;2024-10-15T17:52:11.000Z;"Jaat kan op zijn luie reet zitten, bier drinken en een kuxe leven leiden, terwijl gastarbeiders/arbeidsmigranten het smerige werk doen.
En Jaat gaat wel lekker goedkoop naar Antalya, staat er niet bij stil dat dat in Turkije ligt. 
Hypocriet heet zoiets, ook voor PVV’ertjes.";1.0;;3;726;gastarbeiders;2024-10-19 17_46_28.625660;0.461285501718521;0.000017032980395;0.001362607581541;0.010797169990837;0.002206339966506;0.048297461122274;0.000572574383113;3. Against those that oppose immigration or are negative towards migrants, foreigners, refugees, or Muslims.
10;498b2f0fd88eed39;1e3cc376afa5a27c;06542d96860e40c3;2024-10-12T08:02:13.000Z;"Op de bouwplaats wemelt het van de gastarbeiders. Een vraag stellen in het Nederlands is haast onmogelijk geworden.
De bouw in Nederland is kwalitatief ook met een enorme teloorgang bezig.
Ze zijn drukker met fouten herstellen dan met progressie.
Gek he, dat er niets op schema is";;2.0;6;151;gastarbeiders;2024-10-19 17_46_28.625660;0.272350549697876;0.000031586048863;0.000037732650526;0.000017295154976;0.000011084749531;0.004539642017335;0.000082102873421;1. Against immigration, migrants, foreigners, refugees, or Muslims.
11;f27011dd2381e53a;fd6be7a4788a3b4c;ca1fbb784b4c35b1;2024-10-15T12:19:44.000Z;Je zou zeker rechts bedoelen, zij begonnen met de import van gastarbeiders. Zijn wij wel oud genoeg om brievenbus touwtje herinneren maar niet dat rechts die import starten. Hebben wij selectief geheugen verlies? Domrechts!!;1.0;;2;17;gastarbeiders;2024-10-19 17_46_28.625660;0.628480374813080;0.000024562468752;0.000004184360932;0.000447933474788;0.000048858062655;0.064419731497765;0.000124719823361;3. Against those that oppose immigration or are negative towards migrants, foreigners, refugees, or Muslims.
12;a135332e84fb6778;feefb2f3e8f8e48a;b849a26c613c3b68;2024-10-12T07:35:58.000Z;Gedurende de middeleeuwen was de moslimbeschaving geavanceerder dan welke andere ook. Moslims boekten grote vooruitgang in astronomie, zoölogie, geografie, rekenen, navigatie, kunst, architectuur en technologie. Het waren de gastarbeiders die nl hebben opgebouwd na de oorlog!;1.0;;2;82;gastarbeiders;2024-10-19 17_46_28.625660;0.016675319522619;0.000002696652246;0.000001941743903;0.000031947911339;0.000013603229490;0.000684052647557;0.000202799710678;2. In support of immigration, migrants, foreigners, refugees, or Muslims.
13;28b663fe98477030;e6eb155c408fb70e;75bfbfd81748ef6c;2024-10-18T07:56:37.000Z;In 1973 waren er ongeveer 22.000 Marokkaanse gastarbeiders in Nederland. #GertDeeltMede;1.0;1.0;3;94;gastarbeiders;2024-10-19 17_46_28.625660;0.000644507585093;0.000003704821665;0.000000234643849;0.000071928137913;0.000022424272174;0.000132403452881;0.000008447189430;5. Is neutral.
14;0bd7061bfc824090;9b059f912cb56871;fb60ad2bdc05c299;2024-10-19T08:21:49.000Z;Yeps, zonder gastarbeiders of slaven. Van scratch af weer opgebouwd met blanke knuistjes.;;;2;24;gastarbeiders;2024-10-19 17_46_28.625660;0.042060494422913;0.001040528179146;0.000295657024253;0.002772972919047;0.000061940649175;0.083348594605923;0.002052465686574;1. Against immigration, migrants, foreigners, refugees, or Muslims.
15;d74d817939b64261;9ba204437fb41446;79fc729fae3df531;2024-10-15T19:54:32.000Z;"Bullshit !

Er zijn de afgelopen jaren honderdduizenden permits/visa’s !!!!verleend aan Russische “gastarbeiders” in Duitsland en Frankrijk en Spanje !!

Het is echt totale bullshit/gelul dat “de nationale veiligheid nú plotseling in het geding zou zijn” ( door “Orban/Hongarije”)";2.0;5.0;21;197;gastarbeiders;2024-10-19 17_46_28.625660;0.122108332812786;0.000014146178728;0.000013729664715;0.000090149027528;0.000016760777726;0.005132048856467;0.001044258591719;5. Is neutral.
16;ea109fa3bdd1cd38;b74c936a856cecc8;9d4bb69970a2387e;2024-10-19T08:14:31.000Z;De wederopbouw was al in 1955 praktisch voltooid door hardwerkende Nederlanders. Dus nog ver voor de eerste gastarbeiders als goedkope arbeidskrachten naar Nederland kwamen. Overigens eerst uit Zuid-Europa en later in de jaren '60 uit Turkije en Marokko.;2.0;18.0;28;461;gastarbeiders;2024-10-19 17_46_28.625660;0.005713527556509;0.000019490556951;0.000049545244110;0.000007869845831;0.000018569588065;0.001410196651705;0.000071283677244;5. Is neutral.
17;bdeae607c580aaa8;42b29f82927d4793;fdf999837bd3e055;2024-10-11T12:58:18.000Z;Ja, de joden zijn eerst uitgeroeid, daarna in de jaren die volgden te weinig huizen voor de Amsterdammers maar wel voor de gastarbeiders. Wij gingen naar Lelystad. Mijn Mokumse vader zei dat ie alsnog gedeporteerd werd.;1.0;;3;73;gastarbeiders;2024-10-19 17_46_28.625660;0.216510921716690;0.002981888828799;0.000057510966144;0.000017170663341;0.000006650469459;0.534254372119904;0.001763181760907;1. Against immigration, migrants, foreigners, refugees, or Muslims.
18;e70ea223b8b567b9;cf0d1e93181a5c1b;20ca4de173388bae;2024-10-13T11:58:33.000Z;"Een minister die zegt dat gastarbeiders onder de mijnwerkers in de jaren 1970 de ‘welvaart’ hier hebben opgebouwd. Ik vind dat speciaal.
1) de mijnen daar is massa belastinggeld aan verkwist in die jaren
2) de jaren 1970 waren crisisjaren, toen welvaart onder druk kwam te staan";7.0;9.0;79;1,4K;gastarbeiders;2024-10-19 17_46_28.625660;0.030992178246379;0.000010959192878;0.000005888882242;0.000105258193798;0.000015473378880;0.001063014031388;0.000144567078678;1. Against immigration, migrants, foreigners, refugees, or Muslims.
19;a64809cf4731571e;c57dc617f2d0ac95;df99c76b52401a94;2024-10-15T06:24:13.000Z;Misschien handig om aan te geven dat dit om de zoveelste generatie gaat die nog steeds als de Marokkaanse gastarbeiders uit de jaren 70.;1.0;;23;987;gastarbeiders;2024-10-19 17_46_28.625660;0.118903286755085;0.000218423374463;0.000019202136173;0.000254167796811;0.001225922373123;0.023903654888272;0.000273422221653;5. Is neutral.
20;89b0fadd4bd49420;9ba204437fb41446;79fc729fae3df531;2024-10-15T08:29:14.000Z;"Er zijn de afgelopen jaren honderdduizenden permits/visa’s !!!!verleend aan Russische “gastarbeiders” in Duitsland en Frankrijk en Spanje !!

Het is echt totale bullshit/gelul dat “de nationale veiligheid nú plotseling in het geding zou zijn”.";1.0;;2;59;gastarbeiders;2024-10-19 17_46_28.625660;0.200288698077202;0.000023658625651;0.000025709543479;0.000947273336351;0.000416458351537;0.041941825300455;0.003781402949244;5. Is neutral.
21;39ab2d5f5189f6d3;74eb76c43c076b0b;3d8b0c83c4fa6567;2024-10-04T18:15:33.000Z;60 jaar Turkse gastarbeiders in Nederland: een mijlpaal vol hard werk en doorzettingsvermogen. Als derde generatie en raadslid volg ik in de voetsporen van mijn vader, vastberaden om impact te maken op mijn gemeente en hun nalatenschap voort te zetten. #trotsedeventenaar;;;6;259;gastarbeiders;2024-10-19 17_46_28.625660;0.000338429206749;0.000009540777683;0.000004327272563;0.000492441875394;0.001432730234228;0.000202171286219;0.000016814281480;2. In support of immigration, migrants, foreigners, refugees, or Muslims.
22;981123f0b109a088;fce77c34d3fec987;49389f4662f2a410;2024-09-18T17:48:10.000Z;"Is er nou vanavond alweer een programma/serie over “gastarbeiders”..?

Waarom wordt belastinggeld gebruikt om een politieke mening populair te maken?

En mensen maar klagen over ON, want dit is zeker niet “sturend” bedoeld..(?).";;;;17;gastarbeiders;2024-10-19 17_46_28.625660;0.049534354358912;0.000435083551565;0.000067278364440;0.000033764616092;0.000014765304513;0.080672688782215;0.000340520549798;1. Against immigration, migrants, foreigners, refugees, or Muslims.
23;0cd48403f485ca25;78f0b33e7124c2bc;23e72ec352d2003b;2024-10-10T06:24:22.000Z;"Poolse knokploegen jagen op illegale migranten. ‘Er hangt geen ‘pogromsfeer’ 

Sinds een maand zoeken in Polen heldhaftige burgerpatrouilles naar ‘criminele migranten’. In Zyrardów ontvluchtten gastarbeiders de stad. De overheid reageert traag. De bevolking kijkt tevreden toe.";;;;45;gastarbeiders;2024-10-19 17_46_28.625660;0.037116911262274;0.000774782733060;0.000060054524511;0.000536284816917;0.000021603433197;0.092448949813843;0.002328094560653;1. Against immigration, migrants, foreigners, refugees, or Muslims.
24;15a83d61bf8a1524;9776e9b1b6571a7a;bfd86cd4447e0dae;2024-09-25T14:06:17.000Z;"""#Marokkaanse Gastarbeiders"" | KRO Brandpunt 27-11-1965 ! 

Met dank aan @ZihniOzdil voor het uploaden .
#Casablanca 1965 
Cc: @aborifi";;1.0;1;68;gastarbeiders;2024-10-19 17_46_28.625660;0.000566387781873;0.000022881789846;0.000000942142208;0.000143820201629;0.000088537744887;0.000099673357909;0.000035597237002;5. Is neutral.
25;a3ff8ca9a0fd01a9;28558e49506f1132;b547a3fddb094730;2024-10-10T06:22:30.000Z;"Poolse knokploegen jagen op migranten. ‘Er hangt een ‘pogromsfeer’
Sinds een maand zoeken in Polen zelfbenoemde burgerpatrouilles naar ‘criminele migranten’. In Zyrardów ontvluchtten gastarbeiders de stad. De overheid reageert traag. De bevolking kijkt gelaten toe.Het pand aan de";1.0;;;62;gastarbeiders;2024-10-19 17_46_28.625660;0.190514966845512;0.002289155498147;0.000081077741925;0.000355518917786;0.000006175049748;0.253040224313736;0.003868016647175;1. Against immigration, migrants, foreigners, refugees, or Muslims.
26;6ec697df004dc94a;14329ccd3f623107;b7a0d74012750e36;2024-10-03T20:52:23.000Z;Nog meer gastarbeiders.;2.0;14.0;16;376;gastarbeiders;2024-10-19 17_46_28.625660;0.237369477748871;0.000192167208297;0.000004607744813;0.000066604261519;0.000043067200750;0.025498101487756;0.000066754968429;1. Against immigration, migrants, foreigners, refugees, or Muslims.
27;20c4caefbab94d26;1e9a003afea3fb29;04322359a9c6f1df;2024-09-10T09:34:29.000Z;Nederland is een land dat bestaat dankzij grote groepen die van buiten gekomen zijn, vaak als vluchteling, zoals Joden uit Spanje, Hugenoten, soldaten uit Zwitserland, Duitse handelaren en arbeiders, chinezen, Indische mensen, Surinamers, gastarbeiders, vluchtelingen, enz.;1.0;3.0;11;273;gastarbeiders;2024-10-19 17_46_28.625660;0.002915124874562;0.000013162132745;0.000017330965420;0.000050500279031;0.000007848274436;0.000907414359972;0.000175383145688;2. In support of immigration, migrants, foreigners, refugees, or Muslims.
28;0a2a69dc72ae9958;075f118a96e30609;e85d636dcfd44189;2024-09-20T10:21:13.000Z;"Joop den Uyl maakte in 1973 een eind aan de werving van gastarbeiders die door rechts  conservatieve regeringen hierheen waren gehaald.
Job Cohen was staatsecretaris en heeft een strenger vreemdelingenwet ingevoerd. 
Wilders verteld zoals gewoonlijk sprookjes.
#APB2024";158.0;412.0;1,2K;39K;gastarbeiders;2024-10-19 17_46_28.625660;0.041742533445358;0.000043802527216;0.000058228539274;0.000734727538656;0.000263272697339;0.004917001351714;0.000485407450469;5. Is neutral.
29;283852a03f2becbe;a0fa7e33d3b6e588;09542772e4404112;2024-09-24T18:56:21.000Z;"Wow, een resumé van de trucs van ⁦@DilanYesilgoz⁩ . 
“Daarom eiste de PvdA dat gastarbeiders maar 2 jaar mochten blijven. En wat deed de VVD? Die eiste dat Turken en Marokkanen het recht kregen om hun gezin mee te nemen. Zei iemand gezinshereniging?”";;;;94;gastarbeiders;2024-10-19 17_46_28.625660;0.026635996997356;0.000064870044298;0.000005893348316;0.000145816549775;0.001072296523489;0.053071215748787;0.009794739075005;5. Is neutral.
30;bc0de96755cbf414;d04546263b2b2f14;26f2c77050b17f32;2024-09-28T08:50:13.000Z;Je bent in 1959 geboren en nadert je pensioen. In 1959 had Nederland 2.294 gastarbeiders, waarvan 1.884 Italianen. Van buiten Europa: 9 Turken en 3 Marokkanen. Vandaag: zo’n 2 miljoen buiten Europa geboren nld’se inwoners, miljoenen meer 2e generatie. En het gaat steeds sneller.;;;;36;gastarbeiders;2024-10-19 17_46_28.625660;0.000895275676157;0.000003218803386;0.000012381256056;0.000026457517379;0.000017794955056;0.000220099798753;0.000020985258743;5. Is neutral.
31;c1b1642df7e3e153;54107398ec94b895;d08bd88c6c6c4f0c;2024-08-23T13:00:11.000Z;"Hallo @RPlasterk, een onverwachte inkijk. Nu mijn vragen:
Ja, rechts heeft in de beginne #gastarbeiders binnengehaald, maar wie heeft toegestaan of gepromoot om de werkers hun gezinnen te laten overkomen? 
Waarom is niet gekozen voor max 5 jaar en terug, en kan je broertje komen?";;;;25;gastarbeiders;2024-10-19 17_46_28.625660;0.006472241133451;0.000719659496099;0.000035774508433;0.000231158861425;0.000692954636179;0.010353103280067;0.000581772474106;1. Against immigration, migrants, foreigners, refugees, or Muslims.
32;71a03a7ec53594e8;a195a1a4fcc35cd3;b2776c41e10c69ea;2024-09-14T09:14:38.000Z;"Never give in for abuis. Wat? Check; hoog conjunctuur alleen (?) bij slavernij rn gastarbeiders. Tuurlijk ook uw gezin (ja, soort '67 Palasteina) oei, oei wij hebben het fout gedaan, dat kost u geld. Emigratie belasting, bij vertrekpoort ff strippen 
https://youtu.be/YySW9cF7N7Y?si=GwkVq-vQOC8i8XsJ…";;;;72;gastarbeiders;2024-10-19 17_46_28.625660;0.130237609148026;0.001613197964616;0.000011783093214;0.001847306382842;0.000378830329282;0.026659583672881;0.003512299386784;1. Against immigration, migrants, foreigners, refugees, or Muslims.
33;f8bf8ab4f9f43cd1;181dcd8ad802c3ff;df9920bc4bc2ffdd;2024-10-13T10:16:21.000Z;[Extra] 60 jaar Turkse gastarbeiders in Hilversum: 'Het woord discriminatie kenden wij toen niet' -  http://hilversumsnieuws.nl/l/343597;;;;191;gastarbeiders;2024-10-19 17_46_28.625660;0.001601013122126;0.000041840299673;0.000001880110290;0.000295160483802;0.001053101615980;0.000810321304016;0.000042940195272;5. Is neutral.
34;78548484e93ea243;2308555a2dcb035c;0f5654b655fb743b;2024-09-27T12:47:06.000Z;Het vermoeden dat een verzetsstrijder aanwezig is, is al  voldoende om een huis weg te vagen. En maar liegen en jammeren over 7 okt toen er ook veel doden (wo gastarbeiders) vielen door de Hannibal doctrine, isr bronnen bevestigen dat. Maar dd buitenlandse doden krijgen niet aan;1.0;;;47;gastarbeiders;2024-10-19 17_46_28.625660;0.086038023233414;0.002273934427649;0.000608770060353;0.000039082024159;0.000029331782571;0.413911759853363;0.003387442091480;1. Against immigration, migrants, foreigners, refugees, or Muslims.
35;7c2f4df07d0e31fd;361cde1b152e57dc;f8733c9649197545;2024-09-16T21:42:45.000Z;#barlaat de fout is in de jaren 70 en 80 gemaakt door de gastarbeiders niet terug te sturen na einde werk..en dat is geescaleerd nu..In Dubai moet je oprotten als je baan klaar is. Wat naturaliseren? ROT OP!!;;;;179;gastarbeiders;2024-10-19 17_46_28.625660;0.232559114694595;0.000645921623800;0.000006868116998;0.000050620092225;0.000012258105926;0.024855766445398;0.000019306193280;1. Against immigration, migrants, foreigners, refugees, or Muslims.
36;6ca8c6b232d00577;28e4bc16874f2b89;d6968bbc8954ab99;2024-10-12T15:09:15.000Z;Zestig jaar Turkse gastarbeiders in Hilversum: Zorlu Hançer was één van de eersten;;;;84;gastarbeiders;2024-10-19 17_46_28.625660;0.000638879311737;0.000019460505428;0.000008196775525;0.000449954299256;0.000135162787046;0.001192618045025;0.000052358966059;5. Is neutral.
37;1c37d1deda7849cd;5de4b0694632ebd0;2350ab61a96bb83c;2024-09-26T17:07:38.000Z;Inderdaad, de corrupte Midden-Europese elite ondermijnt de Europese veiligheid door Russische gastarbeiders toe te laten in Hongarije, en daarmee ook in de gehele Schengen-zone. Dit geeft Rusland vrij spel om spionageactiviteiten te ontplooien in Europa, wat de hybride;2.0;10.0;19;2,1K;gastarbeiders;2024-10-19 17_46_28.625660;0.240669101476669;0.000135178386699;0.000125221398775;0.003720322623849;0.000231256039115;0.037941008806229;0.000414347712649;1. Against immigration, migrants, foreigners, refugees, or Muslims.
38;8e49d3b739ab2594;534a4d9b27e87da0;353588cd3dd6d774;2024-09-12T06:17:54.000Z;"En degene die niet werken, worden die geweigerd?

Toen we nog gastarbeiders hadden werkte het prima
Niet werken, lekker weer naar huis

Rond 1982 was er ook tekort aan werkkrachten

Het toverwoord was automatiseren";;;;6;gastarbeiders;2024-10-19 17_46_28.625660;0.248775690793991;0.000834192382172;0.000186566467164;0.000066318178142;0.000027402667911;0.047523822635412;0.000293977325782;1. Against immigration, migrants, foreigners, refugees, or Muslims.
39;66b083573c8259d9;d73e35dac4745af6;5636146467ec8202;2024-10-09T16:53:09.000Z;Weer het heilloze idee om de vergrijzing door arbeidsmigranten te laten opvangen. Vanaf de gastarbeiders in de vorige eeuw weten we dat die niet meer weggaan en de oorzaak zullen vormen van nieuwe vergrijzingsgolven. Als we ...->;1.0;;2;83;gastarbeiders;2024-10-19 17_46_28.625660;0.125432670116425;0.006020179484039;0.000228839402553;0.000069701265602;0.000064952742832;0.040342789143324;0.000178096655873;1. Against immigration, migrants, foreigners, refugees, or Muslims.
40;09de07e9b3708694;8a1ab5c9838bd140;17b3148909b116a0;2024-09-15T05:52:31.000Z;60 jaar Turkse gastarbeiders in Nederland: rondreizende tentoonstelling vertelt hun verhaal;19.0;9.0;20;8,9K;gastarbeiders;2024-10-19 17_46_28.625660;0.000865620095283;0.000025453948183;0.000161790914717;0.001838794793002;0.000354823278030;0.001470221090130;0.000447642640211;5. Is neutral.
41;83b95a4d30e7ba36;87ad6ecd424bee8c;4352dad08b7db46a;2024-10-14T07:38:44.000Z;Aha. Dan ben ik benieuwd hoe die relatie precies zit. Voor mij blijft het onbegrijpelijk dat vanuit klein groepje van 30.000 Marokkaanse gastarbeiders komende uit een haaks op onze cultuur zo kon/mocht groeien zonder enige eis tot aanpassing.;2.0;;9;262;gastarbeiders;2024-10-19 17_46_28.625660;0.037152756005525;0.000032311821997;0.000130589745822;0.000285921938484;0.000255271559581;0.007297570351511;0.001374914427288;1. Against immigration, migrants, foreigners, refugees, or Muslims.
42;3ad701a25c07ebe1;9ba204437fb41446;79fc729fae3df531;2024-10-15T09:01:02.000Z;"Bullshit !

Er zijn de afgelopen jaren honderdduizenden permits/visa’s !!!!verleend aan Russische “gastarbeiders” in Duitsland en Frankrijk en Spanje !!

Het is echt totale bullshit/gelul dat “de nationale veiligheid nú plotseling in het geding zou zijn” ( door “Orban/Hongarije”)";1.0;;2;54;gastarbeiders;2024-10-19 17_46_28.625660;0.122108332812786;0.000014146178728;0.000013729664715;0.000090149027528;0.000016760777726;0.005132048856467;0.001044258591719;5. Is neutral.
43;5fbe2ba3750ed2e3;7d1ca70d935c63fa;0748a84f66ca23c0;2024-10-14T08:03:46.000Z;R waren slechts circa 4000 Marokkaanse arbeiders in NL toen het Gastarbeiders project in 1975 beëindigd werd. Alles dat hier daarna binnen is komen hossen heeft hier F*ck all te maken, + zouden we vandaag nog het land uit moeten trappen. Niets dan ellende met die lui;;;12;486;gastarbeiders;2024-10-19 17_46_28.625660;0.915601491928101;0.001658680848777;0.000078904144175;0.000168200189364;0.000096543022664;0.195679813623428;0.000037528570829;1. Against immigration, migrants, foreigners, refugees, or Muslims.
44;a452e04089977a90;b17962edc95ec757;a5929e7ad86fc1a4;2024-10-14T15:46:23.000Z;"Dus liever een gebrek aan empathie voor de mensen die DAGELIJKS met racisme te maken krijgen 

PS: dat madammeke in Denderleeuw heeft dit prachtige land NIET opgebouwd 

Congolese SLAVEN en Italiaanse, Turkse en Marokkaanse GASTARBEIDERS daarentegen…";;;2;483;gastarbeiders;2024-10-19 17_46_28.625660;0.111784890294075;0.000014399988686;0.000009058298929;0.000111129207653;0.000016830066670;0.001893478911370;0.000015098965378;3. Against those that oppose immigration or are negative towards migrants, foreigners, refugees, or Muslims.
45;488f8761f3acd145;0c2fd4270e018360;b3cacd35847179c4;2024-10-11T09:51:35.000Z;"al vanaf de jaren 60 haalden 't bedrijfsleven gastarbeiders hierheen
niet ""om 's lands economie te redden"", maar
enkel voor de lage loonkosten: pure kolonisatie-2.0
waardoor investeren in innovatie niet nodig was.

en nu zitten we met Leo's gebakken peren";;;5;33;gastarbeiders;2024-10-19 17_46_28.625660;0.137363851070404;0.000473368301755;0.000008804323443;0.000030510580473;0.000006804973509;0.021104495972395;0.001244462095201;1. Against immigration, migrants, foreigners, refugees, or Muslims.
46;eb8949b98a97a080;a87041c7ba589a3f;c12f74d741a62522;2024-10-11T08:29:31.000Z;De eerste gastarbeiders werkten hard en zorgden voor een enorme druk op de lonen. Maar ook voor uitstel van de mechanisering in die beroepen waar ze gingen werken. En toen kwam de crisis, veel industrie failliet. Gastarbeiders, nu met hun familie, werkloos. Als er geen goedkope;2.0;;3;80;gastarbeiders;2024-10-19 17_46_28.625660;0.061536293476820;0.000063343199145;0.001845151884481;0.000163064149092;0.000087991073087;0.017900973558426;0.000827869225759;5. Is neutral.
47;0986f892bc90aa99;1eb16bce3a4d3ad6;062eb7695309ca8c;2024-09-23T11:16:37.000Z;wat 'n idiote inschatting. zie 't onderzoek van brunt & bovenkerk uit de jaren '80 naar het zich terugtrekken van de gastarbeiders ná de gezinshereniging (daarvoor deden ze vaak mee aan buurtactiviteiten en zo) enfin, hier 'n foto van kaboel uit 1972. ook veranderd door wilders?;;;9;83;gastarbeiders;2024-10-19 17_46_28.625660;0.188885018229485;0.000225327821681;0.000115262628242;0.000437138136476;0.000163350021467;0.014983061701059;0.000309579627355;6. Other: Critiques historical immigration policy.
48;327f2db6bf3baf85;409da36e6425b14b;d2d10dc64d724a69;2024-10-02T15:17:50.000Z;Laatst zei iemand toch dat het de gastarbeiders waren die Nederland hebben opgebouwd? Nou, wellicht waren het lesbische Afrikaanse vrouwen die Nederland hebben bevrijd. Wist jij dat?;3.0;;6;243;gastarbeiders;2024-10-19 17_46_28.625660;0.058801222592592;0.000100905584986;0.000010336741980;0.004760853946209;0.000338468060363;0.048350516706705;0.000657081371173;1. Against immigration, migrants, foreigners, refugees, or Muslims.
49;;;;;This post is unavailable.;;;;;gastarbeiders;2024-10-19 17_46_28.625660;0.000118929085147;0.000000015512335;0.000000097311784;0.000661179888994;0.000003063055601;0.000033176205761;0.000041807754315;
50;;;;;This post is unavailable.;;;;;gastarbeiders;2024-10-19 17_46_28.625660;0.000118929085147;0.000000015512335;0.000000097311784;0.000661179888994;0.000003063055601;0.000033176205761;0.000041807754315;
51;bdb64cdd52d36cd1;1b081aa96ddf28d4;4930471aa3c57631;2024-09-20T04:50:55.000Z;"Van oudsher was links (Joop den Uyl, Jan Marijnissen) altijd fel tegen immigratie omdat het om goedkope arbeid gaat wat concurrentie is voor autochtone arbeider qua werk en wonen en vakbonden om zeep helpt.
Later ging PvdA draaien want gastarbeiders stemden allemaal PvdA.";;1.0;23;403;gastarbeiders;2024-10-19 17_46_28.625660;0.066206350922585;0.000087997621449;0.001359098590910;0.000093264679890;0.000253684789641;0.004448296967894;0.000228200777201;1. Against immigration, migrants, foreigners, refugees, or Muslims.
52;849c603aa7237483;df7d22e0b2af8629;8e2c0d57e9f55425;2024-08-19T15:45:41.000Z;60 jaar Turkse gastarbeiders in Nederland - met @GulsahErcetin;;;1;177;gastarbeiders;2024-10-19 17_46_28.625660;0.002186940051615;0.000081439065980;0.000018305112462;0.003455483354628;0.001167853712104;0.000447508820798;0.000053314361139;5. Is neutral.
53;b9a010e1a9a79d19;1d568bc6bf3c9ead;9dfa69920d236bd2;2024-09-23T19:22:20.000Z;Deze barbaren zijn ooit hierheen gehaald als GASTARBEIDERS om de economie te boosten. Soit. Maar op de premisse dat ze TERUG zouden gaan! Niet om de rest van hun (vaak achterlijke) familie ook nog eens hierheen te laten komen. Dat is helaas in 2005 al vastgelegd in de EVRM.;;;4;83;gastarbeiders;2024-10-19 17_46_28.625660;0.804923176765442;0.000102015699667;0.000003644046046;0.000026203881134;0.000006670338280;0.208164542913437;0.001017776783556;1. Against immigration, migrants, foreigners, refugees, or Muslims.
54;;;;;This post is unavailable.;;;;;gastarbeiders;2024-10-19 17_46_28.625660;0.000118929085147;0.000000015512335;0.000000097311784;0.000661179888994;0.000003063055601;0.000033176205761;0.000041807754315;
55;;;;;This post is unavailable.;;;;;gastarbeiders;2024-10-19 17_46_28.625660;0.000118929085147;0.000000015512335;0.000000097311784;0.000661179888994;0.000003063055601;0.000033176205761;0.000041807754315;
56;87486a5598d57ebe;5b2ab6f43d9bee59;ee5a48f57d345fcd;2024-08-19T12:34:26.000Z;Podcast De Dag: 60 jaar Turkse gastarbeiders in Nederland;24.0;2.0;11;21K;gastarbeiders;2024-10-19 17_46_28.625660;0.003381410380825;0.000079587880464;0.000025923711291;0.003158856881782;0.001336314366199;0.002413949929178;0.000304787565256;5. Is neutral.
57;;;;;This post is unavailable.;;;;;gastarbeiders;2024-10-19 17_46_28.625660;0.000118929085147;0.000000015512335;0.000000097311784;0.000661179888994;0.000003063055601;0.000033176205761;0.000041807754315;
58;;;;;This post is unavailable.;;;;;gastarbeiders;2024-10-19 17_46_28.625660;0.000118929085147;0.000000015512335;0.000000097311784;0.000661179888994;0.000003063055601;0.000033176205761;0.000041807754315;
59;851d3d83cf9376f9;ae3a1762d22dd110;b48bc7ccb31924db;2024-09-05T22:52:23.000Z;"Onze ‘gastarbeiders’ pasten niet in het wereldbeeld van vele suburbane Vlamingen, in de crisis opgejut door een autoritaire en racistische antivreemdelingenpartij.
http://sampol.be/2024/09/communautarisme-versus-democratie… via @Sampol_magazine";12.0;3.0;6;857;gastarbeiders;2024-10-19 17_46_28.625660;0.008886477909982;0.000013553426470;0.000001617129897;0.000084536586655;0.000002827600838;0.002341359620914;0.000105406943476;3. Against those that oppose immigration or are negative towards migrants, foreigners, refugees, or Muslims.
60;;;;;This post is unavailable.;;;;;gastarbeiders;2024-10-19 17_46_28.625660;0.000118929085147;0.000000015512335;0.000000097311784;0.000661179888994;0.000003063055601;0.000033176205761;0.000041807754315;
61;;;;;This post is unavailable.;;;;;gastarbeiders;2024-10-19 17_46_28.625660;0.000118929085147;0.000000015512335;0.000000097311784;0.000661179888994;0.000003063055601;0.000033176205761;0.000041807754315;
62;c10c226def4404d9;ade77a82af47447d;6cf7b68127143870;2024-09-13T09:11:28.000Z;Wat in de jaren 60/70 begon met 'gastarbeiders'.....;;;1;17;gastarbeiders;2024-10-19 17_46_28.625660;0.087305761873722;0.000123080346384;0.000010234581168;0.000067003114964;0.000138250397868;0.005049700848758;0.001567214960232;1. Against immigration, migrants, foreigners, refugees, or Muslims.
63;;;;;This post is unavailable.;;;;;gastarbeiders;2024-10-19 17_46_28.625660;0.000118929085147;0.000000015512335;0.000000097311784;0.000661179888994;0.000003063055601;0.000033176205761;0.000041807754315;
64;;;;;This post is unavailable.;;;;;gastarbeiders;2024-10-19 17_46_28.625660;0.000118929085147;0.000000015512335;0.000000097311784;0.000661179888994;0.000003063055601;0.000033176205761;0.000041807754315;
65;285e338cd64edc47;0c2fd4270e018360;b3cacd35847179c4;2024-09-04T20:47:00.000Z;"""...de gastarbeiders kwamen de baantjes doen waar wij ons te goed voor voelden'....
Heeft @heindehaas dat echt gezegd?
Da's een leugen. Vraag maar aan Jan Marijnissen:
(2:15) https://youtube.com/watch?v=2SUoSZS5UBo&t=140s…

Hein blokkeert mij volgens goed ""links"" gebruik bij tegenspraak
#vandaaginside";;1.0;9;2,3K;gastarbeiders;2024-10-19 17_46_28.625660;0.006071139127016;0.000018693273887;0.000332939904183;0.001528657041490;0.000450119870948;0.001098467386328;0.000053974683397;6. Other: questioning a statement about immigration.
66;;;;;This post is unavailable.;;;;;gastarbeiders;2024-10-19 17_46_28.625660;0.000118929085147;0.000000015512335;0.000000097311784;0.000661179888994;0.000003063055601;0.000033176205761;0.000041807754315;
67;;;;;This post is unavailable.;;;;;gastarbeiders;2024-10-19 17_46_28.625660;0.000118929085147;0.000000015512335;0.000000097311784;0.000661179888994;0.000003063055601;0.000033176205761;0.000041807754315;
68;d56bd74a66351ee1;a059ebd6b03f65c6;1f5b1c22e960d0a5;2024-09-25T16:34:56.000Z;Goede draad. Voor mensen die twijfelen -> https://historiek.net/gastarbeiders-nederland-betekenis-marokko-turkije/135726/…;;;4;275;gastarbeiders;2024-10-19 17_46_28.625660;0.000765472126659;0.000005600775694;0.000011335855561;0.000064650870627;0.000077715398220;0.000445267447503;0.000051788782002;5. Is neutral.
69;4a0a0f1dc292a548;b14ff67048a3b878;0a4b5aeba6d0354a;2024-09-22T18:00:01.000Z;"Vanavond in De Sociëteit om 22:52 uur op NPO2.

Het is 60 jaar geleden dat de eerste Turkse gastarbeiders in Nederland aankwamen. Wat bracht het hen en wat bracht het Nederland? We gaan het er uitgebreid over hebben.";1.0;1.0;2;274;gastarbeiders;2024-10-19 17_46_28.625660;0.001097547356039;0.000003403528581;0.000001468768801;0.000024997751098;0.000182341216714;0.002001691376790;0.000245636561885;5. Is neutral.
70;1bde75556b49a712;0ed0afc90598061e;893577e3e8c65f69;2024-09-01T21:46:41.000Z;Niet vergeten...het waren gastarbeiders dus tijdelijke krachten.;;;1;19;gastarbeiders;2024-10-19 17_46_28.625660;0.021996337920427;0.000073591480032;0.000014971954442;0.000016576035705;0.000021996575015;0.008679172024131;0.000083079859905;1. Against immigration, migrants, foreigners, refugees, or Muslims.
71;5bf47a34dc45f082;802c3b4801afc8c8;2068287c1efb63f7;2024-09-24T17:06:38.000Z;De VVD ... sloot wervingsverdragen af met Turkije en Marokko... En wie was er kritisch? Juist, ja. De PvdA... Daarom eiste de PvdA dat gastarbeiders maar twee jaar mochten blijven. En wat deed de VVD? Die eiste dat Turken en Marokkanen... hun gezin mee mochten nemen...;3.0;1.0;9;1,7K;gastarbeiders;2024-10-19 17_46_28.625660;0.057232487946749;0.000074472096458;0.000173580876435;0.000056071330619;0.000433105364209;0.052814319729805;0.004301172215492;1. Against immigration, migrants, foreigners, refugees, or Muslims.
72;382159a69884148b;9c25e1e7400d1682;869da18ad076077a;2024-09-20T21:10:55.000Z;niet door rechts conservatieve regeringen. Die zagen alleen geen problemen (niemand niet) bij het door onze grote bedrijven (philips, akzo, aldel, textiel) ronselen van gastarbeiders.;;;;30;gastarbeiders;2024-10-19 17_46_28.625660;0.049617301672697;0.000066370244895;0.000137020804686;0.000327208806993;0.000148365768837;0.002678479067981;0.000963936734479;5. Is neutral.
73;8595894a73146abd;8a53a8a45a6f87a1;9cb89660e4fb9ac3;2024-09-15T20:08:04.000Z;#Nederland  Problemen met te weinig parkeerplaatsen in div steden - dorpen, DenHaag bijv Iedereen moet gaan dokken  Tja volgestopt met gastarbeiders en wat al niet  Volle bak dus;;;;114;gastarbeiders;2024-10-19 17_46_28.625660;0.225543871521950;0.000311068957672;0.000625608721748;0.000429769366747;0.000176139816176;0.039619229733944;0.000088816879725;1. Against immigration, migrants, foreigners, refugees, or Muslims.
74;626d513cc3a74c97;9404164a4430e185;45587a3c168cac54;2024-10-12T06:58:16.000Z;"Zestig jaar Turkse gastarbeiders in Hilversum: ""Nederlanders waren heel nieuwsgierig""";;;;1,6K;gastarbeiders;2024-10-19 17_46_28.625660;0.001020268537104;0.000010106205082;0.000008861276001;0.000611208030023;0.000339536054525;0.000201490416657;0.000023505588615;5. Is neutral.
75;08d913debcd3fe0e;221861d3ce8bbe72;d292e70fc4b8b4e4;2024-10-10T15:04:58.000Z;Niks veranderd sinds de #Molukken kampen en de eerste generatie #gastarbeiders in #Nederland. Opvang blijft onmenselijk.;;;;14;gastarbeiders;2024-10-19 17_46_28.625660;0.137711986899376;0.000158221228048;0.000048288326070;0.000167463891557;0.000327908928739;0.018693892285228;0.000492411840241;2. In support of immigration, migrants, foreigners, refugees, or Muslims.
76;176295271ba8e520;14eb839283d64f19;2d556e84a43f21bc;2024-09-25T10:28:40.000Z;De vraag is dan ook: Waar en wanneer zal dit leger worden ingezet. Hoe was dit met de Turkse en Marokkaanse gastarbeiders die in WO2 vochten @superjan. Ik weet het niet, het klopt iig totaal niet.;;;;22;gastarbeiders;2024-10-19 17_46_28.625660;0.081964805722237;0.000039556194679;0.000004046253707;0.000075115785876;0.000052160765335;0.068889282643795;0.000539091823157;6. Other: unclear stance on immigration.
77;15c7702f6143f3fc;054d01610e298641;5ac1daa43f23a2b2;2024-09-25T19:06:00.000Z;Op donderdagmiddag 3 oktober wandelt Ries  een route waarbij we stil staan b verhalen van gastarbeiders.  We verzamelen om 14.00 uur bij Bemuurde Weerd Oostzijde 3.  Na afloop is er gelegenheid tot napraten.;;1.0;1;76;gastarbeiders;2024-10-19 17_46_28.625660;0.004368593450636;0.000237090323935;0.000167381673236;0.000120477889141;0.000048345456889;0.004275982733816;0.000080478137534;5. Is neutral.
78;1e625eac82ba6da1;291ce89ba63601a6;225122de2f9540e3;2024-09-05T18:25:25.000Z;"De eerste gastarbeiders waren de 
Spanjaarden in Nederland. Toen de grootste groep.";1.0;1.0;10;396;gastarbeiders;2024-10-19 17_46_28.625660;0.005584634840488;0.000013023686734;0.000007773205652;0.000010773762369;0.000003227640946;0.000268720730674;0.000022008371161;5. Is neutral.
79;d0e5176a0a850b1c;dd6de82f5c56872f;af56207035663062;2024-09-15T11:02:25.000Z;"""De ene ploeg sliep er overdag als de andere ploeg aan het werk was. Als die arbeiders terug kwamen gingen de anderen werken.""";;;;17;gastarbeiders;2024-10-19 17_46_28.625660;0.007560382131487;0.000036450059270;0.000005204214631;0.000243496426265;0.000176972462213;0.005125265568495;0.000433792301919;5. Is neutral.
80;ec1ba7dc58ecc1fa;5518968ee8401449;30dbed2650951acf;2024-08-19T13:04:00.000Z;De migratie is in gang gezet met het werven van gastarbeiders om de industrie tegemoet te komen. NOS vandaag wel mooi filmpje met eerste Turkse gastarbeider die hete kippen moest pellen;1.0;;1;81;gastarbeiders;2024-10-19 17_46_28.625660;0.108514368534088;0.000187092693523;0.000014424165784;0.005639672279358;0.000928428198676;0.171095848083496;0.012179845012724;5. Is neutral.
81;52c3fbe19e4104d1;a51967a2deb1f0c2;9ee26a62af7ea872;2024-09-04T19:19:52.000Z;O bij Arno mag er niet gepraat worden tijdens het werk? Hij vergat even dat het om potentiële partners gaat en niet om gastarbeiders. #benbvolliefde;;;34;2K;gastarbeiders;2024-10-19 17_46_28.625660;0.007029140368104;0.000011876855751;0.000001215161774;0.000860380765516;0.000219379900955;0.000636423472315;0.000008857034118;1. Against immigration, migrants, foreigners, refugees, or Muslims.
82;015233ef267d5524;f0365f540d6c3abf;1db3c53e52339837;2024-09-28T14:20:43.000Z;"Destijds is de nationaliteit gegeven in de verwachting dat immigranten zich dan makkelijker zouden integreren & assimileren
Aan ons, oorspronkelijke Belgen, was eerst beloofd dat gastarbeiders slechts tijdelijk hier zouden zijn, vervolgens dat ze zich aan ons zouden aanpassen
2/2";1.0;;;41;gastarbeiders;2024-10-19 17_46_28.625660;0.011733719147742;0.000038812118873;0.000004159053788;0.000003017963991;0.000089691566245;0.002278407802805;0.000457107846159;1. Against immigration, migrants, foreigners, refugees, or Muslims.
83;28910507f52b0706;cad2da138473aea6;165c15b4d84c5c5a;2024-09-11T08:10:44.000Z;"Eating cats and dogs......ik herinner me dat jaaaaaren geleden dezelfde verhalen de ronde deden over Turkse en Marokkaanse gastarbeiders... 

Racisten zijn niet bepaald origineel.";;;;41;gastarbeiders;2024-10-19 17_46_28.625660;0.398987948894501;0.000009056371709;0.000069457099016;0.000119792042824;0.000007219508007;0.341678559780121;0.130309626460075;3. Against those that oppose immigration or are negative towards migrants, foreigners, refugees, or Muslims.
84;0445d0b27f2063b6;5b2ab6f43d9bee59;ee5a48f57d345fcd;2016-05-12T16:33:34.000Z;'Vluchtelingen in Duitsland zijn niet de gastarbeiders van toen': http://nos.nl/l/2104635;;7.0;;/NOS###/NOS###/NOS/status/730798080757501952###https://t.co/2zyzN7RXg0;gastarbeiders;2024-10-19 17_46_28.625660;0.041203174740076;0.000011020987586;0.000001437530614;0.000011524154615;0.000016634152416;0.000478930945974;0.000008572344086;5. Is neutral.
85;326b495523cd3234;98b28d96a7f4f319;af80523ecb031ae9;2024-09-19T09:38:56.000Z;"Ik ben 68 jaar en heb de instroom van gastarbeiders vanaf het begin meegemaakt.
Ik heb nog nooit problemen of angst ervaren als die extreemrechtse dombo's.";2.0;;7;112;gastarbeiders;2024-10-19 17_46_28.625660;0.812942504882812;0.000005091218100;0.000009428573321;0.000548408657778;0.000034207238059;0.028692228719592;0.000039492082578;3. Against those that oppose immigration or are negative towards migrants, foreigners, refugees, or Muslims.
86;5bb08b21996a112e;ebdf7c3b031d3a3c;4502b9b01a4c8766;2024-09-13T19:34:05.000Z;"Ach wat schattig, Duitsland gaat de jaren 60 gastarbeiders-periode weer helemaal over doen…

#WhatCouldPossiblyGoWrong";;;;63;gastarbeiders;2024-10-19 17_46_28.625660;0.220861092209816;0.000061064201873;0.000000079194692;0.000707776518539;0.000412392982980;0.001865512109362;0.000057342898799;1. Against immigration, migrants, foreigners, refugees, or Muslims.
87;935577b780ee65df;b92debe984465eba;158433b105cff657;2024-08-19T05:55:06.000Z;"""Nederland is een mooi land, als je de taal spreekt"" zegt de Turkse vrouw die 50 jaar in Nederland woont en amper Nederlands spreekt.

60 jaar Turkse gastarbeiders in Nederland: 'Hebben onze jaren gegeven' /via @NOS";;;;156;gastarbeiders;2024-10-19 17_46_28.625660;0.008138000033796;0.000020386734832;0.000020136165404;0.002445447258651;0.001595197478309;0.000341165374266;0.000117947427498;5. Is neutral.
88;bd828efd09a37397;f46cf2b95a332ba2;c8083fd928f6ceb1;2024-09-20T19:33:37.000Z;De VVD wilde gastarbeiders naar Nederland halen, want de werkgevers (en dat vinden ze nog steeds) zijn williger, gehoorzamer en goedkoper. Het is vooral en met en met name de VVD, men Wilders, de berg volksverlakker waar u uitgekropen bent, omdat u daar zelfs niet tussen paste.;;;1;52;gastarbeiders;2024-10-19 17_46_28.625660;0.263691484928131;0.000442596938228;0.001427509356290;0.000096883792139;0.000040312766941;0.091225899755955;0.000275756668998;1. Against immigration, migrants, foreigners, refugees, or Muslims.
89;9bd2f17c8a7a2e81;b8f5b09425eb8025;457190826e0f2ea1;2024-09-25T10:19:13.000Z;Was er dan niemand kritisch in die tijd? Jazeker. De PvdA. De linkse partij waarschuwde voor verdringing van Nederlandse werknemers en de druk op de lonen. Daarom eiste de PvdA dat gastarbeiders maar twee jaar mochten blijven.;6.0;32.0;243;8,5K;gastarbeiders;2024-10-19 17_46_28.625660;0.011446328833699;0.000059359772422;0.000261230656179;0.000034835087718;0.000183915530215;0.006249436177313;0.000586216454394;1. Against immigration, migrants, foreigners, refugees, or Muslims.
90;c37cf0b6c47ff994;77fd91771febafff;9dedcae3ea4a2e6a;2024-09-16T09:57:30.000Z;Onze nakomeling was boos. Mijn jongste broertje was boos, omdat een kind van gastarbeiders hem verteld had dat Nederland later van hen zou zijn. Wij moesten daar toen om lachen. We zijn nu iets van 50 jr verder. Binnen een eeuw was het midden oosten geïslamiseerd.;4.0;;28;1,2K;gastarbeiders;2024-10-19 17_46_28.625660;0.025922007858753;0.000009532845979;0.000006052288882;0.000181354262168;0.000767777732108;0.009229082614183;0.000568938034121;1. Against immigration, migrants, foreigners, refugees, or Muslims.
91;fe35887bad7f8f24;03073f718ed81d74;da85485925c0c26c;2024-09-30T14:12:07.000Z;De eerste moslimmigranten in Nederland waren geen #Turkse en #Marokkaanse gastarbeiders, maar #Indonesiërs en #Surinamers uit de koloniën, toont de eerste tentoonstelling van het @moslimarchief. Zie link hieronder voor het hele verhaal.  https://buff.ly/3Y3uPbd #islam #moslims;1.0;6.0;5;687;gastarbeiders;2024-10-19 17_46_28.625660;0.001282870885916;0.000006954990113;0.000000179558015;0.000070416244853;0.000038689613575;0.000098706426797;0.000019353936295;5. Is neutral.
92;d1def237f4e3c923;e04c4e80256247d1;d143b46ea69311c2;2024-09-27T11:45:26.000Z;Uiteraard waren NIET alle gastarbeiders die toen naar hier kwamen 20 en kinderloos.  Vrouw en kinderen bleven vaak aanvankelijk in het thuisland en kwamen enkele jaren nadien. U hebt geen enkele grond om deze jongedame voor leugenaar uit te maken.;;;1;41;gastarbeiders;2024-10-19 17_46_28.625660;0.006093939766288;0.000040971124690;0.000011859209735;0.000764830445405;0.001562193967402;0.022856881842017;0.000008225906640;5. Is neutral.
93;18f1c1f6b88f4bb8;5b2ab6f43d9bee59;ee5a48f57d345fcd;2013-11-10T14:51:54.000Z;"In Rotterdam is een standbeeld onthuld voor de tienduizenden gastarbeiders die in de jaren 60 naar Nederland kwamen:
http://nos.nl/artikel/573312";;8.0;2;/NOS###/NOS###/NOS/status/399549987358384128###http://t.co/VRV1JyBjCn;gastarbeiders;2024-10-19 17_46_28.625660;0.004566854797304;0.000033272495784;0.000021747009669;0.000088801214588;0.000023665552362;0.001880751573481;0.000069280074968;5. Is neutral.
94;f020be1960c2f966;77fd91771febafff;9dedcae3ea4a2e6a;2024-09-27T06:16:10.000Z;Mensen en dus ook kinderen kunnen walgelijk zijn. We krijgen via de oveheid en de media te horen dat elk kind veilig moet zijn op school. Iets van 50 jr geleden trof mijn moeder een mes bij mijn jongste broertje aan. Alle jongens van gastarbeiders hebben een mes zei hij, ik moet;1.0;;7;512;gastarbeiders;2024-10-19 17_46_28.625660;0.202125370502472;0.000712905777618;0.001355989021249;0.000150057021528;0.000192788065760;0.628342926502228;0.066680260002613;1. Against immigration, migrants, foreigners, refugees, or Muslims.
95;fb26ed6428134c13;d235d56f7980b5f9;839ac6472fa06bed;2024-09-20T14:06:52.000Z;"Vroeger moesten de gastarbeiders terug.
Den Uyl heeft hierin verandering gebracht met de wet ""recht of gezinshereniging"" in 1974.
Daarvoor waren het GASTarbeiders en zoals het woord het al zegt, te gast en men ging terug. Kom in Spanje nog veel mensen tegen uit die 
tijd.";6.0;2.0;23;1,1K;gastarbeiders;2024-10-19 17_46_28.625660;0.003335467306897;0.000005284540293;0.000013082941223;0.000003662004701;0.000007363696568;0.000695628405083;0.000015817231542;1. Against immigration, migrants, foreigners, refugees, or Muslims.
96;048a895d1cbb4700;10e7d9c072116897;ca22881e6293cd21;2024-09-11T10:35:00.000Z;"Zo'n 60 jaar geleden kwamen de eerste Turkse gastarbeiders naar Nederland. Maar hoe zit het met de vrouwen die hun man achterna reisden? Fotograaf en journalist Çiğdem Yüksel brengt deze verhalen tot leven in haar tentoonstelling en boek ""Je moest eens weten"".";;1.0;4;1,2K;gastarbeiders;2024-10-19 17_46_28.625660;0.001030900864862;0.000019237784727;0.000000741413203;0.000065591615567;0.000055900858570;0.001425236230716;0.000122288925922;5. Is neutral.
97;cf8fc139a1b19765;0ed0afc90598061e;893577e3e8c65f69;2024-09-08T13:23:22.000Z;Dat was in de jaren 60 al zo... gastarbeiders helaas nam het een andere wending.;;;;8;gastarbeiders;2024-10-19 17_46_28.625660;0.068907469511032;0.000078044169641;0.000195261687622;0.000066995708039;0.000041619397962;0.019779648631811;0.000255244784057;5. Is neutral.
98;6b10685f71092f70;e012806d6eaa95ff;2000c7adc4be658c;2024-09-01T12:55:27.000Z;De werving van Turkse  gastarbeiders begon pas in 1964, die van Marokkanen in 1969. (Toen was NL allang heropgebouwd);1.0;;1;139;gastarbeiders;2024-10-19 17_46_28.625660;0.001784023828804;0.000069438683568;0.000069243687904;0.000009119370588;0.000013371965906;0.001534864772111;0.000563189038075;5. Is neutral.
99;f43ae2d2188da944;e18ac37a224ffc42;599ca3fbe02e8bd4;2024-09-27T08:08:06.000Z;Hou op deze onzinnige leugen te verspreiden dat gastarbeiders weinig verdienden. De koolputters waren de best betaalde werkers en gastarbeiders kregen hetzelfde loon. Het waren nooit meer dan 15% gastarbeiders trouwens, de rest waren Limburgse zonen en vaders.;;;6;131;gastarbeiders;2024-10-19 17_46_28.625660;0.359955221414566;0.000110212880827;0.000032900399674;0.000085783191025;0.000365037674783;0.028169302269816;0.000063718573074;5. Is neutral.
100;b62d04e23653af3e;88b309be3d177e2c;672b91ba529cf904;2024-09-27T16:07:44.000Z;Dit is echt te makkelijk...;;;;52;gastarbeiders;2024-10-19 17_46_28.625660;0.063429906964302;0.000064535131969;0.000486161094159;0.000438662100350;0.000163677439559;0.013000687584281;0.000273863406619;6. Other: unclear stance on immigration.
101;0fdf96b43c995d53;b8f5b09425eb8025;457190826e0f2ea1;2024-09-25T10:18:14.000Z;Wilde de VVD die gastarbeiders dan weren? Welnee, samen met de voorgangers van het CDA werden er complete wervingsverdragen afgesloten met Turkije en Marokko. Sterker: er werden kantoren geopend om mensen naar Nederland te halen.;2.0;15.0;201;8K;gastarbeiders;2024-10-19 17_46_28.625660;0.025449633598328;0.000120057578897;0.000085750318249;0.000004186432307;0.000010184079656;0.012911821715534;0.000283574685454;5. Is neutral.
102;74660630f896b047;823691fad61f0d52;50b14a051f010df2;2024-10-19T09:33:32.000Z;"Migranten die 2 keer modaal verdienen zijn eerder uitzondering dan regel. Velen dromen om voldoende geld te verdienen om na enige jaren in relatieve welvaart terug te keren. Dat is in NL begonnen met ""gastarbeiders"" we weten hoe dat is gegaan. En ""expat"" is een verzonnen woord";2.0;;;22;gastarbeiders;2024-10-19 17_46_28.625660;0.091395884752274;0.000010706448847;0.001086907461286;0.000014838496099;0.000011978228031;0.001476393546909;0.000205192671274;5. Is neutral.
103;29167a01585a62a7;a846649b74b8a087;f875e1889f419a15;2024-09-05T14:47:35.000Z;"Ik zag ""vaarwel vaderland"" over gastarbeiders. Het was moeilijk, hard en zwaar werk. Maar wat kregen zij daarvoor terug wat ze in eigen  land nooit hadden gekregen. En ze prijzen de gastvrijheid en hulp van de nederlanders. Waar komt het anti Nederland 3e generatie dan vandaan?";;;;32;gastarbeiders;2024-10-19 17_46_28.625660;0.066634491086006;0.000088591034000;0.000068334185926;0.000113092151878;0.000462088588392;0.007334538269788;0.000067605848017;5. Is neutral.
104;69be6eeaa2af63e6;b8f5b09425eb8025;457190826e0f2ea1;2024-09-25T10:20:44.000Z;"We hadden dus een rechtse partij die actieve werving van gastarbeiders mogelijk maakte en zelfs gezinshereniging stimuleerde. Die actieve werving werd in 1973 door het kabinet-Den Uyl gestaakt; het wervingsverdrag werd gestopt. Voor de jonge lezers: Den Uyl was geen VVD’er.";2.0;35.0;244;7,8K;gastarbeiders;2024-10-19 17_46_28.625660;0.001103162765503;0.000002011528977;0.000017583899535;0.000022072728825;0.000050222159189;0.001977503066882;0.000152105378220;5. Is neutral.
105;a28797774d570ac3;07bd5ed0e667e1be;7d25f32ba8a80124;2024-09-25T10:44:58.000Z;En vergeet niet dat toen de werkloosheid hoog was en o.a. deze Turkse gastarbeiders minder productief waren, ze in de WAO werden gedumpt door de werkgevers. De Nederlandse taal niet spreken woog mee als criterium. En Kok ( PVDA) heeft de WAO vereisten daarna aangepast.;2.0;;10;912;gastarbeiders;2024-10-19 17_46_28.625660;0.096113115549087;0.000035468674469;0.000527076830622;0.000054616823036;0.000122019751870;0.009829771704972;0.000119303229439;5. Is neutral.
106;e4ceb80d30680027;5b2ab6f43d9bee59;ee5a48f57d345fcd;2011-03-03T20:05:05.000Z;Video: Afrikaanse gastarbeiders zijn blij om Libië te ontvluchten http://nos.nl/l/223044;;;;/NOS###/NOS###/NOS/status/43401530593918976;gastarbeiders;2024-10-19 17_46_28.625660;0.010994095355272;0.000232046106248;0.000007773665857;0.001712232129648;0.000386394240195;0.016343660652637;0.000330569106154;5. Is neutral.
107;d78f7ecdc18efee3;bb2d01e4ad68f9ac;c1f802ab5c6c3147;2024-09-24T13:25:10.000Z;Ik ken de verhalen van nazaten van arbeidsmigranten, eerder betiteld met gastarbeiders, o.m. vanuit m’n betrokkenheid bij een minor aan de HHS, over onwrikbare schooladviezen beneden competentie waar ze tegenin moesten vechten. Vaak stapsgewijs pas op competentieniveau. #racisme;1.0;;6;197;gastarbeiders;2024-10-19 17_46_28.625660;0.026422165334225;0.000039974958781;0.000155176225235;0.000633710122202;0.000535714672878;0.004858394619077;0.000183429001481;3. Against those that oppose immigration or are negative towards migrants, foreigners, refugees, or Muslims.
108;3d26efc85447e4cc;d20912926b1ac0cf;d7b5c2613003891d;2024-09-27T09:58:24.000Z;"Dat kon idd.
Maar in die tijd ?
In de jaren ´70 ?
Die kans is klein.
Gastarbeiders kwamen toen niet met vrouw en kinderen hierheen.
Maar de uitzondering kan de regel bevestigen.";2.0;;1;260;gastarbeiders;2024-10-19 17_46_28.625660;0.003115529660136;0.000002099671292;0.000002710252147;0.000095094183052;0.000111222609121;0.000939360121265;0.000012264782526;5. Is neutral.
109;c29abefc56120114;1f918c07269d56c5;58b8723e33d1e8c7;2024-09-17T06:56:09.000Z;Over welke tijd heb je het? Na de Tweede Wereldoorlog hebben gastarbeiders een cruciale rol gespeeld in de wederopbouw en economische groei van ons land. Diversiteit heeft ons niet alleen welvarender gemaakt, maar ook cultureel verrijkt. Je kletst slap uit je nek kerel.;3.0;;10;83;gastarbeiders;2024-10-19 17_46_28.625660;0.063284449279308;0.000002752963837;0.000000435828696;0.000048160291044;0.000015813402570;0.009491673670709;0.000322556705214;2. In support of immigration, migrants, foreigners, refugees, or Muslims.
110;e8d9405886a43f3a;fb5bca328c73db67;2189e9c1364d2ee7;2024-09-19T20:21:36.000Z;"Hun nieuwe electoraat.
Dat was al de opmerking eind jaren '70 over de gastarbeiders door Max vd Berg, of in ieder geval iemand in de top van de PvdA.";8.0;7.0;79;1,8K;gastarbeiders;2024-10-19 17_46_28.625660;0.004974850453436;0.000051883002016;0.000094303497463;0.000177161215106;0.000129021267639;0.006059988867491;0.000167836202308;5. Is neutral.
111;d21ad7d27f6e6a72;5b2ab6f43d9bee59;ee5a48f57d345fcd;2015-09-21T13:06:56.000Z;De Franse spoorwegmaatschappij is veroordeeld voor het stelselmatig discrimineren van gastarbeiders in de jaren 70: http://nos.nl/l/2058926;;6.0;;/NOS###/NOS###/NOS/status/645947319561678849###http://t.co/1FHPtU7Eiu;gastarbeiders;2024-10-19 17_46_28.625660;0.020838662981987;0.000012480063560;0.000001987419182;0.000301597261569;0.000028116171961;0.007125326897949;0.000284441717667;5. Is neutral.
112;778dbdb7a4e213dd;53d270584589c258;5e894b9736aa44ed;2024-10-02T03:37:25.000Z;Het laatste linkse kabinet was ruim 50 jaar geleden. Wist je trouwens dat links tegen het binnenhalen van gastarbeiders uit o.a. Turkije en Marokko was?  Dat het laatste linkse kabinet dit ook onmiddellijk stopte?;3.0;;14;324;gastarbeiders;2024-10-19 17_46_28.625660;0.030708286911249;0.000016976384359;0.000215338950511;0.000034119402699;0.000037812438677;0.010512248612940;0.000079703175288;5. Is neutral.
113;71f1fa24ae34ef22;f1c182e54245d2b7;a002abd51fb44e09;2024-09-16T04:34:44.000Z;Dat mensen kansen moeten krijgen om te integreren. Nederland kan niet weer de fouten maken die ze met de gastarbeiders in de jaren 60 maakten.;2.0;;;137;gastarbeiders;2024-10-19 17_46_28.625660;0.033839050680399;0.000016423986381;0.000001101230851;0.000022331973014;0.000020916128051;0.008877641521394;0.000082890728663;2. In support of immigration, migrants, foreigners, refugees, or Muslims.
114;6cafa9d8319ebeae;880bd15a3bc2aac7;f99674404d740e7e;2024-08-31T08:27:46.000Z;Ken je geschiedenis eikel. Je bedoelt dat ze de sociale dienst hadden ontdekt. Het waren de Turken, Spanjaarden, Italianen, Hongaren die als gastarbeiders hier echt hebben gewerkt. De rest alleen maar gevangen en geprofiteerd.;;;;64;gastarbeiders;2024-10-19 17_46_28.625660;0.342065006494522;0.000008810261534;0.000289080926450;0.001832619193010;0.000162466167239;0.015122480690479;0.000977860763669;1. Against immigration, migrants, foreigners, refugees, or Muslims.
115;f12c26028ab95d6e;0911ec585fe0b4bd;5cfe8b41ee80b33d;2024-09-06T18:37:40.000Z;Italiaanse gastarbeiders laten komen a la jaren 60? Het huisvuil ophalen en in treinen plaatsen? Enkele reis Italia?;;;5;242;gastarbeiders;2024-10-19 17_46_28.625660;0.028480468317866;0.000575681508053;0.000091850924946;0.000280865730019;0.000026070554668;0.006221221759915;0.000289836520096;1. Against immigration, migrants, foreigners, refugees, or Muslims.
116;edc1112c73466f2a;dd6de82f5c56872f;af56207035663062;2024-08-30T21:18:34.000Z;"Als je al sinds ca. 1965 hier bent dan is het woord 'nieuwkomers' (gastarbeiders) wel een keer uitgemolken.

GET THE FUCKIN' USED TO IT DAT TURKEN ONDERDEEL ZIJN VAN NEDERLAND.

En wel op de manier die wij zelf wensen, en niet die we steeds opgedrukt krijgen.  #FYI";;;2;156;gastarbeiders;2024-10-19 17_46_28.625660;0.396888941526413;0.002463442739099;0.000357034470653;0.000311303039780;0.000230374207604;0.081097461283207;0.000469258200610;3. Against those that oppose immigration or are negative towards migrants, foreigners, refugees, or Muslims.
117;9176356f8ce340e3;173b83c9110b78cf;0c68f0b24f002e73;2024-10-15T08:40:26.000Z;"Ik durf best met je mee te gaan dat er onder kinderen van asielzoekers cq gastarbeiders, dus 2e of 3e generatie Marokkanen bijvoorbeeld, statistisch meer criminaliteit en dit soort brutaliteit voorkomt.

Onder woonwagenbewoners ook. Of laagopgeleiden.

Maar wat wil je eraan doen?";3.0;;1;223;gastarbeiders;2024-10-19 17_46_28.625660;0.665915906429291;0.000212254366488;0.000469917373266;0.000081006481196;0.000682686630171;0.192568421363831;0.000344599800883;5. Is neutral.
118;9dd598a09ea701fb;fb5bca328c73db67;2189e9c1364d2ee7;2024-10-13T17:21:40.000Z;"de ""Allochtonen"", of de ""Gastarbeiders"" - gasten die voor 50% van de massa  ongewenste gasten werden, gezien het criminele en a-sociale gedrag - zwalk je nogal waar je het eer over jóuw generatie hebt, en dan over de generatie van voor je, ""die ons uit de Tweede Wereldoorlog";1.0;2.0;1;97;gastarbeiders;2024-10-19 17_46_28.625660;0.382495850324631;0.000184263248229;0.000002018674195;0.000032189323974;0.000020294710339;0.008208508603275;0.000014222593563;1. Against immigration, migrants, foreigners, refugees, or Muslims.
119;7240876f0c12e780;74c980c6fae1d212;f20c915bf7161fec;2024-10-07T20:37:43.000Z;"#Marokkanen, #berbers, voorheen '#gastarbeiders', hier gekomen om te ontsnappen aan armoede en de terreur van  #Hassan2
Nu; de nieuwe #Jodenhaat";;;1;34;gastarbeiders;2024-10-19 17_46_28.625660;0.081569023430347;0.000053912648582;0.000001985123163;0.000057296161685;0.000013634049537;0.007275133859366;0.000039436308725;1. Against immigration, migrants, foreigners, refugees, or Muslims.
120;21ffeb6146bc1915;51764b97c1f56709;73b6d156e75a8c1f;2024-09-22T09:46:25.000Z;"Zitten we niet te wachten op weer een godsdienst? De eerste gastarbeiders kwamen, met hun religie, in de jaren 50/60. Die ""nieuwe"" godsdienst is dus al een jaartje of 70 in ons land.";2.0;;4;428;gastarbeiders;2024-10-19 17_46_28.625660;0.030566288158298;0.000006891999874;0.000007562406154;0.000028646267310;0.000095651776064;0.003042474389076;0.000295981939416;1. Against immigration, migrants, foreigners, refugees, or Muslims.
121;10f4d9cad3ad735d;5b2ab6f43d9bee59;ee5a48f57d345fcd;2012-06-04T05:23:03.000Z;Audio: Oekraïense gastarbeiders zoeken heil in Polen http://nos.nl/l/379958;;1.0;;/NOS###/NOS###/NOS/status/209515589230796801###http://t.co/EfwivULY;gastarbeiders;2024-10-19 17_46_28.625660;0.003748752642423;0.000033713651646;0.000028394113542;0.000663235434331;0.000391120498534;0.004010839853436;0.000067966808274;5. Is neutral.
122;295ecb6779aec721;1b4c2ad6238e60b8;6b8590b87794a9e4;2024-09-04T15:05:47.000Z;De onvoorstelbare luxe: Bijbelvertalingen voor iedere soort gebruiker. Gratis Nieuwe Testamenten in alle talen van vluchtelingen en gastarbeiders. Maar de verspreiding van de HSV gaat de kerk de das om doen. Get a life people!;;;2;96;gastarbeiders;2024-10-19 17_46_28.625660;0.141281932592392;0.000080866091594;0.000385967374314;0.000284705456579;0.000026184598028;0.035246774554253;0.001189458998851;5. Is neutral.
123;81d8835913f21f59;fa581092212eab81;30b99af317e04576;2024-09-21T20:44:03.000Z;Ik kom uit een provinciestadje waar  relatief veel industrie was. Papier- en kartonfabriek, machinefabriek, kabelbomen, landbouw techniek, confectie, blikfabriek, noem maar op. Eind jaren 60 kwamen de gastarbeiders. Eerst Spanjaarden, vrome katholieken, daarna Marokkanen,;2.0;;2;314;gastarbeiders;2024-10-19 17_46_28.625660;0.037382494658232;0.000018129108867;0.000166474259458;0.000009894596587;0.000031391671655;0.001335454871878;0.000592550437432;5. Is neutral.
124;6dc8d305cfddd17d;b79d45a4ff285a7e;88b6c77b7c35c376;2024-09-26T10:16:14.000Z;Den Uijl was degene die de gastarbeiders niet terug liet gaan, maar liet blijven en de families liet overkomen. Dat was het begin van de Turkse invasie. U pleegt geschiedvervalsing.;3.0;;1;23;gastarbeiders;2024-10-19 17_46_28.625660;0.171328976750374;0.000058850080677;0.000001254428753;0.000045740998758;0.000065902655479;0.169445112347603;0.000122890007333;1. Against immigration, migrants, foreigners, refugees, or Muslims.
125;2846ac2a2a374e08;3baee9f30bd535b5;85d21f86d9a47be2;2024-09-07T15:54:52.000Z;Goede nieuwe serie (6 delen van 50 min.) over #migratie/eerste #gastarbeiders. Titel 'Vaarwel Vaderland'. De feiten kloppen (grotendeels)(schreef er zelf 10 jaar geleden over). #Geschiednisles #geschiedenis #politiek #economie #arbeidsmigratie.;1.0;;1;93;gastarbeiders;2024-10-19 17_46_28.625660;0.003014185465872;0.000008338712178;0.000009895246876;0.000177590307430;0.000327543384628;0.001706346170977;0.000359034806024;5. Is neutral.
126;9f96c11dbe45caa7;1f35529490712a9c;f1cdff7c02fca6e9;2024-10-08T09:17:16.000Z;Toekomstige arbeiders he, anders moet je allemaal “gastarbeiders” naar het land halen;2.0;;;47;gastarbeiders;2024-10-19 17_46_28.625660;0.413812071084976;0.002347058150917;0.000002208532806;0.000020661356757;0.000009244560715;0.294913470745087;0.000093340830063;2. In support of immigration, migrants, foreigners, refugees, or Muslims.
127;7e35a8a6ffb6bb49;9423e9de4698b5e8;f922e83e14545af6;2024-10-03T17:02:39.000Z;"kleine reminder een 50 jaar geleden was de campagne van het vlaams blok: 400.000 werklozen waarom nog gastarbeiders?

Het is dus nooit goed.";;;2;320;gastarbeiders;2024-10-19 17_46_28.625660;0.093890316784382;0.000104323997220;0.000016817166397;0.000050426984672;0.000047609177273;0.006485436111689;0.000051647628425;1. Against immigration, migrants, foreigners, refugees, or Muslims.
128;c1c616ff95bc4a3b;a21e0ba0ca44daea;c82c663964cb358f;2024-09-25T19:43:03.000Z;Zelfde met de PvdA: gastarbeiders en immigranten werden met open armen ontvangen omdat het potentiële vakbondsleden en later PvdA-stemmers waren (dachten ze).;;;3;45;gastarbeiders;2024-10-19 17_46_28.625660;0.180198580026627;0.000012936109670;0.000225536306971;0.000116334820632;0.000083029888629;0.008961139246821;0.000342852232279;5. Is neutral.
129;ba9d485035522a44;da234f602db8b874;c38c746509cffe05;2024-09-27T08:13:01.000Z;Ik ken het uit mijn jeugd, bij vriendinnen van mijn moeder die in elkaar werden geslagen door hun mannen. Lang voor er gastarbeiders kwamen. Gewone meneren die in pak naar hun werk gingen in hun Opel. Ik ken n jonge vrouw die kort geleden bijna gewurgd werd door haar man.;2.0;;1;34;gastarbeiders;2024-10-19 17_46_28.625660;0.055980507284403;0.000158518872922;0.045149590820074;0.018412942066789;0.000814015627839;0.621003687381744;0.061561554670334;6. Other: domestic violence not immigration related.
130;b0ea27b6a40781fd;50c7b2261510b833;063d99531a88c182;2024-09-05T13:55:14.000Z;"gastarbeiders waren idd slechts een paar duizend marokkanen, die zich binnen afzienbare tijd nagenoeg allemaal in de WAO ""gewerkt"" hadden";7.0;7.0;74;1,5K;gastarbeiders;2024-10-19 17_46_28.625660;0.182985544204712;0.000245762581471;0.001158225815743;0.000061489321524;0.000048064037401;0.003935055807233;0.000210829559364;1. Against immigration, migrants, foreigners, refugees, or Muslims.
131;d9606b73ac3761c6;52151f8b8161913f;d4f0b7e14398e766;2024-10-05T18:38:48.000Z;De VAE is als overwegend islamitisch land met een percentage immigranten en gastarbeiders van 88%, stevige christelijke en hindu-minderheden, natuurlijk sowieso een mooie bestemming voor diegenen die het hier zat zijn. Leerzaam ook.;2.0;3.0;5;1,2K;gastarbeiders;2024-10-19 17_46_28.625660;0.003511154791340;0.000012565475117;0.000238108390476;0.000423436693382;0.000149697734741;0.000873991579283;0.000202983865165;5. Is neutral.
132;0eea07acbddad726;d95fb78b57007512;05b507067d50703c;2024-09-28T21:57:01.000Z;En breek de dijken door. Ga vechten met Indonesië. Vul je fabrieken met gastarbeiders. Laat je burgers schurft en polio krijgen. Ga 's- zondags 2x naar de kerk ! Want zo was Nederland in een ver verleden. In een zijn dat niet bestond.;;;1;60;gastarbeiders;2024-10-19 17_46_28.625660;0.652511596679688;0.209749102592468;0.000062628205342;0.000653680646792;0.000107691397716;0.830832540988922;0.000366438413039;6. Other: Critiques nostalgic view of past.
133;2071c90d8db04c3d;b99d6ce4fafaf715;b86200fbb72d19a6;2024-09-16T14:34:39.000Z;"dezelfde argumenten worden nog steeds gebruikt als bij de eerste gastarbeiders.. en bevolkingsgroei betekend dat je ook meer mensen nodig hebt

en als ik vroeger bij mijn oma mocht kiezen, en ik begon de zin met ""ik heb liever..."" dat heb ik niet

en ondertussen groeit ""overheid""";2.0;1.0;;72;gastarbeiders;2024-10-19 17_46_28.625660;0.041840907186270;0.000122606987134;0.000129198801005;0.000325470289681;0.000556414423045;0.005507782101631;0.000027352045436;5. Is neutral.
134;12fe6b81af09a159;c617ac153b68c253;3136ea36b1c47a45;2024-09-24T13:16:32.000Z;De buitenlandse werving van Spaanse, Marokkaanse en Turkse arbeiders, (1961 en 1964) werd gestart door het toenmalige kabinet van KVP, ARP, CHU en VVD. In 1973 beëindigde het kabinet-Den Uyl de officiële werving van gastarbeiders.;;4.0;16;775;gastarbeiders;2024-10-19 17_46_28.625660;0.002111543668434;0.000332891038852;0.000102785634226;0.000010030113117;0.000004025040198;0.003219283418730;0.000095683702966;5. Is neutral.
135;fd184d61a2da287f;5ca4044b08cd0b22;ae8deca3bc9d2cf4;2024-09-30T14:12:19.000Z;De eerste moslimmigranten in Nederland waren geen #Turkse en #Marokkaanse gastarbeiders, maar #Indonesiërs en #Surinamers uit de koloniën, toont de eerste tentoonstelling van het @moslimarchief. Zie link hieronder voor het hele verhaal.  https://buff.ly/3Y3uPbd #islam #moslims;;;1;155;gastarbeiders;2024-10-19 17_46_28.625660;0.001282870885916;0.000006954990113;0.000000179558015;0.000070416244853;0.000038689613575;0.000098706426797;0.000019353936295;5. Is neutral.
136;7ec52bba49600272;113b6fffd5478091;5e1e332894a82fb2;2024-09-24T14:30:55.000Z;Goed genuanceerd stuk over het #DeenseModel. Dat is zo bijzonder niet. Het is vooral gebaseerd op de EU-opt out, waardoor Denemarken al heel lang net iets strenger kan zijn dan andere landen. Denemarken is van oudsher wars van migranten en heeft ook nooit gastarbeiders gekend.;1.0;;;50;gastarbeiders;2024-10-19 17_46_28.625660;0.028434202075005;0.000001656172230;0.000044981239625;0.000014560408999;0.000018762173568;0.000774520041887;0.000156248381245;5. Is neutral.
137;f35b70b5c68fd753;daec80c988010bd8;44331471311b08b2;2024-09-17T18:23:29.000Z;"Timmermans volgt consequent de traditionele politiek van de PvdA. Eerst druk om te emigreren, vanwege ""overbevolking"" (het Zweedse model), vervolgens tegenstander van gezinshereniging (gastarbeiders). 
Dat is de rode lijn waaraan vastgehouden wordt, zie ook Cohen. Asociaal?";1.0;;;67;gastarbeiders;2024-10-19 17_46_28.625660;0.043924156576395;0.000033919073758;0.000136617920361;0.000317276397254;0.000097474920040;0.003113862359896;0.000336469383910;1. Against immigration, migrants, foreigners, refugees, or Muslims.
1;a3ff8ca9a0fd01a9;28558e49506f1132;b547a3fddb094730;2024-10-10T06:22:30.000Z;"Poolse knokploegen jagen op migranten. ‘Er hangt een ‘pogromsfeer’
Sinds een maand zoeken in Polen zelfbenoemde burgerpatrouilles naar ‘criminele migranten’. In Zyrardów ontvluchtten gastarbeiders de stad. De overheid reageert traag. De bevolking kijkt gelaten toe.Het pand aan de";1.0;;;42;gastarbeiders;2024-10-14 10_10_42.370165;0.190514966845512;0.002289155498147;0.000081077741925;0.000355518917786;0.000006175049748;0.253040224313736;0.003868016647175;1. Against immigration, migrants, foreigners, refugees, or Muslims.
2;0a2a69dc72ae9958;075f118a96e30609;e85d636dcfd44189;2024-09-20T10:21:13.000Z;"Joop den Uyl maakte in 1973 een eind aan de werving van gastarbeiders die door rechts  conservatieve regeringen hierheen waren gehaald.
Job Cohen was staatsecretaris en heeft een strenger vreemdelingenwet ingevoerd. 
Wilders verteld zoals gewoonlijk sprookjes.
#APB2024";158.0;412.0;1,2K;39K;gastarbeiders;2024-10-14 10_10_42.370165;0.041742533445358;0.000043802527216;0.000058228539274;0.000734727538656;0.000263272697339;0.004917001351714;0.000485407450469;5. Is neutral.
3;57b8c4150ecb6956;fe31c899b5794b09;9887c29f1ddfd2d1;2024-09-02T12:41:58.000Z;"19/08/1964 Den Haag, Nederland: KVP/ ARP/ CHU/ VVD-kabinet-Victor Marijnen/ Turks minister van Arbeid Bülent Ecevit tekenen wervingscontract voor Turkse ""gastarbeiders"" - ""Blonde Geert"" beweert al jaren dat 'links' dat deed, maar dat LIEGT-ie";;;;40;gastarbeiders;2024-10-14 10_10_42.370165;0.031000770628452;0.000053750423831;0.000344058498740;0.002261245390400;0.002005380345508;0.007708726450801;0.000526299700141;3. Against those that oppose immigration or are negative towards migrants, foreigners, refugees, or Muslims.
4;981123f0b109a088;fce77c34d3fec987;49389f4662f2a410;2024-09-18T17:48:10.000Z;"Is er nou vanavond alweer een programma/serie over “gastarbeiders”..?

Waarom wordt belastinggeld gebruikt om een politieke mening populair te maken?

En mensen maar klagen over ON, want dit is zeker niet “sturend” bedoeld..(?).";;;;13;gastarbeiders;2024-10-14 10_10_42.370165;0.049534354358912;0.000435083551565;0.000067278364440;0.000033764616092;0.000014765304513;0.080672688782215;0.000340520549798;1. Against immigration, migrants, foreigners, refugees, or Muslims.
5;5a931e5bc7862beb;fe31c899b5794b09;9887c29f1ddfd2d1;2024-09-06T15:08:18.000Z;de Volkskrant 26 april 1980 En weer EIST het bedrijfsleven de komst van 'gastarbeiders'. VVD, CDA gehoorzamen als bereidwillige politieke knechten. PvdA en vakbeweging protesteren tevergeefs. Oh, natuurlijk schelden verdeel-en-heersknechtjes de geronselde buitenlanders voor rot.;;;;22;gastarbeiders;2024-10-14 10_10_42.370165;0.406736940145492;0.000252318772255;0.001315606408752;0.000153615706949;0.000050586841098;0.256838649511337;0.001223442959599;1. Against immigration, migrants, foreigners, refugees, or Muslims.
6;f8bf8ab4f9f43cd1;181dcd8ad802c3ff;df9920bc4bc2ffdd;2024-10-13T10:16:21.000Z;[Extra] 60 jaar Turkse gastarbeiders in Hilversum: 'Het woord discriminatie kenden wij toen niet' -  http://hilversumsnieuws.nl/l/343597;;;;168;gastarbeiders;2024-10-14 10_10_42.370165;0.001601013122126;0.000041840299673;0.000001880110290;0.000295160483802;0.001053101615980;0.000810321304016;0.000042940195272;5. Is neutral.
7;6272dbd3e82771e0;b74c936a856cecc8;9d4bb69970a2387e;2024-09-05T16:07:02.000Z;De wederopbouw was al in 1955 praktisch voltooid door hardwerkende Nederlanders. Dus nog ver voor de eerste gastarbeiders als goedkope arbeidskrachten naar Nederland kwamen. Overigens eerst uit Zuid-Europa en later in de jaren '60 uit Turkije en Marokko.;24.0;146.0;450;8,1K;gastarbeiders;2024-10-14 10_10_42.370165;0.005713527556509;0.000019490556951;0.000049545244110;0.000007869845831;0.000018569588065;0.001410196651705;0.000071283677244;5. Is neutral.
8;0cd48403f485ca25;78f0b33e7124c2bc;23e72ec352d2003b;2024-10-10T06:24:22.000Z;"Poolse knokploegen jagen op illegale migranten. ‘Er hangt geen ‘pogromsfeer’ 

Sinds een maand zoeken in Polen heldhaftige burgerpatrouilles naar ‘criminele migranten’. In Zyrardów ontvluchtten gastarbeiders de stad. De overheid reageert traag. De bevolking kijkt tevreden toe.";;;;30;gastarbeiders;2024-10-14 10_10_42.370165;0.037116911262274;0.000774782733060;0.000060054524511;0.000536284816917;0.000021603433197;0.092448949813843;0.002328094560653;1. Against immigration, migrants, foreigners, refugees, or Muslims.
9;4a0a0f1dc292a548;b14ff67048a3b878;0a4b5aeba6d0354a;2024-09-22T18:00:01.000Z;"Vanavond in De Sociëteit om 22:52 uur op NPO2.

Het is 60 jaar geleden dat de eerste Turkse gastarbeiders in Nederland aankwamen. Wat bracht het hen en wat bracht het Nederland? We gaan het er uitgebreid over hebben.";1.0;1.0;2;268;gastarbeiders;2024-10-14 10_10_42.370165;0.001097547356039;0.000003403528581;0.000001468768801;0.000024997751098;0.000182341216714;0.002001691376790;0.000245636561885;5. Is neutral.
10;c1b1642df7e3e153;54107398ec94b895;d08bd88c6c6c4f0c;2024-08-23T13:00:11.000Z;"Hallo @RPlasterk, een onverwachte inkijk. Nu mijn vragen:
Ja, rechts heeft in de beginne #gastarbeiders binnengehaald, maar wie heeft toegestaan of gepromoot om de werkers hun gezinnen te laten overkomen? 
Waarom is niet gekozen voor max 5 jaar en terug, en kan je broertje komen?";;;;21;gastarbeiders;2024-10-14 10_10_42.370165;0.006472241133451;0.000719659496099;0.000035774508433;0.000231158861425;0.000692954636179;0.010353103280067;0.000581772474106;1. Against immigration, migrants, foreigners, refugees, or Muslims.
11;a3c53fba81242a4a;4e0493d6c0d62f06;ac7e99a9635e0de9;2024-08-30T13:35:36.000Z;"Erm? ""Vanaf 1949 begon de Nederlandse overheid actief emigratie te plannen en te bevorderen. In het hoogtepuntjaar van 1952 emigreerden maar liefst 48.690 Nederlanders naar landen als Canada, Australië, Nieuw-Zeeland en de VS""

En dan is er nog iets met nood aan gastarbeiders.";1.0;;3;193;gastarbeiders;2024-10-14 10_10_42.370165;0.001721452339552;0.000055221928051;0.000191594735952;0.000025060622647;0.000055702268583;0.001014581182972;0.000242060836172;5. Is neutral.
12;fdfe26f7cdfca6ab;4f866134b2a7fdb7;efa56f68c617a710;2024-09-05T13:53:28.000Z;Het ontbrekende detail in #VaarwelVaderland van @OmroepMAX: de ontheemde gezinnen uit Indonesië betaalden de hoofdprijs voor hun gedwongen verblijf in #contractpensions. Die als opvanglocaties vervolgens op uitgekookte wijze geëxploiteerd werden voor de opvang van gastarbeiders.;;3.0;4;280;gastarbeiders;2024-10-14 10_10_42.370165;0.003703943220898;0.000018743146939;0.000028191780075;0.000866237678565;0.000241028887103;0.035329580307007;0.001343536539935;5. Is neutral.
13;683c47d8626beb14;d1ab0e625d29882e;23d850348107eb61;2024-10-10T18:20:59.000Z;Begrijpend lezen is aan U voorbijgegaan ?  Net wat ik zeg  , aangepaste mensen . Waarom begin je daar vandaag over ? Deze boodschap is er ene voor radicaal links en hun import vandaag , en we leven vandaag zonder problemen met uw gastarbeiders , dus wat is uw boodschap ?;1.0;;1;24;gastarbeiders;2024-10-14 10_10_42.370165;0.041872348636389;0.000019386485292;0.000350847927621;0.000049880127335;0.000063308354584;0.017864963039756;0.000061738559452;4. Against those that support immigration, migrants, foreigners, refugees, or Muslims.
14;387d290735532a1b;d1ab0e625d29882e;23d850348107eb61;2024-10-10T18:04:48.000Z;Dat zijn Europeanen en die werken overal hier en elders , ook Portugezen, Spanjaarden, Italianen enz . Werken hier als gastarbeiders en zijn geïntegreerd en laten onze cultuur de onze zijn en beleven de hunne thuis ! Maar Afrikanen en mohammedanen daar doelde ik op  !;1.0;;;36;gastarbeiders;2024-10-14 10_10_42.370165;0.072207756340504;0.000007050446584;0.000165558652952;0.000020781762942;0.000010069330528;0.000672859838232;0.000069471607276;1. Against immigration, migrants, foreigners, refugees, or Muslims.
15;8b3121cb60e41c55;b74c936a856cecc8;9d4bb69970a2387e;2024-09-01T19:11:18.000Z;Klopt. De wederopbouw was al in 1955 praktisch voltooid door hardwerkende Nederlanders. Dus nog ver voor de eerste gastarbeiders als goedkope arbeidskrachten naar Nederland kwamen. Overigens eerst uit Zuid-Europa en later in de jaren '60 uit Turkije en Marokko.;2.0;6.0;10;252;gastarbeiders;2024-10-14 10_10_42.370165;0.005034811329097;0.000020815221433;0.000033675703889;0.000009122006304;0.000024046637918;0.001827058382332;0.000044400312618;5. Is neutral.
16;c696dd0a7595b3ca;b74c936a856cecc8;9d4bb69970a2387e;2024-09-02T07:59:03.000Z;Heel wat Nederlanders zijn toen vervangen door de goedkope gastarbeiders.;2.0;1.0;5;48;gastarbeiders;2024-10-14 10_10_42.370165;0.454468846321106;0.000887065834831;0.000008730836271;0.000125644684886;0.000106187595520;0.032813135534525;0.001106767915189;1. Against immigration, migrants, foreigners, refugees, or Muslims.
17;f7b893d301c7d80c;9fe6cbb9e933ad0b;2ef37bd848a4d26c;2024-09-05T15:04:54.000Z;Jaren 60 vorige eeuw kwamen gastarbeiders naar NL om ons te helpen,Nu meer dan 60 jaar later zitten ze nog in onze huizen,passen zich niet aan,spreken amper Nederlands en hun kinderen en kleinkinderen vormen een gigantisch probleem in onze steden.;4.0;3.0;4;148;gastarbeiders;2024-10-14 10_10_42.370165;0.593506515026093;0.000026344170692;0.000000025004178;0.000030600735045;0.000033425945730;0.007808722555637;0.000010033767467;1. Against immigration, migrants, foreigners, refugees, or Muslims.
18;7084ad603e432389;b74c936a856cecc8;9d4bb69970a2387e;2024-09-05T17:02:07.000Z;De lonen werden begin jaren '60 te hoog en de werkgevers hebben toen sterk aangedrongen op goedkope gastarbeiders. Heel wat Nederlanders zijn toen werkloos geraakt. Daar heb ik nog eens een stukje over geschreven.;2.0;5.0;22;193;gastarbeiders;2024-10-14 10_10_42.370165;0.011155469343066;0.000003709980092;0.000325081404299;0.000051458016969;0.000059382931795;0.001960692694411;0.000182760355528;1. Against immigration, migrants, foreigners, refugees, or Muslims.
19;5970588f0bfac3e1;b74c936a856cecc8;9d4bb69970a2387e;2024-10-08T19:16:37.000Z;Weer eentje die het begin niet heeft meegemaakt en met de hardnekkige fabel op de proppen komt. Heel wat Nederlanders die nog graag hadden willen werken zijn toen vervangen door goedkope gastarbeiders. Ze gewoon de steun ingeschopt. Ook indertijd bij ons.;1.0;1.0;4;51;gastarbeiders;2024-10-14 10_10_42.370165;0.083508700132370;0.000056700228015;0.000032076466596;0.000041448209231;0.000046594082960;0.028072502464056;0.000477210414829;1. Against immigration, migrants, foreigners, refugees, or Muslims.
20;81d8835913f21f59;fa581092212eab81;30b99af317e04576;2024-09-21T20:44:03.000Z;Ik kom uit een provinciestadje waar  relatief veel industrie was. Papier- en kartonfabriek, machinefabriek, kabelbomen, landbouw techniek, confectie, blikfabriek, noem maar op. Eind jaren 60 kwamen de gastarbeiders. Eerst Spanjaarden, vrome katholieken, daarna Marokkanen,;2.0;;2;309;gastarbeiders;2024-10-14 10_10_42.370165;0.037382494658232;0.000018129108867;0.000166474259458;0.000009894596587;0.000031391671655;0.001335454871878;0.000592550437432;5. Is neutral.
21;39ab2d5f5189f6d3;74eb76c43c076b0b;3d8b0c83c4fa6567;2024-10-04T18:15:33.000Z;60 jaar Turkse gastarbeiders in Nederland: een mijlpaal vol hard werk en doorzettingsvermogen. Als derde generatie en raadslid volg ik in de voetsporen van mijn vader, vastberaden om impact te maken op mijn gemeente en hun nalatenschap voort te zetten. #trotsedeventenaar;;;6;251;gastarbeiders;2024-10-14 10_10_42.370165;0.000338429206749;0.000009540777683;0.000004327272563;0.000492441875394;0.001432730234228;0.000202171286219;0.000016814281480;2. In support of immigration, migrants, foreigners, refugees, or Muslims.
22;1c37d1deda7849cd;5de4b0694632ebd0;2350ab61a96bb83c;2024-09-26T17:07:38.000Z;Inderdaad, de corrupte Midden-Europese elite ondermijnt de Europese veiligheid door Russische gastarbeiders toe te laten in Hongarije, en daarmee ook in de gehele Schengen-zone. Dit geeft Rusland vrij spel om spionageactiviteiten te ontplooien in Europa, wat de hybride;2.0;10.0;19;2,1K;gastarbeiders;2024-10-14 10_10_42.370165;0.240669101476669;0.000135178386699;0.000125221398775;0.003720322623849;0.000231256039115;0.037941008806229;0.000414347712649;1. Against immigration, migrants, foreigners, refugees, or Muslims.
23;e70ea223b8b567b9;cf0d1e93181a5c1b;20ca4de173388bae;2024-10-13T11:58:33.000Z;"Een minister die zegt dat gastarbeiders onder de mijnwerkers in de jaren 1970 de ‘welvaart’ hier hebben opgebouwd. Ik vind dat speciaal.
1) de mijnen daar is massa belastinggeld aan verkwist in die jaren
2) de jaren 1970 waren crisisjaren, toen welvaart onder druk kwam te staan";7.0;7.0;73;1,3K;gastarbeiders;2024-10-14 10_10_42.370165;0.030992178246379;0.000010959192878;0.000005888882242;0.000105258193798;0.000015473378880;0.001063014031388;0.000144567078678;1. Against immigration, migrants, foreigners, refugees, or Muslims.
24;c9831e4fda1d6ab3;b74c936a856cecc8;9d4bb69970a2387e;2024-09-16T16:30:59.000Z;De wederopbouw was al in 1955 praktisch voltooid door hardwerkende Nederlanders. Dus nog ver voor de eerste gastarbeiders als goedkope arbeidskrachten naar Nederland kwamen. Overigens eerst uit Zuid-Europa en later in de jaren '60 uit Turkije en Marokko.;1.0;1.0;3;95;gastarbeiders;2024-10-14 10_10_42.370165;0.005713527556509;0.000019490556951;0.000049545244110;0.000007869845831;0.000018569588065;0.001410196651705;0.000071283677244;5. Is neutral.
25;83b95a4d30e7ba36;87ad6ecd424bee8c;4352dad08b7db46a;2024-10-14T07:38:44.000Z;Aha. Dan ben ik benieuwd hoe die relatie precies zit. Voor mij blijft het onbegrijpelijk dat vanuit klein groepje van 30.000 Marokkaanse gastarbeiders komende uit een haaks op onze cultuur zo kon/mocht groeien zonder enige eis tot aanpassing.;2.0;;2;14;gastarbeiders;2024-10-14 10_10_42.370165;0.037152756005525;0.000032311821997;0.000130589745822;0.000285921938484;0.000255271559581;0.007297570351511;0.001374914427288;1. Against immigration, migrants, foreigners, refugees, or Muslims.
26;048a895d1cbb4700;10e7d9c072116897;ca22881e6293cd21;2024-09-11T10:35:00.000Z;"Zo'n 60 jaar geleden kwamen de eerste Turkse gastarbeiders naar Nederland. Maar hoe zit het met de vrouwen die hun man achterna reisden? Fotograaf en journalist Çiğdem Yüksel brengt deze verhalen tot leven in haar tentoonstelling en boek ""Je moest eens weten"".";;1.0;4;1,2K;gastarbeiders;2024-10-14 10_10_42.370165;0.001030900864862;0.000019237784727;0.000000741413203;0.000065591615567;0.000055900858570;0.001425236230716;0.000122288925922;5. Is neutral.
27;488f8761f3acd145;0c2fd4270e018360;b3cacd35847179c4;2024-10-11T09:51:35.000Z;"al vanaf de jaren 60 haalden 't bedrijfsleven gastarbeiders hierheen
niet ""om 's lands economie te redden"", maar
enkel voor de lage loonkosten: pure kolonisatie-2.0
waardoor investeren in innovatie niet nodig was.

en nu zitten we met Leo's gebakken peren";;;5;28;gastarbeiders;2024-10-14 10_10_42.370165;0.137363851070404;0.000473368301755;0.000008804323443;0.000030510580473;0.000006804973509;0.021104495972395;0.001244462095201;1. Against immigration, migrants, foreigners, refugees, or Muslims.
28;34d12e94c164941e;c18a084366abcaab;a418285d7e19e6a8;2024-10-12T18:38:53.000Z;En ook dit: sommigen springen wel verbazingwekkend enthousiast op deze 'uitschuiver' omdat ze zich al lang ergeren aan de populariteit van deze taaie politica geboren in Genk in een Koerdisch gezin van gastarbeiders;;;1;21;gastarbeiders;2024-10-14 10_10_42.370165;0.096027679741383;0.000077686345321;0.000097333650046;0.000087198633992;0.000065358035499;0.003662109142169;0.000191712984815;1. Against immigration, migrants, foreigners, refugees, or Muslims.
29;626d513cc3a74c97;9404164a4430e185;45587a3c168cac54;2024-10-12T06:58:16.000Z;"Zestig jaar Turkse gastarbeiders in Hilversum: ""Nederlanders waren heel nieuwsgierig""";;;;1,6K;gastarbeiders;2024-10-14 10_10_42.370165;0.001020268537104;0.000010106205082;0.000008861276001;0.000611208030023;0.000339536054525;0.000201490416657;0.000023505588615;5. Is neutral.
30;851d3d83cf9376f9;ae3a1762d22dd110;b48bc7ccb31924db;2024-09-05T22:52:23.000Z;"Onze ‘gastarbeiders’ pasten niet in het wereldbeeld van vele suburbane Vlamingen, in de crisis opgejut door een autoritaire en racistische antivreemdelingenpartij.
http://sampol.be/2024/09/communautarisme-versus-democratie… via @Sampol_magazine";12.0;3.0;6;853;gastarbeiders;2024-10-14 10_10_42.370165;0.008886477909982;0.000013553426470;0.000001617129897;0.000084536586655;0.000002827600838;0.002341359620914;0.000105406943476;3. Against those that oppose immigration or are negative towards migrants, foreigners, refugees, or Muslims.
31;71a03a7ec53594e8;a195a1a4fcc35cd3;b2776c41e10c69ea;2024-09-14T09:14:38.000Z;"Never give in for abuis. Wat? Check; hoog conjunctuur alleen (?) bij slavernij rn gastarbeiders. Tuurlijk ook uw gezin (ja, soort '67 Palasteina) oei, oei wij hebben het fout gedaan, dat kost u geld. Emigratie belasting, bij vertrekpoort ff strippen 
https://youtu.be/YySW9cF7N7Y?si=GwkVq-vQOC8i8XsJ…";;;;63;gastarbeiders;2024-10-14 10_10_42.370165;0.130237609148026;0.001613197964616;0.000011783093214;0.001847306382842;0.000378830329282;0.026659583672881;0.003512299386784;1. Against immigration, migrants, foreigners, refugees, or Muslims.
32;5fbe2ba3750ed2e3;7d1ca70d935c63fa;0748a84f66ca23c0;2024-10-14T08:03:46.000Z;R waren slechts circa 4000 Marokkaanse arbeiders in NL toen het Gastarbeiders project in 1975 beëindigd werd. Alles dat hier daarna binnen is komen hossen heeft hier F*ck all te maken, + zouden we vandaag nog het land uit moeten trappen. Niets dan ellende met die lui;;;1;9;gastarbeiders;2024-10-14 10_10_42.370165;0.915601491928101;0.001658680848777;0.000078904144175;0.000168200189364;0.000096543022664;0.195679813623428;0.000037528570829;1. Against immigration, migrants, foreigners, refugees, or Muslims.
33;20c4caefbab94d26;1e9a003afea3fb29;04322359a9c6f1df;2024-09-10T09:34:29.000Z;Nederland is een land dat bestaat dankzij grote groepen die van buiten gekomen zijn, vaak als vluchteling, zoals Joden uit Spanje, Hugenoten, soldaten uit Zwitserland, Duitse handelaren en arbeiders, chinezen, Indische mensen, Surinamers, gastarbeiders, vluchtelingen, enz.;1.0;3.0;11;269;gastarbeiders;2024-10-14 10_10_42.370165;0.002915124874562;0.000013162132745;0.000017330965420;0.000050500279031;0.000007848274436;0.000907414359972;0.000175383145688;2. In support of immigration, migrants, foreigners, refugees, or Muslims.
34;411746cae8ea156b;49ec9289b87de408;d816a91f4356ac0a;2024-09-04T11:31:02.000Z;Op 25 september kan je naar Pakhuis de Zwijger in Amsterdam, waar het boek “Van dankbaar naar strijdbaar” van Bilal Ben Abdelkarim  centraal staat. Het vertelt het verhaal van Marokkaanse Nederlanders die zich niet alleen hebben ontwikkeld van gastarbeiders naar trotse burgers,;;2.0;12;1,3K;gastarbeiders;2024-10-14 10_10_42.370165;0.001799822319299;0.000004686295142;0.000080424440966;0.000025935974918;0.000003163067049;0.003405359108001;0.000028518703402;5. Is neutral.
35;d64dbd4a01ed16a4;bde1f5efac7d8c73;9bccea6ce9288bd4;2024-08-31T18:45:21.000Z;Zo kun je ook tegen gastarbeiders aankijken.;;;;126;gastarbeiders;2024-10-14 10_10_42.370165;0.162485301494598;0.000016162159227;0.000000540596261;0.000001315865461;0.000000242726827;0.010180281475186;0.000019111739675;1. Against immigration, migrants, foreigners, refugees, or Muslims.
36;6ca8c6b232d00577;28e4bc16874f2b89;d6968bbc8954ab99;2024-10-12T15:09:15.000Z;Zestig jaar Turkse gastarbeiders in Hilversum: Zorlu Hançer was één van de eersten;;;;79;gastarbeiders;2024-10-14 10_10_42.370165;0.000638879311737;0.000019460505428;0.000008196775525;0.000449954299256;0.000135162787046;0.001192618045025;0.000052358966059;5. Is neutral.
37;283852a03f2becbe;a0fa7e33d3b6e588;09542772e4404112;2024-09-24T18:56:21.000Z;"Wow, een resumé van de trucs van ⁦@DilanYesilgoz⁩ . 
“Daarom eiste de PvdA dat gastarbeiders maar 2 jaar mochten blijven. En wat deed de VVD? Die eiste dat Turken en Marokkanen het recht kregen om hun gezin mee te nemen. Zei iemand gezinshereniging?”";;;;90;gastarbeiders;2024-10-14 10_10_42.370165;0.026635996997356;0.000064870044298;0.000005893348316;0.000145816549775;0.001072296523489;0.053071215748787;0.009794739075005;5. Is neutral.
38;778dbdb7a4e213dd;53d270584589c258;5e894b9736aa44ed;2024-10-02T03:37:25.000Z;Het laatste linkse kabinet was ruim 50 jaar geleden. Wist je trouwens dat links tegen het binnenhalen van gastarbeiders uit o.a. Turkije en Marokko was?  Dat het laatste linkse kabinet dit ook onmiddellijk stopte?;3.0;;14;320;gastarbeiders;2024-10-14 10_10_42.370165;0.030708286911249;0.000016976384359;0.000215338950511;0.000034119402699;0.000037812438677;0.010512248612940;0.000079703175288;5. Is neutral.
39;52c3fbe19e4104d1;a51967a2deb1f0c2;9ee26a62af7ea872;2024-09-04T19:19:52.000Z;O bij Arno mag er niet gepraat worden tijdens het werk? Hij vergat even dat het om potentiële partners gaat en niet om gastarbeiders. #benbvolliefde;;;34;2K;gastarbeiders;2024-10-14 10_10_42.370165;0.007029140368104;0.000011876855751;0.000001215161774;0.000860380765516;0.000219379900955;0.000636423472315;0.000008857034118;1. Against immigration, migrants, foreigners, refugees, or Muslims.
40;28910507f52b0706;cad2da138473aea6;165c15b4d84c5c5a;2024-09-11T08:10:44.000Z;"Eating cats and dogs......ik herinner me dat jaaaaaren geleden dezelfde verhalen de ronde deden over Turkse en Marokkaanse gastarbeiders... 

Racisten zijn niet bepaald origineel.";;;;37;gastarbeiders;2024-10-14 10_10_42.370165;0.398987948894501;0.000009056371709;0.000069457099016;0.000119792042824;0.000007219508007;0.341678559780121;0.130309626460075;3. Against those that oppose immigration or are negative towards migrants, foreigners, refugees, or Muslims.
41;d9606b73ac3761c6;52151f8b8161913f;d4f0b7e14398e766;2024-10-05T18:38:48.000Z;De VAE is als overwegend islamitisch land met een percentage immigranten en gastarbeiders van 88%, stevige christelijke en hindu-minderheden, natuurlijk sowieso een mooie bestemming voor diegenen die het hier zat zijn. Leerzaam ook.;2.0;3.0;5;1,2K;gastarbeiders;2024-10-14 10_10_42.370165;0.003511154791340;0.000012565475117;0.000238108390476;0.000423436693382;0.000149697734741;0.000873991579283;0.000202983865165;5. Is neutral.
42;eceda5e451d90f2e;64d069b708baec8e;00e4715f8cd2b9f2;2024-10-07T15:18:44.000Z;"Verdiep je eerst eens in de geschiedenis.

Het overgrote deel van de grond werd door de Joden (Yishuv) gekocht; betaalbewijzen nog aanwezig. 

Wie er woonden waren Druzen en Bedouienen, en die wonen er nog; gelijkberechtigd. De Arab. waren grotendeels gastarbeiders uit de 
1/X";3.0;1.0;7;120;gastarbeiders;2024-10-14 10_10_42.370165;0.047608744353056;0.000048968660849;0.000015184059521;0.000226212534471;0.000066573782533;0.002892361721024;0.000914401025511;6. Other: historical context about land ownership
43;c0388348c551b85a;a87041c7ba589a3f;c12f74d741a62522;2024-10-05T18:53:05.000Z;Er zijn best veel dingen die ik vroeger geloofde omdat de omgeving, middelbare school jaren 70, dat geloofde. Ik herinner me een discussie over een voorstel de kinderbijslag voor kinderen van ‘gastarbeiders’ die in het thuisland woonden terug te brengen naar de kosten die men;1.0;1.0;14;533;gastarbeiders;2024-10-14 10_10_42.370165;0.008706201799214;0.000065877582529;0.000028687138183;0.000405564147513;0.000369903835235;0.016161482781172;0.000682293088175;6. Other: Reflects on past beliefs.
44;b725990e7a5efcdb;ac6daa267840c064;31f0bd1d18e1f0f5;2024-10-06T10:17:09.000Z;"Hamas ontvoert en verkracht vrouwen, doodde kinderen, onthoofdden Thaise gastarbeiders, stak mensen in brand. En burgers juichten dat toe.

Geef gewoon toe dat je dat fijne beelden vind. En dat je Israel weggevaagd wil hebben.";3.0;;2;98;gastarbeiders;2024-10-14 10_10_42.370165;0.610492587089539;0.008854884654283;0.000021629346520;0.196791380643845;0.143031135201454;0.909420251846314;0.279247879981995;6. Other: Criticizes support for Hamas actions.
45;4430075c2253ff98;c74fb9253da048bf;9a4e1a04fc14f6fe;2024-10-06T18:06:15.000Z;Ken je geschiedenis, Geert! Het was links (PvdA -Den Uyl) die TEGEN de toelating van gastarbeiders was en het was RECHTS (CDA/VVD) die ze juist wilde hebben! Jouw frame deugt niet.;;;2;27;gastarbeiders;2024-10-14 10_10_42.370165;0.105597861111164;0.000008669091585;0.000006029325505;0.000072264680057;0.000118900847156;0.018003741279244;0.000101543431810;3. Against those that oppose immigration or are negative towards migrants, foreigners, refugees, or Muslims.
46;66b083573c8259d9;d73e35dac4745af6;5636146467ec8202;2024-10-09T16:53:09.000Z;Weer het heilloze idee om de vergrijzing door arbeidsmigranten te laten opvangen. Vanaf de gastarbeiders in de vorige eeuw weten we dat die niet meer weggaan en de oorzaak zullen vormen van nieuwe vergrijzingsgolven. Als we ...->;1.0;;2;72;gastarbeiders;2024-10-14 10_10_42.370165;0.125432670116425;0.006020179484039;0.000228839402553;0.000069701265602;0.000064952742832;0.040342789143324;0.000178096655873;1. Against immigration, migrants, foreigners, refugees, or Muslims.
47;eb8949b98a97a080;a87041c7ba589a3f;c12f74d741a62522;2024-10-11T08:29:31.000Z;De eerste gastarbeiders werkten hard en zorgden voor een enorme druk op de lonen. Maar ook voor uitstel van de mechanisering in die beroepen waar ze gingen werken. En toen kwam de crisis, veel industrie failliet. Gastarbeiders, nu met hun familie, werkloos. Als er geen goedkope;3.0;;3;74;gastarbeiders;2024-10-14 10_10_42.370165;0.061536293476820;0.000063343199145;0.001845151884481;0.000163064149092;0.000087991073087;0.017900973558426;0.000827869225759;5. Is neutral.
48;498b2f0fd88eed39;1e3cc376afa5a27c;06542d96860e40c3;2024-10-12T08:02:13.000Z;"Op de bouwplaats wemelt het van de gastarbeiders. Een vraag stellen in het Nederlands is haast onmogelijk geworden.
De bouw in Nederland is kwalitatief ook met een enorme teloorgang bezig.
Ze zijn drukker met fouten herstellen dan met progressie.
Gek he, dat er niets op schema is";;2.0;6;144;gastarbeiders;2024-10-14 10_10_42.370165;0.272350549697876;0.000031586048863;0.000037732650526;0.000017295154976;0.000011084749531;0.004539642017335;0.000082102873421;1. Against immigration, migrants, foreigners, refugees, or Muslims.
49;05f0abbffbcb0732;b06b5267a5d72932;de051039ce421fb0;2024-10-11T08:17:44.000Z;"Welk links? Ik kan me Den Uyl nog herinneren die juist de grenzen sloot voor gastarbeiders. 

Het is ronduit zo stupide hoe mensen maar wat roepen omdat anderen dat ook roepen. Verdiep je eens, neem kennis tot je!";1.0;;7;106;gastarbeiders;2024-10-14 10_10_42.370165;0.052249111235142;0.000004190750587;0.000210326223169;0.000040465871280;0.000024747816497;0.016279827803373;0.000185337383300;5. Is neutral.
50;a135332e84fb6778;feefb2f3e8f8e48a;b849a26c613c3b68;2024-10-12T07:35:58.000Z;Gedurende de middeleeuwen was de moslimbeschaving geavanceerder dan welke andere ook. Moslims boekten grote vooruitgang in astronomie, zoölogie, geografie, rekenen, navigatie, kunst, architectuur en technologie. Het waren de gastarbeiders die nl hebben opgebouwd na de oorlog!;1.0;;2;74;gastarbeiders;2024-10-14 10_10_42.370165;0.016675319522619;0.000002696652246;0.000001941743903;0.000031947911339;0.000013603229490;0.000684052647557;0.000202799710678;2. In support of immigration, migrants, foreigners, refugees, or Muslims.
51;c1fcbf2eb6164379;9ab1fbe136070bf5;64fce443a9035437;2024-10-13T12:22:47.000Z;Oudkerk vergeet even dat de PvdA beginjaren 70 de strengste maatregelen wilde ten opzichte van vluchtelingen en arbeidsmigranten (gastarbeiders). Waarschijnlijk zat ie toen bij de dames van lichte zeden en is het hem ontgaan.;1.0;;2;44;gastarbeiders;2024-10-14 10_10_42.370165;0.063737697899341;0.000007301724963;0.000105485676613;0.004251202568412;0.005729915108532;0.009517287835479;0.000036022531276;5. Is neutral.
52;37e58f27c8ba0f6a;506126ce33f844ac;053738508e0bca42;2024-10-12T16:57:19.000Z;"De gastarbeiders hadden ook betaald werk. En wij nu bijv. een ""Marokkanenprobleem"". En een sociale dienst die overuren draait. Hoezo geintegreerd..!";1.0;;3;36;gastarbeiders;2024-10-14 10_10_42.370165;0.091173410415649;0.000043829066271;0.000057579898566;0.000004416547654;0.000008825340046;0.004496353678405;0.000317484256811;1. Against immigration, migrants, foreigners, refugees, or Muslims.
53;524b1d856eb7ad0e;cb17f5ac2c3b6669;dc98378f2f59ab9a;2024-10-08T07:27:06.000Z;Herdenking? Waarom zijn de niet Joodse slachtoffers, gastarbeiders, van 7 oktober dan niet herdacht?;;;7;241;gastarbeiders;2024-10-14 10_10_42.370165;0.103254377841949;0.000741611584090;0.000006570370260;0.000016547637642;0.000016766116460;0.143373757600784;0.000970493187196;5. Is neutral.
54;bdeae607c580aaa8;42b29f82927d4793;fdf999837bd3e055;2024-10-11T12:58:18.000Z;Ja, de joden zijn eerst uitgeroeid, daarna in de jaren die volgden te weinig huizen voor de Amsterdammers maar wel voor de gastarbeiders. Wij gingen naar Lelystad. Mijn Mokumse vader zei dat ie alsnog gedeporteerd werd.;1.0;;3;68;gastarbeiders;2024-10-14 10_10_42.370165;0.216510921716690;0.002981888828799;0.000057510966144;0.000017170663341;0.000006650469459;0.534254372119904;0.001763181760907;1. Against immigration, migrants, foreigners, refugees, or Muslims.
55;959dda09dede778e;7706c4fa02b8f543;4a285419cec29974;2024-10-13T12:16:26.000Z;Vóór de EU was het fijn leven in een vrij Nederland. Het welvaartsniveau was hoog. De mensen waren saamhorig en solidair. Het veiligheidsgevoel was hoog. Criminaliteit cijfers waren laag bij 2024 vergeleken. Op gastarbeiders na waren er weinig vreemdelingen in NL.;;;4;25;gastarbeiders;2024-10-14 10_10_42.370165;0.027650987729430;0.000010930959434;0.000260991684627;0.000022922149583;0.000034170458093;0.003633926389739;0.000634842959698;1. Against immigration, migrants, foreigners, refugees, or Muslims.
56;c360a3971afe604b;ec75c0ac5c47736a;91bdeb96326398dc;2024-10-13T15:30:53.000Z;Ik beweer inderdaad dat Arafat de naam 'Palestijnen' heeft verzonnen voor Arabieren die daar in de buurt woonden. Het was nooit een bestaand volk, en de lokale joden en christenen zijn net zo goed Palestijnen (velen zelfs meer: vele arabieren kwamen later als gastarbeiders).;;;3;34;gastarbeiders;2024-10-14 10_10_42.370165;0.016850553452969;0.000005153526672;0.000019943412553;0.000012095808415;0.000009483573194;0.002732096705586;0.000163478413015;1. Against immigration, migrants, foreigners, refugees, or Muslims.
57;b63ee67bdac9ef0e;ee71981f5e3c3bc8;0485a8ddca97ba12;2024-10-10T10:56:05.000Z;"Wat Vanessa @V_van_Vanessa ook aan geeft, dat was jaren geleden al.

Ze krijgen dik betaald om oostblokkers (gastarbeiders) en goudzoekers te huisvesten. Dat is veel makkelijker cashen dan huisje voor huisje aan de man brengen bij mensen die het schoon willen hebben en netjes";;2.0;9;2,1K;gastarbeiders;2024-10-14 10_10_42.370165;0.160047382116318;0.000039989907236;0.000091189322120;0.002120631979778;0.000145533311297;0.034497253596783;0.000178913964191;1. Against immigration, migrants, foreigners, refugees, or Muslims.
58;0986f892bc90aa99;1eb16bce3a4d3ad6;062eb7695309ca8c;2024-09-23T11:16:37.000Z;wat 'n idiote inschatting. zie 't onderzoek van brunt & bovenkerk uit de jaren '80 naar het zich terugtrekken van de gastarbeiders ná de gezinshereniging (daarvoor deden ze vaak mee aan buurtactiviteiten en zo) enfin, hier 'n foto van kaboel uit 1972. ook veranderd door wilders?;;;9;79;gastarbeiders;2024-10-14 10_10_42.370165;0.188885018229485;0.000225327821681;0.000115262628242;0.000437138136476;0.000163350021467;0.014983061701059;0.000309579627355;6. Other: Critiques historical immigration policy.
59;285e338cd64edc47;0c2fd4270e018360;b3cacd35847179c4;2024-09-04T20:47:00.000Z;"""...de gastarbeiders kwamen de baantjes doen waar wij ons te goed voor voelden'....
Heeft @heindehaas dat echt gezegd?
Da's een leugen. Vraag maar aan Jan Marijnissen:
(2:15) https://youtube.com/watch?v=2SUoSZS5UBo&t=140s…

Hein blokkeert mij volgens goed ""links"" gebruik bij tegenspraak
#vandaaginside";;1.0;9;2,3K;gastarbeiders;2024-10-14 10_10_42.370165;0.006071139127016;0.000018693273887;0.000332939904183;0.001528657041490;0.000450119870948;0.001098467386328;0.000053974683397;6. Other: questioning a statement about immigration.
60;f108355dfc0392cd;da928a3d4fede4d3;31b838d28858eaa4;2024-09-04T21:01:10.000Z;"#VaarwelVaderland
De gastarbeiders en mensen uit Indonesië vertellen over hun reden ,aankomst en leven in Nederland .Boeiend maar ook komt de vraag op ,waarom en wanneer begon het mis te gaan.";;;;122;gastarbeiders;2024-10-14 10_10_42.370165;0.006726731080562;0.000068439767347;0.000388514570659;0.000657023454551;0.000621847517323;0.001095874700695;0.000258036190644;5. Is neutral.
61;ed052fad871e32db;f04c749903eb09d0;05adf5068d9debed;2024-08-23T14:48:35.000Z;Dit zijn mensen die hier blijven, begrijp ik. Hoe zit het met gastarbeiders, voor zover die nog bestaan.;2.0;;;67;gastarbeiders;2024-10-14 10_10_42.370165;0.084015034139156;0.000317270634696;0.000389587366953;0.000104320613900;0.000036101388105;0.047769188880920;0.000191056955373;5. Is neutral.
62;0eea07acbddad726;d95fb78b57007512;05b507067d50703c;2024-09-28T21:57:01.000Z;En breek de dijken door. Ga vechten met Indonesië. Vul je fabrieken met gastarbeiders. Laat je burgers schurft en polio krijgen. Ga 's- zondags 2x naar de kerk ! Want zo was Nederland in een ver verleden. In een zijn dat niet bestond.;;;1;55;gastarbeiders;2024-10-14 10_10_42.370165;0.652511596679688;0.209749102592468;0.000062628205342;0.000653680646792;0.000107691397716;0.830832540988922;0.000366438413039;6. Other: Critiques nostalgic view of past.
63;c37cf0b6c47ff994;77fd91771febafff;9dedcae3ea4a2e6a;2024-09-16T09:57:30.000Z;Onze nakomeling was boos. Mijn jongste broertje was boos, omdat een kind van gastarbeiders hem verteld had dat Nederland later van hen zou zijn. Wij moesten daar toen om lachen. We zijn nu iets van 50 jr verder. Binnen een eeuw was het midden oosten geïslamiseerd.;4.0;;28;1,2K;gastarbeiders;2024-10-14 10_10_42.370165;0.025922007858753;0.000009532845979;0.000006052288882;0.000181354262168;0.000767777732108;0.009229082614183;0.000568938034121;1. Against immigration, migrants, foreigners, refugees, or Muslims.
64;2071c90d8db04c3d;b99d6ce4fafaf715;b86200fbb72d19a6;2024-09-16T14:34:39.000Z;"dezelfde argumenten worden nog steeds gebruikt als bij de eerste gastarbeiders.. en bevolkingsgroei betekend dat je ook meer mensen nodig hebt

en als ik vroeger bij mijn oma mocht kiezen, en ik begon de zin met ""ik heb liever..."" dat heb ik niet

en ondertussen groeit ""overheid""";2.0;1.0;;69;gastarbeiders;2024-10-14 10_10_42.370165;0.041840907186270;0.000122606987134;0.000129198801005;0.000325470289681;0.000556414423045;0.005507782101631;0.000027352045436;5. Is neutral.
65;7ec52bba49600272;113b6fffd5478091;5e1e332894a82fb2;2024-09-24T14:30:55.000Z;Goed genuanceerd stuk over het #DeenseModel. Dat is zo bijzonder niet. Het is vooral gebaseerd op de EU-opt out, waardoor Denemarken al heel lang net iets strenger kan zijn dan andere landen. Denemarken is van oudsher wars van migranten en heeft ook nooit gastarbeiders gekend.;1.0;;;47;gastarbeiders;2024-10-14 10_10_42.370165;0.028434202075005;0.000001656172230;0.000044981239625;0.000014560408999;0.000018762173568;0.000774520041887;0.000156248381245;5. Is neutral.
66;382159a69884148b;9c25e1e7400d1682;869da18ad076077a;2024-09-20T21:10:55.000Z;niet door rechts conservatieve regeringen. Die zagen alleen geen problemen (niemand niet) bij het door onze grote bedrijven (philips, akzo, aldel, textiel) ronselen van gastarbeiders.;;;;27;gastarbeiders;2024-10-14 10_10_42.370165;0.049617301672697;0.000066370244895;0.000137020804686;0.000327208806993;0.000148365768837;0.002678479067981;0.000963936734479;5. Is neutral.
67;71f1fa24ae34ef22;f1c182e54245d2b7;a002abd51fb44e09;2024-09-16T04:34:44.000Z;Dat mensen kansen moeten krijgen om te integreren. Nederland kan niet weer de fouten maken die ze met de gastarbeiders in de jaren 60 maakten.;2.0;;;133;gastarbeiders;2024-10-14 10_10_42.370165;0.033839050680399;0.000016423986381;0.000001101230851;0.000022331973014;0.000020916128051;0.008877641521394;0.000082890728663;2. In support of immigration, migrants, foreigners, refugees, or Muslims.
68;327f2db6bf3baf85;409da36e6425b14b;d2d10dc64d724a69;2024-10-02T15:17:50.000Z;Laatst zei iemand toch dat het de gastarbeiders waren die Nederland hebben opgebouwd? Nou, wellicht waren het lesbische Afrikaanse vrouwen die Nederland hebben bevrijd. Wist jij dat?;3.0;;6;239;gastarbeiders;2024-10-14 10_10_42.370165;0.058801222592592;0.000100905584986;0.000010336741980;0.004760853946209;0.000338468060363;0.048350516706705;0.000657081371173;1. Against immigration, migrants, foreigners, refugees, or Muslims.
69;fe35887bad7f8f24;03073f718ed81d74;da85485925c0c26c;2024-09-30T14:12:07.000Z;De eerste moslimmigranten in Nederland waren geen #Turkse en #Marokkaanse gastarbeiders, maar #Indonesiërs en #Surinamers uit de koloniën, toont de eerste tentoonstelling van het @moslimarchief. Zie link hieronder voor het hele verhaal.  https://buff.ly/3Y3uPbd #islam #moslims;1.0;6.0;5;682;gastarbeiders;2024-10-14 10_10_42.370165;0.001282870885916;0.000006954990113;0.000000179558015;0.000070416244853;0.000038689613575;0.000098706426797;0.000019353936295;5. Is neutral.
70;210898f6651d8834;23281e501744c763;98160ba83dfe1ecf;2024-08-30T23:24:37.000Z;"Precies.   De eerste gastarbeiders kwamen begin 60.
Die werkten vrijwel allemaal.";1.0;1.0;3;239;gastarbeiders;2024-10-14 10_10_42.370165;0.012190600857139;0.000033639080357;0.000580284686293;0.000862706452608;0.000278234074358;0.002660875907168;0.000242456502747;5. Is neutral.
71;9bc6d60900c0f8d6;af0ea405278c597e;c32b90b43f824191;2024-08-27T22:18:29.000Z;Mag je niet zeggen Wierd, maar wat heb je gelijk. Ik was 8 jaar in 1955 heb het allemaal meegemaakt in Nederland. De Hongaarse vluchtelingen, de gastarbeiders, de Tsjechische vluchtelingen na de Praagse Lente en ga maar door. Onvergelijkbaar met wat er op dit moment gebeurt;;;9;496;gastarbeiders;2024-10-14 10_10_42.370165;0.011394234374166;0.000000880468292;0.000003589295829;0.000296916579828;0.000823718437459;0.006978490855545;0.001338818110526;1. Against immigration, migrants, foreigners, refugees, or Muslims.
72;f196b74d5249218f;b437c188e2d84d32;f29ced99b79e25dc;2024-09-05T17:32:48.000Z;Verreweg de meeste Italiaanse en Spaanse gastarbeiders keerden terug naar hun land!!!;2.0;1.0;9;160;gastarbeiders;2024-10-14 10_10_42.370165;0.127928897738457;0.000023825381504;0.001974884886295;0.000073441100540;0.000019546192561;0.001481926301494;0.000009943074474;5. Is neutral.
73;becb849d38eec4e5;4f2bf57a5e6265b8;14bcdf67d0ccec88;2024-09-17T09:51:31.000Z;Het is niet heel anders dan 2004. Ik herken beklag over vervreemding van mijn ouders in hun 'rooie dorp'. Toch was mijn pa geen xenofoob,werkte tussen wat toen gastarbeiders werd genoemd, onderaan. Winkelcentrum waar ik in weekeinden achter de kassa zat, is nu één grote dönertent;1.0;;1;314;gastarbeiders;2024-10-14 10_10_42.370165;0.007264717016369;0.000004145645562;0.000427232531365;0.000134218673338;0.000194373016711;0.006263022776693;0.003003509249538;5. Is neutral.
74;21ffeb6146bc1915;51764b97c1f56709;73b6d156e75a8c1f;2024-09-22T09:46:25.000Z;"Zitten we niet te wachten op weer een godsdienst? De eerste gastarbeiders kwamen, met hun religie, in de jaren 50/60. Die ""nieuwe"" godsdienst is dus al een jaartje of 70 in ons land.";2.0;;4;424;gastarbeiders;2024-10-14 10_10_42.370165;0.030566288158298;0.000006891999874;0.000007562406154;0.000028646267310;0.000095651776064;0.003042474389076;0.000295981939416;1. Against immigration, migrants, foreigners, refugees, or Muslims.
75;5bf47a34dc45f082;802c3b4801afc8c8;2068287c1efb63f7;2024-09-24T17:06:38.000Z;De VVD ... sloot wervingsverdragen af met Turkije en Marokko... En wie was er kritisch? Juist, ja. De PvdA... Daarom eiste de PvdA dat gastarbeiders maar twee jaar mochten blijven. En wat deed de VVD? Die eiste dat Turken en Marokkanen... hun gezin mee mochten nemen...;3.0;1.0;9;1,7K;gastarbeiders;2024-10-14 10_10_42.370165;0.057232487946749;0.000074472096458;0.000173580876435;0.000056071330619;0.000433105364209;0.052814319729805;0.004301172215492;1. Against immigration, migrants, foreigners, refugees, or Muslims.
76;085b5d7cb1c4b235;2b4923ac43fd2652;94dc68c32f17ecd1;2024-08-09T12:54:44.000Z;Het probleem met deze puber is, dat hij niet beter weet. Hij heeft geen notie van de tijd voor de massale toestroom van gastarbeiders, gezinshereniging, massale toestroom van zgn ‘vluchtelingen’, wij senioren of boomers hebben dat wel! Dat is het verschil!;1.0;;3;91;gastarbeiders;2024-10-14 10_10_42.370165;0.025736145675182;0.000005804438388;0.000015101140889;0.000498228997458;0.001270363456570;0.010308174416423;0.000080820223957;1. Against immigration, migrants, foreigners, refugees, or Muslims.
77;fd184d61a2da287f;5ca4044b08cd0b22;ae8deca3bc9d2cf4;2024-09-30T14:12:19.000Z;De eerste moslimmigranten in Nederland waren geen #Turkse en #Marokkaanse gastarbeiders, maar #Indonesiërs en #Surinamers uit de koloniën, toont de eerste tentoonstelling van het @moslimarchief. Zie link hieronder voor het hele verhaal.  https://buff.ly/3Y3uPbd #islam #moslims;;;1;152;gastarbeiders;2024-10-14 10_10_42.370165;0.001282870885916;0.000006954990113;0.000000179558015;0.000070416244853;0.000038689613575;0.000098706426797;0.000019353936295;5. Is neutral.
78;d576ee818301b3eb;bc13295a0717829a;4fcc05e0abee58f3;2024-09-19T11:17:55.000Z;"58 jaar geleden vroegen we ""gastarbeiders"" die we wel lieten werken, maar niet lieten integreren. Wel ons buile werk te doen, voor een laag loon, maar niet het licht in de ogen gunnen. En dan nu klagen dat ze geen nederlands spreken.";;;5;114;gastarbeiders;2024-10-14 10_10_42.370165;0.228889882564545;0.000161942924024;0.000025610095690;0.000003681094768;0.000002006402156;0.024188367649913;0.000092181282525;1. Against immigration, migrants, foreigners, refugees, or Muslims.
79;62acc6728ff29e73;be6e6bbb5ed98c40;4676df57cca059a2;2024-10-06T16:16:35.000Z;Bronnen of t is niet waar. Even ter illustratie, antisemitisme is van alle tijden en alle groeperingen. En helaas voor ons landje,  ook al ver voor onze gastarbeiders hier kwamen.;2.0;;1;134;gastarbeiders;2024-10-14 10_10_42.370165;0.037907395511866;0.000006718443274;0.000008323458133;0.000016263369616;0.000003044257710;0.003247801447287;0.000419395131757;5. Is neutral.
80;87486a5598d57ebe;5b2ab6f43d9bee59;ee5a48f57d345fcd;2024-08-19T12:34:26.000Z;Podcast De Dag: 60 jaar Turkse gastarbeiders in Nederland;24.0;2.0;11;21K;gastarbeiders;2024-10-14 10_10_42.370165;0.003381410380825;0.000079587880464;0.000025923711291;0.003158856881782;0.001336314366199;0.002413949929178;0.000304787565256;5. Is neutral.
81;7240876f0c12e780;74c980c6fae1d212;f20c915bf7161fec;2024-10-07T20:37:43.000Z;"#Marokkanen, #berbers, voorheen '#gastarbeiders', hier gekomen om te ontsnappen aan armoede en de terreur van  #Hassan2
Nu; de nieuwe #Jodenhaat";;;1;29;gastarbeiders;2024-10-14 10_10_42.370165;0.081569023430347;0.000053912648582;0.000001985123163;0.000057296161685;0.000013634049537;0.007275133859366;0.000039436308725;1. Against immigration, migrants, foreigners, refugees, or Muslims.
82;e58416e79980a326;e0c5f2741926ab4b;4fb617edc452b819;2024-09-30T12:02:19.000Z;Het getal van 70% klopt niet volgens het CBS. De allochtonen die in bewaring zitten hebben overigens grotendeels een Nederlands paspoort en hebben niets met asielzoekers te maken, maar zijn 3e generatie kids van gastarbeiders. Zoek hulp dom gefrustreerde debiel!;2.0;;;9;gastarbeiders;2024-10-14 10_10_42.370165;0.211036875844002;0.000046198096243;0.000197566856514;0.000020767833121;0.000023387905458;0.046349279582500;0.000020479801606;3. Against those that oppose immigration or are negative towards migrants, foreigners, refugees, or Muslims.
83;d5647f07ff09bb70;bb2d01e4ad68f9ac;c1f802ab5c6c3147;2024-09-24T13:18:48.000Z;Ik ken de verhalen van nazaten van arbeidsmigranten, eerder betiteld met gastarbeiders o.m. vanuit mijn betrokkenheid bij een minor aan de HHS, over onwrikbare schooladviezen beneden competentie waar ze tegen in moesten vechten. Vaak pas stapsgewijs op competentieniveau;;;2;24;gastarbeiders;2024-10-14 10_10_42.370165;0.027056509628892;0.000023111642804;0.002278089290485;0.001201566308737;0.000662224832922;0.029631944373250;0.001278035459109;5. Is neutral.
84;9da2b56b0a04e0b5;c9b5d704902a6be1;d35750a6ee4211b6;2024-09-12T09:51:33.000Z;"Oeh! Goede datum (rest moet ik nog lezen). Wat hebben we sinds 2001 voor rommel toegelaten? 
Oh! Wacht! Weet je wat voor hulp wij hebben gekregen? Is iets langer geleden. Super veel gastarbeiders.

Heb jij blank of donker haar op de billen? Onbeschofte pannenkoek.";1.0;;;21;gastarbeiders;2024-10-14 10_10_42.370165;0.262859672307968;0.000020844541723;0.000034913740819;0.003297134069726;0.000517115986440;0.012840337119997;0.000167526173755;6. Other: unclear stance on immigration.
85;fb26ed6428134c13;d235d56f7980b5f9;839ac6472fa06bed;2024-09-20T14:06:52.000Z;"Vroeger moesten de gastarbeiders terug.
Den Uyl heeft hierin verandering gebracht met de wet ""recht of gezinshereniging"" in 1974.
Daarvoor waren het GASTarbeiders en zoals het woord het al zegt, te gast en men ging terug. Kom in Spanje nog veel mensen tegen uit die 
tijd.";6.0;2.0;23;1,1K;gastarbeiders;2024-10-14 10_10_42.370165;0.003335467306897;0.000005284540293;0.000013082941223;0.000003662004701;0.000007363696568;0.000695628405083;0.000015817231542;1. Against immigration, migrants, foreigners, refugees, or Muslims.
86;9dd598a09ea701fb;fb5bca328c73db67;2189e9c1364d2ee7;2024-10-13T17:21:40.000Z;"de ""Allochtonen"", of de ""Gastarbeiders"" - gasten die voor 50% van de massa  ongewenste gasten werden, gezien het criminele en a-sociale gedrag - zwalk je nogal waar je het eer over jóuw generatie hebt, en dan over de generatie van voor je, ""die ons uit de Tweede Wereldoorlog";1.0;1.0;1;54;gastarbeiders;2024-10-14 10_10_42.370165;0.382495850324631;0.000184263248229;0.000002018674195;0.000032189323974;0.000020294710339;0.008208508603275;0.000014222593563;1. Against immigration, migrants, foreigners, refugees, or Muslims.
87;8595894a73146abd;8a53a8a45a6f87a1;9cb89660e4fb9ac3;2024-09-15T20:08:04.000Z;#Nederland  Problemen met te weinig parkeerplaatsen in div steden - dorpen, DenHaag bijv Iedereen moet gaan dokken  Tja volgestopt met gastarbeiders en wat al niet  Volle bak dus;;;;111;gastarbeiders;2024-10-14 10_10_42.370165;0.225543871521950;0.000311068957672;0.000625608721748;0.000429769366747;0.000176139816176;0.039619229733944;0.000088816879725;1. Against immigration, migrants, foreigners, refugees, or Muslims.
88;2846ac2a2a374e08;3baee9f30bd535b5;85d21f86d9a47be2;2024-09-07T15:54:52.000Z;Goede nieuwe serie (6 delen van 50 min.) over #migratie/eerste #gastarbeiders. Titel 'Vaarwel Vaderland'. De feiten kloppen (grotendeels)(schreef er zelf 10 jaar geleden over). #Geschiednisles #geschiedenis #politiek #economie #arbeidsmigratie.;1.0;;1;89;gastarbeiders;2024-10-14 10_10_42.370165;0.003014185465872;0.000008338712178;0.000009895246876;0.000177590307430;0.000327543384628;0.001706346170977;0.000359034806024;5. Is neutral.
89;6ec697df004dc94a;14329ccd3f623107;b7a0d74012750e36;2024-10-03T20:52:23.000Z;Nog meer gastarbeiders.;2.0;14.0;16;372;gastarbeiders;2024-10-14 10_10_42.370165;0.237369477748871;0.000192167208297;0.000004607744813;0.000066604261519;0.000043067200750;0.025498101487756;0.000066754968429;1. Against immigration, migrants, foreigners, refugees, or Muslims.
90;9f96c11dbe45caa7;1f35529490712a9c;f1cdff7c02fca6e9;2024-10-08T09:17:16.000Z;Toekomstige arbeiders he, anders moet je allemaal “gastarbeiders” naar het land halen;2.0;;;45;gastarbeiders;2024-10-14 10_10_42.370165;0.413812071084976;0.002347058150917;0.000002208532806;0.000020661356757;0.000009244560715;0.294913470745087;0.000093340830063;2. In support of immigration, migrants, foreigners, refugees, or Muslims.
91;7e35a8a6ffb6bb49;9423e9de4698b5e8;f922e83e14545af6;2024-10-03T17:02:39.000Z;"kleine reminder een 50 jaar geleden was de campagne van het vlaams blok: 400.000 werklozen waarom nog gastarbeiders?

Het is dus nooit goed.";;;2;315;gastarbeiders;2024-10-14 10_10_42.370165;0.093890316784382;0.000104323997220;0.000016817166397;0.000050426984672;0.000047609177273;0.006485436111689;0.000051647628425;1. Against immigration, migrants, foreigners, refugees, or Muslims.
92;3d05569ea6acabf8;f1c182e54245d2b7;a002abd51fb44e09;2024-09-15T20:44:27.000Z;Ik neem aan dat jullie op de hoogte zijn van het rapport over integratie uit 2016 en over hoe het de gastarbeiders in de jaren 60, 70 en 80 verging - ondanks de kille houding vanuit de Nederlandse regering.;1.0;;;41;gastarbeiders;2024-10-14 10_10_42.370165;0.028208632022142;0.000019419385353;0.000211840102565;0.000129260661197;0.000707745493855;0.004799694754183;0.000976746785454;5. Is neutral.
93;b7f856e7588cfd43;7e55ade1ea5698fc;e5813a2b6a2ca5ac;2024-10-04T17:37:10.000Z;"Ja, prima verhaal. Over de jaren 60-70 volgende. 
In 1970 deed ik vakantiewerk bij Unox in Oss (ik was 15). Bij Unox (Unilever) werkten 500 Tukse gastarbeiders, 400 Spanjaarden en een paar honderd Belgische gastarbeiders. Door het bedrijf hier naar toe gehaald en inderdaad, dat";1.0;;2;73;gastarbeiders;2024-10-14 10_10_42.370165;0.031367931514978;0.000203629781026;0.000196353706997;0.001363761723041;0.006634796038270;0.005920092575252;0.001378056127578;5. Is neutral.
94;d9359cc49bed8b3c;3d32264d59b0c2f8;58882edb0b0f4df1;2024-09-19T09:52:07.000Z;"Precies laatst ook een Turkse man en zijn zus. Zus was 60 jaar in NL en sprak geen woord NLs.
Dit waren de gastarbeiders die kwamen werken dat precies 2 jaar deden en vervolgens in de ZW en uiteindelijk in de WAO terecht kwamen, vanwege rugpijn.";;3.0;9;243;gastarbeiders;2024-10-14 10_10_42.370165;0.091302610933781;0.000095418457931;0.011481535620987;0.000594045210164;0.000276759907138;0.026972213760018;0.004659301135689;1. Against immigration, migrants, foreigners, refugees, or Muslims.
95;ba9d485035522a44;da234f602db8b874;c38c746509cffe05;2024-09-27T08:13:01.000Z;Ik ken het uit mijn jeugd, bij vriendinnen van mijn moeder die in elkaar werden geslagen door hun mannen. Lang voor er gastarbeiders kwamen. Gewone meneren die in pak naar hun werk gingen in hun Opel. Ik ken n jonge vrouw die kort geleden bijna gewurgd werd door haar man.;2.0;;1;31;gastarbeiders;2024-10-14 10_10_42.370165;0.055980507284403;0.000158518872922;0.045149590820074;0.018412942066789;0.000814015627839;0.621003687381744;0.061561554670334;6. Other: domestic violence not immigration related.
96;d0e5176a0a850b1c;dd6de82f5c56872f;af56207035663062;2024-09-15T11:02:25.000Z;"""De ene ploeg sliep er overdag als de andere ploeg aan het werk was. Als die arbeiders terug kwamen gingen de anderen werken.""";;;;13;gastarbeiders;2024-10-14 10_10_42.370165;0.007560382131487;0.000036450059270;0.000005204214631;0.000243496426265;0.000176972462213;0.005125265568495;0.000433792301919;5. Is neutral.
97;216fd5ca7cc55b0b;48936cff107b333e;bacc1fd84bddab38;2024-10-13T13:16:07.000Z;"Dat is het fabeltje dat men niet-eu gastarbeiders wijsgemaakt heeft. De waarheid is dat niet-EU migratie pas mogelijk werd na 1965, toen de sluiting vd steenkoolmijnen intern al een certitude was
Politici trachtten de meubels nog te redden met goedkope werkkrachten. 
Tevergeefs";1.0;;1;66;gastarbeiders;2024-10-14 10_10_42.370165;0.044336237013340;0.000140186122735;0.000245169067057;0.000094434784842;0.000051602535677;0.005476726219058;0.000781881564762;5. Is neutral.
1;0a2a69dc72ae9958;075f118a96e30609;e85d636dcfd44189;2024-09-20T10:21:13.000Z;"Joop den Uyl maakte in 1973 een eind aan de werving van gastarbeiders die door rechts  conservatieve regeringen hierheen waren gehaald.
Job Cohen was staatsecretaris en heeft een strenger vreemdelingenwet ingevoerd. 
Wilders verteld zoals gewoonlijk sprookjes.
#APB2024";158.0;414.0;1,2K;39K;gastarbeiders;2024-10-07 10_50_22.360731;0.041742533445358;0.000043802527216;0.000058228539274;0.000734727538656;0.000263272697339;0.004917001351714;0.000485407450469;5. Is neutral.
2;981123f0b109a088;fce77c34d3fec987;49389f4662f2a410;2024-09-18T17:48:10.000Z;"Is er nou vanavond alweer een programma/serie over “gastarbeiders”..?

Waarom wordt belastinggeld gebruikt om een politieke mening populair te maken?

En mensen maar klagen over ON, want dit is zeker niet “sturend” bedoeld..(?).";;;;8;gastarbeiders;2024-10-07 10_50_22.360731;0.049534354358912;0.000435083551565;0.000067278364440;0.000033764616092;0.000014765304513;0.080672688782215;0.000340520549798;1. Against immigration, migrants, foreigners, refugees, or Muslims.
3;57b8c4150ecb6956;fe31c899b5794b09;9887c29f1ddfd2d1;2024-09-02T12:41:58.000Z;"19/08/1964 Den Haag, Nederland: KVP/ ARP/ CHU/ VVD-kabinet-Victor Marijnen/ Turks minister van Arbeid Bülent Ecevit tekenen wervingscontract voor Turkse ""gastarbeiders"" - ""Blonde Geert"" beweert al jaren dat 'links' dat deed, maar dat LIEGT-ie";;;;34;gastarbeiders;2024-10-07 10_50_22.360731;0.031000770628452;0.000053750423831;0.000344058498740;0.002261245390400;0.002005380345508;0.007708726450801;0.000526299700141;3. Against those that oppose immigration or are negative towards migrants, foreigners, refugees, or Muslims.
4;39ab2d5f5189f6d3;74eb76c43c076b0b;3d8b0c83c4fa6567;2024-10-04T18:15:33.000Z;60 jaar Turkse gastarbeiders in Nederland: een mijlpaal vol hard werk en doorzettingsvermogen. Als derde generatie en raadslid volg ik in de voetsporen van mijn vader, vastberaden om impact te maken op mijn gemeente en hun nalatenschap voort te zetten. #trotsedeventenaar;;;6;205;gastarbeiders;2024-10-07 10_50_22.360731;0.000338429206749;0.000009540777683;0.000004327272563;0.000492441875394;0.001432730234228;0.000202171286219;0.000016814281480;2. In support of immigration, migrants, foreigners, refugees, or Muslims.
5;5a931e5bc7862beb;fe31c899b5794b09;9887c29f1ddfd2d1;2024-09-06T15:08:18.000Z;de Volkskrant 26 april 1980 En weer EIST het bedrijfsleven de komst van 'gastarbeiders'. VVD, CDA gehoorzamen als bereidwillige politieke knechten. PvdA en vakbeweging protesteren tevergeefs. Oh, natuurlijk schelden verdeel-en-heersknechtjes de geronselde buitenlanders voor rot.;;;;18;gastarbeiders;2024-10-07 10_50_22.360731;0.406736940145492;0.000252318772255;0.001315606408752;0.000153615706949;0.000050586841098;0.256838649511337;0.001223442959599;1. Against immigration, migrants, foreigners, refugees, or Muslims.
6;4a0a0f1dc292a548;b14ff67048a3b878;0a4b5aeba6d0354a;2024-09-22T18:00:01.000Z;"Vanavond in De Sociëteit om 22:52 uur op NPO2.

Het is 60 jaar geleden dat de eerste Turkse gastarbeiders in Nederland aankwamen. Wat bracht het hen en wat bracht het Nederland? We gaan het er uitgebreid over hebben.";1.0;1.0;2;252;gastarbeiders;2024-10-07 10_50_22.360731;0.001097547356039;0.000003403528581;0.000001468768801;0.000024997751098;0.000182341216714;0.002001691376790;0.000245636561885;5. Is neutral.
7;6272dbd3e82771e0;b74c936a856cecc8;9d4bb69970a2387e;2024-09-05T16:07:02.000Z;De wederopbouw was al in 1955 praktisch voltooid door hardwerkende Nederlanders. Dus nog ver voor de eerste gastarbeiders als goedkope arbeidskrachten naar Nederland kwamen. Overigens eerst uit Zuid-Europa en later in de jaren '60 uit Turkije en Marokko.;24.0;146.0;450;8,1K;gastarbeiders;2024-10-07 10_50_22.360731;0.005713527556509;0.000019490556951;0.000049545244110;0.000007869845831;0.000018569588065;0.001410196651705;0.000071283677244;5. Is neutral.
8;c1b1642df7e3e153;54107398ec94b895;d08bd88c6c6c4f0c;2024-08-23T13:00:11.000Z;"Hallo @RPlasterk, een onverwachte inkijk. Nu mijn vragen:
Ja, rechts heeft in de beginne #gastarbeiders binnengehaald, maar wie heeft toegestaan of gepromoot om de werkers hun gezinnen te laten overkomen? 
Waarom is niet gekozen voor max 5 jaar en terug, en kan je broertje komen?";;;;16;gastarbeiders;2024-10-07 10_50_22.360731;0.006472241133451;0.000719659496099;0.000035774508433;0.000231158861425;0.000692954636179;0.010353103280067;0.000581772474106;1. Against immigration, migrants, foreigners, refugees, or Muslims.
9;a3c53fba81242a4a;4e0493d6c0d62f06;ac7e99a9635e0de9;2024-08-30T13:35:36.000Z;"Erm? ""Vanaf 1949 begon de Nederlandse overheid actief emigratie te plannen en te bevorderen. In het hoogtepuntjaar van 1952 emigreerden maar liefst 48.690 Nederlanders naar landen als Canada, Australië, Nieuw-Zeeland en de VS""

En dan is er nog iets met nood aan gastarbeiders.";1.0;;3;187;gastarbeiders;2024-10-07 10_50_22.360731;0.001721452339552;0.000055221928051;0.000191594735952;0.000025060622647;0.000055702268583;0.001014581182972;0.000242060836172;5. Is neutral.
10;8b3121cb60e41c55;b74c936a856cecc8;9d4bb69970a2387e;2024-09-01T19:11:18.000Z;Klopt. De wederopbouw was al in 1955 praktisch voltooid door hardwerkende Nederlanders. Dus nog ver voor de eerste gastarbeiders als goedkope arbeidskrachten naar Nederland kwamen. Overigens eerst uit Zuid-Europa en later in de jaren '60 uit Turkije en Marokko.;2.0;6.0;10;249;gastarbeiders;2024-10-07 10_50_22.360731;0.005034811329097;0.000020815221433;0.000033675703889;0.000009122006304;0.000024046637918;0.001827058382332;0.000044400312618;5. Is neutral.
11;f7b893d301c7d80c;9fe6cbb9e933ad0b;2ef37bd848a4d26c;2024-09-05T15:04:54.000Z;Jaren 60 vorige eeuw kwamen gastarbeiders naar NL om ons te helpen,Nu meer dan 60 jaar later zitten ze nog in onze huizen,passen zich niet aan,spreken amper Nederlands en hun kinderen en kleinkinderen vormen een gigantisch probleem in onze steden.;4.0;3.0;4;144;gastarbeiders;2024-10-07 10_50_22.360731;0.593506515026093;0.000026344170692;0.000000025004178;0.000030600735045;0.000033425945730;0.007808722555637;0.000010033767467;1. Against immigration, migrants, foreigners, refugees, or Muslims.
12;c696dd0a7595b3ca;b74c936a856cecc8;9d4bb69970a2387e;2024-09-02T07:59:03.000Z;Heel wat Nederlanders zijn toen vervangen door de goedkope gastarbeiders.;2.0;1.0;5;45;gastarbeiders;2024-10-07 10_50_22.360731;0.454468846321106;0.000887065834831;0.000008730836271;0.000125644684886;0.000106187595520;0.032813135534525;0.001106767915189;1. Against immigration, migrants, foreigners, refugees, or Muslims.
13;0a7e8fdf5e7f5efc;05cd66aec3eb89f6;33b9046513227fbe;2024-09-05T04:56:29.000Z;Arbeidsmigratie door SELECTIE aan de poort, zoals vroeger gastarbeiders werden geselecteerd voor specifiek werk  #vandaaginside;;4.0;4;1,9K;gastarbeiders;2024-10-07 10_50_22.360731;0.004064431879669;0.000184353222721;0.000010988548638;0.000185774770216;0.000074038456660;0.010995184071362;0.000451457104646;5. Is neutral.
14;7084ad603e432389;b74c936a856cecc8;9d4bb69970a2387e;2024-09-05T17:02:07.000Z;De lonen werden begin jaren '60 te hoog en de werkgevers hebben toen sterk aangedrongen op goedkope gastarbeiders. Heel wat Nederlanders zijn toen werkloos geraakt. Daar heb ik nog eens een stukje over geschreven.;2.0;5.0;22;190;gastarbeiders;2024-10-07 10_50_22.360731;0.011155469343066;0.000003709980092;0.000325081404299;0.000051458016969;0.000059382931795;0.001960692694411;0.000182760355528;1. Against immigration, migrants, foreigners, refugees, or Muslims.
15;fe35887bad7f8f24;03073f718ed81d74;da85485925c0c26c;2024-09-30T14:12:07.000Z;De eerste moslimmigranten in Nederland waren geen #Turkse en #Marokkaanse gastarbeiders, maar #Indonesiërs en #Surinamers uit de koloniën, toont de eerste tentoonstelling van het @moslimarchief. Zie link hieronder voor het hele verhaal.  https://buff.ly/3Y3uPbd #islam #moslims;1.0;6.0;5;674;gastarbeiders;2024-10-07 10_50_22.360731;0.001282870885916;0.000006954990113;0.000000179558015;0.000070416244853;0.000038689613575;0.000098706426797;0.000019353936295;5. Is neutral.
16;7e35a8a6ffb6bb49;9423e9de4698b5e8;f922e83e14545af6;2024-10-03T17:02:39.000Z;"kleine reminder een 50 jaar geleden was de campagne van het vlaams blok: 400.000 werklozen waarom nog gastarbeiders?

Het is dus nooit goed.";;;2;300;gastarbeiders;2024-10-07 10_50_22.360731;0.093890316784382;0.000104323997220;0.000016817166397;0.000050426984672;0.000047609177273;0.006485436111689;0.000051647628425;1. Against immigration, migrants, foreigners, refugees, or Muslims.
17;9059bf4c9b2ec438;bfa2700b7775420c;a5b3883b42d627ac;2024-10-01T17:01:19.000Z;Het wrange is dat de VVD/werkgevers voor de eerste golf van Marokkaanse en Turkse gastarbeiders heeft gezorgd, de PvdA was daar tegen.;;;2;135;gastarbeiders;2024-10-07 10_50_22.360731;0.063295356929302;0.000019535811589;0.000068664252467;0.000045811804739;0.000088888140453;0.008044705726206;0.000172026295331;5. Is neutral.
18;c9831e4fda1d6ab3;b74c936a856cecc8;9d4bb69970a2387e;2024-09-16T16:30:59.000Z;De wederopbouw was al in 1955 praktisch voltooid door hardwerkende Nederlanders. Dus nog ver voor de eerste gastarbeiders als goedkope arbeidskrachten naar Nederland kwamen. Overigens eerst uit Zuid-Europa en later in de jaren '60 uit Turkije en Marokko.;1.0;1.0;3;91;gastarbeiders;2024-10-07 10_50_22.360731;0.005713527556509;0.000019490556951;0.000049545244110;0.000007869845831;0.000018569588065;0.001410196651705;0.000071283677244;5. Is neutral.
19;048a895d1cbb4700;10e7d9c072116897;ca22881e6293cd21;2024-09-11T10:35:00.000Z;"Zo'n 60 jaar geleden kwamen de eerste Turkse gastarbeiders naar Nederland. Maar hoe zit het met de vrouwen die hun man achterna reisden? Fotograaf en journalist Çiğdem Yüksel brengt deze verhalen tot leven in haar tentoonstelling en boek ""Je moest eens weten"".";;1.0;4;1,2K;gastarbeiders;2024-10-07 10_50_22.360731;0.001030900864862;0.000019237784727;0.000000741413203;0.000065591615567;0.000055900858570;0.001425236230716;0.000122288925922;5. Is neutral.
20;851d3d83cf9376f9;ae3a1762d22dd110;b48bc7ccb31924db;2024-09-05T22:52:23.000Z;"Onze ‘gastarbeiders’ pasten niet in het wereldbeeld van vele suburbane Vlamingen, in de crisis opgejut door een autoritaire en racistische antivreemdelingenpartij.
http://sampol.be/2024/09/communautarisme-versus-democratie… via @Sampol_magazine";12.0;3.0;6;849;gastarbeiders;2024-10-07 10_50_22.360731;0.008886477909982;0.000013553426470;0.000001617129897;0.000084536586655;0.000002827600838;0.002341359620914;0.000105406943476;3. Against those that oppose immigration or are negative towards migrants, foreigners, refugees, or Muslims.
21;1c37d1deda7849cd;5de4b0694632ebd0;2350ab61a96bb83c;2024-09-26T17:07:38.000Z;Inderdaad, de corrupte Midden-Europese elite ondermijnt de Europese veiligheid door Russische gastarbeiders toe te laten in Hongarije, en daarmee ook in de gehele Schengen-zone. Dit geeft Rusland vrij spel om spionageactiviteiten te ontplooien in Europa, wat de hybride;2.0;10.0;19;2,1K;gastarbeiders;2024-10-07 10_50_22.360731;0.240669101476669;0.000135178386699;0.000125221398775;0.003720322623849;0.000231256039115;0.037941008806229;0.000414347712649;1. Against immigration, migrants, foreigners, refugees, or Muslims.
22;d9606b73ac3761c6;52151f8b8161913f;d4f0b7e14398e766;2024-10-05T18:38:48.000Z;De VAE is als overwegend islamitisch land met een percentage immigranten en gastarbeiders van 88%, stevige christelijke en hindu-minderheden, natuurlijk sowieso een mooie bestemming voor diegenen die het hier zat zijn. Leerzaam ook.;2.0;3.0;5;1,1K;gastarbeiders;2024-10-07 10_50_22.360731;0.003511154791340;0.000012565475117;0.000238108390476;0.000423436693382;0.000149697734741;0.000873991579283;0.000202983865165;5. Is neutral.
23;c0388348c551b85a;a87041c7ba589a3f;c12f74d741a62522;2024-10-05T18:53:05.000Z;Er zijn best veel dingen die ik vroeger geloofde omdat de omgeving, middelbare school jaren 70, dat geloofde. Ik herinner me een discussie over een voorstel de kinderbijslag voor kinderen van ‘gastarbeiders’ die in het thuisland woonden terug te brengen naar de kosten die men;1.0;1.0;13;457;gastarbeiders;2024-10-07 10_50_22.360731;0.008706201799214;0.000065877582529;0.000028687138183;0.000405564147513;0.000369903835235;0.016161482781172;0.000682293088175;6. Other: Reflects on past beliefs.
24;20c4caefbab94d26;1e9a003afea3fb29;04322359a9c6f1df;2024-09-10T09:34:29.000Z;Nederland is een land dat bestaat dankzij grote groepen die van buiten gekomen zijn, vaak als vluchteling, zoals Joden uit Spanje, Hugenoten, soldaten uit Zwitserland, Duitse handelaren en arbeiders, chinezen, Indische mensen, Surinamers, gastarbeiders, vluchtelingen, enz.;1.0;3.0;11;264;gastarbeiders;2024-10-07 10_50_22.360731;0.002915124874562;0.000013162132745;0.000017330965420;0.000050500279031;0.000007848274436;0.000907414359972;0.000175383145688;2. In support of immigration, migrants, foreigners, refugees, or Muslims.
25;71a03a7ec53594e8;a195a1a4fcc35cd3;b2776c41e10c69ea;2024-09-14T09:14:38.000Z;"Never give in for abuis. Wat? Check; hoog conjunctuur alleen (?) bij slavernij rn gastarbeiders. Tuurlijk ook uw gezin (ja, soort '67 Palasteina) oei, oei wij hebben het fout gedaan, dat kost u geld. Emigratie belasting, bij vertrekpoort ff strippen 
https://youtu.be/YySW9cF7N7Y?si=GwkVq-vQOC8i8XsJ…";;;;53;gastarbeiders;2024-10-07 10_50_22.360731;0.130237609148026;0.001613197964616;0.000011783093214;0.001847306382842;0.000378830329282;0.026659583672881;0.003512299386784;1. Against immigration, migrants, foreigners, refugees, or Muslims.
26;81d8835913f21f59;fa581092212eab81;30b99af317e04576;2024-09-21T20:44:03.000Z;Ik kom uit een provinciestadje waar  relatief veel industrie was. Papier- en kartonfabriek, machinefabriek, kabelbomen, landbouw techniek, confectie, blikfabriek, noem maar op. Eind jaren 60 kwamen de gastarbeiders. Eerst Spanjaarden, vrome katholieken, daarna Marokkanen,;2.0;;2;305;gastarbeiders;2024-10-07 10_50_22.360731;0.037382494658232;0.000018129108867;0.000166474259458;0.000009894596587;0.000031391671655;0.001335454871878;0.000592550437432;5. Is neutral.
27;388559f24b8f2ca4;e6c3e25d1ee05bda;c314f3e75728631b;2024-09-28T19:06:01.000Z;"Rijk Rechts, was en is bezig met massale immigratie. Eerst Marokkaanse en Turkse gastarbeiders gevolgd door massale arbeidsimport uit Oost-Europa. Verder wordt ondermeer A’dam massaal verhuurd aan expats
en  BUITENLANDSE kopers , dankzij internationale reclame door minister Blok>";1.0;1.0;2;74;gastarbeiders;2024-10-07 10_50_22.360731;0.100053265690804;0.000063943247369;0.000042740990466;0.000157229384058;0.000112634101242;0.005065404810011;0.001056890818290;1. Against immigration, migrants, foreigners, refugees, or Muslims.
28;29031b44b3fa77ad;997361bcc2b804ba;50fd38825c7242dc;2024-08-25T15:22:12.000Z;"'Dat juist een aanzienlijk deel van de tweede en derde generatie moslimimmigranten aanmerkelijk fanatieker is dan de goedlachse gastarbeiders van weleer.'
Moslims in de polder: a match made in heaven https://ewmagazine.nl/nederland/opinie/2024/04/moslims-in-de-polder-a-match-made-in-heaven-69398w/… via @ewmagazinenl";2.0;;;98;gastarbeiders;2024-10-07 10_50_22.360731;0.090293794870377;0.000067544242484;0.000000763261937;0.000136370494147;0.000214434592635;0.001490589347668;0.000020792187570;1. Against immigration, migrants, foreigners, refugees, or Muslims.
29;5bf47a34dc45f082;802c3b4801afc8c8;2068287c1efb63f7;2024-09-24T17:06:38.000Z;De VVD ... sloot wervingsverdragen af met Turkije en Marokko... En wie was er kritisch? Juist, ja. De PvdA... Daarom eiste de PvdA dat gastarbeiders maar twee jaar mochten blijven. En wat deed de VVD? Die eiste dat Turken en Marokkanen... hun gezin mee mochten nemen...;3.0;1.0;9;1,7K;gastarbeiders;2024-10-07 10_50_22.360731;0.057232487946749;0.000074472096458;0.000173580876435;0.000056071330619;0.000433105364209;0.052814319729805;0.004301172215492;1. Against immigration, migrants, foreigners, refugees, or Muslims.
30;d64dbd4a01ed16a4;bde1f5efac7d8c73;9bccea6ce9288bd4;2024-08-31T18:45:21.000Z;Zo kun je ook tegen gastarbeiders aankijken.;;;;122;gastarbeiders;2024-10-07 10_50_22.360731;0.162485301494598;0.000016162159227;0.000000540596261;0.000001315865461;0.000000242726827;0.010180281475186;0.000019111739675;1. Against immigration, migrants, foreigners, refugees, or Muslims.
31;6ec697df004dc94a;14329ccd3f623107;b7a0d74012750e36;2024-10-03T20:52:23.000Z;Nog meer gastarbeiders.;2.0;14.0;16;355;gastarbeiders;2024-10-07 10_50_22.360731;0.237369477748871;0.000192167208297;0.000004607744813;0.000066604261519;0.000043067200750;0.025498101487756;0.000066754968429;1. Against immigration, migrants, foreigners, refugees, or Muslims.
32;12fe6b81af09a159;c617ac153b68c253;3136ea36b1c47a45;2024-09-24T13:16:32.000Z;De buitenlandse werving van Spaanse, Marokkaanse en Turkse arbeiders, (1961 en 1964) werd gestart door het toenmalige kabinet van KVP, ARP, CHU en VVD. In 1973 beëindigde het kabinet-Den Uyl de officiële werving van gastarbeiders.;;4.0;16;772;gastarbeiders;2024-10-07 10_50_22.360731;0.002111543668434;0.000332891038852;0.000102785634226;0.000010030113117;0.000004025040198;0.003219283418730;0.000095683702966;5. Is neutral.
33;c8f547469d32688f;9a78afb4c45ae8db;69056dd75df3af36;2024-08-06T09:22:57.000Z;'Kinderachtige leugens': Hongarije ontkent EU-verwijten over Russische gastarbeiders;2.0;;3;44;gastarbeiders;2024-10-07 10_50_22.360731;0.024247515946627;0.000155582922161;0.000072607013863;0.000666217063554;0.003065125551075;0.002326587913558;0.000062156381318;5. Is neutral.
34;bc0de96755cbf414;d04546263b2b2f14;26f2c77050b17f32;2024-09-28T08:50:13.000Z;Je bent in 1959 geboren en nadert je pensioen. In 1959 had Nederland 2.294 gastarbeiders, waarvan 1.884 Italianen. Van buiten Europa: 9 Turken en 3 Marokkanen. Vandaag: zo’n 2 miljoen buiten Europa geboren nld’se inwoners, miljoenen meer 2e generatie. En het gaat steeds sneller.;;;;32;gastarbeiders;2024-10-07 10_50_22.360731;0.000895275676157;0.000003218803386;0.000012381256056;0.000026457517379;0.000017794955056;0.000220099798753;0.000020985258743;5. Is neutral.
35;28910507f52b0706;cad2da138473aea6;165c15b4d84c5c5a;2024-09-11T08:10:44.000Z;"Eating cats and dogs......ik herinner me dat jaaaaaren geleden dezelfde verhalen de ronde deden over Turkse en Marokkaanse gastarbeiders... 

Racisten zijn niet bepaald origineel.";;;;34;gastarbeiders;2024-10-07 10_50_22.360731;0.398987948894501;0.000009056371709;0.000069457099016;0.000119792042824;0.000007219508007;0.341678559780121;0.130309626460075;3. Against those that oppose immigration or are negative towards migrants, foreigners, refugees, or Muslims.
36;0eea07acbddad726;d95fb78b57007512;05b507067d50703c;2024-09-28T21:57:01.000Z;En breek de dijken door. Ga vechten met Indonesië. Vul je fabrieken met gastarbeiders. Laat je burgers schurft en polio krijgen. Ga 's- zondags 2x naar de kerk ! Want zo was Nederland in een ver verleden. In een zijn dat niet bestond.;;;1;52;gastarbeiders;2024-10-07 10_50_22.360731;0.652511596679688;0.209749102592468;0.000062628205342;0.000653680646792;0.000107691397716;0.830832540988922;0.000366438413039;6. Other: Critiques nostalgic view of past.
37;fd184d61a2da287f;5ca4044b08cd0b22;ae8deca3bc9d2cf4;2024-09-30T14:12:19.000Z;De eerste moslimmigranten in Nederland waren geen #Turkse en #Marokkaanse gastarbeiders, maar #Indonesiërs en #Surinamers uit de koloniën, toont de eerste tentoonstelling van het @moslimarchief. Zie link hieronder voor het hele verhaal.  https://buff.ly/3Y3uPbd #islam #moslims;;;1;143;gastarbeiders;2024-10-07 10_50_22.360731;0.001282870885916;0.000006954990113;0.000000179558015;0.000070416244853;0.000038689613575;0.000098706426797;0.000019353936295;5. Is neutral.
38;382159a69884148b;9c25e1e7400d1682;869da18ad076077a;2024-09-20T21:10:55.000Z;niet door rechts conservatieve regeringen. Die zagen alleen geen problemen (niemand niet) bij het door onze grote bedrijven (philips, akzo, aldel, textiel) ronselen van gastarbeiders.;;;;24;gastarbeiders;2024-10-07 10_50_22.360731;0.049617301672697;0.000066370244895;0.000137020804686;0.000327208806993;0.000148365768837;0.002678479067981;0.000963936734479;5. Is neutral.
39;7c2f4df07d0e31fd;361cde1b152e57dc;f8733c9649197545;2024-09-16T21:42:45.000Z;#barlaat de fout is in de jaren 70 en 80 gemaakt door de gastarbeiders niet terug te sturen na einde werk..en dat is geescaleerd nu..In Dubai moet je oprotten als je baan klaar is. Wat naturaliseren? ROT OP!!;;;;175;gastarbeiders;2024-10-07 10_50_22.360731;0.232559114694595;0.000645921623800;0.000006868116998;0.000050620092225;0.000012258105926;0.024855766445398;0.000019306193280;1. Against immigration, migrants, foreigners, refugees, or Muslims.
40;411746cae8ea156b;49ec9289b87de408;d816a91f4356ac0a;2024-09-04T11:31:02.000Z;Op 25 september kan je naar Pakhuis de Zwijger in Amsterdam, waar het boek “Van dankbaar naar strijdbaar” van Bilal Ben Abdelkarim  centraal staat. Het vertelt het verhaal van Marokkaanse Nederlanders die zich niet alleen hebben ontwikkeld van gastarbeiders naar trotse burgers,;;2.0;12;1,2K;gastarbeiders;2024-10-07 10_50_22.360731;0.001799822319299;0.000004686295142;0.000080424440966;0.000025935974918;0.000003163067049;0.003405359108001;0.000028518703402;5. Is neutral.
41;327f2db6bf3baf85;409da36e6425b14b;d2d10dc64d724a69;2024-10-02T15:17:50.000Z;Laatst zei iemand toch dat het de gastarbeiders waren die Nederland hebben opgebouwd? Nou, wellicht waren het lesbische Afrikaanse vrouwen die Nederland hebben bevrijd. Wist jij dat?;3.0;;6;232;gastarbeiders;2024-10-07 10_50_22.360731;0.058801222592592;0.000100905584986;0.000010336741980;0.004760853946209;0.000338468060363;0.048350516706705;0.000657081371173;1. Against immigration, migrants, foreigners, refugees, or Muslims.
42;6d2a07b64da2da5f;e43a432804eb97e5;d449a3fb17e2e49c;2024-09-28T14:56:50.000Z;"Mijn ouders waren gastarbeiders.
Mijn vader heeft in de kool mijnen gewerkt. 
Ikzelf heb het Nederlands moeten leren en ben daar heel dankbaar voor dat ik de kans heb gekregen. 
Ik heb het geluk gehad om te kunnen bijdragen aan de maatschappij en de maatschappij is goed voor mij";;;4;35;gastarbeiders;2024-10-07 10_50_22.360731;0.001773084397428;0.000001415060183;0.000084976993094;0.000132341738208;0.000092944697826;0.002136176452041;0.000623739906587;2. In support of immigration, migrants, foreigners, refugees, or Muslims.
43;3a5b051d690cf7b5;5991ce426259a177;5374dd3bfe6e5fd7;2024-10-03T07:40:18.000Z;"De scheefgroei in de maatschappij hebben we vooral te danken aan de PvdA.
Het begon allemaal onder Joop den Uyl met het binnenhalen van gastarbeiders daarna met gezinshereniging. 
DENK is ook voortgekomen dankzij de PvdA.";1.0;1.0;7;93;gastarbeiders;2024-10-07 10_50_22.360731;0.139172807335853;0.000024166134608;0.000022908689061;0.000029659728170;0.000046447723435;0.003264824394137;0.000195638131117;1. Against immigration, migrants, foreigners, refugees, or Muslims.
44;778dbdb7a4e213dd;53d270584589c258;5e894b9736aa44ed;2024-10-02T03:37:25.000Z;Het laatste linkse kabinet was ruim 50 jaar geleden. Wist je trouwens dat links tegen het binnenhalen van gastarbeiders uit o.a. Turkije en Marokko was?  Dat het laatste linkse kabinet dit ook onmiddellijk stopte?;3.0;;14;314;gastarbeiders;2024-10-07 10_50_22.360731;0.030708286911249;0.000016976384359;0.000215338950511;0.000034119402699;0.000037812438677;0.010512248612940;0.000079703175288;5. Is neutral.
45;7b0231efc8d87377;50e98a278d9f498c;ddbb547b7042316e;2024-09-27T21:28:44.000Z;"Goede oude Nederlandse mentaliteit: we hebben je nodig en wanneer niet meer kan je wel stikken. Deden ze met kolonies, gastarbeiders en immigranten. Wie verbaast zich nog over dit kabinet?
#Afghanen";4.0;9.0;31;492;gastarbeiders;2024-10-07 10_50_22.360731;0.869331300258636;0.756503164768219;0.002579338150099;0.000083625447587;0.000018194874428;0.869246363639832;0.010495189577341;1. Against immigration, migrants, foreigners, refugees, or Muslims.
46;b1fe46d3343fbf24;481cf487bc5a5e60;69ae89ffac055d21;2024-09-28T07:59:33.000Z;Banen in slachthuizen. Vooral gastarbeiders. In de bouw kunnen ze het dubbele verdienen.;;;3;64;gastarbeiders;2024-10-07 10_50_22.360731;0.061233203858137;0.000651609094348;0.001613353961147;0.000408643973060;0.000092367292382;0.174953177571297;0.022037392482162;5. Is neutral.
47;5e56819582de263d;ac594214fd8448c8;fbbfb806752ec7d2;2024-09-30T07:07:30.000Z;Ik zag een reportage over een tentoonstelling van de 1e generatie gastarbeiders. Bijzonder was dat de geïnterviewde Nederturkse moeder/oma tot op heden gebrekkig Nederlands spreekt.;1.0;;2;119;gastarbeiders;2024-10-07 10_50_22.360731;0.020143494009972;0.000001636243610;0.000169396051206;0.000712503038812;0.000674804090522;0.001906299730763;0.000285003101453;5. Is neutral.
48;96ad70cbaea46f0d;62ca5c3ba92a473f;7b1f5f70d8fe4899;2024-09-29T20:51:11.000Z;Hoezo mijn vieze werk? Dat doe ikzelf. Dat doet geen enkele allochtoon voor mij. Daarnaast associeer jijzelf deze criminelen met gastarbeiders.;1.0;;2;38;gastarbeiders;2024-10-07 10_50_22.360731;0.667727351188660;0.000110345805297;0.000007505524081;0.000014834223293;0.000000544461670;0.023179307579994;0.000018862607249;1. Against immigration, migrants, foreigners, refugees, or Muslims.
49;b86c73dfc6ef3648;cc0d74e5d5dfa200;26e5349912c9603b;2024-09-30T06:51:46.000Z;CDA is inderdaad een naar clubje. Stonden aan het begin van veel ellende zoals de verkwanseling van aardgasbaten en de golven gastarbeiders.;;;3;37;gastarbeiders;2024-10-07 10_50_22.360731;0.195808961987495;0.000074728704931;0.000080201571109;0.000415108748712;0.000109692737169;0.008098462596536;0.001144194277003;1. Against immigration, migrants, foreigners, refugees, or Muslims.
50;d531df14f03a06d3;65256347c323244f;7f31f4ac37bf41f0;2024-09-28T09:24:01.000Z;Jij bent een kind van gastarbeiders. Dus niet de Servische agressie op de Balkan meegemaakt. Je hebt dus wel meegemaakt dat mensen van de Balkan hierheen vluchtten. Ik heb het zelf meegemaakt. Er waren GEEN alleenstaande mannen die vluchtten. Waarom doen de Arabieren dit wel?;1.0;2.0;25;572;gastarbeiders;2024-10-07 10_50_22.360731;0.235739901661873;0.000001045876957;0.000196078297449;0.000636290060356;0.001012227265164;0.062135260552168;0.000752530584577;1. Against immigration, migrants, foreigners, refugees, or Muslims.
51;b725990e7a5efcdb;ac6daa267840c064;31f0bd1d18e1f0f5;2024-10-06T10:17:09.000Z;"Hamas ontvoert en verkracht vrouwen, doodde kinderen, onthoofdden Thaise gastarbeiders, stak mensen in brand. En burgers juichten dat toe.

Geef gewoon toe dat je dat fijne beelden vind. En dat je Israel weggevaagd wil hebben.";3.0;;2;85;gastarbeiders;2024-10-07 10_50_22.360731;0.610492587089539;0.008854884654283;0.000021629346520;0.196791380643845;0.143031135201454;0.909420251846314;0.279247879981995;6. Other: Criticizes support for Hamas actions.
52;b7f856e7588cfd43;7e55ade1ea5698fc;e5813a2b6a2ca5ac;2024-10-04T17:37:10.000Z;"Ja, prima verhaal. Over de jaren 60-70 volgende. 
In 1970 deed ik vakantiewerk bij Unox in Oss (ik was 15). Bij Unox (Unilever) werkten 500 Tukse gastarbeiders, 400 Spanjaarden en een paar honderd Belgische gastarbeiders. Door het bedrijf hier naar toe gehaald en inderdaad, dat";1.0;;2;54;gastarbeiders;2024-10-07 10_50_22.360731;0.031367931514978;0.000203629781026;0.000196353706997;0.001363761723041;0.006634796038270;0.005920092575252;0.001378056127578;5. Is neutral.
53;e68f78864108e09a;c3bc92e38d923fc4;597acb1767544810;2024-10-02T17:33:31.000Z;Toen de gastarbeiders kwamen was NL allang weer opgebouwd. Niks ten nadele van DIE mensen, maar de 4e generatie die gilt dat hun voorouders NL hebben opgebouwd: NEE..........;1.0;;2;23;gastarbeiders;2024-10-07 10_50_22.360731;0.112549699842930;0.000070228212280;0.000006272255632;0.000028391976230;0.000032343301427;0.006981707178056;0.000025515922971;1. Against immigration, migrants, foreigners, refugees, or Muslims.
54;12d4934587d3858d;9b27118be8275181;3c202c121c78e39f;2024-10-04T13:36:56.000Z;Dat is al zo sinds de binnenkomst van gastarbeiders omstreeks 1970. Goedkope arbeid hield verkeerde bedrijfstakken in ons land, de goeie vertrokken of zijn recent weggejaagd met belastingmaatregelen en haat tegen ondernemers.;;;2;43;gastarbeiders;2024-10-07 10_50_22.360731;0.061957191675901;0.000117806928756;0.000090865280072;0.000010756259144;0.000010311870938;0.024585198611021;0.001585742458701;1. Against immigration, migrants, foreigners, refugees, or Muslims.
55;748ad08b5bce99c3;7609de419b35539d;c85aab6690fb353f;2024-10-04T18:39:35.000Z;Tijdens interviews op straat door de Duitse publieke omroep hoor je zelfs steeds vaker dat bijv. ook Turkse gastarbeiders genoeg hebben van de illegale massa-immigratie. Maar dat horen ze toch liever niet. De wereld op z'n kop.;1.0;5.0;33;1,1K;gastarbeiders;2024-10-07 10_50_22.360731;0.118549950420856;0.000048056106607;0.000912471150514;0.000158290044055;0.000292673299555;0.027109831571579;0.000755076354835;1. Against immigration, migrants, foreigners, refugees, or Muslims.
56;76f8dc5e600243ce;a65c4bcfec9c8f74;a1214e9c0b894410;2024-09-27T20:21:03.000Z;Dat is niet waar. Natuurlijk wilden de gastarbeiders destijds hun cultuur meenemen. Integreren wil niet zeggen dat je je cultuur volledig verloochent. Ikzelf zou bepaalde culturele zaken meenemen vanuit België mocht ik verhuizen en het is belachelijk om te doen alsof dat fout is;1.0;;3;404;gastarbeiders;2024-10-07 10_50_22.360731;0.024399973452091;0.000001579170544;0.000053673487855;0.000020737612431;0.000011491901205;0.011720953509212;0.000212901140912;2. In support of immigration, migrants, foreigners, refugees, or Muslims.
57;283852a03f2becbe;a0fa7e33d3b6e588;09542772e4404112;2024-09-24T18:56:21.000Z;"Wow, een resumé van de trucs van ⁦@DilanYesilgoz⁩ . 
“Daarom eiste de PvdA dat gastarbeiders maar 2 jaar mochten blijven. En wat deed de VVD? Die eiste dat Turken en Marokkanen het recht kregen om hun gezin mee te nemen. Zei iemand gezinshereniging?”";;;;88;gastarbeiders;2024-10-07 10_50_22.360731;0.026635996997356;0.000064870044298;0.000005893348316;0.000145816549775;0.001072296523489;0.053071215748787;0.009794739075005;5. Is neutral.
58;ba9d485035522a44;da234f602db8b874;c38c746509cffe05;2024-09-27T08:13:01.000Z;Ik ken het uit mijn jeugd, bij vriendinnen van mijn moeder die in elkaar werden geslagen door hun mannen. Lang voor er gastarbeiders kwamen. Gewone meneren die in pak naar hun werk gingen in hun Opel. Ik ken n jonge vrouw die kort geleden bijna gewurgd werd door haar man.;2.0;;1;30;gastarbeiders;2024-10-07 10_50_22.360731;0.055980507284403;0.000158518872922;0.045149590820074;0.018412942066789;0.000814015627839;0.621003687381744;0.061561554670334;6. Other: domestic violence not immigration related.
59;bd828efd09a37397;f46cf2b95a332ba2;c8083fd928f6ceb1;2024-09-20T19:33:37.000Z;De VVD wilde gastarbeiders naar Nederland halen, want de werkgevers (en dat vinden ze nog steeds) zijn williger, gehoorzamer en goedkoper. Het is vooral en met en met name de VVD, men Wilders, de berg volksverlakker waar u uitgekropen bent, omdat u daar zelfs niet tussen paste.;;;1;48;gastarbeiders;2024-10-07 10_50_22.360731;0.263691484928131;0.000442596938228;0.001427509356290;0.000096883792139;0.000040312766941;0.091225899755955;0.000275756668998;1. Against immigration, migrants, foreigners, refugees, or Muslims.
60;210898f6651d8834;23281e501744c763;98160ba83dfe1ecf;2024-08-30T23:24:37.000Z;"Precies.   De eerste gastarbeiders kwamen begin 60.
Die werkten vrijwel allemaal.";1.0;1.0;3;236;gastarbeiders;2024-10-07 10_50_22.360731;0.012190600857139;0.000033639080357;0.000580284686293;0.000862706452608;0.000278234074358;0.002660875907168;0.000242456502747;5. Is neutral.
61;9bc6d60900c0f8d6;af0ea405278c597e;c32b90b43f824191;2024-08-27T22:18:29.000Z;Mag je niet zeggen Wierd, maar wat heb je gelijk. Ik was 8 jaar in 1955 heb het allemaal meegemaakt in Nederland. De Hongaarse vluchtelingen, de gastarbeiders, de Tsjechische vluchtelingen na de Praagse Lente en ga maar door. Onvergelijkbaar met wat er op dit moment gebeurt;;;9;493;gastarbeiders;2024-10-07 10_50_22.360731;0.011394234374166;0.000000880468292;0.000003589295829;0.000296916579828;0.000823718437459;0.006978490855545;0.001338818110526;1. Against immigration, migrants, foreigners, refugees, or Muslims.
62;f196b74d5249218f;b437c188e2d84d32;f29ced99b79e25dc;2024-09-05T17:32:48.000Z;Verreweg de meeste Italiaanse en Spaanse gastarbeiders keerden terug naar hun land!!!;2.0;1.0;9;157;gastarbeiders;2024-10-07 10_50_22.360731;0.127928897738457;0.000023825381504;0.001974884886295;0.000073441100540;0.000019546192561;0.001481926301494;0.000009943074474;5. Is neutral.
63;71f1fa24ae34ef22;f1c182e54245d2b7;a002abd51fb44e09;2024-09-16T04:34:44.000Z;Dat mensen kansen moeten krijgen om te integreren. Nederland kan niet weer de fouten maken die ze met de gastarbeiders in de jaren 60 maakten.;2.0;;;130;gastarbeiders;2024-10-07 10_50_22.360731;0.033839050680399;0.000016423986381;0.000001101230851;0.000022331973014;0.000020916128051;0.008877641521394;0.000082890728663;2. In support of immigration, migrants, foreigners, refugees, or Muslims.
64;87486a5598d57ebe;5b2ab6f43d9bee59;ee5a48f57d345fcd;2024-08-19T12:34:26.000Z;Podcast De Dag: 60 jaar Turkse gastarbeiders in Nederland;24.0;2.0;11;21K;gastarbeiders;2024-10-07 10_50_22.360731;0.003381410380825;0.000079587880464;0.000025923711291;0.003158856881782;0.001336314366199;0.002413949929178;0.000304787565256;5. Is neutral.
65;c10c226def4404d9;ade77a82af47447d;6cf7b68127143870;2024-09-13T09:11:28.000Z;Wat in de jaren 60/70 begon met 'gastarbeiders'.....;;;1;13;gastarbeiders;2024-10-07 10_50_22.360731;0.087305761873722;0.000123080346384;0.000010234581168;0.000067003114964;0.000138250397868;0.005049700848758;0.001567214960232;1. Against immigration, migrants, foreigners, refugees, or Muslims.
66;21ffeb6146bc1915;51764b97c1f56709;73b6d156e75a8c1f;2024-09-22T09:46:25.000Z;"Zitten we niet te wachten op weer een godsdienst? De eerste gastarbeiders kwamen, met hun religie, in de jaren 50/60. Die ""nieuwe"" godsdienst is dus al een jaartje of 70 in ons land.";2.0;;4;421;gastarbeiders;2024-10-07 10_50_22.360731;0.030566288158298;0.000006891999874;0.000007562406154;0.000028646267310;0.000095651776064;0.003042474389076;0.000295981939416;1. Against immigration, migrants, foreigners, refugees, or Muslims.
67;8e49d3b739ab2594;534a4d9b27e87da0;353588cd3dd6d774;2024-09-12T06:17:54.000Z;"En degene die niet werken, worden die geweigerd?

Toen we nog gastarbeiders hadden werkte het prima
Niet werken, lekker weer naar huis

Rond 1982 was er ook tekort aan werkkrachten

Het toverwoord was automatiseren";;;;3;gastarbeiders;2024-10-07 10_50_22.360731;0.248775690793991;0.000834192382172;0.000186566467164;0.000066318178142;0.000027402667911;0.047523822635412;0.000293977325782;1. Against immigration, migrants, foreigners, refugees, or Muslims.
68;085b5d7cb1c4b235;2b4923ac43fd2652;94dc68c32f17ecd1;2024-08-09T12:54:44.000Z;Het probleem met deze puber is, dat hij niet beter weet. Hij heeft geen notie van de tijd voor de massale toestroom van gastarbeiders, gezinshereniging, massale toestroom van zgn ‘vluchtelingen’, wij senioren of boomers hebben dat wel! Dat is het verschil!;1.0;;3;88;gastarbeiders;2024-10-07 10_50_22.360731;0.025736145675182;0.000005804438388;0.000015101140889;0.000498228997458;0.001270363456570;0.010308174416423;0.000080820223957;1. Against immigration, migrants, foreigners, refugees, or Muslims.
69;bdcb3c594ae5ed89;2b4923ac43fd2652;94dc68c32f17ecd1;2024-08-30T21:12:57.000Z;De gastarbeiders kwamen na de opbouw van Nederland, het was hoogconjuctuur er viel weinig meer op te bouwen.;;;7;104;gastarbeiders;2024-10-07 10_50_22.360731;0.013589640147984;0.000145332378452;0.001115042367019;0.000055555265135;0.000024427892640;0.004054988734424;0.000552017532755;5. Is neutral.
70;11c78cdfcd4ded75;ac46e0a99e1e3edf;5a0285521e1af22a;2024-08-24T03:08:19.000Z;Ik zie een zekere overeenkomst met de selectie van gastarbeiders in de jaren zeventig, geen echte selectie, dat kost immers geld.;;;;13;gastarbeiders;2024-10-07 10_50_22.360731;0.050017353147268;0.000476786692161;0.000083214654296;0.000050094353355;0.000134416564833;0.041620440781116;0.000472410261864;5. Is neutral.
71;fdfe26f7cdfca6ab;4f866134b2a7fdb7;efa56f68c617a710;2024-09-05T13:53:28.000Z;Het ontbrekende detail in #VaarwelVaderland van @OmroepMAX: de ontheemde gezinnen uit Indonesië betaalden de hoofdprijs voor hun gedwongen verblijf in #contractpensions. Die als opvanglocaties vervolgens op uitgekookte wijze geëxploiteerd werden voor de opvang van gastarbeiders.;;3.0;4;272;gastarbeiders;2024-10-07 10_50_22.360731;0.003703943220898;0.000018743146939;0.000028191780075;0.000866237678565;0.000241028887103;0.035329580307007;0.001343536539935;5. Is neutral.
72;b9a010e1a9a79d19;1d568bc6bf3c9ead;9dfa69920d236bd2;2024-09-23T19:22:20.000Z;Deze barbaren zijn ooit hierheen gehaald als GASTARBEIDERS om de economie te boosten. Soit. Maar op de premisse dat ze TERUG zouden gaan! Niet om de rest van hun (vaak achterlijke) familie ook nog eens hierheen te laten komen. Dat is helaas in 2005 al vastgelegd in de EVRM.;;;4;79;gastarbeiders;2024-10-07 10_50_22.360731;0.804923176765442;0.000102015699667;0.000003644046046;0.000026203881134;0.000006670338280;0.208164542913437;0.001017776783556;1. Against immigration, migrants, foreigners, refugees, or Muslims.
73;0a0bf103dd4e259f;d1431cb52feaa021;a21389091bcf938d;2024-09-05T06:42:32.000Z;True story. Conservatisme is ook te merken op de middelbare scholen in Amsterdam. Het is net de Turkse cultuur toen de gastarbeiders naar Nederland kwamen. Vooral als het gaat liefdesrelaties. Ik weet niet wat ik meemaak.;;;2;596;gastarbeiders;2024-10-07 10_50_22.360731;0.036469932645559;0.000000480523852;0.000177924710442;0.000755006563850;0.007577391341329;0.000840417866129;0.000256351806456;5. Is neutral.
74;151b7e2ca019e725;3ff41ca81c424737;50118ba59067f24c;2024-09-23T08:30:09.000Z;"Dat was vroeger al 70-tiger jaren. Achter op de vuilniswagen stonden enkel autochtonen, terwijl men dacht dat de turken juist als gastarbeiders kwamen om het vuile werkt te doen waar Nederlanders hun neus voor optrokken...
Tsja in  die tijd verdiende ze FL 2.600 bruto/mnd ! Een";1.0;;5;203;gastarbeiders;2024-10-07 10_50_22.360731;0.326303929090500;0.000049468857469;0.000108660613478;0.000149607978528;0.000688252446707;0.010743191465735;0.001835206407122;5. Is neutral.
75;478ee5068c3e166a;b7ba366af35cfabe;aaad6f322f465edf;2024-08-31T07:33:13.000Z;Klopt niet. De eerste gastarbeiders werden vooral ingezet in de industrieën die opgegeven waren zoals de textiel, auto en de mijnindustrie.;;2.0;10;127;gastarbeiders;2024-10-07 10_50_22.360731;0.002688200213015;0.000011599053323;0.000154302455485;0.000043973963329;0.000074939714978;0.003028777893633;0.000271141936537;5. Is neutral.
76;295ecb6779aec721;1b4c2ad6238e60b8;6b8590b87794a9e4;2024-09-04T15:05:47.000Z;De onvoorstelbare luxe: Bijbelvertalingen voor iedere soort gebruiker. Gratis Nieuwe Testamenten in alle talen van vluchtelingen en gastarbeiders. Maar de verspreiding van de HSV gaat de kerk de das om doen. Get a life people!;;;2;92;gastarbeiders;2024-10-07 10_50_22.360731;0.141281932592392;0.000080866091594;0.000385967374314;0.000284705456579;0.000026184598028;0.035246774554253;0.001189458998851;5. Is neutral.
1;fe35887bad7f8f24;03073f718ed81d74;da85485925c0c26c;2024-09-30T14:12:07.000Z;De eerste moslimmigranten in Nederland waren geen #Turkse en #Marokkaanse gastarbeiders, maar #Indonesiërs en #Surinamers uit de koloniën, toont de eerste tentoonstelling van het @moslimarchief. Zie link hieronder voor het hele verhaal.  https://buff.ly/3Y3uPbd #islam #moslims;1.0;6.0;5;663;gastarbeiders;2024-10-04 12_38_17.294265;0.001282870885916;0.000006954990113;0.000000179558015;0.000070416244853;0.000038689613575;0.000098706426797;0.000019353936295;5. Is neutral.
2;9059bf4c9b2ec438;bfa2700b7775420c;a5b3883b42d627ac;2024-10-01T17:01:19.000Z;Het wrange is dat de VVD/werkgevers voor de eerste golf van Marokkaanse en Turkse gastarbeiders heeft gezorgd, de PvdA was daar tegen.;;;2;130;gastarbeiders;2024-10-04 12_38_17.294265;0.063295356929302;0.000019535811589;0.000068664252467;0.000045811804739;0.000088888140453;0.008044705726206;0.000172026295331;5. Is neutral.
3;7e35a8a6ffb6bb49;9423e9de4698b5e8;f922e83e14545af6;2024-10-03T17:02:39.000Z;"kleine reminder een 50 jaar geleden was de campagne van het vlaams blok: 400.000 werklozen waarom nog gastarbeiders?

Het is dus nooit goed.";;;2;272;gastarbeiders;2024-10-04 12_38_17.294265;0.093890316784382;0.000104323997220;0.000016817166397;0.000050426984672;0.000047609177273;0.006485436111689;0.000051647628425;1. Against immigration, migrants, foreigners, refugees, or Muslims.
4;1c37d1deda7849cd;5de4b0694632ebd0;2350ab61a96bb83c;2024-09-26T17:07:38.000Z;Inderdaad, de corrupte Midden-Europese elite ondermijnt de Europese veiligheid door Russische gastarbeiders toe te laten in Hongarije, en daarmee ook in de gehele Schengen-zone. Dit geeft Rusland vrij spel om spionageactiviteiten te ontplooien in Europa, wat de hybride;2.0;10.0;19;2,1K;gastarbeiders;2024-10-04 12_38_17.294265;0.240669101476669;0.000135178386699;0.000125221398775;0.003720322623849;0.000231256039115;0.037941008806229;0.000414347712649;1. Against immigration, migrants, foreigners, refugees, or Muslims.
5;5bf47a34dc45f082;802c3b4801afc8c8;2068287c1efb63f7;2024-09-24T17:06:38.000Z;De VVD ... sloot wervingsverdragen af met Turkije en Marokko... En wie was er kritisch? Juist, ja. De PvdA... Daarom eiste de PvdA dat gastarbeiders maar twee jaar mochten blijven. En wat deed de VVD? Die eiste dat Turken en Marokkanen... hun gezin mee mochten nemen...;3.0;1.0;9;1,7K;gastarbeiders;2024-10-04 12_38_17.294265;0.057232487946749;0.000074472096458;0.000173580876435;0.000056071330619;0.000433105364209;0.052814319729805;0.004301172215492;1. Against immigration, migrants, foreigners, refugees, or Muslims.
6;5e56819582de263d;ac594214fd8448c8;fbbfb806752ec7d2;2024-09-30T07:07:30.000Z;Ik zag een reportage over een tentoonstelling van de 1e generatie gastarbeiders. Bijzonder was dat de geïnterviewde Nederturkse moeder/oma tot op heden gebrekkig Nederlands spreekt.;1.0;;2;101;gastarbeiders;2024-10-04 12_38_17.294265;0.020143494009972;0.000001636243610;0.000169396051206;0.000712503038812;0.000674804090522;0.001906299730763;0.000285003101453;5. Is neutral.
7;9bd2f17c8a7a2e81;b8f5b09425eb8025;457190826e0f2ea1;2024-09-25T10:19:13.000Z;Was er dan niemand kritisch in die tijd? Jazeker. De PvdA. De linkse partij waarschuwde voor verdringing van Nederlandse werknemers en de druk op de lonen. Daarom eiste de PvdA dat gastarbeiders maar twee jaar mochten blijven.;6.0;32.0;243;8,5K;gastarbeiders;2024-10-04 12_38_17.294265;0.011446328833699;0.000059359772422;0.000261230656179;0.000034835087718;0.000183915530215;0.006249436177313;0.000586216454394;1. Against immigration, migrants, foreigners, refugees, or Muslims.
8;6d2a07b64da2da5f;e43a432804eb97e5;d449a3fb17e2e49c;2024-09-28T14:56:50.000Z;"Mijn ouders waren gastarbeiders.
Mijn vader heeft in de kool mijnen gewerkt. 
Ikzelf heb het Nederlands moeten leren en ben daar heel dankbaar voor dat ik de kans heb gekregen. 
Ik heb het geluk gehad om te kunnen bijdragen aan de maatschappij en de maatschappij is goed voor mij";;;4;33;gastarbeiders;2024-10-04 12_38_17.294265;0.001773084397428;0.000001415060183;0.000084976993094;0.000132341738208;0.000092944697826;0.002136176452041;0.000623739906587;2. In support of immigration, migrants, foreigners, refugees, or Muslims.
9;7b0231efc8d87377;50e98a278d9f498c;ddbb547b7042316e;2024-09-27T21:28:44.000Z;"Goede oude Nederlandse mentaliteit: we hebben je nodig en wanneer niet meer kan je wel stikken. Deden ze met kolonies, gastarbeiders en immigranten. Wie verbaast zich nog over dit kabinet?
#Afghanen";4.0;9.0;31;486;gastarbeiders;2024-10-04 12_38_17.294265;0.869331300258636;0.756503164768219;0.002579338150099;0.000083625447587;0.000018194874428;0.869246363639832;0.010495189577341;1. Against immigration, migrants, foreigners, refugees, or Muslims.
10;f020be1960c2f966;77fd91771febafff;9dedcae3ea4a2e6a;2024-09-27T06:16:10.000Z;Mensen en dus ook kinderen kunnen walgelijk zijn. We krijgen via de oveheid en de media te horen dat elk kind veilig moet zijn op school. Iets van 50 jr geleden trof mijn moeder een mes bij mijn jongste broertje aan. Alle jongens van gastarbeiders hebben een mes zei hij, ik moet;1.0;;7;507;gastarbeiders;2024-10-04 12_38_17.294265;0.202125370502472;0.000712905777618;0.001355989021249;0.000150057021528;0.000192788065760;0.628342926502228;0.066680260002613;1. Against immigration, migrants, foreigners, refugees, or Muslims.
11;778dbdb7a4e213dd;53d270584589c258;5e894b9736aa44ed;2024-10-02T03:37:25.000Z;Het laatste linkse kabinet was ruim 50 jaar geleden. Wist je trouwens dat links tegen het binnenhalen van gastarbeiders uit o.a. Turkije en Marokko was?  Dat het laatste linkse kabinet dit ook onmiddellijk stopte?;3.0;;14;311;gastarbeiders;2024-10-04 12_38_17.294265;0.030708286911249;0.000016976384359;0.000215338950511;0.000034119402699;0.000037812438677;0.010512248612940;0.000079703175288;5. Is neutral.
12;327f2db6bf3baf85;409da36e6425b14b;d2d10dc64d724a69;2024-10-02T15:17:50.000Z;Laatst zei iemand toch dat het de gastarbeiders waren die Nederland hebben opgebouwd? Nou, wellicht waren het lesbische Afrikaanse vrouwen die Nederland hebben bevrijd. Wist jij dat?;3.0;;5;224;gastarbeiders;2024-10-04 12_38_17.294265;0.058801222592592;0.000100905584986;0.000010336741980;0.004760853946209;0.000338468060363;0.048350516706705;0.000657081371173;1. Against immigration, migrants, foreigners, refugees, or Muslims.
13;96ad70cbaea46f0d;62ca5c3ba92a473f;7b1f5f70d8fe4899;2024-09-29T20:51:11.000Z;Hoezo mijn vieze werk? Dat doe ikzelf. Dat doet geen enkele allochtoon voor mij. Daarnaast associeer jijzelf deze criminelen met gastarbeiders.;1.0;;2;33;gastarbeiders;2024-10-04 12_38_17.294265;0.667727351188660;0.000110345805297;0.000007505524081;0.000014834223293;0.000000544461670;0.023179307579994;0.000018862607249;1. Against immigration, migrants, foreigners, refugees, or Muslims.
14;a28797774d570ac3;07bd5ed0e667e1be;7d25f32ba8a80124;2024-09-25T10:44:58.000Z;En vergeet niet dat toen de werkloosheid hoog was en o.a. deze Turkse gastarbeiders minder productief waren, ze in de WAO werden gedumpt door de werkgevers. De Nederlandse taal niet spreken woog mee als criterium. En Kok ( PVDA) heeft de WAO vereisten daarna aangepast.;2.0;;10;910;gastarbeiders;2024-10-04 12_38_17.294265;0.096113115549087;0.000035468674469;0.000527076830622;0.000054616823036;0.000122019751870;0.009829771704972;0.000119303229439;5. Is neutral.
15;6ec697df004dc94a;14329ccd3f623107;b7a0d74012750e36;2024-10-03T20:52:23.000Z;Nog meer gastarbeiders.;1.0;11.0;12;267;gastarbeiders;2024-10-04 12_38_17.294265;0.237369477748871;0.000192167208297;0.000004607744813;0.000066604261519;0.000043067200750;0.025498101487756;0.000066754968429;1. Against immigration, migrants, foreigners, refugees, or Muslims.
16;69be6eeaa2af63e6;b8f5b09425eb8025;457190826e0f2ea1;2024-09-25T10:20:44.000Z;"We hadden dus een rechtse partij die actieve werving van gastarbeiders mogelijk maakte en zelfs gezinshereniging stimuleerde. Die actieve werving werd in 1973 door het kabinet-Den Uyl gestaakt; het wervingsverdrag werd gestopt. Voor de jonge lezers: Den Uyl was geen VVD’er.";2.0;35.0;244;7,8K;gastarbeiders;2024-10-04 12_38_17.294265;0.001103162765503;0.000002011528977;0.000017583899535;0.000022072728825;0.000050222159189;0.001977503066882;0.000152105378220;5. Is neutral.
17;d56bd74a66351ee1;a059ebd6b03f65c6;1f5b1c22e960d0a5;2024-09-25T16:34:56.000Z;Goede draad. Voor mensen die twijfelen -> https://historiek.net/gastarbeiders-nederland-betekenis-marokko-turkije/135726/…;;;4;271;gastarbeiders;2024-10-04 12_38_17.294265;0.000765472126659;0.000005600775694;0.000011335855561;0.000064650870627;0.000077715398220;0.000445267447503;0.000051788782002;5. Is neutral.
18;ca595020257713f2;855717c44a2d9a1a;b96c950d445a4eb5;2024-09-27T07:55:25.000Z;Je liegt ook, die gastarbeiders kwamen op het geld af, mijnwerkers waren goed betaald in die tijd in verhouding tot andere arbeiders.  Ze kwamen ook uit regio's in Marokko waar er weinig te verdienen viel.;;;5;135;gastarbeiders;2024-10-04 12_38_17.294265;0.012228545732796;0.000005716902251;0.000115977498353;0.000060303180362;0.000040584513044;0.001394371152855;0.000917628989555;1. Against immigration, migrants, foreigners, refugees, or Muslims.
19;0fdf96b43c995d53;b8f5b09425eb8025;457190826e0f2ea1;2024-09-25T10:18:14.000Z;Wilde de VVD die gastarbeiders dan weren? Welnee, samen met de voorgangers van het CDA werden er complete wervingsverdragen afgesloten met Turkije en Marokko. Sterker: er werden kantoren geopend om mensen naar Nederland te halen.;2.0;15.0;201;7,9K;gastarbeiders;2024-10-04 12_38_17.294265;0.025449633598328;0.000120057578897;0.000085750318249;0.000004186432307;0.000010184079656;0.012911821715534;0.000283574685454;5. Is neutral.
20;d531df14f03a06d3;65256347c323244f;7f31f4ac37bf41f0;2024-09-28T09:24:01.000Z;Jij bent een kind van gastarbeiders. Dus niet de Servische agressie op de Balkan meegemaakt. Je hebt dus wel meegemaakt dat mensen van de Balkan hierheen vluchtten. Ik heb het zelf meegemaakt. Er waren GEEN alleenstaande mannen die vluchtten. Waarom doen de Arabieren dit wel?;1.0;2.0;25;569;gastarbeiders;2024-10-04 12_38_17.294265;0.235739901661873;0.000001045876957;0.000196078297449;0.000636290060356;0.001012227265164;0.062135260552168;0.000752530584577;1. Against immigration, migrants, foreigners, refugees, or Muslims.
21;b86c73dfc6ef3648;cc0d74e5d5dfa200;26e5349912c9603b;2024-09-30T06:51:46.000Z;CDA is inderdaad een naar clubje. Stonden aan het begin van veel ellende zoals de verkwanseling van aardgasbaten en de golven gastarbeiders.;;;3;34;gastarbeiders;2024-10-04 12_38_17.294265;0.195808961987495;0.000074728704931;0.000080201571109;0.000415108748712;0.000109692737169;0.008098462596536;0.001144194277003;1. Against immigration, migrants, foreigners, refugees, or Muslims.
22;f43ae2d2188da944;e18ac37a224ffc42;599ca3fbe02e8bd4;2024-09-27T08:08:06.000Z;Hou op deze onzinnige leugen te verspreiden dat gastarbeiders weinig verdienden. De koolputters waren de best betaalde werkers en gastarbeiders kregen hetzelfde loon. Het waren nooit meer dan 15% gastarbeiders trouwens, de rest waren Limburgse zonen en vaders.;;;7;125;gastarbeiders;2024-10-04 12_38_17.294265;0.359955221414566;0.000110212880827;0.000032900399674;0.000085783191025;0.000365037674783;0.028169302269816;0.000063718573074;5. Is neutral.
23;7abd7fd0a29ec95b;5d92b7f26290a31b;c891d71f6a3fca97;2024-09-27T18:50:41.000Z;Het is alsof je de geallieerden de maat gaat nemen om dat die meer luchtaanvallen gepleegd hebben op Duitsland dan andersom. Iran (incl Hamas, Houthi's, Hezbollah) wil alle Israëlieten dood, ook de arabieren en de gastarbeiders. Israël vecht voor haar bestaan en doen dat goed;;;2;150;gastarbeiders;2024-10-04 12_38_17.294265;0.279431700706482;0.065804123878479;0.000953103415668;0.001607819460332;0.000045054650400;0.873110830783844;0.007720812223852;5. Is neutral.
24;388559f24b8f2ca4;e6c3e25d1ee05bda;c314f3e75728631b;2024-09-28T19:06:01.000Z;"Rijk Rechts, was en is bezig met massale immigratie. Eerst Marokkaanse en Turkse gastarbeiders gevolgd door massale arbeidsimport uit Oost-Europa. Verder wordt ondermeer A’dam massaal verhuurd aan expats
en  BUITENLANDSE kopers , dankzij internationale reclame door minister Blok>";1.0;1.0;2;68;gastarbeiders;2024-10-04 12_38_17.294265;0.100053265690804;0.000063943247369;0.000042740990466;0.000157229384058;0.000112634101242;0.005065404810011;0.001056890818290;1. Against immigration, migrants, foreigners, refugees, or Muslims.
25;c1c616ff95bc4a3b;a21e0ba0ca44daea;c82c663964cb358f;2024-09-25T19:43:03.000Z;Zelfde met de PvdA: gastarbeiders en immigranten werden met open armen ontvangen omdat het potentiële vakbondsleden en later PvdA-stemmers waren (dachten ze).;;;3;42;gastarbeiders;2024-10-04 12_38_17.294265;0.180198580026627;0.000012936109670;0.000225536306971;0.000116334820632;0.000083029888629;0.008961139246821;0.000342852232279;5. Is neutral.
26;3a5b051d690cf7b5;5991ce426259a177;5374dd3bfe6e5fd7;2024-10-03T07:40:18.000Z;"De scheefgroei in de maatschappij hebben we vooral te danken aan de PvdA.
Het begon allemaal onder Joop den Uyl met het binnenhalen van gastarbeiders daarna met gezinshereniging. 
DENK is ook voortgekomen dankzij de PvdA.";1.0;1.0;7;82;gastarbeiders;2024-10-04 12_38_17.294265;0.139172807335853;0.000024166134608;0.000022908689061;0.000029659728170;0.000046447723435;0.003264824394137;0.000195638131117;1. Against immigration, migrants, foreigners, refugees, or Muslims.
27;e68f78864108e09a;c3bc92e38d923fc4;597acb1767544810;2024-10-02T17:33:31.000Z;Toen de gastarbeiders kwamen was NL allang weer opgebouwd. Niks ten nadele van DIE mensen, maar de 4e generatie die gilt dat hun voorouders NL hebben opgebouwd: NEE..........;1.0;;2;20;gastarbeiders;2024-10-04 12_38_17.294265;0.112549699842930;0.000070228212280;0.000006272255632;0.000028391976230;0.000032343301427;0.006981707178056;0.000025515922971;1. Against immigration, migrants, foreigners, refugees, or Muslims.
28;d553585439c160d4;c7db0e7ae9b7bc74;d5e6b500af19b582;2024-09-24T18:06:54.000Z;"De actieve werving van gastarbeiders werd in 1973 door het kabinet-Den Uyl gestaakt; het wervingsverdrag werd gestopt. Voor de jonge lezers: Den Uyl was geen VVD’er. /13 @VVD @DilanYesilgoz";1.0;2.0;4;128;gastarbeiders;2024-10-04 12_38_17.294265;0.001415866659954;0.000001443751557;0.000001029103601;0.000245995353907;0.000209000048926;0.000705852406099;0.000102475787571;5. Is neutral.
29;d1def237f4e3c923;e04c4e80256247d1;d143b46ea69311c2;2024-09-27T11:45:26.000Z;Uiteraard waren NIET alle gastarbeiders die toen naar hier kwamen 20 en kinderloos.  Vrouw en kinderen bleven vaak aanvankelijk in het thuisland en kwamen enkele jaren nadien. U hebt geen enkele grond om deze jongedame voor leugenaar uit te maken.;;;1;37;gastarbeiders;2024-10-04 12_38_17.294265;0.006093939766288;0.000040971124690;0.000011859209735;0.000764830445405;0.001562193967402;0.022856881842017;0.000008225906640;5. Is neutral.
30;760ee49448e89123;c7db0e7ae9b7bc74;d5e6b500af19b582;2024-09-24T18:05:27.000Z;En wie was er kritisch? Juist, ja. De PvdA. En dat vanwege de verdringing van Nederlandse werknemers en de druk op de lonen. Daarom eiste de PvdA dat gastarbeiders maar twee jaar mochten blijven. /11 @VVD @DilanYesilgoz;1.0;1.0;3;53;gastarbeiders;2024-10-04 12_38_17.294265;0.012380379252136;0.000080388628703;0.000006022567050;0.000470327824587;0.000224455521675;0.002497338224202;0.000394066271838;1. Against immigration, migrants, foreigners, refugees, or Muslims.
31;1644423ca0d042cb;18c8e698e67a7e81;b02c4b400d921556;2024-09-27T02:01:55.000Z;Ik bedoel dat de gastarbeiders indertijd graag wilde assimileren met hun gastland. Ik denk niet dat ze stonden te springen om hun cultuur of religie te importeren naar hier. Latere generaties hebben die drang meer en meer gekregen wat m.i. de verdeeldheid alleen maar voedt.;1.0;;14;1,2K;gastarbeiders;2024-10-04 12_38_17.294265;0.072240635752678;0.000010811166248;0.000623629603069;0.000028205682611;0.000186195218703;0.017209179699421;0.000544078939129;1. Against immigration, migrants, foreigners, refugees, or Muslims.
32;b1fe46d3343fbf24;481cf487bc5a5e60;69ae89ffac055d21;2024-09-28T07:59:33.000Z;Banen in slachthuizen. Vooral gastarbeiders. In de bouw kunnen ze het dubbele verdienen.;;;3;62;gastarbeiders;2024-10-04 12_38_17.294265;0.061233203858137;0.000651609094348;0.001613353961147;0.000408643973060;0.000092367292382;0.174953177571297;0.022037392482162;5. Is neutral.
33;76f8dc5e600243ce;a65c4bcfec9c8f74;a1214e9c0b894410;2024-09-27T20:21:03.000Z;Dat is niet waar. Natuurlijk wilden de gastarbeiders destijds hun cultuur meenemen. Integreren wil niet zeggen dat je je cultuur volledig verloochent. Ikzelf zou bepaalde culturele zaken meenemen vanuit België mocht ik verhuizen en het is belachelijk om te doen alsof dat fout is;1.0;;3;399;gastarbeiders;2024-10-04 12_38_17.294265;0.024399973452091;0.000001579170544;0.000053673487855;0.000020737612431;0.000011491901205;0.011720953509212;0.000212901140912;2. In support of immigration, migrants, foreigners, refugees, or Muslims.
34;d16f194738296ea7;792177db72000e22;935a9344cd08686c;2024-10-03T05:59:34.000Z;"Checken niet nodig we hebben genoeg gastarbeiders 
gewelddadige beroving NL bejaarden
Grote criminaliteit 
loverboys
straatterreur 
overvallen 
plofkraken 
opsporingverzocht altijd 
Autochtone slachtoffers van dood en verderf 
Mishandelen homo's 
Geen jood veilig";;;2;58;gastarbeiders;2024-10-04 12_38_17.294265;0.961085379123688;0.189353078603745;0.002106743399054;0.058319292962551;0.018454670906067;0.696748137474060;0.002555442042649;1. Against immigration, migrants, foreigners, refugees, or Muslims.
35;09068699085ae6bd;792177db72000e22;935a9344cd08686c;2024-10-03T06:03:22.000Z;"We hebben genoeg gastarbeiders 
Personeel stop svp 
gewelddadige beroving NL bejaarden
Grote criminaliteit 
loverboys
straatterreur 
overvallen 
plofkraken 
opsporingverzocht altijd 
Autochtone slachtoffers van dood en verderf 
Mishandelen homo's 
Geen jood veilig";;;2;161;gastarbeiders;2024-10-04 12_38_17.294265;0.949728190898895;0.202951282262802;0.003492551622912;0.052083205431700;0.013981271535158;0.757861733436584;0.002919116290286;1. Against immigration, migrants, foreigners, refugees, or Muslims.
36;24e560002cf1e8b5;e78be1430d6e1d46;9c3fcdbc3e534f9e;2024-09-25T20:56:19.000Z;"Nope… dat zit Europa niet. Nederland al helemaal niet met per hoofd van de bevolking ónder het Europees gemiddelde.

Die wachtlijst is veroorzaakt door fout politiek beleid, met name door de VVD. Nederlanders staan al decennia op wachtlijsten… ver voor de eerste gastarbeiders.";2.0;;5;136;gastarbeiders;2024-10-04 12_38_17.294265;0.076359242200851;0.000008182225429;0.000014977509636;0.000013658112039;0.000040398084820;0.002005739137530;0.000114902148198;5. Is neutral.
1;0a2a69dc72ae9958;075f118a96e30609;e85d636dcfd44189;2024-09-20T10:21:13.000Z;"Joop den Uyl maakte in 1973 een eind aan de werving van gastarbeiders die door rechts  conservatieve regeringen hierheen waren gehaald.
Job Cohen was staatsecretaris en heeft een strenger vreemdelingenwet ingevoerd. 
Wilders verteld zoals gewoonlijk sprookjes.
#APB2024";158.0;413.0;1,2K;39K;gastarbeiders;2024-10-15 11_09_22.504745;0.041742533445358;0.000043802527216;0.000058228539274;0.000734727538656;0.000263272697339;0.004917001351714;0.000485407450469;5. Is neutral.
2;a3ff8ca9a0fd01a9;28558e49506f1132;b547a3fddb094730;2024-10-10T06:22:30.000Z;"Poolse knokploegen jagen op migranten. ‘Er hangt een ‘pogromsfeer’
Sinds een maand zoeken in Polen zelfbenoemde burgerpatrouilles naar ‘criminele migranten’. In Zyrardów ontvluchtten gastarbeiders de stad. De overheid reageert traag. De bevolking kijkt gelaten toe.Het pand aan de";1.0;;;49;gastarbeiders;2024-10-15 11_09_22.504745;0.190514966845512;0.002289155498147;0.000081077741925;0.000355518917786;0.000006175049748;0.253040224313736;0.003868016647175;1. Against immigration, migrants, foreigners, refugees, or Muslims.
3;f8bf8ab4f9f43cd1;181dcd8ad802c3ff;df9920bc4bc2ffdd;2024-10-13T10:16:21.000Z;[Extra] 60 jaar Turkse gastarbeiders in Hilversum: 'Het woord discriminatie kenden wij toen niet' -  http://hilversumsnieuws.nl/l/343597;;;;185;gastarbeiders;2024-10-15 11_09_22.504745;0.001601013122126;0.000041840299673;0.000001880110290;0.000295160483802;0.001053101615980;0.000810321304016;0.000042940195272;5. Is neutral.
4;981123f0b109a088;fce77c34d3fec987;49389f4662f2a410;2024-09-18T17:48:10.000Z;"Is er nou vanavond alweer een programma/serie over “gastarbeiders”..?

Waarom wordt belastinggeld gebruikt om een politieke mening populair te maken?

En mensen maar klagen over ON, want dit is zeker niet “sturend” bedoeld..(?).";;;;14;gastarbeiders;2024-10-15 11_09_22.504745;0.049534354358912;0.000435083551565;0.000067278364440;0.000033764616092;0.000014765304513;0.080672688782215;0.000340520549798;1. Against immigration, migrants, foreigners, refugees, or Muslims.
5;39ab2d5f5189f6d3;74eb76c43c076b0b;3d8b0c83c4fa6567;2024-10-04T18:15:33.000Z;60 jaar Turkse gastarbeiders in Nederland: een mijlpaal vol hard werk en doorzettingsvermogen. Als derde generatie en raadslid volg ik in de voetsporen van mijn vader, vastberaden om impact te maken op mijn gemeente en hun nalatenschap voort te zetten. #trotsedeventenaar;;;6;255;gastarbeiders;2024-10-15 11_09_22.504745;0.000338429206749;0.000009540777683;0.000004327272563;0.000492441875394;0.001432730234228;0.000202171286219;0.000016814281480;2. In support of immigration, migrants, foreigners, refugees, or Muslims.
6;0cd48403f485ca25;78f0b33e7124c2bc;23e72ec352d2003b;2024-10-10T06:24:22.000Z;"Poolse knokploegen jagen op illegale migranten. ‘Er hangt geen ‘pogromsfeer’ 

Sinds een maand zoeken in Polen heldhaftige burgerpatrouilles naar ‘criminele migranten’. In Zyrardów ontvluchtten gastarbeiders de stad. De overheid reageert traag. De bevolking kijkt tevreden toe.";;;;35;gastarbeiders;2024-10-15 11_09_22.504745;0.037116911262274;0.000774782733060;0.000060054524511;0.000536284816917;0.000021603433197;0.092448949813843;0.002328094560653;1. Against immigration, migrants, foreigners, refugees, or Muslims.
7;4a0a0f1dc292a548;b14ff67048a3b878;0a4b5aeba6d0354a;2024-09-22T18:00:01.000Z;"Vanavond in De Sociëteit om 22:52 uur op NPO2.

Het is 60 jaar geleden dat de eerste Turkse gastarbeiders in Nederland aankwamen. Wat bracht het hen en wat bracht het Nederland? We gaan het er uitgebreid over hebben.";1.0;1.0;2;269;gastarbeiders;2024-10-15 11_09_22.504745;0.001097547356039;0.000003403528581;0.000001468768801;0.000024997751098;0.000182341216714;0.002001691376790;0.000245636561885;5. Is neutral.
8;1c37d1deda7849cd;5de4b0694632ebd0;2350ab61a96bb83c;2024-09-26T17:07:38.000Z;Inderdaad, de corrupte Midden-Europese elite ondermijnt de Europese veiligheid door Russische gastarbeiders toe te laten in Hongarije, en daarmee ook in de gehele Schengen-zone. Dit geeft Rusland vrij spel om spionageactiviteiten te ontplooien in Europa, wat de hybride;2.0;10.0;19;2,1K;gastarbeiders;2024-10-15 11_09_22.504745;0.240669101476669;0.000135178386699;0.000125221398775;0.003720322623849;0.000231256039115;0.037941008806229;0.000414347712649;1. Against immigration, migrants, foreigners, refugees, or Muslims.
9;c1b1642df7e3e153;54107398ec94b895;d08bd88c6c6c4f0c;2024-08-23T13:00:11.000Z;"Hallo @RPlasterk, een onverwachte inkijk. Nu mijn vragen:
Ja, rechts heeft in de beginne #gastarbeiders binnengehaald, maar wie heeft toegestaan of gepromoot om de werkers hun gezinnen te laten overkomen? 
Waarom is niet gekozen voor max 5 jaar en terug, en kan je broertje komen?";;;;22;gastarbeiders;2024-10-15 11_09_22.504745;0.006472241133451;0.000719659496099;0.000035774508433;0.000231158861425;0.000692954636179;0.010353103280067;0.000581772474106;1. Against immigration, migrants, foreigners, refugees, or Muslims.
10;a3c53fba81242a4a;4e0493d6c0d62f06;ac7e99a9635e0de9;2024-08-30T13:35:36.000Z;"Erm? ""Vanaf 1949 begon de Nederlandse overheid actief emigratie te plannen en te bevorderen. In het hoogtepuntjaar van 1952 emigreerden maar liefst 48.690 Nederlanders naar landen als Canada, Australië, Nieuw-Zeeland en de VS""

En dan is er nog iets met nood aan gastarbeiders.";1.0;;3;194;gastarbeiders;2024-10-15 11_09_22.504745;0.001721452339552;0.000055221928051;0.000191594735952;0.000025060622647;0.000055702268583;0.001014581182972;0.000242060836172;5. Is neutral.
11;0c50c75b6eace6af;ae932c905ed7f38e;94517d5598b41322;2024-10-14T10:16:47.000Z;"De Marokkanen zijn hier in de jaren zestig als gastarbeiders gekomen, 60 jaar geleden.

Dit is inmiddels de vierde generatie Marokkanen in Nederland en het zijn precies dezelfde soort etterbakken als die Marokkaanse jochies in de jaren 70 en 80.

Dat volk zalf nooit integreren";1.0;2.0;22;895;gastarbeiders;2024-10-15 11_09_22.504745;0.974821269512176;0.000035733522964;0.000025685012588;0.001042443094775;0.003044786397368;0.013264466077089;0.000904436863493;1. Against immigration, migrants, foreigners, refugees, or Muslims.
12;683c47d8626beb14;d1ab0e625d29882e;23d850348107eb61;2024-10-10T18:20:59.000Z;Begrijpend lezen is aan U voorbijgegaan ?  Net wat ik zeg  , aangepaste mensen . Waarom begin je daar vandaag over ? Deze boodschap is er ene voor radicaal links en hun import vandaag , en we leven vandaag zonder problemen met uw gastarbeiders , dus wat is uw boodschap ?;1.0;;1;25;gastarbeiders;2024-10-15 11_09_22.504745;0.041872348636389;0.000019386485292;0.000350847927621;0.000049880127335;0.000063308354584;0.017864963039756;0.000061738559452;4. Against those that support immigration, migrants, foreigners, refugees, or Muslims.
13;387d290735532a1b;d1ab0e625d29882e;23d850348107eb61;2024-10-10T18:04:48.000Z;Dat zijn Europeanen en die werken overal hier en elders , ook Portugezen, Spanjaarden, Italianen enz . Werken hier als gastarbeiders en zijn geïntegreerd en laten onze cultuur de onze zijn en beleven de hunne thuis ! Maar Afrikanen en mohammedanen daar doelde ik op  !;1.0;;;37;gastarbeiders;2024-10-15 11_09_22.504745;0.072207756340504;0.000007050446584;0.000165558652952;0.000020781762942;0.000010069330528;0.000672859838232;0.000069471607276;1. Against immigration, migrants, foreigners, refugees, or Muslims.
14;c9831e4fda1d6ab3;b74c936a856cecc8;9d4bb69970a2387e;2024-09-16T16:30:59.000Z;De wederopbouw was al in 1955 praktisch voltooid door hardwerkende Nederlanders. Dus nog ver voor de eerste gastarbeiders als goedkope arbeidskrachten naar Nederland kwamen. Overigens eerst uit Zuid-Europa en later in de jaren '60 uit Turkije en Marokko.;1.0;1.0;3;96;gastarbeiders;2024-10-15 11_09_22.504745;0.005713527556509;0.000019490556951;0.000049545244110;0.000007869845831;0.000018569588065;0.001410196651705;0.000071283677244;5. Is neutral.
15;5970588f0bfac3e1;b74c936a856cecc8;9d4bb69970a2387e;2024-10-08T19:16:37.000Z;Weer eentje die het begin niet heeft meegemaakt en met de hardnekkige fabel op de proppen komt. Heel wat Nederlanders die nog graag hadden willen werken zijn toen vervangen door goedkope gastarbeiders. Ze gewoon de steun ingeschopt. Ook indertijd bij ons.;1.0;1.0;4;52;gastarbeiders;2024-10-15 11_09_22.504745;0.083508700132370;0.000056700228015;0.000032076466596;0.000041448209231;0.000046594082960;0.028072502464056;0.000477210414829;1. Against immigration, migrants, foreigners, refugees, or Muslims.
16;83b95a4d30e7ba36;87ad6ecd424bee8c;4352dad08b7db46a;2024-10-14T07:38:44.000Z;Aha. Dan ben ik benieuwd hoe die relatie precies zit. Voor mij blijft het onbegrijpelijk dat vanuit klein groepje van 30.000 Marokkaanse gastarbeiders komende uit een haaks op onze cultuur zo kon/mocht groeien zonder enige eis tot aanpassing.;2.0;;6;186;gastarbeiders;2024-10-15 11_09_22.504745;0.037152756005525;0.000032311821997;0.000130589745822;0.000285921938484;0.000255271559581;0.007297570351511;0.001374914427288;1. Against immigration, migrants, foreigners, refugees, or Muslims.
17;048a895d1cbb4700;10e7d9c072116897;ca22881e6293cd21;2024-09-11T10:35:00.000Z;"Zo'n 60 jaar geleden kwamen de eerste Turkse gastarbeiders naar Nederland. Maar hoe zit het met de vrouwen die hun man achterna reisden? Fotograaf en journalist Çiğdem Yüksel brengt deze verhalen tot leven in haar tentoonstelling en boek ""Je moest eens weten"".";;1.0;4;1,2K;gastarbeiders;2024-10-15 11_09_22.504745;0.001030900864862;0.000019237784727;0.000000741413203;0.000065591615567;0.000055900858570;0.001425236230716;0.000122288925922;5. Is neutral.
18;9176356f8ce340e3;173b83c9110b78cf;0c68f0b24f002e73;2024-10-15T08:40:26.000Z;"Ik durf best met je mee te gaan dat er onder kinderen van asielzoekers cq gastarbeiders, dus 2e of 3e generatie Marokkanen bijvoorbeeld, statistisch meer criminaliteit en dit soort brutaliteit voorkomt.

Onder woonwagenbewoners ook. Of laagopgeleiden.

Maar wat wil je eraan doen?";2.0;;1;49;gastarbeiders;2024-10-15 11_09_22.504745;0.665915906429291;0.000212254366488;0.000469917373266;0.000081006481196;0.000682686630171;0.192568421363831;0.000344599800883;5. Is neutral.
19;81d8835913f21f59;fa581092212eab81;30b99af317e04576;2024-09-21T20:44:03.000Z;Ik kom uit een provinciestadje waar  relatief veel industrie was. Papier- en kartonfabriek, machinefabriek, kabelbomen, landbouw techniek, confectie, blikfabriek, noem maar op. Eind jaren 60 kwamen de gastarbeiders. Eerst Spanjaarden, vrome katholieken, daarna Marokkanen,;2.0;;2;310;gastarbeiders;2024-10-15 11_09_22.504745;0.037382494658232;0.000018129108867;0.000166474259458;0.000009894596587;0.000031391671655;0.001335454871878;0.000592550437432;5. Is neutral.
20;5fbe2ba3750ed2e3;7d1ca70d935c63fa;0748a84f66ca23c0;2024-10-14T08:03:46.000Z;R waren slechts circa 4000 Marokkaanse arbeiders in NL toen het Gastarbeiders project in 1975 beëindigd werd. Alles dat hier daarna binnen is komen hossen heeft hier F*ck all te maken, + zouden we vandaag nog het land uit moeten trappen. Niets dan ellende met die lui;;;11;369;gastarbeiders;2024-10-15 11_09_22.504745;0.915601491928101;0.001658680848777;0.000078904144175;0.000168200189364;0.000096543022664;0.195679813623428;0.000037528570829;1. Against immigration, migrants, foreigners, refugees, or Muslims.
21;34d12e94c164941e;c18a084366abcaab;a418285d7e19e6a8;2024-10-12T18:38:53.000Z;En ook dit: sommigen springen wel verbazingwekkend enthousiast op deze 'uitschuiver' omdat ze zich al lang ergeren aan de populariteit van deze taaie politica geboren in Genk in een Koerdisch gezin van gastarbeiders;;;1;23;gastarbeiders;2024-10-15 11_09_22.504745;0.096027679741383;0.000077686345321;0.000097333650046;0.000087198633992;0.000065358035499;0.003662109142169;0.000191712984815;1. Against immigration, migrants, foreigners, refugees, or Muslims.
22;285e338cd64edc47;0c2fd4270e018360;b3cacd35847179c4;2024-09-04T20:47:00.000Z;"""...de gastarbeiders kwamen de baantjes doen waar wij ons te goed voor voelden'....
Heeft @heindehaas dat echt gezegd?
Da's een leugen. Vraag maar aan Jan Marijnissen:
(2:15) https://youtube.com/watch?v=2SUoSZS5UBo&t=140s…

Hein blokkeert mij volgens goed ""links"" gebruik bij tegenspraak
#vandaaginside";;1.0;9;2,3K;gastarbeiders;2024-10-15 11_09_22.504745;0.006071139127016;0.000018693273887;0.000332939904183;0.001528657041490;0.000450119870948;0.001098467386328;0.000053974683397;6. Other: questioning a statement about immigration.
23;20c4caefbab94d26;1e9a003afea3fb29;04322359a9c6f1df;2024-09-10T09:34:29.000Z;Nederland is een land dat bestaat dankzij grote groepen die van buiten gekomen zijn, vaak als vluchteling, zoals Joden uit Spanje, Hugenoten, soldaten uit Zwitserland, Duitse handelaren en arbeiders, chinezen, Indische mensen, Surinamers, gastarbeiders, vluchtelingen, enz.;1.0;3.0;11;270;gastarbeiders;2024-10-15 11_09_22.504745;0.002915124874562;0.000013162132745;0.000017330965420;0.000050500279031;0.000007848274436;0.000907414359972;0.000175383145688;2. In support of immigration, migrants, foreigners, refugees, or Muslims.
24;a452e04089977a90;b17962edc95ec757;a5929e7ad86fc1a4;2024-10-14T15:46:23.000Z;"Dus liever een gebrek aan empathie voor de mensen die DAGELIJKS met racisme te maken krijgen 

PS: dat madammeke in Denderleeuw heeft dit prachtige land NIET opgebouwd 

Congolese SLAVEN en Italiaanse, Turkse en Marokkaanse GASTARBEIDERS daarentegen…";;;2;339;gastarbeiders;2024-10-15 11_09_22.504745;0.111784890294075;0.000014399988686;0.000009058298929;0.000111129207653;0.000016830066670;0.001893478911370;0.000015098965378;3. Against those that oppose immigration or are negative towards migrants, foreigners, refugees, or Muslims.
25;0eea07acbddad726;d95fb78b57007512;05b507067d50703c;2024-09-28T21:57:01.000Z;En breek de dijken door. Ga vechten met Indonesië. Vul je fabrieken met gastarbeiders. Laat je burgers schurft en polio krijgen. Ga 's- zondags 2x naar de kerk ! Want zo was Nederland in een ver verleden. In een zijn dat niet bestond.;;;1;58;gastarbeiders;2024-10-15 11_09_22.504745;0.652511596679688;0.209749102592468;0.000062628205342;0.000653680646792;0.000107691397716;0.830832540988922;0.000366438413039;6. Other: Critiques nostalgic view of past.
26;71a03a7ec53594e8;a195a1a4fcc35cd3;b2776c41e10c69ea;2024-09-14T09:14:38.000Z;"Never give in for abuis. Wat? Check; hoog conjunctuur alleen (?) bij slavernij rn gastarbeiders. Tuurlijk ook uw gezin (ja, soort '67 Palasteina) oei, oei wij hebben het fout gedaan, dat kost u geld. Emigratie belasting, bij vertrekpoort ff strippen 
https://youtu.be/YySW9cF7N7Y?si=GwkVq-vQOC8i8XsJ…";;;;65;gastarbeiders;2024-10-15 11_09_22.504745;0.130237609148026;0.001613197964616;0.000011783093214;0.001847306382842;0.000378830329282;0.026659583672881;0.003512299386784;1. Against immigration, migrants, foreigners, refugees, or Muslims.
27;9dd598a09ea701fb;fb5bca328c73db67;2189e9c1364d2ee7;2024-10-13T17:21:40.000Z;"de ""Allochtonen"", of de ""Gastarbeiders"" - gasten die voor 50% van de massa  ongewenste gasten werden, gezien het criminele en a-sociale gedrag - zwalk je nogal waar je het eer over jóuw generatie hebt, en dan over de generatie van voor je, ""die ons uit de Tweede Wereldoorlog";1.0;2.0;1;93;gastarbeiders;2024-10-15 11_09_22.504745;0.382495850324631;0.000184263248229;0.000002018674195;0.000032189323974;0.000020294710339;0.008208508603275;0.000014222593563;1. Against immigration, migrants, foreigners, refugees, or Muslims.
28;6ca8c6b232d00577;28e4bc16874f2b89;d6968bbc8954ab99;2024-10-12T15:09:15.000Z;Zestig jaar Turkse gastarbeiders in Hilversum: Zorlu Hançer was één van de eersten;;;;81;gastarbeiders;2024-10-15 11_09_22.504745;0.000638879311737;0.000019460505428;0.000008196775525;0.000449954299256;0.000135162787046;0.001192618045025;0.000052358966059;5. Is neutral.
29;411746cae8ea156b;49ec9289b87de408;d816a91f4356ac0a;2024-09-04T11:31:02.000Z;Op 25 september kan je naar Pakhuis de Zwijger in Amsterdam, waar het boek “Van dankbaar naar strijdbaar” van Bilal Ben Abdelkarim  centraal staat. Het vertelt het verhaal van Marokkaanse Nederlanders die zich niet alleen hebben ontwikkeld van gastarbeiders naar trotse burgers,;;2.0;12;1,3K;gastarbeiders;2024-10-15 11_09_22.504745;0.001799822319299;0.000004686295142;0.000080424440966;0.000025935974918;0.000003163067049;0.003405359108001;0.000028518703402;5. Is neutral.
30;626d513cc3a74c97;9404164a4430e185;45587a3c168cac54;2024-10-12T06:58:16.000Z;"Zestig jaar Turkse gastarbeiders in Hilversum: ""Nederlanders waren heel nieuwsgierig""";;;;1,6K;gastarbeiders;2024-10-15 11_09_22.504745;0.001020268537104;0.000010106205082;0.000008861276001;0.000611208030023;0.000339536054525;0.000201490416657;0.000023505588615;5. Is neutral.
31;5bf47a34dc45f082;802c3b4801afc8c8;2068287c1efb63f7;2024-09-24T17:06:38.000Z;De VVD ... sloot wervingsverdragen af met Turkije en Marokko... En wie was er kritisch? Juist, ja. De PvdA... Daarom eiste de PvdA dat gastarbeiders maar twee jaar mochten blijven. En wat deed de VVD? Die eiste dat Turken en Marokkanen... hun gezin mee mochten nemen...;3.0;1.0;9;1,7K;gastarbeiders;2024-10-15 11_09_22.504745;0.057232487946749;0.000074472096458;0.000173580876435;0.000056071330619;0.000433105364209;0.052814319729805;0.004301172215492;1. Against immigration, migrants, foreigners, refugees, or Muslims.
32;f108355dfc0392cd;da928a3d4fede4d3;31b838d28858eaa4;2024-09-04T21:01:10.000Z;"#VaarwelVaderland
De gastarbeiders en mensen uit Indonesië vertellen over hun reden ,aankomst en leven in Nederland .Boeiend maar ook komt de vraag op ,waarom en wanneer begon het mis te gaan.";;;;125;gastarbeiders;2024-10-15 11_09_22.504745;0.006726731080562;0.000068439767347;0.000388514570659;0.000657023454551;0.000621847517323;0.001095874700695;0.000258036190644;5. Is neutral.
33;283852a03f2becbe;a0fa7e33d3b6e588;09542772e4404112;2024-09-24T18:56:21.000Z;"Wow, een resumé van de trucs van ⁦@DilanYesilgoz⁩ . 
“Daarom eiste de PvdA dat gastarbeiders maar 2 jaar mochten blijven. En wat deed de VVD? Die eiste dat Turken en Marokkanen het recht kregen om hun gezin mee te nemen. Zei iemand gezinshereniging?”";;;;91;gastarbeiders;2024-10-15 11_09_22.504745;0.026635996997356;0.000064870044298;0.000005893348316;0.000145816549775;0.001072296523489;0.053071215748787;0.009794739075005;5. Is neutral.
34;9bc6d60900c0f8d6;af0ea405278c597e;c32b90b43f824191;2024-08-27T22:18:29.000Z;Mag je niet zeggen Wierd, maar wat heb je gelijk. Ik was 8 jaar in 1955 heb het allemaal meegemaakt in Nederland. De Hongaarse vluchtelingen, de gastarbeiders, de Tsjechische vluchtelingen na de Praagse Lente en ga maar door. Onvergelijkbaar met wat er op dit moment gebeurt;;;9;497;gastarbeiders;2024-10-15 11_09_22.504745;0.011394234374166;0.000000880468292;0.000003589295829;0.000296916579828;0.000823718437459;0.006978490855545;0.001338818110526;1. Against immigration, migrants, foreigners, refugees, or Muslims.
35;382159a69884148b;9c25e1e7400d1682;869da18ad076077a;2024-09-20T21:10:55.000Z;niet door rechts conservatieve regeringen. Die zagen alleen geen problemen (niemand niet) bij het door onze grote bedrijven (philips, akzo, aldel, textiel) ronselen van gastarbeiders.;;;;28;gastarbeiders;2024-10-15 11_09_22.504745;0.049617301672697;0.000066370244895;0.000137020804686;0.000327208806993;0.000148365768837;0.002678479067981;0.000963936734479;5. Is neutral.
36;6ec697df004dc94a;14329ccd3f623107;b7a0d74012750e36;2024-10-03T20:52:23.000Z;Nog meer gastarbeiders.;2.0;14.0;16;373;gastarbeiders;2024-10-15 11_09_22.504745;0.237369477748871;0.000192167208297;0.000004607744813;0.000066604261519;0.000043067200750;0.025498101487756;0.000066754968429;1. Against immigration, migrants, foreigners, refugees, or Muslims.
37;7ec52bba49600272;113b6fffd5478091;5e1e332894a82fb2;2024-09-24T14:30:55.000Z;Goed genuanceerd stuk over het #DeenseModel. Dat is zo bijzonder niet. Het is vooral gebaseerd op de EU-opt out, waardoor Denemarken al heel lang net iets strenger kan zijn dan andere landen. Denemarken is van oudsher wars van migranten en heeft ook nooit gastarbeiders gekend.;1.0;;;48;gastarbeiders;2024-10-15 11_09_22.504745;0.028434202075005;0.000001656172230;0.000044981239625;0.000014560408999;0.000018762173568;0.000774520041887;0.000156248381245;5. Is neutral.
38;28910507f52b0706;cad2da138473aea6;165c15b4d84c5c5a;2024-09-11T08:10:44.000Z;"Eating cats and dogs......ik herinner me dat jaaaaaren geleden dezelfde verhalen de ronde deden over Turkse en Marokkaanse gastarbeiders... 

Racisten zijn niet bepaald origineel.";;;;38;gastarbeiders;2024-10-15 11_09_22.504745;0.398987948894501;0.000009056371709;0.000069457099016;0.000119792042824;0.000007219508007;0.341678559780121;0.130309626460075;3. Against those that oppose immigration or are negative towards migrants, foreigners, refugees, or Muslims.
39;f196b74d5249218f;b437c188e2d84d32;f29ced99b79e25dc;2024-09-05T17:32:48.000Z;Verreweg de meeste Italiaanse en Spaanse gastarbeiders keerden terug naar hun land!!!;2.0;1.0;9;161;gastarbeiders;2024-10-15 11_09_22.504745;0.127928897738457;0.000023825381504;0.001974884886295;0.000073441100540;0.000019546192561;0.001481926301494;0.000009943074474;5. Is neutral.
40;08d913debcd3fe0e;221861d3ce8bbe72;d292e70fc4b8b4e4;2024-10-10T15:04:58.000Z;Niks veranderd sinds de #Molukken kampen en de eerste generatie #gastarbeiders in #Nederland. Opvang blijft onmenselijk.;;;;12;gastarbeiders;2024-10-15 11_09_22.504745;0.137711986899376;0.000158221228048;0.000048288326070;0.000167463891557;0.000327908928739;0.018693892285228;0.000492411840241;2. In support of immigration, migrants, foreigners, refugees, or Muslims.
41;d64dbd4a01ed16a4;bde1f5efac7d8c73;9bccea6ce9288bd4;2024-08-31T18:45:21.000Z;Zo kun je ook tegen gastarbeiders aankijken.;;;;127;gastarbeiders;2024-10-15 11_09_22.504745;0.162485301494598;0.000016162159227;0.000000540596261;0.000001315865461;0.000000242726827;0.010180281475186;0.000019111739675;1. Against immigration, migrants, foreigners, refugees, or Muslims.
42;778dbdb7a4e213dd;53d270584589c258;5e894b9736aa44ed;2024-10-02T03:37:25.000Z;Het laatste linkse kabinet was ruim 50 jaar geleden. Wist je trouwens dat links tegen het binnenhalen van gastarbeiders uit o.a. Turkije en Marokko was?  Dat het laatste linkse kabinet dit ook onmiddellijk stopte?;3.0;;14;321;gastarbeiders;2024-10-15 11_09_22.504745;0.030708286911249;0.000016976384359;0.000215338950511;0.000034119402699;0.000037812438677;0.010512248612940;0.000079703175288;5. Is neutral.
43;210898f6651d8834;23281e501744c763;98160ba83dfe1ecf;2024-08-30T23:24:37.000Z;"Precies.   De eerste gastarbeiders kwamen begin 60.
Die werkten vrijwel allemaal.";1.0;1.0;3;240;gastarbeiders;2024-10-15 11_09_22.504745;0.012190600857139;0.000033639080357;0.000580284686293;0.000862706452608;0.000278234074358;0.002660875907168;0.000242456502747;5. Is neutral.
44;21ffeb6146bc1915;51764b97c1f56709;73b6d156e75a8c1f;2024-09-22T09:46:25.000Z;"Zitten we niet te wachten op weer een godsdienst? De eerste gastarbeiders kwamen, met hun religie, in de jaren 50/60. Die ""nieuwe"" godsdienst is dus al een jaartje of 70 in ons land.";2.0;;4;425;gastarbeiders;2024-10-15 11_09_22.504745;0.030566288158298;0.000006891999874;0.000007562406154;0.000028646267310;0.000095651776064;0.003042474389076;0.000295981939416;1. Against immigration, migrants, foreigners, refugees, or Muslims.
45;327f2db6bf3baf85;409da36e6425b14b;d2d10dc64d724a69;2024-10-02T15:17:50.000Z;Laatst zei iemand toch dat het de gastarbeiders waren die Nederland hebben opgebouwd? Nou, wellicht waren het lesbische Afrikaanse vrouwen die Nederland hebben bevrijd. Wist jij dat?;3.0;;6;240;gastarbeiders;2024-10-15 11_09_22.504745;0.058801222592592;0.000100905584986;0.000010336741980;0.004760853946209;0.000338468060363;0.048350516706705;0.000657081371173;1. Against immigration, migrants, foreigners, refugees, or Muslims.
46;c37cf0b6c47ff994;77fd91771febafff;9dedcae3ea4a2e6a;2024-09-16T09:57:30.000Z;Onze nakomeling was boos. Mijn jongste broertje was boos, omdat een kind van gastarbeiders hem verteld had dat Nederland later van hen zou zijn. Wij moesten daar toen om lachen. We zijn nu iets van 50 jr verder. Binnen een eeuw was het midden oosten geïslamiseerd.;4.0;;28;1,2K;gastarbeiders;2024-10-15 11_09_22.504745;0.025922007858753;0.000009532845979;0.000006052288882;0.000181354262168;0.000767777732108;0.009229082614183;0.000568938034121;1. Against immigration, migrants, foreigners, refugees, or Muslims.
47;71f1fa24ae34ef22;f1c182e54245d2b7;a002abd51fb44e09;2024-09-16T04:34:44.000Z;Dat mensen kansen moeten krijgen om te integreren. Nederland kan niet weer de fouten maken die ze met de gastarbeiders in de jaren 60 maakten.;2.0;;;134;gastarbeiders;2024-10-15 11_09_22.504745;0.033839050680399;0.000016423986381;0.000001101230851;0.000022331973014;0.000020916128051;0.008877641521394;0.000082890728663;2. In support of immigration, migrants, foreigners, refugees, or Muslims.
48;c0388348c551b85a;a87041c7ba589a3f;c12f74d741a62522;2024-10-05T18:53:05.000Z;Er zijn best veel dingen die ik vroeger geloofde omdat de omgeving, middelbare school jaren 70, dat geloofde. Ik herinner me een discussie over een voorstel de kinderbijslag voor kinderen van ‘gastarbeiders’ die in het thuisland woonden terug te brengen naar de kosten die men;1.0;1.0;14;534;gastarbeiders;2024-10-15 11_09_22.504745;0.008706201799214;0.000065877582529;0.000028687138183;0.000405564147513;0.000369903835235;0.016161482781172;0.000682293088175;6. Other: Reflects on past beliefs.
49;c876161357065bb0;8fd53c3e09f74b9f;5771985786b9e34e;2024-10-05T05:23:45.000Z;Al een tijd geleden dat links aan de knoppen zat. Daarnaast was het de @VVD die ooit goedkope gastarbeiders naar Nederland haalde. Tegen de wens van de @PvdA omdat die dat oneerlijke concurrentie vond. Ook gezinshereniging kwam niet bij de @PvdA vandaan. Get your facts straight;2.0;;1;46;gastarbeiders;2024-10-15 11_09_22.504745;0.064632296562195;0.000000822088168;0.000001810629442;0.000041475730541;0.000038971971662;0.003731149481609;0.000007725000614;5. Is neutral.
50;fe35887bad7f8f24;03073f718ed81d74;da85485925c0c26c;2024-09-30T14:12:07.000Z;De eerste moslimmigranten in Nederland waren geen #Turkse en #Marokkaanse gastarbeiders, maar #Indonesiërs en #Surinamers uit de koloniën, toont de eerste tentoonstelling van het @moslimarchief. Zie link hieronder voor het hele verhaal.  https://buff.ly/3Y3uPbd #islam #moslims;1.0;6.0;5;684;gastarbeiders;2024-10-15 11_09_22.504745;0.001282870885916;0.000006954990113;0.000000179558015;0.000070416244853;0.000038689613575;0.000098706426797;0.000019353936295;5. Is neutral.
51;d9606b73ac3761c6;52151f8b8161913f;d4f0b7e14398e766;2024-10-05T18:38:48.000Z;De VAE is als overwegend islamitisch land met een percentage immigranten en gastarbeiders van 88%, stevige christelijke en hindu-minderheden, natuurlijk sowieso een mooie bestemming voor diegenen die het hier zat zijn. Leerzaam ook.;2.0;3.0;5;1,2K;gastarbeiders;2024-10-15 11_09_22.504745;0.003511154791340;0.000012565475117;0.000238108390476;0.000423436693382;0.000149697734741;0.000873991579283;0.000202983865165;5. Is neutral.
52;e58416e79980a326;e0c5f2741926ab4b;4fb617edc452b819;2024-09-30T12:02:19.000Z;Het getal van 70% klopt niet volgens het CBS. De allochtonen die in bewaring zitten hebben overigens grotendeels een Nederlands paspoort en hebben niets met asielzoekers te maken, maar zijn 3e generatie kids van gastarbeiders. Zoek hulp dom gefrustreerde debiel!;2.0;;;10;gastarbeiders;2024-10-15 11_09_22.504745;0.211036875844002;0.000046198096243;0.000197566856514;0.000020767833121;0.000023387905458;0.046349279582500;0.000020479801606;3. Against those that oppose immigration or are negative towards migrants, foreigners, refugees, or Muslims.
53;89b0fadd4bd49420;9ba204437fb41446;79fc729fae3df531;2024-10-15T08:29:14.000Z;"Er zijn de afgelopen jaren honderdduizenden permits/visa’s !!!!verleend aan Russische “gastarbeiders” in Duitsland en Frankrijk en Spanje !!

Het is echt totale bullshit/gelul dat “de nationale veiligheid nú plotseling in het geding zou zijn”.";1.0;;2;30;gastarbeiders;2024-10-15 11_09_22.504745;0.200288698077202;0.000023658625651;0.000025709543479;0.000947273336351;0.000416458351537;0.041941825300455;0.003781402949244;5. Is neutral.
54;4430075c2253ff98;c74fb9253da048bf;9a4e1a04fc14f6fe;2024-10-06T18:06:15.000Z;Ken je geschiedenis, Geert! Het was links (PvdA -Den Uyl) die TEGEN de toelating van gastarbeiders was en het was RECHTS (CDA/VVD) die ze juist wilde hebben! Jouw frame deugt niet.;;;2;29;gastarbeiders;2024-10-15 11_09_22.504745;0.105597861111164;0.000008669091585;0.000006029325505;0.000072264680057;0.000118900847156;0.018003741279244;0.000101543431810;3. Against those that oppose immigration or are negative towards migrants, foreigners, refugees, or Muslims.
55;2071c90d8db04c3d;b99d6ce4fafaf715;b86200fbb72d19a6;2024-09-16T14:34:39.000Z;"dezelfde argumenten worden nog steeds gebruikt als bij de eerste gastarbeiders.. en bevolkingsgroei betekend dat je ook meer mensen nodig hebt

en als ik vroeger bij mijn oma mocht kiezen, en ik begon de zin met ""ik heb liever..."" dat heb ik niet

en ondertussen groeit ""overheid""";2.0;1.0;;70;gastarbeiders;2024-10-15 11_09_22.504745;0.041840907186270;0.000122606987134;0.000129198801005;0.000325470289681;0.000556414423045;0.005507782101631;0.000027352045436;5. Is neutral.
56;524b1d856eb7ad0e;cb17f5ac2c3b6669;dc98378f2f59ab9a;2024-10-08T07:27:06.000Z;Herdenking? Waarom zijn de niet Joodse slachtoffers, gastarbeiders, van 7 oktober dan niet herdacht?;;;7;242;gastarbeiders;2024-10-15 11_09_22.504745;0.103254377841949;0.000741611584090;0.000006570370260;0.000016547637642;0.000016766116460;0.143373757600784;0.000970493187196;5. Is neutral.
57;3d05569ea6acabf8;f1c182e54245d2b7;a002abd51fb44e09;2024-09-15T20:44:27.000Z;Ik neem aan dat jullie op de hoogte zijn van het rapport over integratie uit 2016 en over hoe het de gastarbeiders in de jaren 60, 70 en 80 verging - ondanks de kille houding vanuit de Nederlandse regering.;1.0;;;42;gastarbeiders;2024-10-15 11_09_22.504745;0.028208632022142;0.000019419385353;0.000211840102565;0.000129260661197;0.000707745493855;0.004799694754183;0.000976746785454;5. Is neutral.
58;d5647f07ff09bb70;bb2d01e4ad68f9ac;c1f802ab5c6c3147;2024-09-24T13:18:48.000Z;Ik ken de verhalen van nazaten van arbeidsmigranten, eerder betiteld met gastarbeiders o.m. vanuit mijn betrokkenheid bij een minor aan de HHS, over onwrikbare schooladviezen beneden competentie waar ze tegen in moesten vechten. Vaak pas stapsgewijs op competentieniveau;;;2;25;gastarbeiders;2024-10-15 11_09_22.504745;0.027056509628892;0.000023111642804;0.002278089290485;0.001201566308737;0.000662224832922;0.029631944373250;0.001278035459109;5. Is neutral.
59;66b083573c8259d9;d73e35dac4745af6;5636146467ec8202;2024-10-09T16:53:09.000Z;Weer het heilloze idee om de vergrijzing door arbeidsmigranten te laten opvangen. Vanaf de gastarbeiders in de vorige eeuw weten we dat die niet meer weggaan en de oorzaak zullen vormen van nieuwe vergrijzingsgolven. Als we ...->;1.0;;2;76;gastarbeiders;2024-10-15 11_09_22.504745;0.125432670116425;0.006020179484039;0.000228839402553;0.000069701265602;0.000064952742832;0.040342789143324;0.000178096655873;1. Against immigration, migrants, foreigners, refugees, or Muslims.
60;085b5d7cb1c4b235;2b4923ac43fd2652;94dc68c32f17ecd1;2024-08-09T12:54:44.000Z;Het probleem met deze puber is, dat hij niet beter weet. Hij heeft geen notie van de tijd voor de massale toestroom van gastarbeiders, gezinshereniging, massale toestroom van zgn ‘vluchtelingen’, wij senioren of boomers hebben dat wel! Dat is het verschil!;1.0;;3;92;gastarbeiders;2024-10-15 11_09_22.504745;0.025736145675182;0.000005804438388;0.000015101140889;0.000498228997458;0.001270363456570;0.010308174416423;0.000080820223957;1. Against immigration, migrants, foreigners, refugees, or Muslims.
61;57b8c4150ecb6956;fe31c899b5794b09;9887c29f1ddfd2d1;2024-09-02T12:41:58.000Z;"19/08/1964 Den Haag, Nederland: KVP/ ARP/ CHU/ VVD-kabinet-Victor Marijnen/ Turks minister van Arbeid Bülent Ecevit tekenen wervingscontract voor Turkse ""gastarbeiders"" - ""Blonde Geert"" beweert al jaren dat 'links' dat deed, maar dat LIEGT-ie";;;;41;gastarbeiders;2024-10-15 11_09_22.504745;0.031000770628452;0.000053750423831;0.000344058498740;0.002261245390400;0.002005380345508;0.007708726450801;0.000526299700141;3. Against those that oppose immigration or are negative towards migrants, foreigners, refugees, or Muslims.
62;5a931e5bc7862beb;fe31c899b5794b09;9887c29f1ddfd2d1;2024-09-06T15:08:18.000Z;de Volkskrant 26 april 1980 En weer EIST het bedrijfsleven de komst van 'gastarbeiders'. VVD, CDA gehoorzamen als bereidwillige politieke knechten. PvdA en vakbeweging protesteren tevergeefs. Oh, natuurlijk schelden verdeel-en-heersknechtjes de geronselde buitenlanders voor rot.;;;;23;gastarbeiders;2024-10-15 11_09_22.504745;0.406736940145492;0.000252318772255;0.001315606408752;0.000153615706949;0.000050586841098;0.256838649511337;0.001223442959599;1. Against immigration, migrants, foreigners, refugees, or Muslims.
63;0986f892bc90aa99;1eb16bce3a4d3ad6;062eb7695309ca8c;2024-09-23T11:16:37.000Z;wat 'n idiote inschatting. zie 't onderzoek van brunt & bovenkerk uit de jaren '80 naar het zich terugtrekken van de gastarbeiders ná de gezinshereniging (daarvoor deden ze vaak mee aan buurtactiviteiten en zo) enfin, hier 'n foto van kaboel uit 1972. ook veranderd door wilders?;;;9;80;gastarbeiders;2024-10-15 11_09_22.504745;0.188885018229485;0.000225327821681;0.000115262628242;0.000437138136476;0.000163350021467;0.014983061701059;0.000309579627355;6. Other: Critiques historical immigration policy.
64;becb849d38eec4e5;4f2bf57a5e6265b8;14bcdf67d0ccec88;2024-09-17T09:51:31.000Z;Het is niet heel anders dan 2004. Ik herken beklag over vervreemding van mijn ouders in hun 'rooie dorp'. Toch was mijn pa geen xenofoob,werkte tussen wat toen gastarbeiders werd genoemd, onderaan. Winkelcentrum waar ik in weekeinden achter de kassa zat, is nu één grote dönertent;1.0;;1;315;gastarbeiders;2024-10-15 11_09_22.504745;0.007396045140922;0.000004315004844;0.000443459546659;0.000133871260914;0.000195944303414;0.006662985775620;0.003038577735424;5. Is neutral.
65;d576ee818301b3eb;bc13295a0717829a;4fcc05e0abee58f3;2024-09-19T11:17:55.000Z;"58 jaar geleden vroegen we ""gastarbeiders"" die we wel lieten werken, maar niet lieten integreren. Wel ons buile werk te doen, voor een laag loon, maar niet het licht in de ogen gunnen. En dan nu klagen dat ze geen nederlands spreken.";;;5;115;gastarbeiders;2024-10-15 11_09_22.504745;0.228889882564545;0.000161942924024;0.000025610095690;0.000003681094768;0.000002006402156;0.024188367649913;0.000092181282525;1. Against immigration, migrants, foreigners, refugees, or Muslims.
66;62acc6728ff29e73;be6e6bbb5ed98c40;4676df57cca059a2;2024-10-06T16:16:35.000Z;Bronnen of t is niet waar. Even ter illustratie, antisemitisme is van alle tijden en alle groeperingen. En helaas voor ons landje,  ook al ver voor onze gastarbeiders hier kwamen.;2.0;;1;135;gastarbeiders;2024-10-15 11_09_22.504745;0.037907395511866;0.000006718443274;0.000008323458133;0.000016263369616;0.000003044257710;0.003247801447287;0.000419395131757;5. Is neutral.
67;ba9d485035522a44;da234f602db8b874;c38c746509cffe05;2024-09-27T08:13:01.000Z;Ik ken het uit mijn jeugd, bij vriendinnen van mijn moeder die in elkaar werden geslagen door hun mannen. Lang voor er gastarbeiders kwamen. Gewone meneren die in pak naar hun werk gingen in hun Opel. Ik ken n jonge vrouw die kort geleden bijna gewurgd werd door haar man.;2.0;;1;32;gastarbeiders;2024-10-15 11_09_22.504745;0.056223690509796;0.000155559930135;0.045148208737373;0.018575729802251;0.000808679091278;0.618578314781189;0.061466157436371;6. Other: domestic violence not immigration related.
68;e5c8e13e9cf76cbe;28cb5479f9b0b8c6;58d51d74584108cd;2024-10-15T03:30:03.000Z;"Reflectiemomentje
De eerste gastarbeiders kwamen in de jaren 50 in Nederland Officieel om 5% arbeidsreserve te creëren In werkelijkheid omdat Nederlanders het 'vuile' werk weigerden De context nu is anders maar hoe zit  het met ons arbeidsethos?";;;1;9;gastarbeiders;2024-10-15 11_09_22.504745;0.013803547248244;0.000047130524763;0.000005581952792;0.000050446178648;0.000125193342683;0.000629722897429;0.000055798707763;5. Is neutral.
69;ed052fad871e32db;f04c749903eb09d0;05adf5068d9debed;2024-08-23T14:48:35.000Z;Dit zijn mensen die hier blijven, begrijp ik. Hoe zit het met gastarbeiders, voor zover die nog bestaan.;2.0;;;68;gastarbeiders;2024-10-15 11_09_22.504745;0.084015034139156;0.000317270634696;0.000389587366953;0.000104320613900;0.000036101388105;0.047769188880920;0.000191056955373;5. Is neutral.
70;eceda5e451d90f2e;64d069b708baec8e;00e4715f8cd2b9f2;2024-10-07T15:18:44.000Z;"Verdiep je eerst eens in de geschiedenis.

Het overgrote deel van de grond werd door de Joden (Yishuv) gekocht; betaalbewijzen nog aanwezig. 

Wie er woonden waren Druzen en Bedouienen, en die wonen er nog; gelijkberechtigd. De Arab. waren grotendeels gastarbeiders uit de 
1/X";3.0;1.0;7;121;gastarbeiders;2024-10-15 11_09_22.504745;0.047608744353056;0.000048968660849;0.000015184059521;0.000226212534471;0.000066573782533;0.002892361721024;0.000914401025511;6. Other: historical context about land ownership
71;05f0abbffbcb0732;b06b5267a5d72932;de051039ce421fb0;2024-10-11T08:17:44.000Z;"Welk links? Ik kan me Den Uyl nog herinneren die juist de grenzen sloot voor gastarbeiders. 

Het is ronduit zo stupide hoe mensen maar wat roepen omdat anderen dat ook roepen. Verdiep je eens, neem kennis tot je!";1.0;;7;109;gastarbeiders;2024-10-15 11_09_22.504745;0.052249111235142;0.000004190750587;0.000210326223169;0.000040465871280;0.000024747816497;0.016279827803373;0.000185337383300;5. Is neutral.
72;87486a5598d57ebe;5b2ab6f43d9bee59;ee5a48f57d345fcd;2024-08-19T12:34:26.000Z;Podcast De Dag: 60 jaar Turkse gastarbeiders in Nederland;24.0;2.0;11;21K;gastarbeiders;2024-10-15 11_09_22.504745;0.003381410380825;0.000079587880464;0.000025923711291;0.003158856881782;0.001336314366199;0.002413949929178;0.000304787565256;5. Is neutral.
73;d9359cc49bed8b3c;3d32264d59b0c2f8;58882edb0b0f4df1;2024-09-19T09:52:07.000Z;"Precies laatst ook een Turkse man en zijn zus. Zus was 60 jaar in NL en sprak geen woord NLs.
Dit waren de gastarbeiders die kwamen werken dat precies 2 jaar deden en vervolgens in de ZW en uiteindelijk in de WAO terecht kwamen, vanwege rugpijn.";;3.0;9;244;gastarbeiders;2024-10-15 11_09_22.504745;0.091302610933781;0.000095418457931;0.011481535620987;0.000594045210164;0.000276759907138;0.026972213760018;0.004659301135689;1. Against immigration, migrants, foreigners, refugees, or Muslims.
74;9da2b56b0a04e0b5;c9b5d704902a6be1;d35750a6ee4211b6;2024-09-12T09:51:33.000Z;"Oeh! Goede datum (rest moet ik nog lezen). Wat hebben we sinds 2001 voor rommel toegelaten? 
Oh! Wacht! Weet je wat voor hulp wij hebben gekregen? Is iets langer geleden. Super veel gastarbeiders.

Heb jij blank of donker haar op de billen? Onbeschofte pannenkoek.";1.0;;;22;gastarbeiders;2024-10-15 11_09_22.504745;0.262859672307968;0.000020844541723;0.000034913740819;0.003297134069726;0.000517115986440;0.012840337119997;0.000167526173755;6. Other: unclear stance on immigration.
75;c1fcbf2eb6164379;9ab1fbe136070bf5;64fce443a9035437;2024-10-13T12:22:47.000Z;Oudkerk vergeet even dat de PvdA beginjaren 70 de strengste maatregelen wilde ten opzichte van vluchtelingen en arbeidsmigranten (gastarbeiders). Waarschijnlijk zat ie toen bij de dames van lichte zeden en is het hem ontgaan.;2.0;;2;51;gastarbeiders;2024-10-15 11_09_22.504745;0.063737697899341;0.000007301724963;0.000105485676613;0.004251202568412;0.005729915108532;0.009517287835479;0.000036022531276;5. Is neutral.
76;d0e5176a0a850b1c;dd6de82f5c56872f;af56207035663062;2024-09-15T11:02:25.000Z;"""De ene ploeg sliep er overdag als de andere ploeg aan het werk was. Als die arbeiders terug kwamen gingen de anderen werken.""";;;;14;gastarbeiders;2024-10-15 11_09_22.504745;0.007560382131487;0.000036450059270;0.000005204214631;0.000243496426265;0.000176972462213;0.005125265568495;0.000433792301919;5. Is neutral.
77;9f96c11dbe45caa7;1f35529490712a9c;f1cdff7c02fca6e9;2024-10-08T09:17:16.000Z;Toekomstige arbeiders he, anders moet je allemaal “gastarbeiders” naar het land halen;2.0;;;46;gastarbeiders;2024-10-15 11_09_22.504745;0.413812071084976;0.002347058150917;0.000002208532806;0.000020661356757;0.000009244560715;0.294913470745087;0.000093340830063;2. In support of immigration, migrants, foreigners, refugees, or Muslims.
78;2846ac2a2a374e08;3baee9f30bd535b5;85d21f86d9a47be2;2024-09-07T15:54:52.000Z;Goede nieuwe serie (6 delen van 50 min.) over #migratie/eerste #gastarbeiders. Titel 'Vaarwel Vaderland'. De feiten kloppen (grotendeels)(schreef er zelf 10 jaar geleden over). #Geschiednisles #geschiedenis #politiek #economie #arbeidsmigratie.;1.0;;1;91;gastarbeiders;2024-10-15 11_09_22.504745;0.003014185465872;0.000008338712178;0.000009895246876;0.000177590307430;0.000327543384628;0.001706346170977;0.000359034806024;5. Is neutral.
79;8595894a73146abd;8a53a8a45a6f87a1;9cb89660e4fb9ac3;2024-09-15T20:08:04.000Z;#Nederland  Problemen met te weinig parkeerplaatsen in div steden - dorpen, DenHaag bijv Iedereen moet gaan dokken  Tja volgestopt met gastarbeiders en wat al niet  Volle bak dus;;;;112;gastarbeiders;2024-10-15 11_09_22.504745;0.225543871521950;0.000311068957672;0.000625608721748;0.000429769366747;0.000176139816176;0.039619229733944;0.000088816879725;1. Against immigration, migrants, foreigners, refugees, or Muslims.
80;7240876f0c12e780;74c980c6fae1d212;f20c915bf7161fec;2024-10-07T20:37:43.000Z;"#Marokkanen, #berbers, voorheen '#gastarbeiders', hier gekomen om te ontsnappen aan armoede en de terreur van  #Hassan2
Nu; de nieuwe #Jodenhaat";;;1;30;gastarbeiders;2024-10-15 11_09_22.504745;0.081569023430347;0.000053912648582;0.000001985123163;0.000057296161685;0.000013634049537;0.007275133859366;0.000039436308725;1. Against immigration, migrants, foreigners, refugees, or Muslims.
81;7e35a8a6ffb6bb49;9423e9de4698b5e8;f922e83e14545af6;2024-10-03T17:02:39.000Z;"kleine reminder een 50 jaar geleden was de campagne van het vlaams blok: 400.000 werklozen waarom nog gastarbeiders?

Het is dus nooit goed.";;;2;317;gastarbeiders;2024-10-15 11_09_22.504745;0.093890316784382;0.000104323997220;0.000016817166397;0.000050426984672;0.000047609177273;0.006485436111689;0.000051647628425;1. Against immigration, migrants, foreigners, refugees, or Muslims.
82;fb26ed6428134c13;d235d56f7980b5f9;839ac6472fa06bed;2024-09-20T14:06:52.000Z;"Vroeger moesten de gastarbeiders terug.
Den Uyl heeft hierin verandering gebracht met de wet ""recht of gezinshereniging"" in 1974.
Daarvoor waren het GASTarbeiders en zoals het woord het al zegt, te gast en men ging terug. Kom in Spanje nog veel mensen tegen uit die 
tijd.";6.0;2.0;23;1,1K;gastarbeiders;2024-10-15 11_09_22.504745;0.003335467306897;0.000005284540293;0.000013082941223;0.000003662004701;0.000007363696568;0.000695628405083;0.000015817231542;1. Against immigration, migrants, foreigners, refugees, or Muslims.
83;4bbe3c417da6a086;7c4cc51e90d1deb5;1497967c71eec613;2024-09-14T15:30:18.000Z;"Die Turkse buurman mocht óók zijn gezin hier naartoe laten komen! Dat was toen héél gewoon!
Net zoals de Marokkaanse ""gastarbeiders ""! En kijk eens hoeveel leuke en slimme mensen ons dat gebracht heeft!";1.0;;;63;gastarbeiders;2024-10-15 11_09_22.504745;0.009863537736237;0.000001796876631;0.000035542252590;0.000005621227501;0.000012427366528;0.000652414106298;0.000145270998473;2. In support of immigration, migrants, foreigners, refugees, or Muslims.
84;bdeae607c580aaa8;42b29f82927d4793;fdf999837bd3e055;2024-10-11T12:58:18.000Z;Ja, de joden zijn eerst uitgeroeid, daarna in de jaren die volgden te weinig huizen voor de Amsterdammers maar wel voor de gastarbeiders. Wij gingen naar Lelystad. Mijn Mokumse vader zei dat ie alsnog gedeporteerd werd.;1.0;;3;69;gastarbeiders;2024-10-15 11_09_22.504745;0.216510921716690;0.002981888828799;0.000057510966144;0.000017170663341;0.000006650469459;0.534254372119904;0.001763181760907;1. Against immigration, migrants, foreigners, refugees, or Muslims.
85;eb8949b98a97a080;a87041c7ba589a3f;c12f74d741a62522;2024-10-11T08:29:31.000Z;De eerste gastarbeiders werkten hard en zorgden voor een enorme druk op de lonen. Maar ook voor uitstel van de mechanisering in die beroepen waar ze gingen werken. En toen kwam de crisis, veel industrie failliet. Gastarbeiders, nu met hun familie, werkloos. Als er geen goedkope;3.0;;3;75;gastarbeiders;2024-10-15 11_09_22.504745;0.061536293476820;0.000063343199145;0.001845151884481;0.000163064149092;0.000087991073087;0.017900973558426;0.000827869225759;5. Is neutral.
86;fd184d61a2da287f;5ca4044b08cd0b22;ae8deca3bc9d2cf4;2024-09-30T14:12:19.000Z;De eerste moslimmigranten in Nederland waren geen #Turkse en #Marokkaanse gastarbeiders, maar #Indonesiërs en #Surinamers uit de koloniën, toont de eerste tentoonstelling van het @moslimarchief. Zie link hieronder voor het hele verhaal.  https://buff.ly/3Y3uPbd #islam #moslims;;;1;153;gastarbeiders;2024-10-15 11_09_22.504745;0.001282870885916;0.000006954990113;0.000000179558015;0.000070416244853;0.000038689613575;0.000098706426797;0.000019353936295;5. Is neutral.
87;498b2f0fd88eed39;1e3cc376afa5a27c;06542d96860e40c3;2024-10-12T08:02:13.000Z;"Op de bouwplaats wemelt het van de gastarbeiders. Een vraag stellen in het Nederlands is haast onmogelijk geworden.
De bouw in Nederland is kwalitatief ook met een enorme teloorgang bezig.
Ze zijn drukker met fouten herstellen dan met progressie.
Gek he, dat er niets op schema is";;2.0;6;145;gastarbeiders;2024-10-15 11_09_22.504745;0.272350549697876;0.000031586048863;0.000037732650526;0.000017295154976;0.000011084749531;0.004539642017335;0.000082102873421;1. Against immigration, migrants, foreigners, refugees, or Muslims.
88;e70ea223b8b567b9;cf0d1e93181a5c1b;20ca4de173388bae;2024-10-13T11:58:33.000Z;"Een minister die zegt dat gastarbeiders onder de mijnwerkers in de jaren 1970 de ‘welvaart’ hier hebben opgebouwd. Ik vind dat speciaal.
1) de mijnen daar is massa belastinggeld aan verkwist in die jaren
2) de jaren 1970 waren crisisjaren, toen welvaart onder druk kwam te staan";7.0;9.0;79;1,4K;gastarbeiders;2024-10-15 11_09_22.504745;0.030992178246379;0.000010959192878;0.000005888882242;0.000105258193798;0.000015473378880;0.001063014031388;0.000144567078678;1. Against immigration, migrants, foreigners, refugees, or Muslims.
89;86159c4b120e4fa9;7ec34d5c1b7f8b3a;df93a36f689600ce;2024-09-16T10:30:50.000Z;Yep multiculturele samenleving zie eerdere reactietweet met verwijzing naar mensen uit de kolonien, mensen die zijn blijven hangen tijdens de Franse revolutie, gastarbeiders, vluchtelingen uit Tsjecheslowakije, Hongarije enz.;1.0;;;13;gastarbeiders;2024-10-15 11_09_22.504745;0.000483995710965;0.000002310658147;0.000003132427082;0.000023273676561;0.000003031631422;0.000676337978803;0.000314031407470;5. Is neutral.
90;959dda09dede778e;7706c4fa02b8f543;4a285419cec29974;2024-10-13T12:16:26.000Z;Vóór de EU was het fijn leven in een vrij Nederland. Het welvaartsniveau was hoog. De mensen waren saamhorig en solidair. Het veiligheidsgevoel was hoog. Criminaliteit cijfers waren laag bij 2024 vergeleken. Op gastarbeiders na waren er weinig vreemdelingen in NL.;;;4;27;gastarbeiders;2024-10-15 11_09_22.504745;0.027650987729430;0.000010930959434;0.000260991684627;0.000022922149583;0.000034170458093;0.003633926389739;0.000634842959698;1. Against immigration, migrants, foreigners, refugees, or Muslims.
91;015233ef267d5524;f0365f540d6c3abf;1db3c53e52339837;2024-09-28T14:20:43.000Z;"Destijds is de nationaliteit gegeven in de verwachting dat immigranten zich dan makkelijker zouden integreren & assimileren
Aan ons, oorspronkelijke Belgen, was eerst beloofd dat gastarbeiders slechts tijdelijk hier zouden zijn, vervolgens dat ze zich aan ons zouden aanpassen
2/2";1.0;;;39;gastarbeiders;2024-10-15 11_09_22.504745;0.011733719147742;0.000038812118873;0.000004159053788;0.000003017963991;0.000089691566245;0.002278407802805;0.000457107846159;1. Against immigration, migrants, foreigners, refugees, or Muslims.
92;c29abefc56120114;1f918c07269d56c5;58b8723e33d1e8c7;2024-09-17T06:56:09.000Z;Over welke tijd heb je het? Na de Tweede Wereldoorlog hebben gastarbeiders een cruciale rol gespeeld in de wederopbouw en economische groei van ons land. Diversiteit heeft ons niet alleen welvarender gemaakt, maar ook cultureel verrijkt. Je kletst slap uit je nek kerel.;3.0;;10;81;gastarbeiders;2024-10-15 11_09_22.504745;0.063284449279308;0.000002752963837;0.000000435828696;0.000048160291044;0.000015813402570;0.009491673670709;0.000322556705214;2. In support of immigration, migrants, foreigners, refugees, or Muslims.
93;816d00fa920dcc67;a17db931dba7b0c5;5f6b98ef49050f88;2024-09-14T08:30:52.000Z;"Je denkt dat het groeit door vluchtelingen?

Nee hoor,  wel door arbeidsmigratie en de grote families binnen de zoveelste generaties  voormalig gastarbeiders. Wat ook arbeidsmigranten waren, maar ja nodig hé anders economie op zijn gat. Die 40 nareizigers zijn ook geen probleem.";2.0;;2;28;gastarbeiders;2024-10-15 11_09_22.504745;0.459154129028320;0.000182296018465;0.000004629517207;0.000014574550733;0.000014136495338;0.064843647181988;0.000038406666135;5. Is neutral.
94;bdb64cdd52d36cd1;1b081aa96ddf28d4;4930471aa3c57631;2024-09-20T04:50:55.000Z;"Van oudsher was links (Joop den Uyl, Jan Marijnissen) altijd fel tegen immigratie omdat het om goedkope arbeid gaat wat concurrentie is voor autochtone arbeider qua werk en wonen en vakbonden om zeep helpt.
Later ging PvdA draaien want gastarbeiders stemden allemaal PvdA.";;1.0;23;400;gastarbeiders;2024-10-15 11_09_22.504745;0.066206350922585;0.000087997621449;0.001359098590910;0.000093264679890;0.000253684789641;0.004448296967894;0.000228200777201;1. Against immigration, migrants, foreigners, refugees, or Muslims.
95;37e58f27c8ba0f6a;506126ce33f844ac;053738508e0bca42;2024-10-12T16:57:19.000Z;"De gastarbeiders hadden ook betaald werk. En wij nu bijv. een ""Marokkanenprobleem"". En een sociale dienst die overuren draait. Hoezo geintegreerd..!";1.0;;3;39;gastarbeiders;2024-10-15 11_09_22.504745;0.091173410415649;0.000043829066271;0.000057579898566;0.000004416547654;0.000008825340046;0.004496353678405;0.000317484256811;1. Against immigration, migrants, foreigners, refugees, or Muslims.
96;c360a3971afe604b;ec75c0ac5c47736a;91bdeb96326398dc;2024-10-13T15:30:53.000Z;Ik beweer inderdaad dat Arafat de naam 'Palestijnen' heeft verzonnen voor Arabieren die daar in de buurt woonden. Het was nooit een bestaand volk, en de lokale joden en christenen zijn net zo goed Palestijnen (velen zelfs meer: vele arabieren kwamen later als gastarbeiders).;;;3;38;gastarbeiders;2024-10-15 11_09_22.504745;0.016850553452969;0.000005153526672;0.000019943412553;0.000012095808415;0.000009483573194;0.002732096705586;0.000163478413015;1. Against immigration, migrants, foreigners, refugees, or Muslims.
97;216fd5ca7cc55b0b;48936cff107b333e;bacc1fd84bddab38;2024-10-13T13:16:07.000Z;"Dat is het fabeltje dat men niet-eu gastarbeiders wijsgemaakt heeft. De waarheid is dat niet-EU migratie pas mogelijk werd na 1965, toen de sluiting vd steenkoolmijnen intern al een certitude was
Politici trachtten de meubels nog te redden met goedkope werkkrachten. 
Tevergeefs";1.0;;1;71;gastarbeiders;2024-10-15 11_09_22.504745;0.044336237013340;0.000140186122735;0.000245169067057;0.000094434784842;0.000051602535677;0.005476726219058;0.000781881564762;5. Is neutral.
98;607fc35fe57a955a;1145260b89e6da6f;ff8203fb6bd691d0;2024-08-19T18:05:23.000Z;"Lachen met de NPO, journaal, de eerste generatie gastarbeiders, de eerste die aan het woord komt, mevrouw kan nog geen Nederlands.
We zappen maar wéér weg!";;;1;42;gastarbeiders;2024-10-15 11_09_22.504745;0.102579340338707;0.000434969726484;0.000048874699132;0.000516241067089;0.000544033304323;0.050442907959223;0.000112476453069;1. Against immigration, migrants, foreigners, refugees, or Muslims.
99;a135332e84fb6778;feefb2f3e8f8e48a;b849a26c613c3b68;2024-10-12T07:35:58.000Z;Gedurende de middeleeuwen was de moslimbeschaving geavanceerder dan welke andere ook. Moslims boekten grote vooruitgang in astronomie, zoölogie, geografie, rekenen, navigatie, kunst, architectuur en technologie. Het waren de gastarbeiders die nl hebben opgebouwd na de oorlog!;1.0;;2;76;gastarbeiders;2024-10-15 11_09_22.504745;0.016675319522619;0.000002696652246;0.000001941743903;0.000031947911339;0.000013603229490;0.000684052647557;0.000202799710678;2. In support of immigration, migrants, foreigners, refugees, or Muslims.
100;bdcb3c594ae5ed89;2b4923ac43fd2652;94dc68c32f17ecd1;2024-08-30T21:12:57.000Z;De gastarbeiders kwamen na de opbouw van Nederland, het was hoogconjuctuur er viel weinig meer op te bouwen.;;;7;105;gastarbeiders;2024-10-15 11_09_22.504745;0.013589640147984;0.000145332378452;0.001115042367019;0.000055555265135;0.000024427892640;0.004054988734424;0.000552017532755;5. Is neutral.
101;488f8761f3acd145;0c2fd4270e018360;b3cacd35847179c4;2024-10-11T09:51:35.000Z;"al vanaf de jaren 60 haalden 't bedrijfsleven gastarbeiders hierheen
niet ""om 's lands economie te redden"", maar
enkel voor de lage loonkosten: pure kolonisatie-2.0
waardoor investeren in innovatie niet nodig was.

en nu zitten we met Leo's gebakken peren";;;5;29;gastarbeiders;2024-10-15 11_09_22.504745;0.137363851070404;0.000473368301755;0.000008804323443;0.000030510580473;0.000006804973509;0.021104495972395;0.001244462095201;1. Against immigration, migrants, foreigners, refugees, or Muslims.
102;a64809cf4731571e;c57dc617f2d0ac95;df99c76b52401a94;2024-10-15T06:24:13.000Z;Misschien handig om aan te geven dat dit om de zoveelste generatie gaat die nog steeds als de Marokkaanse gastarbeiders uit de jaren 70.;;;2;357;gastarbeiders;2024-10-15 11_09_22.504745;0.118903286755085;0.000218423374463;0.000019202136173;0.000254167796811;0.001225922373123;0.023903654888272;0.000273422221653;5. Is neutral.
103;b63ee67bdac9ef0e;ee71981f5e3c3bc8;0485a8ddca97ba12;2024-10-10T10:56:05.000Z;"Wat Vanessa @V_van_Vanessa ook aan geeft, dat was jaren geleden al.

Ze krijgen dik betaald om oostblokkers (gastarbeiders) en goudzoekers te huisvesten. Dat is veel makkelijker cashen dan huisje voor huisje aan de man brengen bij mensen die het schoon willen hebben en netjes";;2.0;9;2,1K;gastarbeiders;2024-10-15 11_09_22.504745;0.160047382116318;0.000039989907236;0.000091189322120;0.002120631979778;0.000145533311297;0.034497253596783;0.000178913964191;1. Against immigration, migrants, foreigners, refugees, or Muslims.
104;6272dbd3e82771e0;b74c936a856cecc8;9d4bb69970a2387e;2024-09-05T16:07:02.000Z;De wederopbouw was al in 1955 praktisch voltooid door hardwerkende Nederlanders. Dus nog ver voor de eerste gastarbeiders als goedkope arbeidskrachten naar Nederland kwamen. Overigens eerst uit Zuid-Europa en later in de jaren '60 uit Turkije en Marokko.;24.0;146.0;450;8,2K;gastarbeiders;2024-10-15 11_09_22.504745;0.005713527556509;0.000019490556951;0.000049545244110;0.000007869845831;0.000018569588065;0.001410196651705;0.000071283677244;5. Is neutral.
105;8b3121cb60e41c55;b74c936a856cecc8;9d4bb69970a2387e;2024-09-01T19:11:18.000Z;Klopt. De wederopbouw was al in 1955 praktisch voltooid door hardwerkende Nederlanders. Dus nog ver voor de eerste gastarbeiders als goedkope arbeidskrachten naar Nederland kwamen. Overigens eerst uit Zuid-Europa en later in de jaren '60 uit Turkije en Marokko.;2.0;6.0;10;253;gastarbeiders;2024-10-15 11_09_22.504745;0.005034811329097;0.000020815221433;0.000033675703889;0.000009122006304;0.000024046637918;0.001827058382332;0.000044400312618;5. Is neutral.
106;c696dd0a7595b3ca;b74c936a856cecc8;9d4bb69970a2387e;2024-09-02T07:59:03.000Z;Heel wat Nederlanders zijn toen vervangen door de goedkope gastarbeiders.;2.0;1.0;5;49;gastarbeiders;2024-10-15 11_09_22.504745;0.454468846321106;0.000887065834831;0.000008730836271;0.000125644684886;0.000106187595520;0.032813135534525;0.001106767915189;1. Against immigration, migrants, foreigners, refugees, or Muslims.
107;7084ad603e432389;b74c936a856cecc8;9d4bb69970a2387e;2024-09-05T17:02:07.000Z;De lonen werden begin jaren '60 te hoog en de werkgevers hebben toen sterk aangedrongen op goedkope gastarbeiders. Heel wat Nederlanders zijn toen werkloos geraakt. Daar heb ik nog eens een stukje over geschreven.;2.0;5.0;22;194;gastarbeiders;2024-10-15 11_09_22.504745;0.011155469343066;0.000003709980092;0.000325081404299;0.000051458016969;0.000059382931795;0.001960692694411;0.000182760355528;1. Against immigration, migrants, foreigners, refugees, or Muslims.
108;fdfe26f7cdfca6ab;4f866134b2a7fdb7;efa56f68c617a710;2024-09-05T13:53:28.000Z;Het ontbrekende detail in #VaarwelVaderland van @OmroepMAX: de ontheemde gezinnen uit Indonesië betaalden de hoofdprijs voor hun gedwongen verblijf in #contractpensions. Die als opvanglocaties vervolgens op uitgekookte wijze geëxploiteerd werden voor de opvang van gastarbeiders.;;3.0;4;282;gastarbeiders;2024-10-15 11_09_22.504745;0.003703943220898;0.000018743146939;0.000028191780075;0.000866237678565;0.000241028887103;0.035329580307007;0.001343536539935;5. Is neutral.
109;b7f856e7588cfd43;7e55ade1ea5698fc;e5813a2b6a2ca5ac;2024-10-04T17:37:10.000Z;"Ja, prima verhaal. Over de jaren 60-70 volgende. 
In 1970 deed ik vakantiewerk bij Unox in Oss (ik was 15). Bij Unox (Unilever) werkten 500 Tukse gastarbeiders, 400 Spanjaarden en een paar honderd Belgische gastarbeiders. Door het bedrijf hier naar toe gehaald en inderdaad, dat";1.0;;2;75;gastarbeiders;2024-10-15 11_09_22.504745;0.031367931514978;0.000203629781026;0.000196353706997;0.001363761723041;0.006634796038270;0.005920092575252;0.001378056127578;5. Is neutral.
110;d78f7ecdc18efee3;bb2d01e4ad68f9ac;c1f802ab5c6c3147;2024-09-24T13:25:10.000Z;Ik ken de verhalen van nazaten van arbeidsmigranten, eerder betiteld met gastarbeiders, o.m. vanuit m’n betrokkenheid bij een minor aan de HHS, over onwrikbare schooladviezen beneden competentie waar ze tegenin moesten vechten. Vaak stapsgewijs pas op competentieniveau. #racisme;1.0;;6;195;gastarbeiders;2024-10-15 11_09_22.504745;0.026422165334225;0.000039974958781;0.000155176225235;0.000633710122202;0.000535714672878;0.004858394619077;0.000183429001481;3. Against those that oppose immigration or are negative towards migrants, foreigners, refugees, or Muslims.
111;478ee5068c3e166a;b7ba366af35cfabe;aaad6f322f465edf;2024-08-31T07:33:13.000Z;Klopt niet. De eerste gastarbeiders werden vooral ingezet in de industrieën die opgegeven waren zoals de textiel, auto en de mijnindustrie.;;2.0;10;128;gastarbeiders;2024-10-15 11_09_22.504745;0.002688200213015;0.000011599053323;0.000154302455485;0.000043973963329;0.000074939714978;0.003028777893633;0.000271141936537;5. Is neutral.
112;bd828efd09a37397;f46cf2b95a332ba2;c8083fd928f6ceb1;2024-09-20T19:33:37.000Z;De VVD wilde gastarbeiders naar Nederland halen, want de werkgevers (en dat vinden ze nog steeds) zijn williger, gehoorzamer en goedkoper. Het is vooral en met en met name de VVD, men Wilders, de berg volksverlakker waar u uitgekropen bent, omdat u daar zelfs niet tussen paste.;;;1;49;gastarbeiders;2024-10-15 11_09_22.504745;0.263691484928131;0.000442596938228;0.001427509356290;0.000096883792139;0.000040312766941;0.091225899755955;0.000275756668998;1. Against immigration, migrants, foreigners, refugees, or Muslims.
113;e8d9405886a43f3a;fb5bca328c73db67;2189e9c1364d2ee7;2024-09-19T20:21:36.000Z;"Hun nieuwe electoraat.
Dat was al de opmerking eind jaren '70 over de gastarbeiders door Max vd Berg, of in ieder geval iemand in de top van de PvdA.";8.0;7.0;79;1,7K;gastarbeiders;2024-10-15 11_09_22.504745;0.004974850453436;0.000051883002016;0.000094303497463;0.000177161215106;0.000129021267639;0.006059988867491;0.000167836202308;5. Is neutral.
114;f020be1960c2f966;77fd91771febafff;9dedcae3ea4a2e6a;2024-09-27T06:16:10.000Z;Mensen en dus ook kinderen kunnen walgelijk zijn. We krijgen via de oveheid en de media te horen dat elk kind veilig moet zijn op school. Iets van 50 jr geleden trof mijn moeder een mes bij mijn jongste broertje aan. Alle jongens van gastarbeiders hebben een mes zei hij, ik moet;1.0;;7;509;gastarbeiders;2024-10-15 11_09_22.504745;0.202125370502472;0.000712905777618;0.001355989021249;0.000150057021528;0.000192788065760;0.628342926502228;0.066680260002613;1. Against immigration, migrants, foreigners, refugees, or Muslims.
115;7c2f4df07d0e31fd;361cde1b152e57dc;f8733c9649197545;2024-09-16T21:42:45.000Z;#barlaat de fout is in de jaren 70 en 80 gemaakt door de gastarbeiders niet terug te sturen na einde werk..en dat is geescaleerd nu..In Dubai moet je oprotten als je baan klaar is. Wat naturaliseren? ROT OP!!;;;;176;gastarbeiders;2024-10-15 11_09_22.504745;0.232559114694595;0.000645921623800;0.000006868116998;0.000050620092225;0.000012258105926;0.024855766445398;0.000019306193280;1. Against immigration, migrants, foreigners, refugees, or Muslims.
116;849c603aa7237483;df7d22e0b2af8629;8e2c0d57e9f55425;2024-08-19T15:45:41.000Z;60 jaar Turkse gastarbeiders in Nederland - met @GulsahErcetin;;;1;173;gastarbeiders;2024-10-15 11_09_22.504745;0.002186940051615;0.000081439065980;0.000018305112462;0.003455483354628;0.001167853712104;0.000447508820798;0.000053314361139;5. Is neutral.
117;151b7e2ca019e725;3ff41ca81c424737;50118ba59067f24c;2024-09-23T08:30:09.000Z;"Dat was vroeger al 70-tiger jaren. Achter op de vuilniswagen stonden enkel autochtonen, terwijl men dacht dat de turken juist als gastarbeiders kwamen om het vuile werkt te doen waar Nederlanders hun neus voor optrokken...
Tsja in  die tijd verdiende ze FL 2.600 bruto/mnd ! Een";1.0;;5;204;gastarbeiders;2024-10-15 11_09_22.504745;0.326303929090500;0.000049468857469;0.000108660613478;0.000149607978528;0.000688252446707;0.010743191465735;0.001835206407122;5. Is neutral.
118;4d740cd48d319830;b74c936a856cecc8;9d4bb69970a2387e;2024-09-17T09:41:46.000Z;Klopt. Dat begon al in mijn tijd begin jaren '60 met Spaanse gastarbeiders. Waren voormalige vissers en die goedkope arbeidskrachten konden ze goed gebruiken bij ons aan boord.;1.0;;3;201;gastarbeiders;2024-10-15 11_09_22.504745;0.008130540139973;0.000029381111744;0.000124298938317;0.000174501576112;0.000074060553743;0.002627226989716;0.000441510230303;5. Is neutral.
119;15788ad57306404d;c2535034c76330ce;b491f6b570d9d018;2024-09-05T17:19:39.000Z;"Ik heb alleen de uitzending gezien.
Daarin vielen mij zaken op, bijvoorbeeld dat uitgekauwde verhaal dat de gastarbeiders destijds kwamen 'omdat Nederlanders het vuile werk niet wilden doen.'
Dat verhaal is 45 jaar geleden al weerlegd.
https://ugp.rug.nl/sogi/article/view/20714/18186…";6.0;2.0;12;493;gastarbeiders;2024-10-15 11_09_22.504745;0.026187246665358;0.000005846727618;0.000027101385058;0.000103139580460;0.000068804329203;0.000897002988495;0.000019824687115;1. Against immigration, migrants, foreigners, refugees, or Muslims.
120;176295271ba8e520;14eb839283d64f19;2d556e84a43f21bc;2024-09-25T10:28:40.000Z;De vraag is dan ook: Waar en wanneer zal dit leger worden ingezet. Hoe was dit met de Turkse en Marokkaanse gastarbeiders die in WO2 vochten @superjan. Ik weet het niet, het klopt iig totaal niet.;;;;20;gastarbeiders;2024-10-15 11_09_22.504745;0.081964805722237;0.000039556194679;0.000004046253707;0.000075115785876;0.000052160765335;0.068889282643795;0.000539091823157;6. Other: unclear stance on immigration.
121;4e698314edb1b296;b36ea842fa3c7eb6;700cf1cff904f138;2024-09-04T20:31:12.000Z;Knipoogje naar cabaretesk optreden van @heindehaas bij Derksen en co. De jaren 80 van Rondom 10 en Sonja Barend leken wel terug met uitspraken als 'de gastarbeiders kwamen de baantjes doen waar wij ons te goed voor voelden'. En de onderbuik!  #vandaaginside;5.0;11.0;40;2,4K;gastarbeiders;2024-10-15 11_09_22.504745;0.007296688854694;0.000009834417142;0.000004175045433;0.001574291381985;0.000691437046044;0.003862376324832;0.000137164723128;5. Is neutral.
122;b9a010e1a9a79d19;1d568bc6bf3c9ead;9dfa69920d236bd2;2024-09-23T19:22:20.000Z;Deze barbaren zijn ooit hierheen gehaald als GASTARBEIDERS om de economie te boosten. Soit. Maar op de premisse dat ze TERUG zouden gaan! Niet om de rest van hun (vaak achterlijke) familie ook nog eens hierheen te laten komen. Dat is helaas in 2005 al vastgelegd in de EVRM.;;;4;80;gastarbeiders;2024-10-15 11_09_22.504745;0.804923176765442;0.000102015699667;0.000003644046046;0.000026203881134;0.000006670338280;0.208164542913437;0.001017776783556;1. Against immigration, migrants, foreigners, refugees, or Muslims.
123;295ecb6779aec721;1b4c2ad6238e60b8;6b8590b87794a9e4;2024-09-04T15:05:47.000Z;De onvoorstelbare luxe: Bijbelvertalingen voor iedere soort gebruiker. Gratis Nieuwe Testamenten in alle talen van vluchtelingen en gastarbeiders. Maar de verspreiding van de HSV gaat de kerk de das om doen. Get a life people!;;;2;93;gastarbeiders;2024-10-15 11_09_22.504745;0.141281932592392;0.000080866091594;0.000385967374314;0.000284705456579;0.000026184598028;0.035246774554253;0.001189458998851;5. Is neutral.
124;12fe6b81af09a159;c617ac153b68c253;3136ea36b1c47a45;2024-09-24T13:16:32.000Z;De buitenlandse werving van Spaanse, Marokkaanse en Turkse arbeiders, (1961 en 1964) werd gestart door het toenmalige kabinet van KVP, ARP, CHU en VVD. In 1973 beëindigde het kabinet-Den Uyl de officiële werving van gastarbeiders.;;4.0;16;773;gastarbeiders;2024-10-15 11_09_22.504745;0.002111543668434;0.000332891038852;0.000102785634226;0.000010030113117;0.000004025040198;0.003219283418730;0.000095683702966;5. Is neutral.
125;bc0de96755cbf414;d04546263b2b2f14;26f2c77050b17f32;2024-09-28T08:50:13.000Z;Je bent in 1959 geboren en nadert je pensioen. In 1959 had Nederland 2.294 gastarbeiders, waarvan 1.884 Italianen. Van buiten Europa: 9 Turken en 3 Marokkanen. Vandaag: zo’n 2 miljoen buiten Europa geboren nld’se inwoners, miljoenen meer 2e generatie. En het gaat steeds sneller.;;;;33;gastarbeiders;2024-10-15 11_09_22.504745;0.000895275676157;0.000003218803386;0.000012381256056;0.000026457517379;0.000017794955056;0.000220099798753;0.000020985258743;5. Is neutral.
126;d56bd74a66351ee1;a059ebd6b03f65c6;1f5b1c22e960d0a5;2024-09-25T16:34:56.000Z;Goede draad. Voor mensen die twijfelen -> https://historiek.net/gastarbeiders-nederland-betekenis-marokko-turkije/135726/…;;;4;272;gastarbeiders;2024-10-15 11_09_22.504745;0.000765472126659;0.000005600775694;0.000011335855561;0.000064650870627;0.000077715398220;0.000445267447503;0.000051788782002;5. Is neutral.
127;c10c226def4404d9;ade77a82af47447d;6cf7b68127143870;2024-09-13T09:11:28.000Z;Wat in de jaren 60/70 begon met 'gastarbeiders'.....;;;1;14;gastarbeiders;2024-10-15 11_09_22.504745;0.087305761873722;0.000123080346384;0.000010234581168;0.000067003114964;0.000138250397868;0.005049700848758;0.001567214960232;1. Against immigration, migrants, foreigners, refugees, or Muslims.
128;d43cc0df90b07eb8;bf70552eb765992c;ad9f8c27f8ab5da3;2024-09-10T15:33:51.000Z;"zo stom al die gastarbeiders!
maar in eigen land voor laag loon werken en dan indirect inhuren.. dan is t helemaal prima.

dacht je van lonen op peil in de gevangenissen? wel heel gek idee he
stelletje xenofobe hypocrieten op rechts, als er maar geld te verdienen valt";;;;22;gastarbeiders;2024-10-15 11_09_22.504745;0.614893555641174;0.012725811451674;0.000597387494054;0.000235129336943;0.000006390032013;0.123298957943916;0.000488378689624;3. Against those that oppose immigration or are negative towards migrants, foreigners, refugees, or Muslims.
129;9e69b064cb4f08cc;8313ef9d6a297751;d99e60f410a44bf5;2024-08-30T22:25:18.000Z;Mijn ouders hebben hebben net als andere Nederlanders voor een paar rot centen gewerkt om Nederland op te bouwen, ze moesten huizen delen dus bij familie inwonen en kregen minder betaald, pas veel later toen Nederland was opgebouwd kwamen de gastarbeiders en konden meeprofiteren;2.0;1.0;8;235;gastarbeiders;2024-10-15 11_09_22.504745;0.009704108349979;0.000021744004698;0.000035361343180;0.000078274773841;0.000135880633024;0.004114270210266;0.001426297938451;1. Against immigration, migrants, foreigners, refugees, or Muslims.
130;e044f17bd2faf879;b36ea842fa3c7eb6;700cf1cff904f138;2024-09-05T13:44:27.000Z;Eerlijk gezegd kreeg u gisteren de bingo-kaart uit de jaren 80-90 aardig vol: 'de gastarbeiders kwamen de baantjes doen waar wij ons te goed voor voelden'.;2.0;;15;1K;gastarbeiders;2024-10-15 11_09_22.504745;0.013907020911574;0.000060328718973;0.000023106640583;0.000076210460975;0.000051293784054;0.007249199785292;0.000098253876786;5. Is neutral.
131;8e49d3b739ab2594;534a4d9b27e87da0;353588cd3dd6d774;2024-09-12T06:17:54.000Z;"En degene die niet werken, worden die geweigerd?

Toen we nog gastarbeiders hadden werkte het prima
Niet werken, lekker weer naar huis

Rond 1982 was er ook tekort aan werkkrachten

Het toverwoord was automatiseren";;;;4;gastarbeiders;2024-10-15 11_09_22.504745;0.248775690793991;0.000834192382172;0.000186566467164;0.000066318178142;0.000027402667911;0.047523822635412;0.000293977325782;1. Against immigration, migrants, foreigners, refugees, or Muslims.
132;f55cd176a05904f6;ea1d3c3c97ca44df;c95113d6dfb4454a;2024-09-18T08:01:37.000Z;"Ook weer zo'n migratiemythe: namelijk dat links massaal gastarbeiders naar Nederland haalde, terwijl de SP vanaf het begin niet blij was met de komst van gastarbeiders (overigens spatte de xenofobie toen al van de SP standpunten af). 

Maar het is allemaal de schuld van links...";1.0;;;229;gastarbeiders;2024-10-15 11_09_22.504745;0.324826419353485;0.000059821944888;0.000378590630135;0.000037761015847;0.000057317367464;0.008368434384465;0.000084444254753;3. Against those that oppose immigration or are negative towards migrants, foreigners, refugees, or Muslims.
133;d531df14f03a06d3;65256347c323244f;7f31f4ac37bf41f0;2024-09-28T09:24:01.000Z;Jij bent een kind van gastarbeiders. Dus niet de Servische agressie op de Balkan meegemaakt. Je hebt dus wel meegemaakt dat mensen van de Balkan hierheen vluchtten. Ik heb het zelf meegemaakt. Er waren GEEN alleenstaande mannen die vluchtten. Waarom doen de Arabieren dit wel?;1.0;2.0;25;574;gastarbeiders;2024-10-15 11_09_22.504745;0.235739901661873;0.000001045876957;0.000196078297449;0.000636290060356;0.001012227265164;0.062135260552168;0.000752530584577;1. Against immigration, migrants, foreigners, refugees, or Muslims.
134;1bde75556b49a712;0ed0afc90598061e;893577e3e8c65f69;2024-09-01T21:46:41.000Z;Niet vergeten...het waren gastarbeiders dus tijdelijke krachten.;;;1;16;gastarbeiders;2024-10-15 11_09_22.504745;0.021996337920427;0.000073591480032;0.000014971954442;0.000016576035705;0.000021996575015;0.008679172024131;0.000083079859905;1. Against immigration, migrants, foreigners, refugees, or Muslims.
135;cc6310cdca0c03b2;075f118a96e30609;e85d636dcfd44189;2024-09-07T09:48:09.000Z;Van Beek bevestigt niets. Migratie van 50 jaar terug heeft niets met asiel van nu te maken. Na de komst van de gastarbeiders zijn zij volledig genegeerd. Dat heeft gevolgen. Wat dat ons leert is om niet in dezelfde fout te vervallen. Helaas is de regering daar nu hard mee bezig.;2.0;1.0;2;37;gastarbeiders;2024-10-15 11_09_22.504745;0.013705189339816;0.000003820063284;0.000080625395640;0.000084157756646;0.000106328443508;0.009820309467614;0.000133866924443;1. Against immigration, migrants, foreigners, refugees, or Muslims.
136;cc84ab4cacb6a1b8;a847c2a1ddd9af13;75c7692da50c29f4;2024-09-17T07:31:40.000Z;"Gastarbeiders waren veelal werkzaam in sectoren die de concurrentie met lagelonenlanden niet aankonden en niet wilden/konden mechaniseren en automatiseren

Niet lang daarna gingen ze vaak alsnog failliet, en de gastarbeiders belandden in de WAO
De kosten waren voor de samenleving";;;4;59;gastarbeiders;2024-10-15 11_09_22.504745;0.114946611225605;0.000037643516407;0.000083424893091;0.000022103040465;0.000006477556326;0.001783429412171;0.000034698885429;1. Against immigration, migrants, foreigners, refugees, or Muslims.
137;6dc8d305cfddd17d;b79d45a4ff285a7e;88b6c77b7c35c376;2024-09-26T10:16:14.000Z;Den Uijl was degene die de gastarbeiders niet terug liet gaan, maar liet blijven en de families liet overkomen. Dat was het begin van de Turkse invasie. U pleegt geschiedvervalsing.;3.0;;1;22;gastarbeiders;2024-10-15 11_09_22.504745;0.171328976750374;0.000058850080677;0.000001254428753;0.000045740998758;0.000065902655479;0.169445112347603;0.000122890007333;1. Against immigration, migrants, foreigners, refugees, or Muslims.
138;18bdf4ccba8a3e5b;2fd4d07bef02642d;ff61fa6f8110fc0e;2024-09-14T17:46:24.000Z;"U vergeet de Turkse gastarbeiders en de Spanjaarden, Portugezen, Grieken en Joegoslaven.
On te stellen dat gastarbeiders grotendeels voor onze verzorgingsstaat hebben gezorgd is een ridicule overdrijving, maar ze hebben zeker een waardevolle bijdrage geleverd. 
#asielcrisis";;;1;24;gastarbeiders;2024-10-15 11_09_22.504745;0.028808163478970;0.000013147641766;0.000012278861504;0.000047761513997;0.000035376011510;0.000191865299712;0.000013449828657;5. Is neutral.
139;78548484e93ea243;2308555a2dcb035c;0f5654b655fb743b;2024-09-27T12:47:06.000Z;Het vermoeden dat een verzetsstrijder aanwezig is, is al  voldoende om een huis weg te vagen. En maar liegen en jammeren over 7 okt toen er ook veel doden (wo gastarbeiders) vielen door de Hannibal doctrine, isr bronnen bevestigen dat. Maar dd buitenlandse doden krijgen niet aan;1.0;;;45;gastarbeiders;2024-10-15 11_09_22.504745;0.086038023233414;0.002273934427649;0.000608770060353;0.000039082024159;0.000029331782571;0.413911759853363;0.003387442091480;1. Against immigration, migrants, foreigners, refugees, or Muslims.
140;b70ebde975504359;057cd8f0df194035;669cc1a97293d6ab;2024-10-08T13:35:50.000Z;Ik vind het knap dat jij mij goed ken...mijn ouders waren gastarbeiders begin 70. Je mag ook wel vragen ipv raden;1.0;;;20;gastarbeiders;2024-10-15 11_09_22.504745;0.012155498377979;0.000003754503268;0.000197168279556;0.000428188213846;0.000102321406302;0.001522389589809;0.000071392933023;5. Is neutral.
141;0445d0b27f2063b6;5b2ab6f43d9bee59;ee5a48f57d345fcd;2016-05-12T16:33:34.000Z;'Vluchtelingen in Duitsland zijn niet de gastarbeiders van toen': http://nos.nl/l/2104635;;7.0;;/NOS###/NOS###/NOS/status/730798080757501952###https://t.co/2zyzN7RXg0;gastarbeiders;2024-10-15 11_09_22.504745;0.041203174740076;0.000011020987586;0.000001437530614;0.000011524154615;0.000016634152416;0.000478930945974;0.000008572344086;5. Is neutral.
142;1f9223704b4bb4ff;3257a254816525b6;5cfa6481da558e1b;2024-09-10T09:38:55.000Z;Afgezien van hun gruwelijk lot: iedere generatie is daardoor weer een 'eerste generatie'. Van integratie in de samenleving is geen sprake, niet van die vrouwen en niet van hun kinderen. Als je alleen maar telt gaat het om de 4e generatie 'gastarbeiders', maar in feite om 4x de;;2.0;7;376;gastarbeiders;2024-10-15 11_09_22.504745;0.292437493801117;0.000223761511734;0.000036305224057;0.000346624845406;0.000123420104501;0.053009197115898;0.000664233870339;1. Against immigration, migrants, foreigners, refugees, or Muslims.
143;6cafa9d8319ebeae;880bd15a3bc2aac7;f99674404d740e7e;2024-08-31T08:27:46.000Z;Ken je geschiedenis eikel. Je bedoelt dat ze de sociale dienst hadden ontdekt. Het waren de Turken, Spanjaarden, Italianen, Hongaren die als gastarbeiders hier echt hebben gewerkt. De rest alleen maar gevangen en geprofiteerd.;;;;61;gastarbeiders;2024-10-15 11_09_22.504745;0.342065006494522;0.000008810261534;0.000289080926450;0.001832619193010;0.000162466167239;0.015122480690479;0.000977860763669;1. Against immigration, migrants, foreigners, refugees, or Muslims.
144;2a6577d9b14a36a4;fb8843d260d879a8;d5d2a9810dfb2dfc;2024-09-05T17:59:57.000Z;Ben al verschillende mensen (met een migratie achtergrond zullen we maar zeggen) tegengekomen die dat spontaan te berde brengen: dat gastarbeiders naar Nederland zijn gehaald voor de wederopbouw. Dat is dan ook zo ongeveer het enige dat ze 'weten' van WOII.;3.0;;25;2,1K;gastarbeiders;2024-10-15 11_09_22.504745;0.006549101322889;0.000009217956176;0.000063376552134;0.000002093239573;0.000018034439563;0.002821167698130;0.000146634309203;5. Is neutral.
145;15a83d61bf8a1524;9776e9b1b6571a7a;bfd86cd4447e0dae;2024-09-25T14:06:17.000Z;"""#Marokkaanse Gastarbeiders"" | KRO Brandpunt 27-11-1965 ! 

Met dank aan @ZihniOzdil voor het uploaden .
#Casablanca 1965 
Cc: @aborifi";;1.0;1;66;gastarbeiders;2024-10-15 11_09_22.504745;0.000566387781873;0.000022881789846;0.000000942142208;0.000143820201629;0.000088537744887;0.000099673357909;0.000035597237002;5. Is neutral.
146;12d4934587d3858d;9b27118be8275181;3c202c121c78e39f;2024-10-04T13:36:56.000Z;Dat is al zo sinds de binnenkomst van gastarbeiders omstreeks 1970. Goedkope arbeid hield verkeerde bedrijfstakken in ons land, de goeie vertrokken of zijn recent weggejaagd met belastingmaatregelen en haat tegen ondernemers.;;;2;50;gastarbeiders;2024-10-15 11_09_22.504745;0.061957191675901;0.000117806928756;0.000090865280072;0.000010756259144;0.000010311870938;0.024585198611021;0.001585742458701;1. Against immigration, migrants, foreigners, refugees, or Muslims.
147;cf8fc139a1b19765;0ed0afc90598061e;893577e3e8c65f69;2024-09-08T13:23:22.000Z;Dat was in de jaren 60 al zo... gastarbeiders helaas nam het een andere wending.;;;;5;gastarbeiders;2024-10-15 11_09_22.504745;0.068907469511032;0.000078044169641;0.000195261687622;0.000066995708039;0.000041619397962;0.019779648631811;0.000255244784057;5. Is neutral.
148;51d5898e768474b5;f27c823b8d56c8c2;9c9bb8201dc1805d;2024-08-17T09:02:50.000Z;We kunnen nog iets leren van Oman, gastarbeiders mogen er werken en moeten dan weer vertrekken! Geen naturalisaties of wat dan ook. Zo moet het!;2.0;;2;319;gastarbeiders;2024-10-15 11_09_22.504745;0.097729310393333;0.000676366034895;0.000071846901847;0.000015042469386;0.000024561695682;0.129106536507607;0.000102303361928;1. Against immigration, migrants, foreigners, refugees, or Muslims.
149;7b0231efc8d87377;50e98a278d9f498c;ddbb547b7042316e;2024-09-27T21:28:44.000Z;"Goede oude Nederlandse mentaliteit: we hebben je nodig en wanneer niet meer kan je wel stikken. Deden ze met kolonies, gastarbeiders en immigranten. Wie verbaast zich nog over dit kabinet?
#Afghanen";4.0;9.0;31;493;gastarbeiders;2024-10-15 11_09_22.504745;0.869331300258636;0.756503164768219;0.002579338150099;0.000083625447587;0.000018194874428;0.869246363639832;0.010495189577341;1. Against immigration, migrants, foreigners, refugees, or Muslims.
150;18f1c1f6b88f4bb8;5b2ab6f43d9bee59;ee5a48f57d345fcd;2013-11-10T14:51:54.000Z;"In Rotterdam is een standbeeld onthuld voor de tienduizenden gastarbeiders die in de jaren 60 naar Nederland kwamen:
http://nos.nl/artikel/573312";;8.0;2;/NOS###/NOS###/NOS/status/399549987358384128###http://t.co/VRV1JyBjCn;gastarbeiders;2024-10-15 11_09_22.504745;0.004566854797304;0.000033272495784;0.000021747009669;0.000088801214588;0.000023665552362;0.001880751573481;0.000069280074968;5. Is neutral.
151;c3852e49fbc0c4d1;7dbcffc21343fb75;7d86f1fdfdfc588d;2024-09-18T12:01:34.000Z;En intussen heeft iedereen ( behalve @leolucassen en zijn aanhang ) begrepen dat m.n. vluchtelingen uit het M-Oosten volledig faalden te integreren in onze cultuur. evenmin als de 70er jaren gastarbeiders, zelfs hun kleinkinderen niet.;;;1;8;gastarbeiders;2024-10-15 11_09_22.504745;0.444516360759735;0.000048941303248;0.000051903043641;0.000018988799638;0.000038832964492;0.048885706812143;0.000552297569811;1. Against immigration, migrants, foreigners, refugees, or Muslims.
152;5bb08b21996a112e;ebdf7c3b031d3a3c;4502b9b01a4c8766;2024-09-13T19:34:05.000Z;"Ach wat schattig, Duitsland gaat de jaren 60 gastarbeiders-periode weer helemaal over doen…

#WhatCouldPossiblyGoWrong";;;;60;gastarbeiders;2024-10-15 11_09_22.504745;0.220861092209816;0.000061064201873;0.000000079194692;0.000707776518539;0.000412392982980;0.001865512109362;0.000057342898799;1. Against immigration, migrants, foreigners, refugees, or Muslims.
153;f35b70b5c68fd753;daec80c988010bd8;44331471311b08b2;2024-09-17T18:23:29.000Z;"Timmermans volgt consequent de traditionele politiek van de PvdA. Eerst druk om te emigreren, vanwege ""overbevolking"" (het Zweedse model), vervolgens tegenstander van gezinshereniging (gastarbeiders). 
Dat is de rode lijn waaraan vastgehouden wordt, zie ook Cohen. Asociaal?";1.0;;;66;gastarbeiders;2024-10-15 11_09_22.504745;0.043924156576395;0.000033919073758;0.000136617920361;0.000317276397254;0.000097474920040;0.003113862359896;0.000336469383910;1. Against immigration, migrants, foreigners, refugees, or Muslims.
154;9bd2f17c8a7a2e81;b8f5b09425eb8025;457190826e0f2ea1;2024-09-25T10:19:13.000Z;Was er dan niemand kritisch in die tijd? Jazeker. De PvdA. De linkse partij waarschuwde voor verdringing van Nederlandse werknemers en de druk op de lonen. Daarom eiste de PvdA dat gastarbeiders maar twee jaar mochten blijven.;6.0;32.0;243;8,5K;gastarbeiders;2024-10-15 11_09_22.504745;0.011446328833699;0.000059359772422;0.000261230656179;0.000034835087718;0.000183915530215;0.006249436177313;0.000586216454394;1. Against immigration, migrants, foreigners, refugees, or Muslims.
155;10f4d9cad3ad735d;5b2ab6f43d9bee59;ee5a48f57d345fcd;2012-06-04T05:23:03.000Z;Audio: Oekraïense gastarbeiders zoeken heil in Polen http://nos.nl/l/379958;;1.0;;/NOS###/NOS###/NOS/status/209515589230796801###http://t.co/EfwivULY;gastarbeiders;2024-10-15 11_09_22.504745;0.003748752642423;0.000033713651646;0.000028394113542;0.000663235434331;0.000391120498534;0.004010839853436;0.000067966808274;5. Is neutral.
156;f46889f0713bd138;4c9fb9fd31cfb6f7;1228bbfb47667e32;2024-09-21T08:19:14.000Z;"Vaals is trouwens ook heel mooi al is er op dat park geen reet te doen.

Dunimar viel echt tegen, prachtige huisjes maar kale vlakte en veel gastarbeiders in de huisjes

Als je een keer iets nieuws zoekt dan raad ik de Lommerbergen echt aan, prachtig in het bos met veel beestjes.";1.0;;2;54;gastarbeiders;2024-10-15 11_09_22.504745;0.014775110408664;0.000011885783351;0.001194392680190;0.000075537587691;0.000117105570098;0.000883035303559;0.000017710237444;1. Against immigration, migrants, foreigners, refugees, or Muslims.
157;d21ad7d27f6e6a72;5b2ab6f43d9bee59;ee5a48f57d345fcd;2015-09-21T13:06:56.000Z;De Franse spoorwegmaatschappij is veroordeeld voor het stelselmatig discrimineren van gastarbeiders in de jaren 70: http://nos.nl/l/2058926;;6.0;;/NOS###/NOS###/NOS/status/645947319561678849###http://t.co/1FHPtU7Eiu;gastarbeiders;2024-10-15 11_09_22.504745;0.020838662981987;0.000012480063560;0.000001987419182;0.000301597261569;0.000028116171961;0.007125326897949;0.000284441717667;5. Is neutral.
158;ff0237b53a23aa5c;5d51228c630a722d;9ce6aef8d8ac7b31;2024-09-06T11:34:58.000Z;Je kunt toch teruglezen? Het draadje begon met commentaar van Syp op de populaire mythe dat de gastarbeiders na de oorlog ons land hebben opgebouwd.;1.0;;;56;gastarbeiders;2024-10-15 11_09_22.504745;0.014194647781551;0.000015377701857;0.000072872891906;0.000059740363213;0.000165641395142;0.014433288946748;0.000138007904752;1. Against immigration, migrants, foreigners, refugees, or Muslims.
159;09de07e9b3708694;8a1ab5c9838bd140;17b3148909b116a0;2024-09-15T05:52:31.000Z;60 jaar Turkse gastarbeiders in Nederland: rondreizende tentoonstelling vertelt hun verhaal;19.0;9.0;20;8,9K;gastarbeiders;2024-10-15 11_09_22.504745;0.000865620095283;0.000025453948183;0.000161790914717;0.001838794793002;0.000354823278030;0.001470221090130;0.000447642640211;5. Is neutral.
160;69be6eeaa2af63e6;b8f5b09425eb8025;457190826e0f2ea1;2024-09-25T10:20:44.000Z;"We hadden dus een rechtse partij die actieve werving van gastarbeiders mogelijk maakte en zelfs gezinshereniging stimuleerde. Die actieve werving werd in 1973 door het kabinet-Den Uyl gestaakt; het wervingsverdrag werd gestopt. Voor de jonge lezers: Den Uyl was geen VVD’er.";2.0;35.0;244;7,8K;gastarbeiders;2024-10-15 11_09_22.504745;0.001103162765503;0.000002011528977;0.000017583899535;0.000022072728825;0.000050222159189;0.001977503066882;0.000152105378220;5. Is neutral.
161;0fdf96b43c995d53;b8f5b09425eb8025;457190826e0f2ea1;2024-09-25T10:18:14.000Z;Wilde de VVD die gastarbeiders dan weren? Welnee, samen met de voorgangers van het CDA werden er complete wervingsverdragen afgesloten met Turkije en Marokko. Sterker: er werden kantoren geopend om mensen naar Nederland te halen.;2.0;15.0;201;8K;gastarbeiders;2024-10-15 11_09_22.504745;0.025449633598328;0.000120057578897;0.000085750318249;0.000004186432307;0.000010184079656;0.012911821715534;0.000283574685454;5. Is neutral.
162;e4ceb80d30680027;5b2ab6f43d9bee59;ee5a48f57d345fcd;2011-03-03T20:05:05.000Z;Video: Afrikaanse gastarbeiders zijn blij om Libië te ontvluchten http://nos.nl/l/223044;;;;/NOS###/NOS###/NOS/status/43401530593918976;gastarbeiders;2024-10-15 11_09_22.504745;0.010994095355272;0.000232046106248;0.000007773665857;0.001712232129648;0.000386394240195;0.016343660652637;0.000330569106154;5. Is neutral.
163;935577b780ee65df;b92debe984465eba;158433b105cff657;2024-08-19T05:55:06.000Z;"""Nederland is een mooi land, als je de taal spreekt"" zegt de Turkse vrouw die 50 jaar in Nederland woont en amper Nederlands spreekt.

60 jaar Turkse gastarbeiders in Nederland: 'Hebben onze jaren gegeven' /via @NOS";;;;153;gastarbeiders;2024-10-15 11_09_22.504745;0.008138000033796;0.000020386734832;0.000020136165404;0.002445447258651;0.001595197478309;0.000341165374266;0.000117947427498;5. Is neutral.
164;f7b893d301c7d80c;9fe6cbb9e933ad0b;2ef37bd848a4d26c;2024-09-05T15:04:54.000Z;Jaren 60 vorige eeuw kwamen gastarbeiders naar NL om ons te helpen,Nu meer dan 60 jaar later zitten ze nog in onze huizen,passen zich niet aan,spreken amper Nederlands en hun kinderen en kleinkinderen vormen een gigantisch probleem in onze steden.;4.0;3.0;4;149;gastarbeiders;2024-10-15 11_09_22.504745;0.593506515026093;0.000026344170692;0.000000025004178;0.000030600735045;0.000033425945730;0.007808722555637;0.000010033767467;1. Against immigration, migrants, foreigners, refugees, or Muslims.
165;0a7e8fdf5e7f5efc;05cd66aec3eb89f6;33b9046513227fbe;2024-09-05T04:56:29.000Z;Arbeidsmigratie door SELECTIE aan de poort, zoals vroeger gastarbeiders werden geselecteerd voor specifiek werk  #vandaaginside;;4.0;4;1,9K;gastarbeiders;2024-10-15 11_09_22.504745;0.004064431879669;0.000184353222721;0.000010988548638;0.000185774770216;0.000074038456660;0.010995184071362;0.000451457104646;5. Is neutral.
166;0a0bf103dd4e259f;d1431cb52feaa021;a21389091bcf938d;2024-09-05T06:42:32.000Z;True story. Conservatisme is ook te merken op de middelbare scholen in Amsterdam. Het is net de Turkse cultuur toen de gastarbeiders naar Nederland kwamen. Vooral als het gaat liefdesrelaties. Ik weet niet wat ik meemaak.;;;2;597;gastarbeiders;2024-10-15 11_09_22.504745;0.036469932645559;0.000000480523852;0.000177924710442;0.000755006563850;0.007577391341329;0.000840417866129;0.000256351806456;5. Is neutral.
167;df64939d0eaa2a6e;03073f718ed81d74;da85485925c0c26c;2024-09-16T10:00:24.000Z;In de Openbare Bibliotheek Amsterdam @OBAmsterdam is een expositie te zien over de Turkse #arbeidsmigratie naar Nederland. https://dekanttekening.nl/nieuws/expositie-over-60-jaar-turkse-gastarbeiders/… #Turkije #Turks #Amsterdam;;2.0;2;350;gastarbeiders;2024-10-15 11_09_22.504745;0.000548182113562;0.000001960303507;0.000002108409944;0.000044170697947;0.000071419010055;0.000125637146994;0.000022282747523;5. Is neutral.
168;10477843685423a9;4758b776b12395b0;bd5424675976ece8;2024-09-05T21:10:57.000Z;Heb je die zogenaamde professor gisteren bij Vi, gezien, die lulde het zelfde als den Uil, dat die gastarbeiders het werk kwamen doen omdat de Nederlanders dat te vuil werk vonden. Hufters, nee ze waren goedkoper van hun loon ging namelijk niet net zo als bij ons, veel lasten af.;1.0;1.0;2;58;gastarbeiders;2024-10-15 11_09_22.504745;0.739443778991699;0.000069617177360;0.000054865722632;0.000958014337812;0.000173571272171;0.017163569107652;0.000164965065778;1. Against immigration, migrants, foreigners, refugees, or Muslims.
169;453638cbbe8039ba;715fc733c5eef228;39825c12e6b16e4b;2024-08-21T13:38:37.000Z;Inderdaad. Zo was Willem Drees sr. destijds een groot voorstander van remigratie van gastarbeiders. Lees hiervoor het boek 'De schijn-élite van de valse munters' (sic) van @Martinbosma_pvv.;;1.0;12;705;gastarbeiders;2024-10-15 11_09_22.504745;0.005064715165645;0.000007369738796;0.000078015007603;0.000047903693485;0.000147063474287;0.001972321653739;0.000039712027501;1. Against immigration, migrants, foreigners, refugees, or Muslims.
170;3c2d6425d4c992b7;c260496009c7a682;aaa9a4d83222ffb2;2024-09-06T12:19:19.000Z;Een uitspraak die niet is gedaan door een Surinamer. Wij waren geen gastarbeiders maar inwoners van het rijk. Vooral vanaf de jaren 70 hebben surinamers bijgedragen maar Suriname was cruciaal voor de bevrijding van Nederland door ons bauxiet dat werd gebruikt voor;;;;46;gastarbeiders;2024-10-15 11_09_22.504745;0.004956924822181;0.000029129018003;0.000075632080552;0.000074149742431;0.000001341104735;0.003680456196889;0.000093102062237;5. Is neutral.
171;862b969c79c30409;dfbdab7b5943c2d7;bc82da49241842c3;2024-08-31T08:34:33.000Z;Hoezo profiteer ik van gastarbeiders? Beweer je nu dat mijn ouders en grootouders geen reet gedaan heb in de opbouw van dit land en ikzelf niet werk? Ga weg joh!;1.0;;1;58;gastarbeiders;2024-10-15 11_09_22.504745;0.121018342673779;0.000066233362304;0.003482069121674;0.000009154311556;0.000004894235644;0.012083491310477;0.000007809667295;1. Against immigration, migrants, foreigners, refugees, or Muslims.
172;57516818d8fe5308;a65fa73608f1e670;4e8be56748eb184b;2024-09-17T02:14:01.000Z;In de jaren '80 heb ik mijn scriptie geschreven over in hoeverre wij (NL) onze wetten/regels oprekten om (toen nog) gastarbeiders te accommoderen. Dat was mij toen al een doorn in het oog. Je kunt bijv. geen contract sluiten (althans: ben er niet aan gehouden) als je 'je wil niet;1.0;3.0;18;639;gastarbeiders;2024-10-15 11_09_22.504745;0.041188552975655;0.000021983700208;0.000173620108399;0.000135763300932;0.000250579207204;0.007634457666427;0.000064930383814;1. Against immigration, migrants, foreigners, refugees, or Muslims.
173;1e5606835e6f0d24;5d51228c630a722d;9ce6aef8d8ac7b31;2024-10-13T15:54:38.000Z;En voor de v/m gastarbeiders.;;;1;74;gastarbeiders;2024-10-15 11_09_22.504745;0.130853056907654;0.000298387429211;0.000252043944783;0.000477342808153;0.000066717162554;0.022811558097601;0.000404098391300;2. In support of immigration, migrants, foreigners, refugees, or Muslims.
174;71fdf2a7d1365688;4744f13b3ec4a2af;7fcc1503af04a384;2024-08-19T18:20:56.000Z;"""SNEL @BLIKOPENER333 NIEUWS"" 60 jaar Turkse gastarbeiders in Nederland. 
Nu ook in het 20.00 uur Journaal van maandagavond 19 augustus 2024
https://youtu.be/BNumiJxPvlc?si=mJSSuGz-d5-wXG_g… @J41963735 @LidwienNews @Grard05542415";;1.0;;92;gastarbeiders;2024-10-15 11_09_22.504745;0.003114558523521;0.000020159664928;0.000005918288025;0.000529752578586;0.000467970414320;0.002674902090803;0.000263787282165;5. Is neutral.
175;15c7702f6143f3fc;054d01610e298641;5ac1daa43f23a2b2;2024-09-25T19:06:00.000Z;Op donderdagmiddag 3 oktober wandelt Ries  een route waarbij we stil staan b verhalen van gastarbeiders.  We verzamelen om 14.00 uur bij Bemuurde Weerd Oostzijde 3.  Na afloop is er gelegenheid tot napraten.;;1.0;1;73;gastarbeiders;2024-10-15 11_09_22.504745;0.004368593450636;0.000237090323935;0.000167381673236;0.000120477889141;0.000048345456889;0.004275982733816;0.000080478137534;5. Is neutral.
176;81aa67567cf57599;b74c936a856cecc8;9d4bb69970a2387e;2024-09-06T06:52:03.000Z;Van die Spaanse gastarbeiders had je geen last. De ellende is pas begonnen met die Marokkaanse gezinshereniging uit het Rifgebergte.;;4.0;9;102;gastarbeiders;2024-10-15 11_09_22.504745;0.603222072124481;0.000095848619821;0.000014981896129;0.000038863414375;0.000245753210038;0.110141821205616;0.000603608146776;1. Against immigration, migrants, foreigners, refugees, or Muslims.
177;54ad841119728cbe;5992e467defe2643;b4454cc2d50b7392;2024-09-20T09:01:12.000Z;Mijn stuk gaat over vluchtelingen, niet over gastarbeiders van wie niet werd verwacht dat ze zouden blijven, zelf ook lange tijd aan terugkeer dachten en die al hun energie in zwaar en slecht betaald werk hebben gestoken. Dat is een heel andere dynamiek;1.0;;1;26;gastarbeiders;2024-10-15 11_09_22.504745;0.034682590514421;0.000004287231150;0.000283382541966;0.000065569918661;0.000045336862968;0.003038086695596;0.000189451689948;5. Is neutral.
178;f5815491c3b02429;ccdeae35b9524689;955f870a4a122171;2024-09-27T13:16:35.000Z;Pleidooi voor monument gastarbeiders: ‘Zij hebben een onaantastbare bijdrage aan de samenleving geleverd‘;;;;398;gastarbeiders;2024-10-15 11_09_22.504745;0.010666092857718;0.000089737848612;0.000013154363842;0.000102297221019;0.000041099716327;0.009996251203120;0.000068306697358;2. In support of immigration, migrants, foreigners, refugees, or Muslims.
179;120b6104d0b56ee4;057cd8f0df194035;669cc1a97293d6ab;2024-08-28T06:08:15.000Z;Ik ben hier geboren in Nederland, mijn ouders waren een van eerste Joegoslavische gastarbeiders hier  in Nederland.;1.0;;;139;gastarbeiders;2024-10-15 11_09_22.504745;0.001536998548545;0.000002222269814;0.000132886489155;0.000291336706141;0.000430681888247;0.000720853859093;0.001222817343660;5. Is neutral.
180;f9a8a51d8d2101fd;3f9ec4bdc76416c1;f29231e3360b4c8d;2024-09-03T09:43:06.000Z;Een belachelijk frame - als het niet zo vilein was - We hebben net vier rechtse kabinetten gehad. Er is sinds Den Uyl geen links kabinet meer geweest. De VVD haalde de gastarbeiders binnen, sloopte de huizenmarkt en de zorg.;1.0;;;18;gastarbeiders;2024-10-15 11_09_22.504745;0.187616795301437;0.000039489787014;0.000125427424791;0.000058660865761;0.000033463005821;0.045801617205143;0.001305426936597;5. Is neutral.
181;61d0a09e793b2f82;b2ae2399c8b02ad1;7259cf2bfd5b525b;2024-09-19T07:44:41.000Z;"Meeste Palestijnen zijn gastarbeiders uit buurlanden die op het economisch wonder van de joden afkwam. Waar ze de woestijn groen maakte. 

James Joyce en Mark twain beschreven judea voor 1850 als een woestijn waar je dagen lang niemand tegen kwam en er spook steden waren. Na 1852";;2.0;5;16;gastarbeiders;2024-10-15 11_09_22.504745;0.109287500381470;0.000038604848669;0.000013577399841;0.000005487264389;0.000001134232548;0.000449581712019;0.000264243892161;1. Against immigration, migrants, foreigners, refugees, or Muslims.
182;851d3d83cf9376f9;ae3a1762d22dd110;b48bc7ccb31924db;2024-09-05T22:52:23.000Z;"Onze ‘gastarbeiders’ pasten niet in het wereldbeeld van vele suburbane Vlamingen, in de crisis opgejut door een autoritaire en racistische antivreemdelingenpartij.
http://sampol.be/2024/09/communautarisme-versus-democratie… via @Sampol_magazine";12.0;3.0;6;854;gastarbeiders;2024-10-15 11_09_22.504745;0.008886477909982;0.000013553426470;0.000001617129897;0.000084536586655;0.000002827600838;0.002341359620914;0.000105406943476;3. Against those that oppose immigration or are negative towards migrants, foreigners, refugees, or Muslims.
183;52c3fbe19e4104d1;a51967a2deb1f0c2;9ee26a62af7ea872;2024-09-04T19:19:52.000Z;O bij Arno mag er niet gepraat worden tijdens het werk? Hij vergat even dat het om potentiële partners gaat en niet om gastarbeiders. #benbvolliefde;;;34;2K;gastarbeiders;2024-10-15 11_09_22.504745;0.007029140368104;0.000011876855751;0.000001215161774;0.000860380765516;0.000219379900955;0.000636423472315;0.000008857034118;1. Against immigration, migrants, foreigners, refugees, or Muslims.
184;29167a01585a62a7;a846649b74b8a087;f875e1889f419a15;2024-09-05T14:47:35.000Z;"Ik zag ""vaarwel vaderland"" over gastarbeiders. Het was moeilijk, hard en zwaar werk. Maar wat kregen zij daarvoor terug wat ze in eigen  land nooit hadden gekregen. En ze prijzen de gastvrijheid en hulp van de nederlanders. Waar komt het anti Nederland 3e generatie dan vandaan?";;;;29;gastarbeiders;2024-10-15 11_09_22.504745;0.066634491086006;0.000088591034000;0.000068334185926;0.000113092151878;0.000462088588392;0.007334538269788;0.000067605848017;5. Is neutral.
185;20398cac64fa4e27;1c85e83deef66028;cd90c7e3604a7059;2024-08-20T09:36:41.000Z;"We weten al dat nareizigers een probleem is sinds de jaren 70 met de gastarbeiders, en nog steeds onderschatten we het.

En familie is veel belangrijker voor deze culturen, dan in Nederland, waar we individueel zijn.";;;;12;gastarbeiders;2024-10-15 11_09_22.504745;0.059965159744024;0.000002849905513;0.000019007153242;0.000012552577573;0.000030712737498;0.001261791447178;0.000021456547984;1. Against immigration, migrants, foreigners, refugees, or Muslims.
186;33ec7d1ae2355dee;5ca4044b08cd0b22;ae8deca3bc9d2cf4;2024-08-20T12:37:53.000Z;Op de webcambeelden van grenspost Kapikule-Kapitan Andreevo zag ik lange rijen auto’s. Ze hebben de jaarlijkse grote vakantie in het moederland gehad en zijn op weg terug naar Duitsland, Nederland, België, Frankrijk, Oostenrijk en Denemarken.;;;;139;gastarbeiders;2024-10-15 11_09_22.504745;0.007199903484434;0.000004363612334;0.000009058264368;0.000079326018749;0.000028921835110;0.002289538970217;0.000038950867747;5. Is neutral.
1;05f0abbffbcb0732;b06b5267a5d72932;de051039ce421fb0;2024-10-11T08:17:44.000Z;"Welk links? Ik kan me Den Uyl nog herinneren die juist de grenzen sloot voor gastarbeiders. 

Het is ronduit zo stupide hoe mensen maar wat roepen omdat anderen dat ook roepen. Verdiep je eens, neem kennis tot je!";1.0;;7;111;gastarbeiders;2024-10-17 10_33_26.715002;0.052249111235142;0.000004190750587;0.000210326223169;0.000040465871280;0.000024747816497;0.016279827803373;0.000185337383300;5. Is neutral.
2;959dda09dede778e;7706c4fa02b8f543;4a285419cec29974;2024-10-13T12:16:26.000Z;Vóór de EU was het fijn leven in een vrij Nederland. Het welvaartsniveau was hoog. De mensen waren saamhorig en solidair. Het veiligheidsgevoel was hoog. Criminaliteit cijfers waren laag bij 2024 vergeleken. Op gastarbeiders na waren er weinig vreemdelingen in NL.;;;4;32;gastarbeiders;2024-10-17 10_33_26.715002;0.027650987729430;0.000010930959434;0.000260991684627;0.000022922149583;0.000034170458093;0.003633926389739;0.000634842959698;1. Against immigration, migrants, foreigners, refugees, or Muslims.
3;0c50c75b6eace6af;ae932c905ed7f38e;94517d5598b41322;2024-10-14T10:16:47.000Z;"De Marokkanen zijn hier in de jaren zestig als gastarbeiders gekomen, 60 jaar geleden.

Dit is inmiddels de vierde generatie Marokkanen in Nederland en het zijn precies dezelfde soort etterbakken als die Marokkaanse jochies in de jaren 70 en 80.

Dat volk zalf nooit integreren";1.0;3.0;32;1,1K;gastarbeiders;2024-10-17 10_33_26.715002;0.974821269512176;0.000035733522964;0.000025685012588;0.001042443094775;0.003044786397368;0.013264466077089;0.000904436863493;1. Against immigration, migrants, foreigners, refugees, or Muslims.
4;c1fcbf2eb6164379;9ab1fbe136070bf5;64fce443a9035437;2024-10-13T12:22:47.000Z;Oudkerk vergeet even dat de PvdA beginjaren 70 de strengste maatregelen wilde ten opzichte van vluchtelingen en arbeidsmigranten (gastarbeiders). Waarschijnlijk zat ie toen bij de dames van lichte zeden en is het hem ontgaan.;2.0;;2;54;gastarbeiders;2024-10-17 10_33_26.715002;0.063737697899341;0.000007301724963;0.000105485676613;0.004251202568412;0.005729915108532;0.009517287835479;0.000036022531276;5. Is neutral.
5;a135332e84fb6778;feefb2f3e8f8e48a;b849a26c613c3b68;2024-10-12T07:35:58.000Z;Gedurende de middeleeuwen was de moslimbeschaving geavanceerder dan welke andere ook. Moslims boekten grote vooruitgang in astronomie, zoölogie, geografie, rekenen, navigatie, kunst, architectuur en technologie. Het waren de gastarbeiders die nl hebben opgebouwd na de oorlog!;1.0;;2;79;gastarbeiders;2024-10-17 10_33_26.715002;0.016675319522619;0.000002696652246;0.000001941743903;0.000031947911339;0.000013603229490;0.000684052647557;0.000202799710678;2. In support of immigration, migrants, foreigners, refugees, or Muslims.
6;498b2f0fd88eed39;1e3cc376afa5a27c;06542d96860e40c3;2024-10-12T08:02:13.000Z;"Op de bouwplaats wemelt het van de gastarbeiders. Een vraag stellen in het Nederlands is haast onmogelijk geworden.
De bouw in Nederland is kwalitatief ook met een enorme teloorgang bezig.
Ze zijn drukker met fouten herstellen dan met progressie.
Gek he, dat er niets op schema is";;2.0;6;148;gastarbeiders;2024-10-17 10_33_26.715002;0.272350549697876;0.000031586048863;0.000037732650526;0.000017295154976;0.000011084749531;0.004539642017335;0.000082102873421;1. Against immigration, migrants, foreigners, refugees, or Muslims.
7;c360a3971afe604b;ec75c0ac5c47736a;91bdeb96326398dc;2024-10-13T15:30:53.000Z;Ik beweer inderdaad dat Arafat de naam 'Palestijnen' heeft verzonnen voor Arabieren die daar in de buurt woonden. Het was nooit een bestaand volk, en de lokale joden en christenen zijn net zo goed Palestijnen (velen zelfs meer: vele arabieren kwamen later als gastarbeiders).;;;3;41;gastarbeiders;2024-10-17 10_33_26.715002;0.016850553452969;0.000005153526672;0.000019943412553;0.000012095808415;0.000009483573194;0.002732096705586;0.000163478413015;1. Against immigration, migrants, foreigners, refugees, or Muslims.
8;d169a584b709115f;123b16ba56f9d75d;8ead3c96c3b2e8c6;2024-10-14T23:02:00.000Z;"Ik heb ooit in de jaren ""80 jongerenwerk gestudeerd en heb gewerkt in het ultralinkse ""Aktiekomitee Pro Gastarbeiders"" en ik heb van dichtbij gezien en ervaren hoe we toen al niet mochten ingrijpen bij asociaal gedrag en absoluut niets opvoedkundigs mochten doen. Dus jeugdwerk...";4.0;1.0;9;204;gastarbeiders;2024-10-17 10_33_26.715002;0.058505117893219;0.000012188106666;0.000011554859157;0.000489417463541;0.000697992218193;0.002191896550357;0.000069563888246;1. Against immigration, migrants, foreigners, refugees, or Muslims.
9;f27011dd2381e53a;fd6be7a4788a3b4c;ca1fbb784b4c35b1;2024-10-15T12:19:44.000Z;Je zou zeker rechts bedoelen, zij begonnen met de import van gastarbeiders. Zijn wij wel oud genoeg om brievenbus touwtje herinneren maar niet dat rechts die import starten. Hebben wij selectief geheugen verlies? Domrechts!!;1.0;;2;15;gastarbeiders;2024-10-17 10_33_26.715002;0.628480374813080;0.000024562468752;0.000004184360932;0.000447933474788;0.000048858062655;0.064419731497765;0.000124719823361;3. Against those that oppose immigration or are negative towards migrants, foreigners, refugees, or Muslims.
10;66b083573c8259d9;d73e35dac4745af6;5636146467ec8202;2024-10-09T16:53:09.000Z;Weer het heilloze idee om de vergrijzing door arbeidsmigranten te laten opvangen. Vanaf de gastarbeiders in de vorige eeuw weten we dat die niet meer weggaan en de oorzaak zullen vormen van nieuwe vergrijzingsgolven. Als we ...->;1.0;;2;79;gastarbeiders;2024-10-17 10_33_26.715002;0.125432670116425;0.006020179484039;0.000228839402553;0.000069701265602;0.000064952742832;0.040342789143324;0.000178096655873;1. Against immigration, migrants, foreigners, refugees, or Muslims.
11;e70ea223b8b567b9;cf0d1e93181a5c1b;20ca4de173388bae;2024-10-13T11:58:33.000Z;"Een minister die zegt dat gastarbeiders onder de mijnwerkers in de jaren 1970 de ‘welvaart’ hier hebben opgebouwd. Ik vind dat speciaal.
1) de mijnen daar is massa belastinggeld aan verkwist in die jaren
2) de jaren 1970 waren crisisjaren, toen welvaart onder druk kwam te staan";7.0;9.0;79;1,4K;gastarbeiders;2024-10-17 10_33_26.715002;0.030992178246379;0.000010959192878;0.000005888882242;0.000105258193798;0.000015473378880;0.001063014031388;0.000144567078678;1. Against immigration, migrants, foreigners, refugees, or Muslims.
12;a64809cf4731571e;c57dc617f2d0ac95;df99c76b52401a94;2024-10-15T06:24:13.000Z;Misschien handig om aan te geven dat dit om de zoveelste generatie gaat die nog steeds als de Marokkaanse gastarbeiders uit de jaren 70.;1.0;;23;977;gastarbeiders;2024-10-17 10_33_26.715002;0.118903286755085;0.000218423374463;0.000019202136173;0.000254167796811;0.001225922373123;0.023903654888272;0.000273422221653;5. Is neutral.
13;d1fcdedbc7be7a5b;dedb19748e2a9b1b;16fd6145ffd76aee;2024-10-15T17:52:11.000Z;"Jaat kan op zijn luie reet zitten, bier drinken en een kuxe leven leiden, terwijl gastarbeiders/arbeidsmigranten het smerige werk doen.
En Jaat gaat wel lekker goedkoop naar Antalya, staat er niet bij stil dat dat in Turkije ligt. 
Hypocriet heet zoiets, ook voor PVV’ertjes.";1.0;;3;708;gastarbeiders;2024-10-17 10_33_26.715002;0.461285501718521;0.000017032980395;0.001362607581541;0.010797169990837;0.002206339966506;0.048297461122274;0.000572574383113;3. Against those that oppose immigration or are negative towards migrants, foreigners, refugees, or Muslims.
14;bdeae607c580aaa8;42b29f82927d4793;fdf999837bd3e055;2024-10-11T12:58:18.000Z;Ja, de joden zijn eerst uitgeroeid, daarna in de jaren die volgden te weinig huizen voor de Amsterdammers maar wel voor de gastarbeiders. Wij gingen naar Lelystad. Mijn Mokumse vader zei dat ie alsnog gedeporteerd werd.;1.0;;3;71;gastarbeiders;2024-10-17 10_33_26.715002;0.216510921716690;0.002981888828799;0.000057510966144;0.000017170663341;0.000006650469459;0.534254372119904;0.001763181760907;1. Against immigration, migrants, foreigners, refugees, or Muslims.
15;89b0fadd4bd49420;9ba204437fb41446;79fc729fae3df531;2024-10-15T08:29:14.000Z;"Er zijn de afgelopen jaren honderdduizenden permits/visa’s !!!!verleend aan Russische “gastarbeiders” in Duitsland en Frankrijk en Spanje !!

Het is echt totale bullshit/gelul dat “de nationale veiligheid nú plotseling in het geding zou zijn”.";1.0;;2;57;gastarbeiders;2024-10-17 10_33_26.715002;0.200288698077202;0.000023658625651;0.000025709543479;0.000947273336351;0.000416458351537;0.041941825300455;0.003781402949244;5. Is neutral.
16;3ad701a25c07ebe1;9ba204437fb41446;79fc729fae3df531;2024-10-15T09:01:02.000Z;"Bullshit !

Er zijn de afgelopen jaren honderdduizenden permits/visa’s !!!!verleend aan Russische “gastarbeiders” in Duitsland en Frankrijk en Spanje !!

Het is echt totale bullshit/gelul dat “de nationale veiligheid nú plotseling in het geding zou zijn” ( door “Orban/Hongarije”)";1.0;;2;52;gastarbeiders;2024-10-17 10_33_26.715002;0.122108332812786;0.000014146178728;0.000013729664715;0.000090149027528;0.000016760777726;0.005132048856467;0.001044258591719;5. Is neutral.
17;d74d817939b64261;9ba204437fb41446;79fc729fae3df531;2024-10-15T19:54:32.000Z;"Bullshit !

Er zijn de afgelopen jaren honderdduizenden permits/visa’s !!!!verleend aan Russische “gastarbeiders” in Duitsland en Frankrijk en Spanje !!

Het is echt totale bullshit/gelul dat “de nationale veiligheid nú plotseling in het geding zou zijn” ( door “Orban/Hongarije”)";2.0;5.0;21;195;gastarbeiders;2024-10-17 10_33_26.715002;0.122108332812786;0.000014146178728;0.000013729664715;0.000090149027528;0.000016760777726;0.005132048856467;0.001044258591719;5. Is neutral.
18;5fbe2ba3750ed2e3;7d1ca70d935c63fa;0748a84f66ca23c0;2024-10-14T08:03:46.000Z;R waren slechts circa 4000 Marokkaanse arbeiders in NL toen het Gastarbeiders project in 1975 beëindigd werd. Alles dat hier daarna binnen is komen hossen heeft hier F*ck all te maken, + zouden we vandaag nog het land uit moeten trappen. Niets dan ellende met die lui;;;12;480;gastarbeiders;2024-10-17 10_33_26.715002;0.915601491928101;0.001658680848777;0.000078904144175;0.000168200189364;0.000096543022664;0.195679813623428;0.000037528570829;1. Against immigration, migrants, foreigners, refugees, or Muslims.
19;a452e04089977a90;b17962edc95ec757;a5929e7ad86fc1a4;2024-10-14T15:46:23.000Z;"Dus liever een gebrek aan empathie voor de mensen die DAGELIJKS met racisme te maken krijgen 

PS: dat madammeke in Denderleeuw heeft dit prachtige land NIET opgebouwd 

Congolese SLAVEN en Italiaanse, Turkse en Marokkaanse GASTARBEIDERS daarentegen…";;;2;481;gastarbeiders;2024-10-17 10_33_26.715002;0.111784890294075;0.000014399988686;0.000009058298929;0.000111129207653;0.000016830066670;0.001893478911370;0.000015098965378;3. Against those that oppose immigration or are negative towards migrants, foreigners, refugees, or Muslims.
20;83b95a4d30e7ba36;87ad6ecd424bee8c;4352dad08b7db46a;2024-10-14T07:38:44.000Z;Aha. Dan ben ik benieuwd hoe die relatie precies zit. Voor mij blijft het onbegrijpelijk dat vanuit klein groepje van 30.000 Marokkaanse gastarbeiders komende uit een haaks op onze cultuur zo kon/mocht groeien zonder enige eis tot aanpassing.;2.0;;8;255;gastarbeiders;2024-10-17 10_33_26.715002;0.037152756005525;0.000032311821997;0.000130589745822;0.000285921938484;0.000255271559581;0.007297570351511;0.001374914427288;1. Against immigration, migrants, foreigners, refugees, or Muslims.
21;eb8949b98a97a080;a87041c7ba589a3f;c12f74d741a62522;2024-10-11T08:29:31.000Z;De eerste gastarbeiders werkten hard en zorgden voor een enorme druk op de lonen. Maar ook voor uitstel van de mechanisering in die beroepen waar ze gingen werken. En toen kwam de crisis, veel industrie failliet. Gastarbeiders, nu met hun familie, werkloos. Als er geen goedkope;2.0;;3;78;gastarbeiders;2024-10-17 10_33_26.715002;0.061536293476820;0.000063343199145;0.001845151884481;0.000163064149092;0.000087991073087;0.017900973558426;0.000827869225759;5. Is neutral.
22;b63ee67bdac9ef0e;ee71981f5e3c3bc8;0485a8ddca97ba12;2024-10-10T10:56:05.000Z;"Wat Vanessa @V_van_Vanessa ook aan geeft, dat was jaren geleden al.

Ze krijgen dik betaald om oostblokkers (gastarbeiders) en goudzoekers te huisvesten. Dat is veel makkelijker cashen dan huisje voor huisje aan de man brengen bij mensen die het schoon willen hebben en netjes";;2.0;9;2,1K;gastarbeiders;2024-10-17 10_33_26.715002;0.160047382116318;0.000039989907236;0.000091189322120;0.002120631979778;0.000145533311297;0.034497253596783;0.000178913964191;1. Against immigration, migrants, foreigners, refugees, or Muslims.
23;5970588f0bfac3e1;b74c936a856cecc8;9d4bb69970a2387e;2024-10-08T19:16:37.000Z;Weer eentje die het begin niet heeft meegemaakt en met de hardnekkige fabel op de proppen komt. Heel wat Nederlanders die nog graag hadden willen werken zijn toen vervangen door goedkope gastarbeiders. Ze gewoon de steun ingeschopt. Ook indertijd bij ons.;1.0;1.0;4;54;gastarbeiders;2024-10-17 10_33_26.715002;0.083508700132370;0.000056700228015;0.000032076466596;0.000041448209231;0.000046594082960;0.028072502464056;0.000477210414829;1. Against immigration, migrants, foreigners, refugees, or Muslims.
24;488f8761f3acd145;0c2fd4270e018360;b3cacd35847179c4;2024-10-11T09:51:35.000Z;"al vanaf de jaren 60 haalden 't bedrijfsleven gastarbeiders hierheen
niet ""om 's lands economie te redden"", maar
enkel voor de lage loonkosten: pure kolonisatie-2.0
waardoor investeren in innovatie niet nodig was.

en nu zitten we met Leo's gebakken peren";;;5;31;gastarbeiders;2024-10-17 10_33_26.715002;0.137363851070404;0.000473368301755;0.000008804323443;0.000030510580473;0.000006804973509;0.021104495972395;0.001244462095201;1. Against immigration, migrants, foreigners, refugees, or Muslims.
