date,ranking,classification,classification nr,text,id,replies,retweets,likes,quotes,total_eng,topic
2022-12-12 3:07:57,2,normal,0.842296958,"Twitter employees recognize the difference between their own politics & Twitter's Terms of Service (TOS), but they also engage in complex interpretations of content in order to stamp out prohibited tweets, as a series of exchanges over the ""#stopthesteal"" hashtag reveal.",1601746253284798469,452,3815,19258,,23525,Twitter files
2022-12-12 3:07:57,3,normal,0.8007002473,"| En comunicaciones internas, Yoel Roth aseguraba que tenían un equipo trabajando para censurar el hashtag #StopTheSteal y bloquear las cuentas que lo tuitearan.

#TwitterFiles",1602072153364520960,1,21,61,,83,Twitter files
2022-12-12 3:07:57,5,normal,0.7973869443,"Twitterの社員は、自分たちの政治とTwitterの利用規約（TOS）の違いを認識していますが、""#stopthesteal""ハッシュタグを巡る一連のやり取りで明らかになったように、禁止ツイートを排除するために、コンテンツの複雑な解釈を行っています。",1601841506951737344,1,5,22,,28,Twitter files
2022-12-12 3:07:57,9,normal,0.8133713603,Trump isn’t holding back either.. #45 @FBI #TwitterGate #HuntersLaptop #ControlledMedia #StopTheSteal,1598873735536078849,,,8,,8,Twitter files
2022-12-12 3:07:57,11,normal,0.8008177876,"The Twitter Files is the BIGGEST news story of the decade.

We now know that Twitter COLLUDED with Biden to censor posts they didn't like.

We now know that Twitter COLLUDED to alter the outcome of the 2020 election by surpressing the Hunter laptop story.

Insane.",1599209424685395968,,2,10,,12,Twitter files
2022-12-12 3:07:57,13,normal,0.8245396018,"Is this supposed to be a joke? @BretBaier to interview Microsoft president Brad Smith. To be discussed: How they plan to ""firm up future elections"". Like I trust ANY tech company on anything pertaining to elections, especially after the #twitterfiles. #stopthesteal",1601281421553070080,,,3,,3,Twitter files
2022-12-12 3:07:57,22,normal,0.7706078887,"The Twitter Files, Part 3

Deplatforming the President twitter.com/mtaibbi/status…",1601396777231732736,1,1,2,,4,Twitter files
2022-12-12 3:07:57,23,normal,0.7532108426,"This is a fascinating read: Victor Davis Hansen asks and brutally answers the question:

https://amgreatness.com/2022/12/04/how-corrupt-is-a-corrupt-media/…
#HowDeepTheSwamp #SwampNeedsDraining #DrainTheSwamp #AmericaFirst #MAGA #SaveAmerica #Trump2024 #StopTheSteal #TrueTheVote #Twitterfiles",1600501766734467074,,1,2,,3,Twitter files
2022-12-12 3:07:57,24,normal,0.8345682621,"10. Twitter Files 4
Élimination Donald Trump

Le collègue de Roth note ""une recherche arrête les tweets de #stopthesteal et, c'est du contre-discours""

Solution: ""désamplifier les comptes avec #stopthesteal dans le nom/profil"" car ""ils ne sont pas affiliés au contre-discours""",1601771969547972609,,3,3,,6,Twitter files
2022-12-12 3:07:57,25,normal,0.8203430176,"8. Twitter Files 4
Élimination Donald Trump

Les employés de Twitter constatent la différence entre leurs décisions et les conditions d'utilisation de Twitter

Ils interprétent jusqu'à plus soif comme dans cet échange sur le hashtag #stopthesteal (souvent employé par Pdt Trump)",1601769619286433792,,4,3,,7,Twitter files
2022-12-12 3:07:57,26,normal,0.6660653949,"Twitter were so worried about #stopthesteal causing anti govt sentiment, but were so proud to support arab spring to topple foreign govt.
The hypocrisy is nauseating",1601773610212827137,,,,,0,Twitter files
2022-12-14 14:59:00,21,normal,0.842296958,"@ALI (#AliAlexander):

“BREAKING: The #TwitterFiles part 4 reveals that #YoelRoth tried to stop #StopTheSteal from trending. We had trended for TWO MONTHS. 

We also previously got the http://stopthesteal.us link ban removed.

https://twitter.com/ShellenbergerMD/status/1601746253284798469…”",1601746253284798469,,3,3,,6,Twitter files
2022-12-14 14:59:00,31,normal,0.7605831623,So Yoel Roth and Twitter pretended that they could limit the visibility of #stopthesteal by saying it would limit fake news? These people really were stuck on themselves and made themselves the controller gods of speech.,1601750780662280192,,,,,0,Twitter files
2022-12-12 3:07:57,27,normal,0.7500622869,"Twitter employees recognize the difference between their own politics & Twitter's Terms of Service (TOS), but they also engage in complex interpretations of content in order to stamp out prohibited tweets, as a series of exchanges over the ""#stopthesteal"" hashtag reveal.",1601748315334287360,1,,1,,2,Twitter files
2022-12-12 3:07:57,29,normal,0.7548097968,"Having #stopthesteal in your profile got you”de-amplified.”
#TheTwitterFiles",1601812776804323330,,1,,,1,Twitter files
2022-12-14 14:59:00,58,normal,0.8062912822,"Former Trump-Censoring Twitter Executive Yoel Roth Had ALL Accounts ""Deamplified"" for Having #StopTheSteal in Their Name or Profile ⋆  The Liberty Daily",1601775909480136706,,1,,,1,Twitter files
2022-12-12 3:07:57,30,normal,0.8138799667,"Thankful to @elonmusk for exposing how corrupt & AntiAmerican & AntiConstitutional Twitter was & Facebook still is.
No company should be aloud to do business in America unless they agree to follow all our laws & especially our Constitution?!?
#StopTheSteal",1601891232757780482,,,1,,1,Twitter files
2022-12-12 3:07:57,32,normal,0.700001061,I'm more sympathetic to Twitter regarding the J6 and the #stopthesteal insanity.,1601753971001274370,,,,,0,Twitter files
2022-12-11 15:08:47,18,normal,0.8038085103,Former Trump-Censoring Twitter Executive Yoel Roth Had ALL Accounts 'Deamplified' for Having #StopTheSteal in Their Name or Profile,1601820147354075137,,,2,,2,Twitter files
2022-12-11 15:08:47,37,normal,0.842296958,"@ALI (#AliAlexander):

“BREAKING: The #TwitterFiles part 4 reveals that #YoelRoth tried to stop #StopTheSteal from trending. We had trended for TWO MONTHS. 

We also previously got the http://stopthesteal.us link ban removed.

https://twitter.com/ShellenbergerMD/status/1601746253284798469…”",1601746253284798469,,3,3,,6,Twitter files
2022-12-12 3:07:57,37,normal,0.8351488709,"Twitter employees recognize the difference between their own politics & (TOS), but they also engage in complex interpretations of content in order to stamp out prohibited tweets, as a series of exchanges over the ""#stopthesteal"" hashtag reveal.",1601972695888969730,,,,,0,Twitter files
2022-12-12 3:07:57,38,normal,0.8007176518,"Can we get data on how far former twitter employees went tried to suppress #StopTheSteal in 2018, 2020, and can we cross reference Jan 6th Detainees with twitter suspensions 
@elonmusk",1600366245727330304,,1,1,,2,Twitter files
2022-12-12 3:07:57,39,normal,0.807774663,".
#StopTheSteal organizer #AliAlexander (now banned by Twitter), said three #GOP lawmakers helped plan his #January6th D.C. rally:

#AndyBiggs(@RepAndyBiggsAZ) 
#MoBrooks (@RepMoBrooks)
#PaulGosar(@RepGosar)",1600176559293227014,1,15,17,,33,Twitter files
2022-12-12 3:07:57,42,normal,0.7145193219,USA ELECTION WAS THROWN! #TwitterFiles2 #TwitterFiles #StopTheSteal,1601368867141718017,,1,6,,7,Twitter files
2022-12-11 15:08:47,40,normal,0.842296958,"@ALI (#AliAlexander):

“BREAKING: The #TwitterFiles part 4 reveals that #YoelRoth tried to stop #StopTheSteal from trending. We had trended for TWO MONTHS. 

We also previously got the http://stopthesteal.us link ban removed.

https://twitter.com/ShellenbergerMD/status/1601746253284798469…”",1601746253284798469,,3,3,,6,Twitter files
2022-12-12 3:07:57,43,normal,0.8275384903,"#StopTheSteal silenced. #TwitterFiles3 #TwitterFiles
@elonmusk: BRING BACK @ALI TODAY.",1601384205690118145,,3,4,,7,Twitter files
2022-12-12 3:07:57,44,normal,0.7145193219,USA ELECTION WAS THROWN! #TwitterFiles2 #TwitterFiles #StopTheSteal,1601368867141718017,,1,6,,7,Twitter files
2022-12-12 1:10:30,27,normal,0.842296958,"@ALI (#AliAlexander):

“BREAKING: The #TwitterFiles part 4 reveals that #YoelRoth tried to stop #StopTheSteal from trending. We had trended for TWO MONTHS. 

We also previously got the http://stopthesteal.us link ban removed.

https://twitter.com/ShellenbergerMD/status/1601746253284798469…”",1601746253284798469,,3,3,,6,Twitter files
2022-12-12 3:07:57,45,normal,0.8275384903,"#StopTheSteal silenced. #TwitterFiles3 #TwitterFiles
@elonmusk: BRING BACK @ALI TODAY.",1601384205690118145,,3,4,,7,Twitter files
2022-12-12 3:07:57,46,normal,0.7919681072,"Twitter employees recognize the difference between their own politics & Twitter's Terms of Service (TOS), but they also engage in complex interpretations of content in order to stamp out prohibited tweets, as a series of exchanges over the ""#stopthesteal"" hashtag reveal.",1602083507752570880,,,,,0,Twitter files
2022-12-14 14:59:00,0,normal,0.842296958,"Twitter employees recognize the difference between their own politics & Twitter's Terms of Service (TOS), but they also engage in complex interpretations of content in order to stamp out prohibited tweets, as a series of exchanges over the ""#stopthesteal"" hashtag reveal.",1601746253284798469,483,4133,21068,,25684,Twitter files
2022-12-14 14:59:00,12,normal,0.4251355529,"#StopTheSteal “was based on a lie, & consequential for American democracy, providing a rallying point for those who sought to overturn a free & fair election”
https://donmoynihan.substack.com/p/elon-musk-and-all-the-conspiracy…
An attempted coup & seditious conspiracy is a much bigger deal than @Twitter limiting its spread.",1602306176137428992,1,5,14,,20,Twitter files
2022-12-14 14:59:00,17,normal,0.7817791104,#stopthesteal was censored harder than child p*rn on Twitter and you know why. #TwitterFiles4,1601746993310707712,,1,3,,4,Twitter files
2022-12-14 14:59:00,17,normal,0.7817791104,"Twitter employees recognize the difference between their own politics & Twitter's Terms of Service (TOS), but they also engage in complex interpretations of content in order to stamp out prohibited tweets, as a series of exchanges over the ""#stopthesteal"" hashtag reveal.",1601746993310707712,,1,3,,4,Twitter files
2022-12-12 15:46:30,3,normal,0.8007002473,"| En comunicaciones internas, Yoel Roth aseguraba que tenían un equipo trabajando para censurar el hashtag #StopTheSteal y bloquear las cuentas que lo tuitearan.

#TwitterFiles",1602072153364520960,1,34,96,,131,Twitter files
2022-12-14 14:59:00,18,normal,0.7500622869,"Twitter employees recognize the difference between their own politics & Twitter's Terms of Service (TOS), but they also engage in complex interpretations of content in order to stamp out prohibited tweets, as a series of exchanges over the ""#stopthesteal"" hashtag reveal.",1601748315334287360,1,,1,,2,Twitter files
2022-12-14 14:59:00,20,normal,0.7548097968,"Having #stopthesteal in your profile got you”de-amplified.”
#TheTwitterFiles",1601812776804323330,,1,,,1,Twitter files
2022-12-12 15:46:30,23,normal,0.842296958,"@ALI (#AliAlexander):

“BREAKING: The #TwitterFiles part 4 reveals that #YoelRoth tried to stop #StopTheSteal from trending. We had trended for TWO MONTHS. 

We also previously got the http://stopthesteal.us link ban removed.

https://twitter.com/ShellenbergerMD/status/1601746253284798469…”",1601746253284798469,,3,3,,6,Twitter files
2022-12-12 1:10:30,29,normal,0.8345682621,"10. Twitter Files 4
Élimination Donald Trump

Le collègue de Roth note ""une recherche arrête les tweets de #stopthesteal et, c'est du contre-discours""

Solution: ""désamplifier les comptes avec #stopthesteal dans le nom/profil"" car ""ils ne sont pas affiliés au contre-discours""",1601771969547972609,,3,3,,6,Twitter files
2022-12-14 14:59:00,21,normal,0.842296958,"Twitter employees recognize the difference between their own politics & Twitter's Terms of Service (TOS), but they also engage in complex interpretations of content in order to stamp out prohibited tweets, as a series of exchanges over the ""#stopthesteal"" hashtag reveal.",1601746253284798469,,3,3,,6,Twitter files
2022-12-14 14:59:00,24,normal,0.7426475286,Censored by the libertarians! @LPNational @mfa_russia @CIA @FBI @NSACyber Help! Lol twitter.com/Patr10tByrne/s…,1602672239308148736,,1,,,1,Twitter files
2022-12-14 14:59:00,25,normal,0.8152841926,"@elonmusk Please make ALL information known inre #MassPurge of Jan 2021, & reinstate the accounts!!
#StopTheSteal",1602992195811811329,,,1,,1,Twitter files
2022-12-13 17:13:58,5,normal,0.762562871,"Former Trump-Censoring Twitter Executive Yoel Roth Had ALL Accounts ""Deamplified"" for Having #StopTheSteal in Their Name or Profile ⋆  The Liberty Daily. https://tiny.iavian.net/1s56g

Yoel Wroth had some questionable standards concerning Groomers.",1601781490085691393,1,11,13,,25,Twitter files
2022-12-13 17:13:58,28,normal,0.7605831623,So Yoel Roth and Twitter pretended that they could limit the visibility of #stopthesteal by saying it would limit fake news? These people really were stuck on themselves and made themselves the controller gods of speech.,1601750780662280192,,,,,0,Twitter files
2022-12-14 14:59:00,31,normal,0.7605831623,"Twitter employees recognize the difference between their own politics & Twitter's Terms of Service (TOS), but they also engage in complex interpretations of content in order to stamp out prohibited tweets, as a series of exchanges over the ""#stopthesteal"" hashtag reveal.",1601750780662280192,,,,,0,Twitter files
2022-12-14 14:59:00,35,normal,0.8008177876,"The Twitter Files is the BIGGEST news story of the decade.

We now know that Twitter COLLUDED with Biden to censor posts they didn't like.

We now know that Twitter COLLUDED to alter the outcome of the 2020 election by surpressing the Hunter laptop story.

Insane.",1599209424685395968,,2,10,,12,Twitter files
2022-12-14 14:59:00,36,normal,0.8245396018,"Is this supposed to be a joke? @BretBaier to interview Microsoft president Brad Smith. To be discussed: How they plan to ""firm up future elections"". Like I trust ANY tech company on anything pertaining to elections, especially after the #twitterfiles. #stopthesteal",1601281421553070080,,,3,,3,Twitter files
2022-12-14 14:59:00,39,normal,0.700001061,I'm more sympathetic to Twitter regarding the J6 and the #stopthesteal insanity.,1601753971001274370,,,,,0,Twitter files
2022-12-13 17:13:58,43,normal,0.8062912822,"Former Trump-Censoring Twitter Executive Yoel Roth Had ALL Accounts ""Deamplified"" for Having #StopTheSteal in Their Name or Profile ⋆  The Liberty Daily",1601775909480136706,,1,,,1,Twitter files
2022-12-14 14:59:00,41,normal,0.7491104603,#TwitterFiles #TwitterFiles4 So they were going after the #stopthesteal,1601746559657742336,,1,3,,4,Twitter files
2022-12-14 14:59:00,41,normal,0.7491104603,"Twitter employees recognize the difference between their own politics & Twitter's Terms of Service (TOS), but they also engage in complex interpretations of content in order to stamp out prohibited tweets, as a series of exchanges over the ""#stopthesteal"" hashtag reveal.",1601746559657742336,,1,3,,4,Twitter files
2022-12-14 14:59:00,42,normal,0.8203430176,"8. Twitter Files 4
Élimination Donald Trump

Les employés de Twitter constatent la différence entre leurs décisions et les conditions d'utilisation de Twitter

Ils interprétent jusqu'à plus soif comme dans cet échange sur le hashtag #stopthesteal (souvent employé par Pdt Trump)",1601769619286433792,,4,3,,7,Twitter files
2022-12-14 14:59:00,47,normal,0.7706078887,"The Twitter Files, Part 3

Deplatforming the President twitter.com/mtaibbi/status…",1601396777231732736,1,1,3,,5,Twitter files
2022-12-14 14:59:00,50,normal,0.7377821803,"Stop the steal pissed off Joel.

#stopthesteal",1601751248294010880,,,,,0,Twitter files
2022-12-11 23:12:29,40,normal,0.842296958,"@ALI (#AliAlexander):

“BREAKING: The #TwitterFiles part 4 reveals that #YoelRoth tried to stop #StopTheSteal from trending. We had trended for TWO MONTHS. 

We also previously got the http://stopthesteal.us link ban removed.

https://twitter.com/ShellenbergerMD/status/1601746253284798469…”",1601746253284798469,,3,3,,6,Twitter files
2022-12-14 14:59:00,53,normal,0.7033611536,"Twitter employees recognize the difference between their own politics & Twitter's Terms of Service (TOS), but they also engage in complex interpretations of content in order to stamp out prohibited tweets, as a series of exchanges over the ""#stopthesteal"" hashtag reveal.",1601756556034330624,,,,,0,Twitter files
2022-12-11 23:12:29,41,normal,0.842296958,"@ALI (#AliAlexander):

“BREAKING: The #TwitterFiles part 4 reveals that #YoelRoth tried to stop #StopTheSteal from trending. We had trended for TWO MONTHS. 

We also previously got the http://stopthesteal.us link ban removed.

https://twitter.com/ShellenbergerMD/status/1601746253284798469…”",1601746253284798469,,3,3,,6,Twitter files
2022-12-14 14:59:00,57,normal,0.8098774552,"21.

Twitterの社員は、自分たちの政治とTwitterの利用規約（TOS）の違いを認識していますが、

「#stopthesteal」ハッシュタグを巡る一連のやり取りで明らかになったように、
禁止ツイートを排除するために、コンテンツの複雑な解釈を行っています。",1601850444610871296,1,1,2,,4,Twitter files
2022-12-14 14:59:00,57,normal,0.8098774552,"Twitter employees recognize the difference between their own politics & Twitter's Terms of Service (TOS), but they also engage in complex interpretations of content in order to stamp out prohibited tweets, as a series of exchanges over the ""#stopthesteal"" hashtag reveal.",1601850444610871296,1,1,2,,4,Twitter files
2022-12-11 23:12:29,33,normal,0.8345682621,"10. Twitter Files 4
Élimination Donald Trump

Le collègue de Roth note ""une recherche arrête les tweets de #stopthesteal et, c'est du contre-discours""

Solution: ""désamplifier les comptes avec #stopthesteal dans le nom/profil"" car ""ils ne sont pas affiliés au contre-discours""",1601771969547972609,,3,3,,6,Twitter files
2022-12-14 14:59:00,59,normal,0.8028787374,Yes! This sums up the strategy we see over and over—#FauciEmails #BallotHarvesting #StoptheSteal #TwitterFiles and even #BidenBorderCrisis. In every case selective details are emphasized or withheld. The outcome has been a misleading impression that is politically advantageous.,1599200937733632001,1,5,28,,34,Twitter files
2022-12-13 10:53:06,19,normal,0.842296958,"@ALI (#AliAlexander):

“BREAKING: The #TwitterFiles part 4 reveals that #YoelRoth tried to stop #StopTheSteal from trending. We had trended for TWO MONTHS. 

We also previously got the http://stopthesteal.us link ban removed.

https://twitter.com/ShellenbergerMD/status/1601746253284798469…”",1601746253284798469,,3,3,,6,Twitter files
2022-12-13 10:53:06,49,normal,0.7605831623,So Yoel Roth and Twitter pretended that they could limit the visibility of #stopthesteal by saying it would limit fake news? These people really were stuck on themselves and made themselves the controller gods of speech.,1601750780662280192,,,,,0,Twitter files
2022-12-14 14:59:00,66,normal,0.7145193219,USA ELECTION WAS THROWN! #TwitterFiles2 #TwitterFiles #StopTheSteal,1601368867141718017,,1,6,,7,Twitter files
2022-12-11 13:03:52,6,normal,0.762562871,"Former Trump-Censoring Twitter Executive Yoel Roth Had ALL Accounts ""Deamplified"" for Having #StopTheSteal in Their Name or Profile ⋆  The Liberty Daily. https://tiny.iavian.net/1s56g

Yoel Wroth had some questionable standards concerning Groomers.",1601781490085691393,1,11,12,,24,Twitter files
2022-12-14 14:59:00,69,normal,0.792275548,Twitterの社員は、自分たちの政治とTwitterの利用規約（TOS）の違いを認識しているが、「#stopthesteal」ハッシュタグを巡る一連のやり取りで明らかになったように、禁止されているツイートを排除するために、コンテンツの複雑な解釈にも関わっているのである。,1602251883497721856,1,,,,1,Twitter files
2022-12-14 14:59:00,71,normal,0.807774663,".
#StopTheSteal organizer #AliAlexander (now banned by Twitter), said three #GOP lawmakers helped plan his #January6th D.C. rally:

#AndyBiggs(@RepAndyBiggsAZ) 
#MoBrooks (@RepMoBrooks)
#PaulGosar(@RepGosar)",1600176559293227014,1,15,17,,33,Twitter files
2022-12-11 15:08:47,1,normal,0.842296958,"Twitter employees recognize the difference between their own politics & Twitter's Terms of Service (TOS), but they also engage in complex interpretations of content in order to stamp out prohibited tweets, as a series of exchanges over the ""#stopthesteal"" hashtag reveal.",1601746253284798469,411,3075,15008,,18494,Twitter files
2022-12-11 13:03:52,39,normal,0.842296958,"@ALI (#AliAlexander):

“BREAKING: The #TwitterFiles part 4 reveals that #YoelRoth tried to stop #StopTheSteal from trending. We had trended for TWO MONTHS. 

We also previously got the http://stopthesteal.us link ban removed.

https://twitter.com/ShellenbergerMD/status/1601746253284798469…”",1601746253284798469,,3,3,,6,Twitter files
2022-12-11 15:08:47,10,normal,0.7491104603,#TwitterFiles #TwitterFiles4 So they were going after the #stopthesteal,1601746559657742336,,1,3,,4,Twitter files
2022-12-11 15:08:47,10,normal,0.7491104603,"Twitter employees recognize the difference between their own politics & Twitter's Terms of Service (TOS), but they also engage in complex interpretations of content in order to stamp out prohibited tweets, as a series of exchanges over the ""#stopthesteal"" hashtag reveal.",1601746559657742336,,1,3,,4,Twitter files
2022-12-12 9:01:18,45,normal,0.7605831623,So Yoel Roth and Twitter pretended that they could limit the visibility of #stopthesteal by saying it would limit fake news? These people really were stuck on themselves and made themselves the controller gods of speech.,1601750780662280192,,,,,0,Twitter files
2022-12-13 10:53:06,21,normal,0.8345682621,"10. Twitter Files 4
Élimination Donald Trump

Le collègue de Roth note ""une recherche arrête les tweets de #stopthesteal et, c'est du contre-discours""

Solution: ""désamplifier les comptes avec #stopthesteal dans le nom/profil"" car ""ils ne sont pas affiliés au contre-discours""",1601771969547972609,,3,3,,6,Twitter files
2022-12-11 15:08:47,19,normal,0.8203430176,"8. Twitter Files 4
Élimination Donald Trump

Les employés de Twitter constatent la différence entre leurs décisions et les conditions d'utilisation de Twitter

Ils interprétent jusqu'à plus soif comme dans cet échange sur le hashtag #stopthesteal (souvent employé par Pdt Trump)",1601769619286433792,,4,3,,7,Twitter files
2022-12-11 15:08:47,20,normal,0.7846121788,"Twitter employees recognize the difference between their own politics & Twitter's Terms of Service (TOS), but they also engage in complex interpretations of content in order to stamp out prohibited tweets, as a series of exchanges over the ""#stopthesteal"" hashtag reveal.",1601748218181976066,,1,1,,2,Twitter files
2022-12-11 15:08:47,21,normal,0.81743747,".@ALI (http://t.me/AliAlexander) #AliAlexander:

“#MichaelCoudrey was banned from Twitter for providing our #StopTheSteal movement with wonderful resources and posting a video of me saying I refused to denounce Peaceful Protestors.

He shall be FREE.”",1601485485985206274,,3,2,,5,Twitter files
2022-12-11 15:08:47,21,normal,0.81743747,"Michael Coudrey (http://t.me/MichaelCoudrey):

“I will be releasing a statement on my mention in the #Twitterfiles at 10AM EST today.

This highly unprofessional and politically biased agenda by Twitter‘s Trust & Safety staff clearly shows severe and fundamental flaws in...” 1/2",1601485485985206274,,3,2,,5,Twitter files
2022-12-11 15:08:47,23,normal,0.6660653949,"Twitter were so worried about #stopthesteal causing anti govt sentiment, but were so proud to support arab spring to topple foreign govt.
The hypocrisy is nauseating",1601773610212827137,,,,,0,Twitter files
2022-12-12 9:01:18,47,normal,0.7605831623,So Yoel Roth and Twitter pretended that they could limit the visibility of #stopthesteal by saying it would limit fake news? These people really were stuck on themselves and made themselves the controller gods of speech.,1601750780662280192,,,,,0,Twitter files
2022-12-11 15:08:47,26,normal,0.7857353687,"Hobbs was was said to have contacted Twitter in a request for censorship of conservative voices. It would be helpful to America if Mr. @elonmusk  would produce her request to Twitter. We need to know how deep the corruption was.
#StopTheSteal",1601580917167833089,1,2,10,,13,Twitter files
2022-12-11 15:08:47,29,normal,0.700001061,I'm more sympathetic to Twitter regarding the J6 and the #stopthesteal insanity.,1601753971001274370,,,,,0,Twitter files
2022-12-15 0:48:43,20,normal,0.842296958,"@ALI (#AliAlexander):

“BREAKING: The #TwitterFiles part 4 reveals that #YoelRoth tried to stop #StopTheSteal from trending. We had trended for TWO MONTHS. 

We also previously got the http://stopthesteal.us link ban removed.

https://twitter.com/ShellenbergerMD/status/1601746253284798469…”",1601746253284798469,,3,3,,6,Twitter files
2022-12-11 15:08:47,30,normal,0.7377821803,"Stop the steal pissed off Joel.

#stopthesteal",1601751248294010880,,,,,0,Twitter files
2022-12-15 0:48:43,39,normal,0.7605831623,So Yoel Roth and Twitter pretended that they could limit the visibility of #stopthesteal by saying it would limit fake news? These people really were stuck on themselves and made themselves the controller gods of speech.,1601750780662280192,,,,,0,Twitter files
2022-12-11 15:08:47,31,normal,0.8138799667,"Thankful to @elonmusk for exposing how corrupt & AntiAmerican & AntiConstitutional Twitter was & Facebook still is.
No company should be aloud to do business in America unless they agree to follow all our laws & especially our Constitution?!?
#StopTheSteal",1601891232757780482,,,1,,1,Twitter files
2022-12-14 21:01:12,45,normal,0.8062912822,"Former Trump-Censoring Twitter Executive Yoel Roth Had ALL Accounts ""Deamplified"" for Having #StopTheSteal in Their Name or Profile ⋆  The Liberty Daily",1601775909480136706,,1,,,1,Twitter files
2022-12-11 15:08:47,36,normal,0.8275384903,"#StopTheSteal silenced. #TwitterFiles3 #TwitterFiles
@elonmusk: BRING BACK @ALI TODAY.",1601384205690118145,,3,4,,7,Twitter files
2022-12-12 17:44:40,6,normal,0.762562871,"Former Trump-Censoring Twitter Executive Yoel Roth Had ALL Accounts ""Deamplified"" for Having #StopTheSteal in Their Name or Profile ⋆  The Liberty Daily. https://tiny.iavian.net/1s56g

Yoel Wroth had some questionable standards concerning Groomers.",1601781490085691393,1,11,13,,25,Twitter files
2022-12-11 15:08:47,37,normal,0.842296958,"Twitter employees recognize the difference between their own politics & Twitter's Terms of Service (TOS), but they also engage in complex interpretations of content in order to stamp out prohibited tweets, as a series of exchanges over the ""#stopthesteal"" hashtag reveal.",1601746253284798469,,3,3,,6,Twitter files
2022-12-11 15:08:47,39,normal,0.8275384903,"#StopTheSteal silenced. #TwitterFiles3 #TwitterFiles
@elonmusk: BRING BACK @ALI TODAY.",1601384205690118145,,3,4,,7,Twitter files
2022-12-12 17:44:40,63,normal,0.8062912822,"Former Trump-Censoring Twitter Executive Yoel Roth Had ALL Accounts ""Deamplified"" for Having #StopTheSteal in Their Name or Profile ⋆  The Liberty Daily",1601775909480136706,,1,,,1,Twitter files
2022-12-11 15:08:47,40,normal,0.842296958,"Twitter employees recognize the difference between their own politics & Twitter's Terms of Service (TOS), but they also engage in complex interpretations of content in order to stamp out prohibited tweets, as a series of exchanges over the ""#stopthesteal"" hashtag reveal.",1601746253284798469,,3,3,,6,Twitter files
2022-12-11 15:08:47,42,normal,0.7774112821,Which was ridiculous and another #Twitterviolation of free speech #stopthesteal was accurate!,1601749378716553216,,,1,,1,Twitter files
2022-12-11 15:08:47,43,normal,0.7953935266,"#Twitter #Twittergate #Election2020 #BidenHarris #BidenHarris2020 #stopthesteal #MSM #Media #Facebook #Meta #medialies #FakeNews
One thing we KNOW it WASN'T Neil Kinnoch who said it -- ""We have put together ... the most extensive and inclusive voter fraud operation in history""",1599107957647896576,,,2,,2,Twitter files
2022-12-11 15:08:47,44,normal,0.7453836799,#TwitterFiles4 #StopTheSteal,1601755848464035840,,,1,,1,Twitter files
2022-12-11 17:13:53,17,normal,0.8038085103,Former Trump-Censoring Twitter Executive Yoel Roth Had ALL Accounts 'Deamplified' for Having #StopTheSteal in Their Name or Profile,1601820147354075137,,,2,,2,Twitter files
2022-12-11 15:08:47,45,normal,0.7145193219,USA ELECTION WAS THROWN! #TwitterFiles2 #TwitterFiles #StopTheSteal,1601368867141718017,,1,6,,7,Twitter files
2022-12-11 17:13:53,36,normal,0.842296958,"@ALI (#AliAlexander):

“BREAKING: The #TwitterFiles part 4 reveals that #YoelRoth tried to stop #StopTheSteal from trending. We had trended for TWO MONTHS. 

We also previously got the http://stopthesteal.us link ban removed.

https://twitter.com/ShellenbergerMD/status/1601746253284798469…”",1601746253284798469,,3,3,,6,Twitter files
2022-12-11 15:08:47,46,normal,0.7453836799,#TwitterFiles4 #StopTheSteal,1601755848464035840,,,1,,1,Twitter files
2022-12-14 19:07:31,73,normal,0.8062912822,"Former Trump-Censoring Twitter Executive Yoel Roth Had ALL Accounts ""Deamplified"" for Having #StopTheSteal in Their Name or Profile ⋆  The Liberty Daily",1601775909480136706,,1,,,1,Twitter files
2022-12-11 15:08:47,47,normal,0.7145193219,USA ELECTION WAS THROWN! #TwitterFiles2 #TwitterFiles #StopTheSteal,1601368867141718017,,1,6,,7,Twitter files
2022-12-13 19:10:20,7,normal,0.762562871,"Former Trump-Censoring Twitter Executive Yoel Roth Had ALL Accounts ""Deamplified"" for Having #StopTheSteal in Their Name or Profile ⋆  The Liberty Daily. https://tiny.iavian.net/1s56g

Yoel Wroth had some questionable standards concerning Groomers.",1601781490085691393,1,11,13,,25,Twitter files
2022-12-12 1:10:30,1,normal,0.842296958,"Twitter employees recognize the difference between their own politics & Twitter's Terms of Service (TOS), but they also engage in complex interpretations of content in order to stamp out prohibited tweets, as a series of exchanges over the ""#stopthesteal"" hashtag reveal.",1601746253284798469,452,3756,18965,,23173,Twitter files
2022-12-12 1:10:30,8,normal,0.8199251294,This handling of #stopthesteal tweets for me is one of the most problematic actions taken by Twitter as revealed so far.,1601746824024363009,2,6,18,,26,Twitter files
2022-12-12 1:10:30,8,normal,0.8199251294,"Twitter employees recognize the difference between their own politics & Twitter's Terms of Service (TOS), but they also engage in complex interpretations of content in order to stamp out prohibited tweets, as a series of exchanges over the ""#stopthesteal"" hashtag reveal.",1601746824024363009,2,6,18,,26,Twitter files
2022-12-12 1:10:30,9,normal,0.842296958,"Twitter employees recognize the difference between their own politics & Twitter's Terms of Service (TOS), but they also engage in complex interpretations of content in order to stamp out prohibited tweets, as a series of exchanges over the ""#stopthesteal"" hashtag reveal.",1601924901904224257,1,,,,1,Twitter files
2022-12-12 1:10:30,11,normal,0.8133713603,Trump isn’t holding back either.. #45 @FBI #TwitterGate #HuntersLaptop #ControlledMedia #StopTheSteal,1598873735536078849,,,8,,8,Twitter files
2022-12-12 1:10:30,12,normal,0.8245396018,"Is this supposed to be a joke? @BretBaier to interview Microsoft president Brad Smith. To be discussed: How they plan to ""firm up future elections"". Like I trust ANY tech company on anything pertaining to elections, especially after the #twitterfiles. #stopthesteal",1601281421553070080,,,3,,3,Twitter files
2022-12-13 19:10:20,26,normal,0.7605831623,So Yoel Roth and Twitter pretended that they could limit the visibility of #stopthesteal by saying it would limit fake news? These people really were stuck on themselves and made themselves the controller gods of speech.,1601750780662280192,,,,,0,Twitter files
2022-12-12 1:10:30,16,normal,0.7706078887,"The Twitter Files, Part 3

Deplatforming the President twitter.com/mtaibbi/status…",1601396777231732736,1,1,2,,4,Twitter files
2022-12-12 1:10:30,18,normal,0.8138799667,"Thankful to @elonmusk for exposing how corrupt & AntiAmerican & AntiConstitutional Twitter was & Facebook still is.
No company should be aloud to do business in America unless they agree to follow all our laws & especially our Constitution?!?
#StopTheSteal",1601891141707857920,,1,1,,2,Twitter files
2022-12-13 19:10:20,44,normal,0.8062912822,"Former Trump-Censoring Twitter Executive Yoel Roth Had ALL Accounts ""Deamplified"" for Having #StopTheSteal in Their Name or Profile ⋆  The Liberty Daily",1601775909480136706,,1,,,1,Twitter files
2022-12-12 1:10:30,19,normal,0.8050474524,"Twitter employees recognize the difference between their own politics & Twitter's Terms of Service (TOS), but they also engage in complex interpretations of content in order to stamp out prohibited tweets, as a series of exchanges over the ""#stopthesteal"" hashtag reveal.",1601747157589012480,,1,4,,5,Twitter files
2022-12-13 12:49:17,34,normal,0.7605831623,So Yoel Roth and Twitter pretended that they could limit the visibility of #stopthesteal by saying it would limit fake news? These people really were stuck on themselves and made themselves the controller gods of speech.,1601750780662280192,,,,,0,Twitter files
2022-12-12 1:10:30,22,normal,0.7500622869,"Twitter employees recognize the difference between their own politics & Twitter's Terms of Service (TOS), but they also engage in complex interpretations of content in order to stamp out prohibited tweets, as a series of exchanges over the ""#stopthesteal"" hashtag reveal.",1601748315334287360,1,,1,,2,Twitter files
2022-12-13 12:49:17,37,normal,0.7605831623,So Yoel Roth and Twitter pretended that they could limit the visibility of #stopthesteal by saying it would limit fake news? These people really were stuck on themselves and made themselves the controller gods of speech.,1601750780662280192,,,,,0,Twitter files
2022-12-14 17:09:56,65,normal,0.8062912822,"Former Trump-Censoring Twitter Executive Yoel Roth Had ALL Accounts ""Deamplified"" for Having #StopTheSteal in Their Name or Profile ⋆  The Liberty Daily",1601775909480136706,,1,,,1,Twitter files
2022-12-14 22:54:15,37,normal,0.7605831623,So Yoel Roth and Twitter pretended that they could limit the visibility of #stopthesteal by saying it would limit fake news? These people really were stuck on themselves and made themselves the controller gods of speech.,1601750780662280192,,,,,0,Twitter files
2022-12-12 1:10:30,27,normal,0.842296958,"Twitter employees recognize the difference between their own politics & Twitter's Terms of Service (TOS), but they also engage in complex interpretations of content in order to stamp out prohibited tweets, as a series of exchanges over the ""#stopthesteal"" hashtag reveal.",1601746253284798469,,3,3,,6,Twitter files
2022-12-14 22:54:15,46,normal,0.8062912822,"Former Trump-Censoring Twitter Executive Yoel Roth Had ALL Accounts ""Deamplified"" for Having #StopTheSteal in Their Name or Profile ⋆  The Liberty Daily",1601775909480136706,,1,,,1,Twitter files
2022-12-12 1:10:30,31,normal,0.750644803,"If Twitter hadn't interfered in the 2020 election, there never would have been any issue on January 6.",1599910498392166401,2,,1,,3,Twitter files
2022-12-12 1:10:30,32,normal,0.804212749,I'm 100% sure now that Twitter suppressed my tweets after the 2020 election. No doubt in my mind. Seeing as how I added #StopTheSteal and #RiggedElection to everything I posted   release all the names of those who got their shit suppressed Elon  @elonmusk,1601961770872360960,,,,,0,Twitter files
2022-12-12 1:10:30,33,normal,0.8351488709,"Twitter employees recognize the difference between their own politics & (TOS), but they also engage in complex interpretations of content in order to stamp out prohibited tweets, as a series of exchanges over the ""#stopthesteal"" hashtag reveal.",1601972695888969730,,,,,0,Twitter files
2022-12-12 1:10:30,35,normal,0.8138799667,"Thankful to @elonmusk for exposing how corrupt & AntiAmerican & AntiConstitutional Twitter was & Facebook still is.
No company should be aloud to do business in America unless they agree to follow all our laws & especially our Constitution?!?
#StopTheSteal",1601891232757780482,,,1,,1,Twitter files
2022-12-12 1:10:30,37,normal,0.700001061,I'm more sympathetic to Twitter regarding the J6 and the #stopthesteal insanity.,1601753971001274370,,,,,0,Twitter files
2022-12-14 13:10:56,9,normal,0.762562871,"Former Trump-Censoring Twitter Executive Yoel Roth Had ALL Accounts ""Deamplified"" for Having #StopTheSteal in Their Name or Profile ⋆  The Liberty Daily. https://tiny.iavian.net/1s56g

Yoel Wroth had some questionable standards concerning Groomers.",1601781490085691393,1,11,13,,25,Twitter files
2022-12-12 1:10:30,39,normal,0.700001061,I'm more sympathetic to Twitter regarding the J6 and the #stopthesteal insanity.,1601753971001274370,,,,,0,Twitter files
2022-12-14 13:10:56,39,normal,0.7605831623,So Yoel Roth and Twitter pretended that they could limit the visibility of #stopthesteal by saying it would limit fake news? These people really were stuck on themselves and made themselves the controller gods of speech.,1601750780662280192,,,,,0,Twitter files
2022-12-11 19:12:53,31,normal,0.842296958,"@ALI (#AliAlexander):

“BREAKING: The #TwitterFiles part 4 reveals that #YoelRoth tried to stop #StopTheSteal from trending. We had trended for TWO MONTHS. 

We also previously got the http://stopthesteal.us link ban removed.

https://twitter.com/ShellenbergerMD/status/1601746253284798469…”",1601746253284798469,,3,3,,6,Twitter files
2022-12-12 1:10:30,41,normal,0.8007176518,"Can we get data on how far former twitter employees went tried to suppress #StopTheSteal in 2018, 2020, and can we cross reference Jan 6th Detainees with twitter suspensions 
@elonmusk",1600366245727330304,,1,1,,2,Twitter files
2022-12-12 1:10:30,43,normal,0.807774663,".
#StopTheSteal organizer #AliAlexander (now banned by Twitter), said three #GOP lawmakers helped plan his #January6th D.C. rally:

#AndyBiggs(@RepAndyBiggsAZ) 
#MoBrooks (@RepMoBrooks)
#PaulGosar(@RepGosar)",1600176559293227014,1,15,17,,33,Twitter files
2022-12-12 15:46:30,0,normal,0.842296958,"Twitter employees recognize the difference between their own politics & Twitter's Terms of Service (TOS), but they also engage in complex interpretations of content in order to stamp out prohibited tweets, as a series of exchanges over the ""#stopthesteal"" hashtag reveal.",1601746253284798469,471,3993,20240,,24704,Twitter files
2022-12-13 15:15:45,19,normal,0.842296958,"@ALI (#AliAlexander):

“BREAKING: The #TwitterFiles part 4 reveals that #YoelRoth tried to stop #StopTheSteal from trending. We had trended for TWO MONTHS. 

We also previously got the http://stopthesteal.us link ban removed.

https://twitter.com/ShellenbergerMD/status/1601746253284798469…”",1601746253284798469,,3,3,,6,Twitter files
2022-12-12 15:46:30,5,normal,0.8199251294,This handling of #stopthesteal tweets for me is one of the most problematic actions taken by Twitter as revealed so far.,1601746824024363009,2,6,18,,26,Twitter files
2022-12-12 15:46:30,5,normal,0.8199251294,"Twitter employees recognize the difference between their own politics & Twitter's Terms of Service (TOS), but they also engage in complex interpretations of content in order to stamp out prohibited tweets, as a series of exchanges over the ""#stopthesteal"" hashtag reveal.",1601746824024363009,2,6,18,,26,Twitter files
2022-12-12 15:46:30,11,normal,0.8050474524,"Twitter employees recognize the difference between their own politics & Twitter's Terms of Service (TOS), but they also engage in complex interpretations of content in order to stamp out prohibited tweets, as a series of exchanges over the ""#stopthesteal"" hashtag reveal.",1601747157589012480,,1,4,,5,Twitter files
2022-12-12 15:46:30,13,normal,0.805939436,"I dipendenti di Twitter riconoscono la differenza tra la propria politica e i Termini di servizio (TOS) di Twitter, ma si impegnano anche in complesse interpretazioni dei contenuti per eliminare i tweet proibiti, come rivela una serie di scambi sull'hashtag ""#stopthesteal"".",1601879417277530113,1,,5,,6,Twitter files
2022-12-12 15:46:30,18,normal,0.8007176518,"Can we get data on how far former twitter employees went tried to suppress #StopTheSteal in 2018, 2020, and can we cross reference Jan 6th Detainees with twitter suspensions 
@elonmusk",1600366245727330304,,1,1,,2,Twitter files
2022-12-12 15:46:30,19,normal,0.7532108426,"This is a fascinating read: Victor Davis Hansen asks and brutally answers the question:

https://amgreatness.com/2022/12/04/how-corrupt-is-a-corrupt-media/…
#HowDeepTheSwamp #SwampNeedsDraining #DrainTheSwamp #AmericaFirst #MAGA #SaveAmerica #Trump2024 #StopTheSteal #TrueTheVote #Twitterfiles",1600501766734467074,,1,2,,3,Twitter files
2022-12-12 15:46:30,20,normal,0.8032447696,"STOP THE STEAL.

#stopthesteal
#TwitterFiles",1602055759059206145,1,9,26,,36,Twitter files
2022-12-13 15:15:45,45,normal,0.8062912822,"Former Trump-Censoring Twitter Executive Yoel Roth Had ALL Accounts ""Deamplified"" for Having #StopTheSteal in Their Name or Profile ⋆  The Liberty Daily",1601775909480136706,,1,,,1,Twitter files
2022-12-12 15:46:30,23,normal,0.842296958,"Twitter employees recognize the difference between their own politics & Twitter's Terms of Service (TOS), but they also engage in complex interpretations of content in order to stamp out prohibited tweets, as a series of exchanges over the ""#stopthesteal"" hashtag reveal.",1601746253284798469,,3,3,,6,Twitter files
2022-12-12 15:46:30,24,normal,0.7857353687,"Hobbs was was said to have contacted Twitter in a request for censorship of conservative voices. It would be helpful to America if Mr. @elonmusk  would produce her request to Twitter. We need to know how deep the corruption was.
#StopTheSteal",1601580917167833089,1,2,10,,13,Twitter files
2022-12-12 15:46:30,28,normal,0.7548097968,"Having #stopthesteal in your profile got you”de-amplified.”
#TheTwitterFiles",1601812776804323330,,1,,,1,Twitter files
2022-12-11 21:09:55,5,normal,0.762562871,"Former Trump-Censoring Twitter Executive Yoel Roth Had ALL Accounts ""Deamplified"" for Having #StopTheSteal in Their Name or Profile ⋆  The Liberty Daily. https://tiny.iavian.net/1s56g

Yoel Wroth had some questionable standards concerning Groomers.",1601781490085691393,1,11,13,,25,Twitter files
2022-12-12 15:46:30,29,normal,0.7145193219,USA ELECTION WAS THROWN! #TwitterFiles2 #TwitterFiles #StopTheSteal,1601368867141718017,,1,6,,7,Twitter files
2022-12-11 21:09:55,46,normal,0.842296958,"@ALI (#AliAlexander):

“BREAKING: The #TwitterFiles part 4 reveals that #YoelRoth tried to stop #StopTheSteal from trending. We had trended for TWO MONTHS. 

We also previously got the http://stopthesteal.us link ban removed.

https://twitter.com/ShellenbergerMD/status/1601746253284798469…”",1601746253284798469,,3,3,,6,Twitter files
2022-12-12 15:46:30,32,normal,0.700001061,I'm more sympathetic to Twitter regarding the J6 and the #stopthesteal insanity.,1601753971001274370,,,,,0,Twitter files
2022-12-14 13:10:56,38,normal,0.8345682621,"10. Twitter Files 4
Élimination Donald Trump

Le collègue de Roth note ""une recherche arrête les tweets de #stopthesteal et, c'est du contre-discours""

Solution: ""désamplifier les comptes avec #stopthesteal dans le nom/profil"" car ""ils ne sont pas affiliés au contre-discours""",1601771969547972609,,3,3,,6,Twitter files
2022-12-12 15:46:30,33,normal,0.7377821803,"Stop the steal pissed off Joel.

#stopthesteal",1601751248294010880,,,,,0,Twitter files
2022-12-12 3:07:57,34,normal,0.823818028,"As a series of exchanges over the ""#stopthesteal"" hashtag reveal... 

""I'll flag to the election sqaud"" says, Yoel Roth.",1601748914453250048,,,,,0,Twitter files
2022-12-12 15:46:30,35,normal,0.750644803,"If Twitter hadn't interfered in the 2020 election, there never would have been any issue on January 6.",1599910498392166401,2,,1,,3,Twitter files
2022-12-14 14:59:00,56,normal,0.823818028,"As a series of exchanges over the ""#stopthesteal"" hashtag reveal... 

""I'll flag to the election sqaud"" says, Yoel Roth.",1601748914453250048,,,,,0,Twitter files
2022-12-12 15:46:30,36,normal,0.7500622869,"Twitter employees recognize the difference between their own politics & Twitter's Terms of Service (TOS), but they also engage in complex interpretations of content in order to stamp out prohibited tweets, as a series of exchanges over the ""#stopthesteal"" hashtag reveal.",1601748315334287360,1,,1,,2,Twitter files
2022-12-11 15:08:47,35,normal,0.823818028,"As a series of exchanges over the ""#stopthesteal"" hashtag reveal... 

""I'll flag to the election sqaud"" says, Yoel Roth.",1601748914453250048,,,,,0,Twitter files
2022-12-11 19:12:53,23,normal,0.8345682621,"10. Twitter Files 4
Élimination Donald Trump

Le collègue de Roth note ""une recherche arrête les tweets de #stopthesteal et, c'est du contre-discours""

Solution: ""désamplifier les comptes avec #stopthesteal dans le nom/profil"" car ""ils ne sont pas affiliés au contre-discours""",1601771969547972609,,3,3,,6,Twitter files
2022-12-12 15:46:30,41,normal,0.8227218986,"They are referring to ANYTHING that influences users (voters) with misleading content (like #StoptheSteal) And as it relates to Hunter, nonconsensual release of nude photos (for example). Both of which violate @Twitter's Terms of Service.",1602000143573782530,1,,,,1,Twitter files
2022-12-12 1:10:30,25,normal,0.6727185845,Arrest Yoel Roth @yoyoel for treason !!!,1601958161388560385,,,,,0,Twitter files
2022-12-13 15:15:45,16,normal,0.8345682621,"10. Twitter Files 4
Élimination Donald Trump

Le collègue de Roth note ""une recherche arrête les tweets de #stopthesteal et, c'est du contre-discours""

Solution: ""désamplifier les comptes avec #stopthesteal dans le nom/profil"" car ""ils ne sont pas affiliés au contre-discours""",1601771969547972609,,3,3,,6,Twitter files
2022-12-12 1:10:30,40,normal,0.823818028,"As a series of exchanges over the ""#stopthesteal"" hashtag reveal... 

""I'll flag to the election sqaud"" says, Yoel Roth.",1601748914453250048,,,,,0,Twitter files
2022-12-12 15:46:30,37,normal,0.6727185845,Arrest Yoel Roth @yoyoel for treason !!!,1601958161388560385,,,,,0,Twitter files
2022-12-12 15:46:30,49,normal,0.6492112875,My son and I were just KICKED OUT OF BEING A FULTON COUNTY POLL WORKER because I posted on Twitter this morning that I was working at the polls to ensure a free and fair election. HELP!,1602023617130291208,1,,,,1,Twitter files
2022-12-13 17:13:58,0,normal,0.842296958,"Twitter employees recognize the difference between their own politics & Twitter's Terms of Service (TOS), but they also engage in complex interpretations of content in order to stamp out prohibited tweets, as a series of exchanges over the ""#stopthesteal"" hashtag reveal.",1601746253284798469,483,4113,20977,,25573,Twitter files
2022-12-12 15:46:30,45,normal,0.823818028,"As a series of exchanges over the ""#stopthesteal"" hashtag reveal... 

""I'll flag to the election sqaud"" says, Yoel Roth.",1601748914453250048,,,,,0,Twitter files
2022-12-13 17:13:58,7,normal,0.8199251294,This handling of #stopthesteal tweets for me is one of the most problematic actions taken by Twitter as revealed so far.,1601746824024363009,2,6,18,,26,Twitter files
2022-12-13 17:13:58,7,normal,0.8199251294,"Twitter employees recognize the difference between their own politics & Twitter's Terms of Service (TOS), but they also engage in complex interpretations of content in order to stamp out prohibited tweets, as a series of exchanges over the ""#stopthesteal"" hashtag reveal.",1601746824024363009,2,6,18,,26,Twitter files
2022-12-13 17:13:58,12,normal,0.7532108426,"This is a fascinating read: Victor Davis Hansen asks and brutally answers the question:

https://amgreatness.com/2022/12/04/how-corrupt-is-a-corrupt-media/…
#HowDeepTheSwamp #SwampNeedsDraining #DrainTheSwamp #AmericaFirst #MAGA #SaveAmerica #Trump2024 #StopTheSteal #TrueTheVote #Twitterfiles",1600501766734467074,,1,2,,3,Twitter files
2022-12-13 17:13:58,14,normal,0.842296958,"Twitter employees recognize the difference between their own politics & Twitter's Terms of Service (TOS), but they also engage in complex interpretations of content in order to stamp out prohibited tweets, as a series of exchanges over the ""#stopthesteal"" hashtag reveal.",1601924901904224257,1,,,,1,Twitter files
2022-12-13 17:13:58,15,normal,0.8050474524,"Twitter employees recognize the difference between their own politics & Twitter's Terms of Service (TOS), but they also engage in complex interpretations of content in order to stamp out prohibited tweets, as a series of exchanges over the ""#stopthesteal"" hashtag reveal.",1601747157589012480,,1,4,,5,Twitter files
2022-12-13 17:13:58,16,normal,0.8245396018,"Is this supposed to be a joke? @BretBaier to interview Microsoft president Brad Smith. To be discussed: How they plan to ""firm up future elections"". Like I trust ANY tech company on anything pertaining to elections, especially after the #twitterfiles. #stopthesteal",1601281421553070080,,,3,,3,Twitter files
2022-12-13 17:13:58,18,normal,0.7426475286,Censored by the libertarians! @LPNational @mfa_russia @CIA @FBI @NSACyber Help! Lol twitter.com/Patr10tByrne/s…,1602672239308148736,,1,,,1,Twitter files
2022-12-13 17:13:58,20,normal,0.7491104603,#TwitterFiles #TwitterFiles4 So they were going after the #stopthesteal,1601746559657742336,,1,3,,4,Twitter files
2022-12-13 17:13:58,20,normal,0.7491104603,"Twitter employees recognize the difference between their own politics & Twitter's Terms of Service (TOS), but they also engage in complex interpretations of content in order to stamp out prohibited tweets, as a series of exchanges over the ""#stopthesteal"" hashtag reveal.",1601746559657742336,,1,3,,4,Twitter files
2022-12-13 17:13:58,26,normal,0.8351488709,"Twitter employees recognize the difference between their own politics & (TOS), but they also engage in complex interpretations of content in order to stamp out prohibited tweets, as a series of exchanges over the ""#stopthesteal"" hashtag reveal.",1601972695888969730,,,,,0,Twitter files
2022-12-13 17:13:58,27,normal,0.6406320333,"Surprise! Crime and Punishment still go together:

https://cnsnews.com/commentary/hans-bader/crime-plunges-el-salvador-criminals-are-sent-prison…
#HowDeepTheSwamp #SwampNeedsDraining #DrainTheSwamp #AmericaFirst #MAGA #SaveAmerica #Trump2024 #StopTheSteal #TrueTheVote #Twitterfiles",1601365387299672065,,,2,,2,Twitter files
2022-12-11 21:09:55,32,normal,0.8345682621,"10. Twitter Files 4
Élimination Donald Trump

Le collègue de Roth note ""une recherche arrête les tweets de #stopthesteal et, c'est du contre-discours""

Solution: ""désamplifier les comptes avec #stopthesteal dans le nom/profil"" car ""ils ne sont pas affiliés au contre-discours""",1601771969547972609,,3,3,,6,Twitter files
2022-12-13 17:13:58,28,normal,0.7605831623,"Twitter employees recognize the difference between their own politics & Twitter's Terms of Service (TOS), but they also engage in complex interpretations of content in order to stamp out prohibited tweets, as a series of exchanges over the ""#stopthesteal"" hashtag reveal.",1601750780662280192,,,,,0,Twitter files
2022-12-13 17:13:58,29,normal,0.8275384903,"#StopTheSteal silenced. #TwitterFiles3 #TwitterFiles
@elonmusk: BRING BACK @ALI TODAY.",1601384205690118145,,3,4,,7,Twitter files
2022-12-13 17:13:58,32,normal,0.7145193219,USA ELECTION WAS THROWN! #TwitterFiles2 #TwitterFiles #StopTheSteal,1601368867141718017,,1,6,,7,Twitter files
2022-12-12 15:46:30,48,normal,0.823818028,"As a series of exchanges over the ""#stopthesteal"" hashtag reveal... 

""I'll flag to the election sqaud"" says, Yoel Roth.",1601748914453250048,,,,,0,Twitter files
2022-12-13 17:13:58,34,normal,0.6660653949,"Twitter were so worried about #stopthesteal causing anti govt sentiment, but were so proud to support arab spring to topple foreign govt.
The hypocrisy is nauseating",1601773610212827137,,,,,0,Twitter files
2022-12-12 3:07:57,26,normal,0.6660653949,"Indeed, notes Roth's colleague, ""a quick search of top stop the steal tweets and they’re counterspeech""

But they quickly come up with a solution: ""deamplify accounts with stopthesteal in the name/profile"" since ""those are not affiliated with counterspeech""",1601773610212827137,,,,,0,Twitter files
2022-12-13 17:13:58,35,normal,0.6660653949,"Twitter were so worried about #stopthesteal causing anti govt sentiment, but were so proud to support arab spring to topple foreign govt.
The hypocrisy is nauseating",1601773610212827137,,,,,0,Twitter files
2022-12-12 3:07:57,29,normal,0.7548097968,"Indeed, notes Roth's colleague, ""a quick search of top stop the steal tweets and they’re counterspeech""

But they quickly come up with a solution: ""deamplify accounts with stopthesteal in the name/profile"" since ""those are not affiliated with counterspeech""",1601812776804323330,,1,,,1,Twitter files
2022-12-13 17:13:58,36,normal,0.792275548,Twitterの社員は、自分たちの政治とTwitterの利用規約（TOS）の違いを認識しているが、「#stopthesteal」ハッシュタグを巡る一連のやり取りで明らかになったように、禁止されているツイートを排除するために、コンテンツの複雑な解釈にも関わっているのである。,1602251883497721856,1,,,,1,Twitter files
2022-12-12 3:07:57,32,normal,0.700001061,"Roth immediately DMs a colleague to ask that they add ""stopthesteal"" & [QAnon conspiracy term] ""kraken"" to a blacklist of terms to be deamplified. 

Roth's colleague objects that blacklisting ""stopthesteal"" risks ""deamplifying counterspeech"" that validates the election.",1601753971001274370,,,,,0,Twitter files
2022-12-13 17:13:58,45,normal,0.7377821803,"Stop the steal pissed off Joel.

#stopthesteal",1601751248294010880,,,,,0,Twitter files
2022-12-11 23:12:29,30,normal,0.6727185845,Arrest Yoel Roth @yoyoel for treason !!!,1601958161388560385,,,,,0,Twitter files
2022-12-11 23:12:29,2,normal,0.842296958,"Twitter employees recognize the difference between their own politics & Twitter's Terms of Service (TOS), but they also engage in complex interpretations of content in order to stamp out prohibited tweets, as a series of exchanges over the ""#stopthesteal"" hashtag reveal.",1601746253284798469,450,3688,18527,,22665,Twitter files
2022-12-11 23:12:29,5,normal,0.7973869443,"Twitterの社員は、自分たちの政治とTwitterの利用規約（TOS）の違いを認識していますが、""#stopthesteal""ハッシュタグを巡る一連のやり取りで明らかになったように、禁止ツイートを排除するために、コンテンツの複雑な解釈を行っています。",1601841506951737344,1,3,19,,23,Twitter files
2022-12-11 23:12:29,9,normal,0.842296958,"Twitter employees recognize the difference between their own politics & Twitter's Terms of Service (TOS), but they also engage in complex interpretations of content in order to stamp out prohibited tweets, as a series of exchanges over the ""#stopthesteal"" hashtag reveal.",1601924901904224257,1,,,,1,Twitter files
2022-12-11 23:12:29,10,normal,0.8245396018,"Is this supposed to be a joke? @BretBaier to interview Microsoft president Brad Smith. To be discussed: How they plan to ""firm up future elections"". Like I trust ANY tech company on anything pertaining to elections, especially after the #twitterfiles. #stopthesteal",1601281421553070080,,,3,,3,Twitter files
2022-12-11 23:12:29,11,normal,0.8008177876,"The Twitter Files is the BIGGEST news story of the decade.

We now know that Twitter COLLUDED with Biden to censor posts they didn't like.

We now know that Twitter COLLUDED to alter the outcome of the 2020 election by surpressing the Hunter laptop story.

Insane.",1599209424685395968,,2,10,,12,Twitter files
2022-12-11 23:12:29,37,normal,0.823818028,"As a series of exchanges over the ""#stopthesteal"" hashtag reveal... 

""I'll flag to the election sqaud"" says, Yoel Roth.",1601748914453250048,,,,,0,Twitter files
2022-12-11 23:12:29,14,normal,0.8133713603,Trump isn’t holding back either.. #45 @FBI #TwitterGate #HuntersLaptop #ControlledMedia #StopTheSteal,1598873735536078849,,,8,,8,Twitter files
2022-12-13 10:53:06,44,normal,0.823818028,"As a series of exchanges over the ""#stopthesteal"" hashtag reveal... 

""I'll flag to the election sqaud"" says, Yoel Roth.",1601748914453250048,,,,,0,Twitter files
2022-12-11 23:12:29,17,normal,0.7500622869,"Twitter employees recognize the difference between their own politics & Twitter's Terms of Service (TOS), but they also engage in complex interpretations of content in order to stamp out prohibited tweets, as a series of exchanges over the ""#stopthesteal"" hashtag reveal.",1601748315334287360,1,,1,,2,Twitter files
2022-12-12 3:07:57,42,normal,0.7145193219,"26.  The group then decides to apply a “Learn how voting is safe and secure” label because one commenter says, “it’s totally normal to have a 2% error rate.” Roth then gives the final go-ahead to the process initiated by the FBI:",1601368867141718017,,1,6,,7,Twitter files
2022-12-11 23:12:29,27,normal,0.7846121788,"Twitter employees recognize the difference between their own politics & Twitter's Terms of Service (TOS), but they also engage in complex interpretations of content in order to stamp out prohibited tweets, as a series of exchanges over the ""#stopthesteal"" hashtag reveal.",1601748218181976066,,1,1,,2,Twitter files
2022-12-11 23:12:29,29,normal,0.7548097968,"Having #stopthesteal in your profile got you”de-amplified.”
#TheTwitterFiles",1601812776804323330,,1,,,1,Twitter files
2022-12-12 3:07:57,44,normal,0.7145193219,"26.  The group then decides to apply a “Learn how voting is safe and secure” label because one commenter says, “it’s totally normal to have a 2% error rate.” Roth then gives the final go-ahead to the process initiated by the FBI:",1601368867141718017,,1,6,,7,Twitter files
2022-12-11 13:03:52,44,normal,0.823818028,"As a series of exchanges over the ""#stopthesteal"" hashtag reveal... 

""I'll flag to the election sqaud"" says, Yoel Roth.",1601748914453250048,,,,,0,Twitter files
2022-12-14 14:59:00,20,normal,0.7548097968,"Indeed, notes Roth's colleague, ""a quick search of top stop the steal tweets and they’re counterspeech""

But they quickly come up with a solution: ""deamplify accounts with stopthesteal in the name/profile"" since ""those are not affiliated with counterspeech""",1601812776804323330,,1,,,1,Twitter files
2022-12-14 14:59:00,28,normal,0.8356109262,"In effetti, osserva il collega di Roth, ""una rapida ricerca di top #stopthesteal tweets sono contro l'ashtag""

Cosí trovano rapidamente una soluzione: ""deamplifica gli account con stoptheseal nel nome/profilo"" poiché ""quelli non sono affiliati al contro discorso""",1601879426542800897,1,,5,,6,Twitter files
2022-12-11 23:12:29,34,normal,0.8203430176,"8. Twitter Files 4
Élimination Donald Trump

Les employés de Twitter constatent la différence entre leurs décisions et les conditions d'utilisation de Twitter

Ils interprétent jusqu'à plus soif comme dans cet échange sur le hashtag #stopthesteal (souvent employé par Pdt Trump)",1601769619286433792,,4,3,,7,Twitter files
2022-12-11 23:12:29,35,normal,0.8138799667,"Thankful to @elonmusk for exposing how corrupt & AntiAmerican & AntiConstitutional Twitter was & Facebook still is.
No company should be aloud to do business in America unless they agree to follow all our laws & especially our Constitution?!?
#StopTheSteal",1601891232757780482,,,1,,1,Twitter files
2022-12-11 23:12:29,36,normal,0.8351488709,"Twitter employees recognize the difference between their own politics & (TOS), but they also engage in complex interpretations of content in order to stamp out prohibited tweets, as a series of exchanges over the ""#stopthesteal"" hashtag reveal.",1601972695888969730,,,,,0,Twitter files
2022-12-14 14:59:00,39,normal,0.700001061,"Roth immediately DMs a colleague to ask that they add ""stopthesteal"" & [QAnon conspiracy term] ""kraken"" to a blacklist of terms to be deamplified. 

Roth's colleague objects that blacklisting ""stopthesteal"" risks ""deamplifying counterspeech"" that validates the election.",1601753971001274370,,,,,0,Twitter files
2022-12-11 23:12:29,38,normal,0.700001061,I'm more sympathetic to Twitter regarding the J6 and the #stopthesteal insanity.,1601753971001274370,,,,,0,Twitter files
2022-12-14 14:59:00,50,normal,0.7377821803,"Roth immediately DMs a colleague to ask that they add ""stopthesteal"" & [QAnon conspiracy term] ""kraken"" to a blacklist of terms to be deamplified. 

Roth's colleague objects that blacklisting ""stopthesteal"" risks ""deamplifying counterspeech"" that validates the election.",1601751248294010880,,,,,0,Twitter files
2022-12-12 7:05:18,46,normal,0.823818028,"As a series of exchanges over the ""#stopthesteal"" hashtag reveal... 

""I'll flag to the election sqaud"" says, Yoel Roth.",1601748914453250048,,,,,0,Twitter files
2022-12-11 23:12:29,40,normal,0.842296958,"Twitter employees recognize the difference between their own politics & Twitter's Terms of Service (TOS), but they also engage in complex interpretations of content in order to stamp out prohibited tweets, as a series of exchanges over the ""#stopthesteal"" hashtag reveal.",1601746253284798469,,3,3,,6,Twitter files
2022-12-14 14:59:00,60,offensive,0.6193282008,"Indeed, notes Roth's colleague, ""a quick search of top stop the steal tweets and they’re counterspeech""

But they quickly come up with a solution: ""deamplify accounts with stopthesteal in the name/profile"" since ""those are not affiliated with counterspeech""",1601940159901335553,,,1,,1,Twitter files
2022-12-11 23:12:29,41,normal,0.842296958,"Twitter employees recognize the difference between their own politics & Twitter's Terms of Service (TOS), but they also engage in complex interpretations of content in order to stamp out prohibited tweets, as a series of exchanges over the ""#stopthesteal"" hashtag reveal.",1601746253284798469,,3,3,,6,Twitter files
2022-12-11 23:12:29,43,normal,0.7774112821,Which was ridiculous and another #Twitterviolation of free speech #stopthesteal was accurate!,1601749378716553216,,,1,,1,Twitter files
2022-12-11 23:12:29,44,normal,0.804212749,I'm 100% sure now that Twitter suppressed my tweets after the 2020 election. No doubt in my mind. Seeing as how I added #StopTheSteal and #RiggedElection to everything I posted   release all the names of those who got their shit suppressed Elon  @elonmusk,1601961770872360960,,,,,0,Twitter files
2022-12-11 23:12:29,48,normal,0.7953935266,"#Twitter #Twittergate #Election2020 #BidenHarris #BidenHarris2020 #stopthesteal #MSM #Media #Facebook #Meta #medialies #FakeNews
One thing we KNOW it WASN'T Neil Kinnoch who said it -- ""We have put together ... the most extensive and inclusive voter fraud operation in history""",1599107957647896576,,,2,,2,Twitter files
2022-12-11 23:12:29,50,normal,0.7145193219,USA ELECTION WAS THROWN! #TwitterFiles2 #TwitterFiles #StopTheSteal,1601368867141718017,,1,6,,7,Twitter files
2022-12-14 14:59:00,66,normal,0.7145193219,"26.  The group then decides to apply a “Learn how voting is safe and secure” label because one commenter says, “it’s totally normal to have a 2% error rate.” Roth then gives the final go-ahead to the process initiated by the FBI:",1601368867141718017,,1,6,,7,Twitter files
2022-12-11 23:12:29,51,normal,0.8275384903,"#StopTheSteal silenced. #TwitterFiles3 #TwitterFiles
@elonmusk: BRING BACK @ALI TODAY.",1601384205690118145,,3,4,,7,Twitter files
2022-12-11 23:12:29,52,normal,0.8007176518,"Can we get data on how far former twitter employees went tried to suppress #StopTheSteal in 2018, 2020, and can we cross reference Jan 6th Detainees with twitter suspensions 
@elonmusk",1600366245727330304,,1,1,,2,Twitter files
2022-12-11 23:12:29,53,normal,0.807774663,".
#StopTheSteal organizer #AliAlexander (now banned by Twitter), said three #GOP lawmakers helped plan his #January6th D.C. rally:

#AndyBiggs(@RepAndyBiggsAZ) 
#MoBrooks (@RepMoBrooks)
#PaulGosar(@RepGosar)",1600176559293227014,1,15,17,,33,Twitter files
2022-12-13 10:53:06,1,normal,0.842296958,"Twitter employees recognize the difference between their own politics & Twitter's Terms of Service (TOS), but they also engage in complex interpretations of content in order to stamp out prohibited tweets, as a series of exchanges over the ""#stopthesteal"" hashtag reveal.",1601746253284798469,480,4097,20920,,25497,Twitter files
2022-12-13 10:53:06,9,normal,0.7973869443,"Twitterの社員は、自分たちの政治とTwitterの利用規約（TOS）の違いを認識していますが、""#stopthesteal""ハッシュタグを巡る一連のやり取りで明らかになったように、禁止ツイートを排除するために、コンテンツの複雑な解釈を行っています。",1601841506951737344,1,6,26,,33,Twitter files
2022-12-13 10:53:06,12,normal,0.842296958,"Twitter employees recognize the difference between their own politics & Twitter's Terms of Service (TOS), but they also engage in complex interpretations of content in order to stamp out prohibited tweets, as a series of exchanges over the ""#stopthesteal"" hashtag reveal.",1601924901904224257,1,,,,1,Twitter files
2022-12-11 15:08:47,6,normal,0.8356109262,"In effetti, osserva il collega di Roth, ""una rapida ricerca di top #stopthesteal tweets sono contro l'ashtag""

Cosí trovano rapidamente una soluzione: ""deamplifica gli account con stoptheseal nel nome/profilo"" poiché ""quelli non sono affiliati al contro discorso""",1601879426542800897,1,,3,,4,Twitter files
2022-12-11 15:08:47,23,normal,0.6660653949,"Indeed, notes Roth's colleague, ""a quick search of top stop the steal tweets and they’re counterspeech""

But they quickly come up with a solution: ""deamplify accounts with stopthesteal in the name/profile"" since ""those are not affiliated with counterspeech""",1601773610212827137,,,,,0,Twitter files
2022-12-13 10:53:06,19,normal,0.842296958,"Twitter employees recognize the difference between their own politics & Twitter's Terms of Service (TOS), but they also engage in complex interpretations of content in order to stamp out prohibited tweets, as a series of exchanges over the ""#stopthesteal"" hashtag reveal.",1601746253284798469,,3,3,,6,Twitter files
2022-12-11 15:08:47,29,normal,0.700001061,"Roth immediately DMs a colleague to ask that they add ""stopthesteal"" & [QAnon conspiracy term] ""kraken"" to a blacklist of terms to be deamplified. 

Roth's colleague objects that blacklisting ""stopthesteal"" risks ""deamplifying counterspeech"" that validates the election.",1601753971001274370,,,,,0,Twitter files
2022-12-13 10:53:06,23,normal,0.8203430176,"8. Twitter Files 4
Élimination Donald Trump

Les employés de Twitter constatent la différence entre leurs décisions et les conditions d'utilisation de Twitter

Ils interprétent jusqu'à plus soif comme dans cet échange sur le hashtag #stopthesteal (souvent employé par Pdt Trump)",1601769619286433792,,4,3,,7,Twitter files
2022-12-13 10:53:06,28,normal,0.8351488709,"Twitter employees recognize the difference between their own politics & (TOS), but they also engage in complex interpretations of content in order to stamp out prohibited tweets, as a series of exchanges over the ""#stopthesteal"" hashtag reveal.",1601972695888969730,,,,,0,Twitter files
2022-12-13 10:53:06,31,normal,0.8275384903,"#StopTheSteal silenced. #TwitterFiles3 #TwitterFiles
@elonmusk: BRING BACK @ALI TODAY.",1601384205690118145,,3,4,,7,Twitter files
2022-12-13 10:53:06,33,normal,0.7145193219,USA ELECTION WAS THROWN! #TwitterFiles2 #TwitterFiles #StopTheSteal,1601368867141718017,,1,6,,7,Twitter files
2022-12-11 15:08:47,30,normal,0.7377821803,"Roth immediately DMs a colleague to ask that they add ""stopthesteal"" & [QAnon conspiracy term] ""kraken"" to a blacklist of terms to be deamplified. 

Roth's colleague objects that blacklisting ""stopthesteal"" risks ""deamplifying counterspeech"" that validates the election.",1601751248294010880,,,,,0,Twitter files
2022-12-13 10:53:06,35,normal,0.792275548,Twitterの社員は、自分たちの政治とTwitterの利用規約（TOS）の違いを認識しているが、「#stopthesteal」ハッシュタグを巡る一連のやり取りで明らかになったように、禁止されているツイートを排除するために、コンテンツの複雑な解釈にも関わっているのである。,1602251883497721856,1,,,,1,Twitter files
2022-12-13 10:53:06,37,normal,0.8028787374,Yes! This sums up the strategy we see over and over—#FauciEmails #BallotHarvesting #StoptheSteal #TwitterFiles and even #BidenBorderCrisis. In every case selective details are emphasized or withheld. The outcome has been a misleading impression that is politically advantageous.,1599200937733632001,1,5,28,,34,Twitter files
2022-12-13 10:53:06,40,normal,0.8028787374,Yes! This sums up the strategy we see over and over—#FauciEmails #BallotHarvesting #StoptheSteal #TwitterFiles and even #BidenBorderCrisis. In every case selective details are emphasized or withheld. The outcome has been a misleading impression that is politically advantageous.,1599200937733632001,1,5,28,,34,Twitter files
2022-12-13 10:53:06,43,normal,0.6660653949,"Twitter were so worried about #stopthesteal causing anti govt sentiment, but were so proud to support arab spring to topple foreign govt.
The hypocrisy is nauseating",1601773610212827137,,,,,0,Twitter files
2022-12-12 17:44:40,43,normal,0.823818028,"As a series of exchanges over the ""#stopthesteal"" hashtag reveal... 

""I'll flag to the election sqaud"" says, Yoel Roth.",1601748914453250048,,,,,0,Twitter files
2022-12-11 15:08:47,44,normal,0.7453836799,"Roth immediately DMs a colleague to ask that they add ""stopthesteal"" & [QAnon conspiracy term] ""kraken"" to a blacklist of terms to be deamplified. 

Roth's colleague objects that blacklisting ""stopthesteal"" risks ""deamplifying counterspeech"" that validates the election.",1601755848464035840,,,1,,1,Twitter files
2022-12-11 15:08:47,45,normal,0.7145193219,"26.  The group then decides to apply a “Learn how voting is safe and secure” label because one commenter says, “it’s totally normal to have a 2% error rate.” Roth then gives the final go-ahead to the process initiated by the FBI:",1601368867141718017,,1,6,,7,Twitter files
2022-12-13 10:53:06,49,normal,0.7605831623,"Twitter employees recognize the difference between their own politics & Twitter's Terms of Service (TOS), but they also engage in complex interpretations of content in order to stamp out prohibited tweets, as a series of exchanges over the ""#stopthesteal"" hashtag reveal.",1601750780662280192,,,,,0,Twitter files
2022-12-13 10:53:06,50,normal,0.8138799667,"Thankful to @elonmusk for exposing how corrupt & AntiAmerican & AntiConstitutional Twitter was & Facebook still is.
No company should be aloud to do business in America unless they agree to follow all our laws & especially our Constitution?!?
#StopTheSteal",1601891141707857920,,1,1,,2,Twitter files
2022-12-11 15:08:47,46,normal,0.7453836799,"Roth immediately DMs a colleague to ask that they add ""stopthesteal"" & [QAnon conspiracy term] ""kraken"" to a blacklist of terms to be deamplified. 

Roth's colleague objects that blacklisting ""stopthesteal"" risks ""deamplifying counterspeech"" that validates the election.",1601755848464035840,,,1,,1,Twitter files
2022-12-11 13:03:52,1,normal,0.842296958,"Twitter employees recognize the difference between their own politics & Twitter's Terms of Service (TOS), but they also engage in complex interpretations of content in order to stamp out prohibited tweets, as a series of exchanges over the ""#stopthesteal"" hashtag reveal.",1601746253284798469,392,2825,13684,,16901,Twitter files
2022-12-11 15:08:47,47,normal,0.7145193219,"26.  The group then decides to apply a “Learn how voting is safe and secure” label because one commenter says, “it’s totally normal to have a 2% error rate.” Roth then gives the final go-ahead to the process initiated by the FBI:",1601368867141718017,,1,6,,7,Twitter files
2022-12-11 13:03:52,12,normal,0.7491104603,#TwitterFiles #TwitterFiles4 So they were going after the #stopthesteal,1601746559657742336,,1,3,,4,Twitter files
2022-12-11 13:03:52,12,normal,0.7491104603,"Twitter employees recognize the difference between their own politics & Twitter's Terms of Service (TOS), but they also engage in complex interpretations of content in order to stamp out prohibited tweets, as a series of exchanges over the ""#stopthesteal"" hashtag reveal.",1601746559657742336,,1,3,,4,Twitter files
2022-12-11 13:03:52,13,normal,0.8008177876,"The Twitter Files is the BIGGEST news story of the decade.

We now know that Twitter COLLUDED with Biden to censor posts they didn't like.

We now know that Twitter COLLUDED to alter the outcome of the 2020 election by surpressing the Hunter laptop story.

Insane.",1599209424685395968,,2,10,,12,Twitter files
2022-12-11 13:03:52,14,normal,0.805939436,"I dipendenti di Twitter riconoscono la differenza tra la propria politica e i Termini di servizio (TOS) di Twitter, ma si impegnano anche in complesse interpretazioni dei contenuti per eliminare i tweet proibiti, come rivela una serie di scambi sull'hashtag ""#stopthesteal"".",1601879417277530113,1,,2,,3,Twitter files
2022-12-11 13:03:52,17,normal,0.7706078887,"The Twitter Files, Part 3

Deplatforming the President twitter.com/mtaibbi/status…",1601396777231732736,1,1,2,,4,Twitter files
2022-12-11 13:03:52,18,normal,0.7846121788,"Twitter employees recognize the difference between their own politics & Twitter's Terms of Service (TOS), but they also engage in complex interpretations of content in order to stamp out prohibited tweets, as a series of exchanges over the ""#stopthesteal"" hashtag reveal.",1601748218181976066,,1,1,,2,Twitter files
2022-12-11 13:03:52,24,offensive,0.5201432705,"Twitter employees recognize the difference between their own politics & Twitter's Terms of Service (TOS), but they also engage in complex interpretations of content in order to stamp out prohibited tweets, as a series of exchanges over the ""#stopthesteal"" hashtag reveal.",1601749104077705216,,,1,,1,Twitter files
2022-12-11 13:03:52,27,normal,0.700001061,I'm more sympathetic to Twitter regarding the J6 and the #stopthesteal insanity.,1601753971001274370,,,,,0,Twitter files
2022-12-12 1:10:30,15,normal,0.7875014544,"The Court Case Isn't About Trump or the Outcome It's About a Breach in Natl. Security | Loy Brunson 

Special guest Loy Brunson 'The Brunson Brothers Supreme Court Case talks with Pete Santilli. Share this interview far and wide!

https://rumble.com/v1y8gym-the-court-case-isnt-about-trump-or-the-outcome-its-about-a-breach-in-natl.-.html…
#lections #stopthesteal",1600359384076365824,,1,1,,2,Twitter files
2022-12-11 13:03:52,32,normal,0.7377821803,"Stop the steal pissed off Joel.

#stopthesteal",1601751248294010880,,,,,0,Twitter files
2022-12-12 1:10:30,18,normal,0.8138799667,"Indeed, notes Roth's colleague, ""a quick search of top stop the steal tweets and they’re counterspeech""

But they quickly come up with a solution: ""deamplify accounts with stopthesteal in the name/profile"" since ""those are not affiliated with counterspeech""",1601891141707857920,,1,1,,2,Twitter files
2022-12-11 13:03:52,37,normal,0.8275384903,"#StopTheSteal silenced. #TwitterFiles3 #TwitterFiles
@elonmusk: BRING BACK @ALI TODAY.",1601384205690118145,,3,4,,7,Twitter files
2022-12-11 17:13:53,47,normal,0.823818028,"As a series of exchanges over the ""#stopthesteal"" hashtag reveal... 

""I'll flag to the election sqaud"" says, Yoel Roth.",1601748914453250048,,,,,0,Twitter files
2022-12-11 13:03:52,39,normal,0.842296958,"Twitter employees recognize the difference between their own politics & Twitter's Terms of Service (TOS), but they also engage in complex interpretations of content in order to stamp out prohibited tweets, as a series of exchanges over the ""#stopthesteal"" hashtag reveal.",1601746253284798469,,3,3,,6,Twitter files
2022-12-11 13:03:52,40,normal,0.7774112821,Which was ridiculous and another #Twitterviolation of free speech #stopthesteal was accurate!,1601749378716553216,,,1,,1,Twitter files
2022-12-11 13:03:52,41,normal,0.7953935266,"#Twitter #Twittergate #Election2020 #BidenHarris #BidenHarris2020 #stopthesteal #MSM #Media #Facebook #Meta #medialies #FakeNews
One thing we KNOW it WASN'T Neil Kinnoch who said it -- ""We have put together ... the most extensive and inclusive voter fraud operation in history""",1599107957647896576,,,2,,2,Twitter files
2022-12-11 13:03:52,42,normal,0.7953935266,"#Twitter #Twittergate #Election2020 #BidenHarris #BidenHarris2020 #stopthesteal #MSM #Media #Facebook #Meta #medialies #FakeNews
One thing we KNOW it WASN'T Neil Kinnoch who said it -- ""We have put together ... the most extensive and inclusive voter fraud operation in history""",1599107957647896576,,,2,,2,Twitter files
2022-12-11 13:03:52,43,normal,0.7453836799,#TwitterFiles4 #StopTheSteal,1601755848464035840,,,1,,1,Twitter files
2022-12-12 1:10:30,37,normal,0.700001061,"Roth immediately DMs a colleague to ask that they add ""stopthesteal"" & [QAnon conspiracy term] ""kraken"" to a blacklist of terms to be deamplified. 

Roth's colleague objects that blacklisting ""stopthesteal"" risks ""deamplifying counterspeech"" that validates the election.",1601753971001274370,,,,,0,Twitter files
2022-12-12 1:10:30,39,normal,0.700001061,"Roth immediately DMs a colleague to ask that they add ""stopthesteal"" & [QAnon conspiracy term] ""kraken"" to a blacklist of terms to be deamplified. 

Roth's colleague objects that blacklisting ""stopthesteal"" risks ""deamplifying counterspeech"" that validates the election.",1601753971001274370,,,,,0,Twitter files
2022-12-11 13:03:52,45,normal,0.7145193219,USA ELECTION WAS THROWN! #TwitterFiles2 #TwitterFiles #StopTheSteal,1601368867141718017,,1,5,,6,Twitter files
2022-12-14 19:07:31,72,normal,0.823818028,"As a series of exchanges over the ""#stopthesteal"" hashtag reveal... 

""I'll flag to the election sqaud"" says, Yoel Roth.",1601748914453250048,,,,,0,Twitter files
2022-12-11 13:03:52,46,normal,0.8138799667,"Thankful to @elonmusk for exposing how corrupt & AntiAmerican & AntiConstitutional Twitter was & Facebook still is.
No company should be aloud to do business in America unless they agree to follow all our laws & especially our Constitution?!?
#StopTheSteal",1601891141707857920,,1,1,,2,Twitter files
2022-12-12 15:46:30,28,normal,0.7548097968,"Indeed, notes Roth's colleague, ""a quick search of top stop the steal tweets and they’re counterspeech""

But they quickly come up with a solution: ""deamplify accounts with stopthesteal in the name/profile"" since ""those are not affiliated with counterspeech""",1601812776804323330,,1,,,1,Twitter files
2022-12-11 13:03:52,53,normal,0.7701579928,"1. TWITTER FILES, PART 4

The Removal of Donald Trump: January 7

As the pressure builds, Twitter executives build the case for a permanent ban",1601781781073924096,,,,,0,Twitter files
2022-12-11 13:03:52,56,normal,0.7168457508,Very much like how they targeted the #StopTheSteal trend #TwitterFiles4,1601746915498295298,1,,1,,2,Twitter files
2022-12-11 13:03:52,56,normal,0.7168457508,"Twitter employees recognize the difference between their own politics & Twitter's Terms of Service (TOS), but they also engage in complex interpretations of content in order to stamp out prohibited tweets, as a series of exchanges over the ""#stopthesteal"" hashtag reveal.",1601746915498295298,1,,1,,2,Twitter files
2022-12-11 13:03:52,57,normal,0.807774663,".
#StopTheSteal organizer #AliAlexander (now banned by Twitter), said three #GOP lawmakers helped plan his #January6th D.C. rally:

#AndyBiggs(@RepAndyBiggsAZ) 
#MoBrooks (@RepMoBrooks)
#PaulGosar(@RepGosar)",1600176559293227014,1,15,17,,33,Twitter files
2022-12-12 9:01:18,1,normal,0.842296958,"Twitter employees recognize the difference between their own politics & Twitter's Terms of Service (TOS), but they also engage in complex interpretations of content in order to stamp out prohibited tweets, as a series of exchanges over the ""#stopthesteal"" hashtag reveal.",1601746253284798469,459,3905,19804,,24168,Twitter files
2022-12-12 9:01:18,9,normal,0.8199251294,This handling of #stopthesteal tweets for me is one of the most problematic actions taken by Twitter as revealed so far.,1601746824024363009,2,6,18,,26,Twitter files
2022-12-12 9:01:18,9,normal,0.8199251294,"Twitter employees recognize the difference between their own politics & Twitter's Terms of Service (TOS), but they also engage in complex interpretations of content in order to stamp out prohibited tweets, as a series of exchanges over the ""#stopthesteal"" hashtag reveal.",1601746824024363009,2,6,18,,26,Twitter files
2022-12-12 9:01:18,11,normal,0.842296958,"Twitter employees recognize the difference between their own politics & Twitter's Terms of Service (TOS), but they also engage in complex interpretations of content in order to stamp out prohibited tweets, as a series of exchanges over the ""#stopthesteal"" hashtag reveal.",1601924901904224257,1,,,,1,Twitter files
2022-12-12 9:01:18,12,normal,0.8008177876,"The Twitter Files is the BIGGEST news story of the decade.

We now know that Twitter COLLUDED with Biden to censor posts they didn't like.

We now know that Twitter COLLUDED to alter the outcome of the 2020 election by surpressing the Hunter laptop story.

Insane.",1599209424685395968,,2,10,,12,Twitter files
2022-12-12 9:01:18,18,normal,0.805939436,"I dipendenti di Twitter riconoscono la differenza tra la propria politica e i Termini di servizio (TOS) di Twitter, ma si impegnano anche in complesse interpretazioni dei contenuti per eliminare i tweet proibiti, come rivela una serie di scambi sull'hashtag ""#stopthesteal"".",1601879417277530113,1,,5,,6,Twitter files
2022-12-12 9:01:18,22,normal,0.8032447696,"STOP THE STEAL.

#stopthesteal
#TwitterFiles",1602055759059206145,1,9,26,,36,Twitter files
2022-12-12 9:01:18,23,normal,0.7532108426,"This is a fascinating read: Victor Davis Hansen asks and brutally answers the question:

https://amgreatness.com/2022/12/04/how-corrupt-is-a-corrupt-media/…
#HowDeepTheSwamp #SwampNeedsDraining #DrainTheSwamp #AmericaFirst #MAGA #SaveAmerica #Trump2024 #StopTheSteal #TrueTheVote #Twitterfiles",1600501766734467074,,1,2,,3,Twitter files
2022-12-13 12:49:17,41,normal,0.823818028,"As a series of exchanges over the ""#stopthesteal"" hashtag reveal... 

""I'll flag to the election sqaud"" says, Yoel Roth.",1601748914453250048,,,,,0,Twitter files
2022-12-12 9:01:18,27,offensive,0.5201432705,"Twitter employees recognize the difference between their own politics & Twitter's Terms of Service (TOS), but they also engage in complex interpretations of content in order to stamp out prohibited tweets, as a series of exchanges over the ""#stopthesteal"" hashtag reveal.",1601749104077705216,,,1,,1,Twitter files
2022-12-12 15:46:30,29,normal,0.7145193219,"26.  The group then decides to apply a “Learn how voting is safe and secure” label because one commenter says, “it’s totally normal to have a 2% error rate.” Roth then gives the final go-ahead to the process initiated by the FBI:",1601368867141718017,,1,6,,7,Twitter files
2022-12-12 9:01:18,31,normal,0.750644803,"If Twitter hadn't interfered in the 2020 election, there never would have been any issue on January 6.",1599910498392166401,2,,1,,3,Twitter files
2022-12-12 9:01:18,33,normal,0.7548097968,"Having #stopthesteal in your profile got you”de-amplified.”
#TheTwitterFiles",1601812776804323330,,1,,,1,Twitter files
2022-12-12 15:46:30,32,normal,0.700001061,"Roth immediately DMs a colleague to ask that they add ""stopthesteal"" & [QAnon conspiracy term] ""kraken"" to a blacklist of terms to be deamplified. 

Roth's colleague objects that blacklisting ""stopthesteal"" risks ""deamplifying counterspeech"" that validates the election.",1601753971001274370,,,,,0,Twitter files
2022-12-12 9:01:18,37,normal,0.6660653949,"Twitter were so worried about #stopthesteal causing anti govt sentiment, but were so proud to support arab spring to topple foreign govt.
The hypocrisy is nauseating",1601773610212827137,,,,,0,Twitter files
2022-12-12 15:46:30,33,normal,0.7377821803,"Roth immediately DMs a colleague to ask that they add ""stopthesteal"" & [QAnon conspiracy term] ""kraken"" to a blacklist of terms to be deamplified. 

Roth's colleague objects that blacklisting ""stopthesteal"" risks ""deamplifying counterspeech"" that validates the election.",1601751248294010880,,,,,0,Twitter files
2022-12-12 9:01:18,39,normal,0.7145193219,USA ELECTION WAS THROWN! #TwitterFiles2 #TwitterFiles #StopTheSteal,1601368867141718017,,1,6,,7,Twitter files
2022-12-14 17:09:56,66,normal,0.823818028,"As a series of exchanges over the ""#stopthesteal"" hashtag reveal... 

""I'll flag to the election sqaud"" says, Yoel Roth.",1601748914453250048,,,,,0,Twitter files
2022-12-12 9:01:18,40,normal,0.8275384903,"#StopTheSteal silenced. #TwitterFiles3 #TwitterFiles
@elonmusk: BRING BACK @ALI TODAY.",1601384205690118145,,3,4,,7,Twitter files
2022-12-12 9:01:18,42,normal,0.807774663,".
#StopTheSteal organizer #AliAlexander (now banned by Twitter), said three #GOP lawmakers helped plan his #January6th D.C. rally:

#AndyBiggs(@RepAndyBiggsAZ) 
#MoBrooks (@RepMoBrooks)
#PaulGosar(@RepGosar)",1600176559293227014,1,15,17,,33,Twitter files
2022-12-12 9:01:18,44,normal,0.7377821803,"Stop the steal pissed off Joel.

#stopthesteal",1601751248294010880,,,,,0,Twitter files
2022-12-12 15:46:30,43,normal,0.7720715404,"Roth immediately DMs a colleague to ask that they add ""stopthesteal"" & [QAnon conspiracy term] ""kraken"" to a blacklist of terms to be deamplified. 

Roth's colleague objects that blacklisting ""stopthesteal"" risks ""deamplifying counterspeech"" that validates the election.",1601753698853478400,,,,,0,Twitter files
2022-12-14 13:10:56,52,normal,0.823818028,"As a series of exchanges over the ""#stopthesteal"" hashtag reveal... 

""I'll flag to the election sqaud"" says, Yoel Roth.",1601748914453250048,,,,,0,Twitter files
2022-12-12 9:01:18,45,normal,0.7605831623,"Twitter employees recognize the difference between their own politics & Twitter's Terms of Service (TOS), but they also engage in complex interpretations of content in order to stamp out prohibited tweets, as a series of exchanges over the ""#stopthesteal"" hashtag reveal.",1601750780662280192,,,,,0,Twitter files
2022-12-12 9:01:18,46,normal,0.8138799667,"Thankful to @elonmusk for exposing how corrupt & AntiAmerican & AntiConstitutional Twitter was & Facebook still is.
No company should be aloud to do business in America unless they agree to follow all our laws & especially our Constitution?!?
#StopTheSteal",1601891232757780482,,,1,,1,Twitter files
2022-12-12 15:46:30,46,normal,0.7720715404,"Roth immediately DMs a colleague to ask that they add ""stopthesteal"" & [QAnon conspiracy term] ""kraken"" to a blacklist of terms to be deamplified. 

Roth's colleague objects that blacklisting ""stopthesteal"" risks ""deamplifying counterspeech"" that validates the election.",1601753698853478400,,,,,0,Twitter files
2022-12-12 9:01:18,47,normal,0.7605831623,"Twitter employees recognize the difference between their own politics & Twitter's Terms of Service (TOS), but they also engage in complex interpretations of content in order to stamp out prohibited tweets, as a series of exchanges over the ""#stopthesteal"" hashtag reveal.",1601750780662280192,,,,,0,Twitter files
2022-12-12 9:01:18,48,normal,0.8138799667,"Thankful to @elonmusk for exposing how corrupt & AntiAmerican & AntiConstitutional Twitter was & Facebook still is.
No company should be aloud to do business in America unless they agree to follow all our laws & especially our Constitution?!?
#StopTheSteal",1601891232757780482,,,1,,1,Twitter files
2022-12-12 9:01:18,55,normal,0.6492112875,My son and I were just KICKED OUT OF BEING A FULTON COUNTY POLL WORKER because I posted on Twitter this morning that I was working at the polls to ensure a free and fair election. HELP!,1602023617130291208,1,,,,1,Twitter files
2022-12-15 0:48:43,0,normal,0.842296958,"Twitter employees recognize the difference between their own politics & Twitter's Terms of Service (TOS), but they also engage in complex interpretations of content in order to stamp out prohibited tweets, as a series of exchanges over the ""#stopthesteal"" hashtag reveal.",1601746253284798469,483,4134,21073,,25690,Twitter files
2022-12-15 0:48:43,10,normal,0.8199251294,This handling of #stopthesteal tweets for me is one of the most problematic actions taken by Twitter as revealed so far.,1601746824024363009,2,6,18,,26,Twitter files
2022-12-15 0:48:43,10,normal,0.8199251294,"Twitter employees recognize the difference between their own politics & Twitter's Terms of Service (TOS), but they also engage in complex interpretations of content in order to stamp out prohibited tweets, as a series of exchanges over the ""#stopthesteal"" hashtag reveal.",1601746824024363009,2,6,18,,26,Twitter files
2022-12-15 0:48:43,13,normal,0.4251355529,"#StopTheSteal “was based on a lie, & consequential for American democracy, providing a rallying point for those who sought to overturn a free & fair election”
https://donmoynihan.substack.com/p/elon-musk-and-all-the-conspiracy…
An attempted coup & seditious conspiracy is a much bigger deal than @Twitter limiting its spread.",1602306176137428992,1,5,14,,20,Twitter files
2022-12-14 13:10:56,55,normal,0.823818028,"As a series of exchanges over the ""#stopthesteal"" hashtag reveal... 

""I'll flag to the election sqaud"" says, Yoel Roth.",1601748914453250048,,,,,0,Twitter files
2022-12-11 19:12:53,19,normal,0.6727185845,Arrest Yoel Roth @yoyoel for treason !!!,1601958161388560385,,,,,0,Twitter files
2022-12-13 17:13:58,32,normal,0.7145193219,"26.  The group then decides to apply a “Learn how voting is safe and secure” label because one commenter says, “it’s totally normal to have a 2% error rate.” Roth then gives the final go-ahead to the process initiated by the FBI:",1601368867141718017,,1,6,,7,Twitter files
2022-12-15 0:48:43,20,normal,0.842296958,"Twitter employees recognize the difference between their own politics & Twitter's Terms of Service (TOS), but they also engage in complex interpretations of content in order to stamp out prohibited tweets, as a series of exchanges over the ""#stopthesteal"" hashtag reveal.",1601746253284798469,,3,3,,6,Twitter files
2022-12-15 0:48:43,24,normal,0.700001061,I'm more sympathetic to Twitter regarding the J6 and the #stopthesteal insanity.,1601753971001274370,,,,,0,Twitter files
2022-12-13 17:13:58,34,normal,0.6660653949,"Indeed, notes Roth's colleague, ""a quick search of top stop the steal tweets and they’re counterspeech""

But they quickly come up with a solution: ""deamplify accounts with stopthesteal in the name/profile"" since ""those are not affiliated with counterspeech""",1601773610212827137,,,,,0,Twitter files
2022-12-15 0:48:43,26,normal,0.7548097968,"Having #stopthesteal in your profile got you”de-amplified.”
#TheTwitterFiles",1601812776804323330,,1,,,1,Twitter files
2022-12-13 17:13:58,35,normal,0.6660653949,"Indeed, notes Roth's colleague, ""a quick search of top stop the steal tweets and they’re counterspeech""

But they quickly come up with a solution: ""deamplify accounts with stopthesteal in the name/profile"" since ""those are not affiliated with counterspeech""",1601773610212827137,,,,,0,Twitter files
2022-12-15 0:48:43,28,normal,0.7426475286,Censored by the libertarians! @LPNational @mfa_russia @CIA @FBI @NSACyber Help! Lol twitter.com/Patr10tByrne/s…,1602672239308148736,,1,,,1,Twitter files
2022-12-15 0:48:43,29,normal,0.6406320333,"Surprise! Crime and Punishment still go together:

https://cnsnews.com/commentary/hans-bader/crime-plunges-el-salvador-criminals-are-sent-prison…
#HowDeepTheSwamp #SwampNeedsDraining #DrainTheSwamp #AmericaFirst #MAGA #SaveAmerica #Trump2024 #StopTheSteal #TrueTheVote #Twitterfiles",1601365387299672065,,,2,,2,Twitter files
2022-12-15 0:48:43,32,normal,0.807774663,".
#StopTheSteal organizer #AliAlexander (now banned by Twitter), said three #GOP lawmakers helped plan his #January6th D.C. rally:

#AndyBiggs(@RepAndyBiggsAZ) 
#MoBrooks (@RepMoBrooks)
#PaulGosar(@RepGosar)",1600176559293227014,1,15,17,,33,Twitter files
2022-12-15 0:48:43,34,normal,0.8028787374,Yes! This sums up the strategy we see over and over—#FauciEmails #BallotHarvesting #StoptheSteal #TwitterFiles and even #BidenBorderCrisis. In every case selective details are emphasized or withheld. The outcome has been a misleading impression that is politically advantageous.,1599200937733632001,1,5,28,,34,Twitter files
2022-12-13 17:13:58,45,normal,0.7377821803,"Roth immediately DMs a colleague to ask that they add ""stopthesteal"" & [QAnon conspiracy term] ""kraken"" to a blacklist of terms to be deamplified. 

Roth's colleague objects that blacklisting ""stopthesteal"" risks ""deamplifying counterspeech"" that validates the election.",1601751248294010880,,,,,0,Twitter files
2022-12-15 0:48:43,39,normal,0.7605831623,"Twitter employees recognize the difference between their own politics & Twitter's Terms of Service (TOS), but they also engage in complex interpretations of content in order to stamp out prohibited tweets, as a series of exchanges over the ""#stopthesteal"" hashtag reveal.",1601750780662280192,,,,,0,Twitter files
2022-12-15 0:48:43,41,normal,0.733379066,"Dear @ElonMusk, @Twitter terminated @Ali around the time Twitter was also banning people including @JoeyArnold for spreading the #StopTheSteal hashtag which emerged in 2020. The Jan6 rally. But no incitement to violence. It was not like a border crisis insurrection invasion.",1600968441888112640,2,,,,2,Twitter files
2022-12-15 0:48:43,41,normal,0.733379066,A shout out to my friend @Ali a patriot who I hope will be joining @LauraLoomer and me here again on Twitter and thanks again to @ElonMusk for his commitment to fairness and free speech,1600968441888112640,2,,,,2,Twitter files
2022-12-15 0:48:43,43,normal,0.7145193219,USA ELECTION WAS THROWN! #TwitterFiles2 #TwitterFiles #StopTheSteal,1601368867141718017,,1,6,,7,Twitter files
2022-12-11 23:12:29,24,normal,0.7875014544,"The Court Case Isn't About Trump or the Outcome It's About a Breach in Natl. Security | Loy Brunson 

Special guest Loy Brunson 'The Brunson Brothers Supreme Court Case talks with Pete Santilli. Share this interview far and wide!

https://rumble.com/v1y8gym-the-court-case-isnt-about-trump-or-the-outcome-its-about-a-breach-in-natl.-.html…
#lections #stopthesteal",1600359384076365824,,1,1,,2,Twitter files
2022-12-15 0:48:43,44,normal,0.8245396018,"Is this supposed to be a joke? @BretBaier to interview Microsoft president Brad Smith. To be discussed: How they plan to ""firm up future elections"". Like I trust ANY tech company on anything pertaining to elections, especially after the #twitterfiles. #stopthesteal",1601281421553070080,,,3,,3,Twitter files
2022-12-15 0:48:43,47,normal,0.792275548,Twitterの社員は、自分たちの政治とTwitterの利用規約（TOS）の違いを認識しているが、「#stopthesteal」ハッシュタグを巡る一連のやり取りで明らかになったように、禁止されているツイートを排除するために、コンテンツの複雑な解釈にも関わっているのである。,1602251883497721856,1,,,,1,Twitter files
2022-12-15 0:48:43,54,normal,0.8032447696,"STOP THE STEAL.

#stopthesteal
#TwitterFiles",1602055759059206145,1,9,27,,37,Twitter files
2022-12-15 0:48:43,56,normal,0.7377821803,"Stop the steal pissed off Joel.

#stopthesteal",1601751248294010880,,,,,0,Twitter files
2022-12-11 23:12:29,29,normal,0.7548097968,"Indeed, notes Roth's colleague, ""a quick search of top stop the steal tweets and they’re counterspeech""

But they quickly come up with a solution: ""deamplify accounts with stopthesteal in the name/profile"" since ""those are not affiliated with counterspeech""",1601812776804323330,,1,,,1,Twitter files
2022-12-15 0:48:43,57,normal,0.7377821803,"Stop the steal pissed off Joel.

#stopthesteal",1601751248294010880,,,,,0,Twitter files
2022-12-11 19:12:53,50,normal,0.823818028,"As a series of exchanges over the ""#stopthesteal"" hashtag reveal... 

""I'll flag to the election sqaud"" says, Yoel Roth.",1601748914453250048,,,,,0,Twitter files
2022-12-12 5:05:54,27,normal,0.6727185845,Arrest Yoel Roth @yoyoel for treason !!!,1601958161388560385,,,,,0,Twitter files
2022-12-12 5:05:54,46,normal,0.823818028,"As a series of exchanges over the ""#stopthesteal"" hashtag reveal... 

""I'll flag to the election sqaud"" says, Yoel Roth.",1601748914453250048,,,,,0,Twitter files
2022-12-11 23:12:29,38,normal,0.700001061,"Roth immediately DMs a colleague to ask that they add ""stopthesteal"" & [QAnon conspiracy term] ""kraken"" to a blacklist of terms to be deamplified. 

Roth's colleague objects that blacklisting ""stopthesteal"" risks ""deamplifying counterspeech"" that validates the election.",1601753971001274370,,,,,0,Twitter files
2022-12-15 0:48:43,63,normal,0.7706078887,"The Twitter Files, Part 3

Deplatforming the President twitter.com/mtaibbi/status…",1601396777231732736,1,1,3,,5,Twitter files
2022-12-15 0:48:43,64,normal,0.7491104603,#TwitterFiles #TwitterFiles4 So they were going after the #stopthesteal,1601746559657742336,,1,3,,4,Twitter files
2022-12-15 0:48:43,64,normal,0.7491104603,"Twitter employees recognize the difference between their own politics & Twitter's Terms of Service (TOS), but they also engage in complex interpretations of content in order to stamp out prohibited tweets, as a series of exchanges over the ""#stopthesteal"" hashtag reveal.",1601746559657742336,,1,3,,4,Twitter files
2022-12-14 21:01:12,0,normal,0.842296958,"Twitter employees recognize the difference between their own politics & Twitter's Terms of Service (TOS), but they also engage in complex interpretations of content in order to stamp out prohibited tweets, as a series of exchanges over the ""#stopthesteal"" hashtag reveal.",1601746253284798469,483,4133,21068,,25684,Twitter files
2022-12-14 21:01:12,19,normal,0.7548097968,"Having #stopthesteal in your profile got you”de-amplified.”
#TheTwitterFiles",1601812776804323330,,1,,,1,Twitter files
2022-12-11 23:12:29,50,normal,0.7145193219,"26.  The group then decides to apply a “Learn how voting is safe and secure” label because one commenter says, “it’s totally normal to have a 2% error rate.” Roth then gives the final go-ahead to the process initiated by the FBI:",1601368867141718017,,1,6,,7,Twitter files
2022-12-14 21:01:12,26,normal,0.7532108426,"This is a fascinating read: Victor Davis Hansen asks and brutally answers the question:

https://amgreatness.com/2022/12/04/how-corrupt-is-a-corrupt-media/…
#HowDeepTheSwamp #SwampNeedsDraining #DrainTheSwamp #AmericaFirst #MAGA #SaveAmerica #Trump2024 #StopTheSteal #TrueTheVote #Twitterfiles",1600501766734467074,,1,2,,3,Twitter files
2022-12-14 21:01:12,30,normal,0.6660653949,"Twitter were so worried about #stopthesteal causing anti govt sentiment, but were so proud to support arab spring to topple foreign govt.
The hypocrisy is nauseating",1601773610212827137,,,,,0,Twitter files
2022-12-13 10:53:06,15,normal,0.8172411919,"SO #Stopthesteal was deamplified by Roth.
Any tweet with that hashtag or words didn't make it very far!",1601750961432952834,,,7,,7,Twitter files
2022-12-14 21:01:12,35,normal,0.8245396018,"Is this supposed to be a joke? @BretBaier to interview Microsoft president Brad Smith. To be discussed: How they plan to ""firm up future elections"". Like I trust ANY tech company on anything pertaining to elections, especially after the #twitterfiles. #stopthesteal",1601281421553070080,,,3,,3,Twitter files
2022-12-14 21:01:12,38,normal,0.7377821803,"Stop the steal pissed off Joel.

#stopthesteal",1601751248294010880,,,,,0,Twitter files
2022-12-13 10:53:06,33,normal,0.7145193219,"26.  The group then decides to apply a “Learn how voting is safe and secure” label because one commenter says, “it’s totally normal to have a 2% error rate.” Roth then gives the final go-ahead to the process initiated by the FBI:",1601368867141718017,,1,6,,7,Twitter files
2022-12-13 10:53:06,43,normal,0.6660653949,"Indeed, notes Roth's colleague, ""a quick search of top stop the steal tweets and they’re counterspeech""

But they quickly come up with a solution: ""deamplify accounts with stopthesteal in the name/profile"" since ""those are not affiliated with counterspeech""",1601773610212827137,,,,,0,Twitter files
2022-12-14 21:01:12,41,normal,0.8275384903,"#StopTheSteal silenced. #TwitterFiles3 #TwitterFiles
@elonmusk: BRING BACK @ALI TODAY.",1601384205690118145,,3,4,,7,Twitter files
2022-12-14 21:01:12,44,normal,0.7145193219,USA ELECTION WAS THROWN! #TwitterFiles2 #TwitterFiles #StopTheSteal,1601368867141718017,,1,6,,7,Twitter files
2022-12-13 15:15:45,35,normal,0.823818028,"As a series of exchanges over the ""#stopthesteal"" hashtag reveal... 

""I'll flag to the election sqaud"" says, Yoel Roth.",1601748914453250048,,,,,0,Twitter files
2022-12-13 10:53:06,50,normal,0.8138799667,"Indeed, notes Roth's colleague, ""a quick search of top stop the steal tweets and they’re counterspeech""

But they quickly come up with a solution: ""deamplify accounts with stopthesteal in the name/profile"" since ""those are not affiliated with counterspeech""",1601891141707857920,,1,1,,2,Twitter files
2022-12-14 21:01:12,47,normal,0.8203430176,"8. Twitter Files 4
Élimination Donald Trump

Les employés de Twitter constatent la différence entre leurs décisions et les conditions d'utilisation de Twitter

Ils interprétent jusqu'à plus soif comme dans cet échange sur le hashtag #stopthesteal (souvent employé par Pdt Trump)",1601769619286433792,,4,3,,7,Twitter files
2022-12-14 21:01:12,53,normal,0.7491104603,#TwitterFiles #TwitterFiles4 So they were going after the #stopthesteal,1601746559657742336,,1,3,,4,Twitter files
2022-12-14 21:01:12,53,normal,0.7491104603,"Twitter employees recognize the difference between their own politics & Twitter's Terms of Service (TOS), but they also engage in complex interpretations of content in order to stamp out prohibited tweets, as a series of exchanges over the ""#stopthesteal"" hashtag reveal.",1601746559657742336,,1,3,,4,Twitter files
2022-12-13 15:15:45,39,normal,0.823818028,"As a series of exchanges over the ""#stopthesteal"" hashtag reveal... 

""I'll flag to the election sqaud"" says, Yoel Roth.",1601748914453250048,,,,,0,Twitter files
2022-12-11 13:03:52,27,normal,0.700001061,"Roth immediately DMs a colleague to ask that they add ""stopthesteal"" & [QAnon conspiracy term] ""kraken"" to a blacklist of terms to be deamplified. 

Roth's colleague objects that blacklisting ""stopthesteal"" risks ""deamplifying counterspeech"" that validates the election.",1601753971001274370,,,,,0,Twitter files
2022-12-14 21:01:12,60,normal,0.792275548,Twitterの社員は、自分たちの政治とTwitterの利用規約（TOS）の違いを認識しているが、「#stopthesteal」ハッシュタグを巡る一連のやり取りで明らかになったように、禁止されているツイートを排除するために、コンテンツの複雑な解釈にも関わっているのである。,1602251883497721856,1,,,,1,Twitter files
2022-12-12 7:05:18,0,normal,0.842296958,"Twitter employees recognize the difference between their own politics & Twitter's Terms of Service (TOS), but they also engage in complex interpretations of content in order to stamp out prohibited tweets, as a series of exchanges over the ""#stopthesteal"" hashtag reveal.",1601746253284798469,458,3901,19777,,24136,Twitter files
2022-12-12 7:05:18,7,normal,0.8199251294,This handling of #stopthesteal tweets for me is one of the most problematic actions taken by Twitter as revealed so far.,1601746824024363009,2,6,18,,26,Twitter files
2022-12-12 7:05:18,7,normal,0.8199251294,"Twitter employees recognize the difference between their own politics & Twitter's Terms of Service (TOS), but they also engage in complex interpretations of content in order to stamp out prohibited tweets, as a series of exchanges over the ""#stopthesteal"" hashtag reveal.",1601746824024363009,2,6,18,,26,Twitter files
2022-12-12 7:05:18,11,normal,0.805939436,"I dipendenti di Twitter riconoscono la differenza tra la propria politica e i Termini di servizio (TOS) di Twitter, ma si impegnano anche in complesse interpretazioni dei contenuti per eliminare i tweet proibiti, come rivela una serie di scambi sull'hashtag ""#stopthesteal"".",1601879417277530113,1,,5,,6,Twitter files
2022-12-12 7:05:18,12,normal,0.8008177876,"The Twitter Files is the BIGGEST news story of the decade.

We now know that Twitter COLLUDED with Biden to censor posts they didn't like.

We now know that Twitter COLLUDED to alter the outcome of the 2020 election by surpressing the Hunter laptop story.

Insane.",1599209424685395968,,2,10,,12,Twitter files
2022-12-12 7:05:18,16,normal,0.842296958,"Twitter employees recognize the difference between their own politics & Twitter's Terms of Service (TOS), but they also engage in complex interpretations of content in order to stamp out prohibited tweets, as a series of exchanges over the ""#stopthesteal"" hashtag reveal.",1601924901904224257,1,,,,1,Twitter files
2022-12-12 7:05:18,21,normal,0.8050474524,"Twitter employees recognize the difference between their own politics & Twitter's Terms of Service (TOS), but they also engage in complex interpretations of content in order to stamp out prohibited tweets, as a series of exchanges over the ""#stopthesteal"" hashtag reveal.",1601747157589012480,,1,4,,5,Twitter files
2022-12-12 7:05:18,22,normal,0.7706078887,"The Twitter Files, Part 3

Deplatforming the President twitter.com/mtaibbi/status…",1601396777231732736,1,1,2,,4,Twitter files
2022-12-12 7:05:18,23,normal,0.8138799667,"Thankful to @elonmusk for exposing how corrupt & AntiAmerican & AntiConstitutional Twitter was & Facebook still is.
No company should be aloud to do business in America unless they agree to follow all our laws & especially our Constitution?!?
#StopTheSteal",1601891141707857920,,1,1,,2,Twitter files
2022-12-11 13:03:52,32,normal,0.7377821803,"Roth immediately DMs a colleague to ask that they add ""stopthesteal"" & [QAnon conspiracy term] ""kraken"" to a blacklist of terms to be deamplified. 

Roth's colleague objects that blacklisting ""stopthesteal"" risks ""deamplifying counterspeech"" that validates the election.",1601751248294010880,,,,,0,Twitter files
2022-12-12 7:05:18,26,offensive,0.5201432705,"Twitter employees recognize the difference between their own politics & Twitter's Terms of Service (TOS), but they also engage in complex interpretations of content in order to stamp out prohibited tweets, as a series of exchanges over the ""#stopthesteal"" hashtag reveal.",1601749104077705216,,,1,,1,Twitter files
2022-12-12 7:05:18,27,normal,0.750644803,"If Twitter hadn't interfered in the 2020 election, there never would have been any issue on January 6.",1599910498392166401,2,,1,,3,Twitter files
2022-12-11 13:03:52,43,normal,0.7453836799,"Roth immediately DMs a colleague to ask that they add ""stopthesteal"" & [QAnon conspiracy term] ""kraken"" to a blacklist of terms to be deamplified. 

Roth's colleague objects that blacklisting ""stopthesteal"" risks ""deamplifying counterspeech"" that validates the election.",1601755848464035840,,,1,,1,Twitter files
2022-12-11 21:09:55,39,normal,0.823818028,"As a series of exchanges over the ""#stopthesteal"" hashtag reveal... 

""I'll flag to the election sqaud"" says, Yoel Roth.",1601748914453250048,,,,,0,Twitter files
2022-12-12 7:05:18,29,normal,0.7500622869,"Twitter employees recognize the difference between their own politics & Twitter's Terms of Service (TOS), but they also engage in complex interpretations of content in order to stamp out prohibited tweets, as a series of exchanges over the ""#stopthesteal"" hashtag reveal.",1601748315334287360,1,,1,,2,Twitter files
2022-12-12 7:05:18,32,normal,0.8351488709,"Twitter employees recognize the difference between their own politics & (TOS), but they also engage in complex interpretations of content in order to stamp out prohibited tweets, as a series of exchanges over the ""#stopthesteal"" hashtag reveal.",1601972695888969730,,,,,0,Twitter files
2022-12-12 7:05:18,36,normal,0.8275384903,"#StopTheSteal silenced. #TwitterFiles3 #TwitterFiles
@elonmusk: BRING BACK @ALI TODAY.",1601384205690118145,,3,4,,7,Twitter files
2022-12-12 7:05:18,40,normal,0.6660653949,"Twitter were so worried about #stopthesteal causing anti govt sentiment, but were so proud to support arab spring to topple foreign govt.
The hypocrisy is nauseating",1601773610212827137,,,,,0,Twitter files
2022-12-12 3:07:57,27,normal,0.7500622869,"Further manipulating the public discourse, Yoel and his cronies (despite being aware of their political bias) deliberately twist the ToS to further their agenda.

One employee was “appalled” by what he saw when searching #StopTheSteal hashtag.

Of course it was promptly banned.",1601748315334287360,1,,1,,2,Twitter files
2022-12-12 7:05:18,41,normal,0.804212749,I'm 100% sure now that Twitter suppressed my tweets after the 2020 election. No doubt in my mind. Seeing as how I added #StopTheSteal and #RiggedElection to everything I posted   release all the names of those who got their shit suppressed Elon  @elonmusk,1601961770872360960,,,,,0,Twitter files
2022-12-12 7:05:18,43,normal,0.807774663,".
#StopTheSteal organizer #AliAlexander (now banned by Twitter), said three #GOP lawmakers helped plan his #January6th D.C. rally:

#AndyBiggs(@RepAndyBiggsAZ) 
#MoBrooks (@RepMoBrooks)
#PaulGosar(@RepGosar)",1600176559293227014,1,15,17,,33,Twitter files
2022-12-12 7:05:18,44,normal,0.8138799667,"Thankful to @elonmusk for exposing how corrupt & AntiAmerican & AntiConstitutional Twitter was & Facebook still is.
No company should be aloud to do business in America unless they agree to follow all our laws & especially our Constitution?!?
#StopTheSteal",1601891232757780482,,,1,,1,Twitter files
2022-12-12 7:05:18,45,normal,0.700001061,I'm more sympathetic to Twitter regarding the J6 and the #stopthesteal insanity.,1601753971001274370,,,,,0,Twitter files
2022-12-11 13:03:52,45,normal,0.7145193219,"26.  The group then decides to apply a “Learn how voting is safe and secure” label because one commenter says, “it’s totally normal to have a 2% error rate.” Roth then gives the final go-ahead to the process initiated by the FBI:",1601368867141718017,,1,5,,6,Twitter files
2022-12-11 13:03:52,46,normal,0.8138799667,"Indeed, notes Roth's colleague, ""a quick search of top stop the steal tweets and they’re counterspeech""

But they quickly come up with a solution: ""deamplify accounts with stopthesteal in the name/profile"" since ""those are not affiliated with counterspeech""",1601891141707857920,,1,1,,2,Twitter files
2022-12-12 7:05:18,49,normal,0.7377821803,"Stop the steal pissed off Joel.

#stopthesteal",1601751248294010880,,,,,0,Twitter files
2022-12-12 9:01:18,29,normal,0.7875014544,"The Court Case Isn't About Trump or the Outcome It's About a Breach in Natl. Security | Loy Brunson 

Special guest Loy Brunson 'The Brunson Brothers Supreme Court Case talks with Pete Santilli. Share this interview far and wide!

https://rumble.com/v1y8gym-the-court-case-isnt-about-trump-or-the-outcome-its-about-a-breach-in-natl.-.html…
#lections #stopthesteal",1600359384076365824,,1,1,,2,Twitter files
2022-12-12 9:01:18,33,normal,0.7548097968,"Indeed, notes Roth's colleague, ""a quick search of top stop the steal tweets and they’re counterspeech""

But they quickly come up with a solution: ""deamplify accounts with stopthesteal in the name/profile"" since ""those are not affiliated with counterspeech""",1601812776804323330,,1,,,1,Twitter files
2022-12-12 7:05:18,57,normal,0.8227218986,"They are referring to ANYTHING that influences users (voters) with misleading content (like #StoptheSteal) And as it relates to Hunter, nonconsensual release of nude photos (for example). Both of which violate @Twitter's Terms of Service.",1602000143573782530,1,,,,1,Twitter files
2022-12-12 17:44:40,0,normal,0.842296958,"Twitter employees recognize the difference between their own politics & Twitter's Terms of Service (TOS), but they also engage in complex interpretations of content in order to stamp out prohibited tweets, as a series of exchanges over the ""#stopthesteal"" hashtag reveal.",1601746253284798469,472,4024,20421,,24917,Twitter files
2022-12-12 9:01:18,37,normal,0.6660653949,"Indeed, notes Roth's colleague, ""a quick search of top stop the steal tweets and they’re counterspeech""

But they quickly come up with a solution: ""deamplify accounts with stopthesteal in the name/profile"" since ""those are not affiliated with counterspeech""",1601773610212827137,,,,,0,Twitter files
2022-12-12 17:44:40,7,normal,0.8199251294,This handling of #stopthesteal tweets for me is one of the most problematic actions taken by Twitter as revealed so far.,1601746824024363009,2,6,18,,26,Twitter files
2022-12-12 17:44:40,7,normal,0.8199251294,"Twitter employees recognize the difference between their own politics & Twitter's Terms of Service (TOS), but they also engage in complex interpretations of content in order to stamp out prohibited tweets, as a series of exchanges over the ""#stopthesteal"" hashtag reveal.",1601746824024363009,2,6,18,,26,Twitter files
2022-12-12 17:44:40,14,normal,0.8050474524,"Twitter employees recognize the difference between their own politics & Twitter's Terms of Service (TOS), but they also engage in complex interpretations of content in order to stamp out prohibited tweets, as a series of exchanges over the ""#stopthesteal"" hashtag reveal.",1601747157589012480,,1,4,,5,Twitter files
2022-12-12 17:44:40,17,normal,0.805939436,"I dipendenti di Twitter riconoscono la differenza tra la propria politica e i Termini di servizio (TOS) di Twitter, ma si impegnano anche in complesse interpretazioni dei contenuti per eliminare i tweet proibiti, come rivela una serie di scambi sull'hashtag ""#stopthesteal"".",1601879417277530113,1,,5,,6,Twitter files
2022-12-12 17:44:40,18,normal,0.7532108426,"This is a fascinating read: Victor Davis Hansen asks and brutally answers the question:

https://amgreatness.com/2022/12/04/how-corrupt-is-a-corrupt-media/…
#HowDeepTheSwamp #SwampNeedsDraining #DrainTheSwamp #AmericaFirst #MAGA #SaveAmerica #Trump2024 #StopTheSteal #TrueTheVote #Twitterfiles",1600501766734467074,,1,2,,3,Twitter files
2022-12-12 9:01:18,39,normal,0.7145193219,"26.  The group then decides to apply a “Learn how voting is safe and secure” label because one commenter says, “it’s totally normal to have a 2% error rate.” Roth then gives the final go-ahead to the process initiated by the FBI:",1601368867141718017,,1,6,,7,Twitter files
2022-12-12 17:44:40,22,normal,0.8245396018,"Is this supposed to be a joke? @BretBaier to interview Microsoft president Brad Smith. To be discussed: How they plan to ""firm up future elections"". Like I trust ANY tech company on anything pertaining to elections, especially after the #twitterfiles. #stopthesteal",1601281421553070080,,,3,,3,Twitter files
2022-12-12 17:44:40,24,normal,0.6660653949,"Twitter were so worried about #stopthesteal causing anti govt sentiment, but were so proud to support arab spring to topple foreign govt.
The hypocrisy is nauseating",1601773610212827137,,,,,0,Twitter files
2022-12-12 9:01:18,44,normal,0.7377821803,"Roth immediately DMs a colleague to ask that they add ""stopthesteal"" & [QAnon conspiracy term] ""kraken"" to a blacklist of terms to be deamplified. 

Roth's colleague objects that blacklisting ""stopthesteal"" risks ""deamplifying counterspeech"" that validates the election.",1601751248294010880,,,,,0,Twitter files
2022-12-12 17:44:40,29,normal,0.7857353687,"Hobbs was was said to have contacted Twitter in a request for censorship of conservative voices. It would be helpful to America if Mr. @elonmusk  would produce her request to Twitter. We need to know how deep the corruption was.
#StopTheSteal",1601580917167833089,1,2,10,,13,Twitter files
2022-12-12 17:44:40,35,normal,0.8028787374,Yes! This sums up the strategy we see over and over—#FauciEmails #BallotHarvesting #StoptheSteal #TwitterFiles and even #BidenBorderCrisis. In every case selective details are emphasized or withheld. The outcome has been a misleading impression that is politically advantageous.,1599200937733632001,1,5,28,,34,Twitter files
2022-12-12 17:44:40,37,normal,0.8275384903,"#StopTheSteal silenced. #TwitterFiles3 #TwitterFiles
@elonmusk: BRING BACK @ALI TODAY.",1601384205690118145,,3,4,,7,Twitter files
2022-12-12 17:44:40,39,normal,0.750644803,"If Twitter hadn't interfered in the 2020 election, there never would have been any issue on January 6.",1599910498392166401,2,,1,,3,Twitter files
2022-12-12 17:44:40,40,normal,0.7145193219,USA ELECTION WAS THROWN! #TwitterFiles2 #TwitterFiles #StopTheSteal,1601368867141718017,,1,6,,7,Twitter files
2022-12-15 0:48:43,17,normal,0.6799663305,"Indeed, notes Roth's colleague, ""a quick search of top stop the steal tweets and they’re counterspeech""

But they quickly come up with a solution: ""deamplify accounts with stopthesteal in the name/profile"" since ""those are not affiliated with counterspeech""",1601778969241878528,1,1,1,,3,Twitter files
2022-12-14 14:59:00,18,normal,0.7500622869,"Further manipulating the public discourse, Yoel and his cronies (despite being aware of their political bias) deliberately twist the ToS to further their agenda.

One employee was “appalled” by what he saw when searching #StopTheSteal hashtag.

Of course it was promptly banned.",1601748315334287360,1,,1,,2,Twitter files
2022-12-12 17:44:40,41,normal,0.7500622869,"Twitter employees recognize the difference between their own politics & Twitter's Terms of Service (TOS), but they also engage in complex interpretations of content in order to stamp out prohibited tweets, as a series of exchanges over the ""#stopthesteal"" hashtag reveal.",1601748315334287360,1,,1,,2,Twitter files
2022-12-15 0:48:43,24,normal,0.700001061,"Roth immediately DMs a colleague to ask that they add ""stopthesteal"" & [QAnon conspiracy term] ""kraken"" to a blacklist of terms to be deamplified. 

Roth's colleague objects that blacklisting ""stopthesteal"" risks ""deamplifying counterspeech"" that validates the election.",1601753971001274370,,,,,0,Twitter files
2022-12-12 17:44:40,44,normal,0.8227218986,"They are referring to ANYTHING that influences users (voters) with misleading content (like #StoptheSteal) And as it relates to Hunter, nonconsensual release of nude photos (for example). Both of which violate @Twitter's Terms of Service.",1602000143573782530,1,,,,1,Twitter files
2022-12-15 0:48:43,26,normal,0.7548097968,"Indeed, notes Roth's colleague, ""a quick search of top stop the steal tweets and they’re counterspeech""

But they quickly come up with a solution: ""deamplify accounts with stopthesteal in the name/profile"" since ""those are not affiliated with counterspeech""",1601812776804323330,,1,,,1,Twitter files
2022-12-12 17:44:40,47,normal,0.7953935266,"#Twitter #Twittergate #Election2020 #BidenHarris #BidenHarris2020 #stopthesteal #MSM #Media #Facebook #Meta #medialies #FakeNews
One thing we KNOW it WASN'T Neil Kinnoch who said it -- ""We have put together ... the most extensive and inclusive voter fraud operation in history""",1599107957647896576,,,2,,2,Twitter files
2022-12-12 17:44:40,50,normal,0.6492112875,My son and I were just KICKED OUT OF BEING A FULTON COUNTY POLL WORKER because I posted on Twitter this morning that I was working at the polls to ensure a free and fair election. HELP!,1602023617130291208,1,,,,1,Twitter files
2022-12-12 17:44:40,52,normal,0.733379066,"Dear @ElonMusk, @Twitter terminated @Ali around the time Twitter was also banning people including @JoeyArnold for spreading the #StopTheSteal hashtag which emerged in 2020. The Jan6 rally. But no incitement to violence. It was not like a border crisis insurrection invasion.",1600968441888112640,2,,,,2,Twitter files
2022-12-12 17:44:40,52,normal,0.733379066,A shout out to my friend @Ali a patriot who I hope will be joining @LauraLoomer and me here again on Twitter and thanks again to @ElonMusk for his commitment to fairness and free speech,1600968441888112640,2,,,,2,Twitter files
2022-12-15 0:48:43,43,normal,0.7145193219,"26.  The group then decides to apply a “Learn how voting is safe and secure” label because one commenter says, “it’s totally normal to have a 2% error rate.” Roth then gives the final go-ahead to the process initiated by the FBI:",1601368867141718017,,1,6,,7,Twitter files
2022-12-11 17:13:53,2,normal,0.842296958,"Twitter employees recognize the difference between their own politics & Twitter's Terms of Service (TOS), but they also engage in complex interpretations of content in order to stamp out prohibited tweets, as a series of exchanges over the ""#stopthesteal"" hashtag reveal.",1601746253284798469,424,3329,16422,,20175,Twitter files
2022-12-11 17:13:53,5,normal,0.7973869443,"Twitterの社員は、自分たちの政治とTwitterの利用規約（TOS）の違いを認識していますが、""#stopthesteal""ハッシュタグを巡る一連のやり取りで明らかになったように、禁止ツイートを排除するために、コンテンツの複雑な解釈を行っています。",1601841506951737344,1,3,18,,22,Twitter files
2022-12-11 17:13:53,10,normal,0.7491104603,#TwitterFiles #TwitterFiles4 So they were going after the #stopthesteal,1601746559657742336,,1,3,,4,Twitter files
2022-12-11 17:13:53,10,normal,0.7491104603,"Twitter employees recognize the difference between their own politics & Twitter's Terms of Service (TOS), but they also engage in complex interpretations of content in order to stamp out prohibited tweets, as a series of exchanges over the ""#stopthesteal"" hashtag reveal.",1601746559657742336,,1,3,,4,Twitter files
2022-12-11 17:13:53,14,normal,0.842296958,"Twitter employees recognize the difference between their own politics & Twitter's Terms of Service (TOS), but they also engage in complex interpretations of content in order to stamp out prohibited tweets, as a series of exchanges over the ""#stopthesteal"" hashtag reveal.",1601924901904224257,1,,,,1,Twitter files
2022-12-14 14:59:00,60,offensive,0.6193282008,@yoyoel #STOPTHESTEAL you censorious fascist.,1601940159901335553,,,1,,1,Twitter files
2022-12-15 0:48:43,56,normal,0.7377821803,"Roth immediately DMs a colleague to ask that they add ""stopthesteal"" & [QAnon conspiracy term] ""kraken"" to a blacklist of terms to be deamplified. 

Roth's colleague objects that blacklisting ""stopthesteal"" risks ""deamplifying counterspeech"" that validates the election.",1601751248294010880,,,,,0,Twitter files
2022-12-11 17:13:53,18,normal,0.7532108426,"This is a fascinating read: Victor Davis Hansen asks and brutally answers the question:

https://amgreatness.com/2022/12/04/how-corrupt-is-a-corrupt-media/…
#HowDeepTheSwamp #SwampNeedsDraining #DrainTheSwamp #AmericaFirst #MAGA #SaveAmerica #Trump2024 #StopTheSteal #TrueTheVote #Twitterfiles",1600501766734467074,,1,2,,3,Twitter files
2022-12-11 17:13:53,23,normal,0.7846121788,"Twitter employees recognize the difference between their own politics & Twitter's Terms of Service (TOS), but they also engage in complex interpretations of content in order to stamp out prohibited tweets, as a series of exchanges over the ""#stopthesteal"" hashtag reveal.",1601748218181976066,,1,1,,2,Twitter files
2022-12-11 17:13:53,24,normal,0.81743747,".@ALI (http://t.me/AliAlexander) #AliAlexander:

“#MichaelCoudrey was banned from Twitter for providing our #StopTheSteal movement with wonderful resources and posting a video of me saying I refused to denounce Peaceful Protestors.

He shall be FREE.”",1601485485985206274,,3,2,,5,Twitter files
2022-12-11 17:13:53,24,normal,0.81743747,"Michael Coudrey (http://t.me/MichaelCoudrey):

“I will be releasing a statement on my mention in the #Twitterfiles at 10AM EST today.

This highly unprofessional and politically biased agenda by Twitter‘s Trust & Safety staff clearly shows severe and fundamental flaws in...” 1/2",1601485485985206274,,3,2,,5,Twitter files
2022-12-11 17:13:53,30,offensive,0.5201432705,"Twitter employees recognize the difference between their own politics & Twitter's Terms of Service (TOS), but they also engage in complex interpretations of content in order to stamp out prohibited tweets, as a series of exchanges over the ""#stopthesteal"" hashtag reveal.",1601749104077705216,,,1,,1,Twitter files
2022-12-11 17:13:53,33,normal,0.700001061,I'm more sympathetic to Twitter regarding the J6 and the #stopthesteal insanity.,1601753971001274370,,,,,0,Twitter files
2022-12-15 0:48:43,57,normal,0.7377821803,"Roth immediately DMs a colleague to ask that they add ""stopthesteal"" & [QAnon conspiracy term] ""kraken"" to a blacklist of terms to be deamplified. 

Roth's colleague objects that blacklisting ""stopthesteal"" risks ""deamplifying counterspeech"" that validates the election.",1601751248294010880,,,,,0,Twitter files
2022-12-15 0:48:43,60,normal,0.8172411919,"SO #Stopthesteal was deamplified by Roth.
Any tweet with that hashtag or words didn't make it very far!",1601750961432952834,,,6,,6,Twitter files
2022-12-11 17:13:53,36,normal,0.842296958,"Twitter employees recognize the difference between their own politics & Twitter's Terms of Service (TOS), but they also engage in complex interpretations of content in order to stamp out prohibited tweets, as a series of exchanges over the ""#stopthesteal"" hashtag reveal.",1601746253284798469,,3,3,,6,Twitter files
2022-12-15 0:48:43,62,offensive,0.6193282008,"Indeed, notes Roth's colleague, ""a quick search of top stop the steal tweets and they’re counterspeech""

But they quickly come up with a solution: ""deamplify accounts with stopthesteal in the name/profile"" since ""those are not affiliated with counterspeech""",1601940159901335553,,,1,,1,Twitter files
2022-12-11 17:13:53,39,normal,0.7377821803,"Stop the steal pissed off Joel.

#stopthesteal",1601751248294010880,,,,,0,Twitter files
2022-12-14 21:01:12,19,normal,0.7548097968,"Indeed, notes Roth's colleague, ""a quick search of top stop the steal tweets and they’re counterspeech""

But they quickly come up with a solution: ""deamplify accounts with stopthesteal in the name/profile"" since ""those are not affiliated with counterspeech""",1601812776804323330,,1,,,1,Twitter files
2022-12-14 21:01:12,30,normal,0.6660653949,"Indeed, notes Roth's colleague, ""a quick search of top stop the steal tweets and they’re counterspeech""

But they quickly come up with a solution: ""deamplify accounts with stopthesteal in the name/profile"" since ""those are not affiliated with counterspeech""",1601773610212827137,,,,,0,Twitter files
2022-12-11 17:13:53,41,normal,0.7774112821,Which was ridiculous and another #Twitterviolation of free speech #stopthesteal was accurate!,1601749378716553216,,,1,,1,Twitter files
2022-12-11 17:13:53,42,normal,0.7145193219,USA ELECTION WAS THROWN! #TwitterFiles2 #TwitterFiles #StopTheSteal,1601368867141718017,,1,6,,7,Twitter files
2022-12-14 21:01:12,38,normal,0.7377821803,"Roth immediately DMs a colleague to ask that they add ""stopthesteal"" & [QAnon conspiracy term] ""kraken"" to a blacklist of terms to be deamplified. 

Roth's colleague objects that blacklisting ""stopthesteal"" risks ""deamplifying counterspeech"" that validates the election.",1601751248294010880,,,,,0,Twitter files
2022-12-11 17:13:53,45,normal,0.8138799667,"Thankful to @elonmusk for exposing how corrupt & AntiAmerican & AntiConstitutional Twitter was & Facebook still is.
No company should be aloud to do business in America unless they agree to follow all our laws & especially our Constitution?!?
#StopTheSteal",1601891232757780482,,,1,,1,Twitter files
2022-12-11 17:13:53,46,normal,0.7953935266,"#Twitter #Twittergate #Election2020 #BidenHarris #BidenHarris2020 #stopthesteal #MSM #Media #Facebook #Meta #medialies #FakeNews
One thing we KNOW it WASN'T Neil Kinnoch who said it -- ""We have put together ... the most extensive and inclusive voter fraud operation in history""",1599107957647896576,,,2,,2,Twitter files
2022-12-14 21:01:12,40,normal,0.7875014544,"The Court Case Isn't About Trump or the Outcome It's About a Breach in Natl. Security | Loy Brunson 

Special guest Loy Brunson 'The Brunson Brothers Supreme Court Case talks with Pete Santilli. Share this interview far and wide!

https://rumble.com/v1y8gym-the-court-case-isnt-about-trump-or-the-outcome-its-about-a-breach-in-natl.-.html…
#lections #stopthesteal",1600359384076365824,,1,1,,2,Twitter files
2022-12-14 19:07:31,0,normal,0.842296958,"Twitter employees recognize the difference between their own politics & Twitter's Terms of Service (TOS), but they also engage in complex interpretations of content in order to stamp out prohibited tweets, as a series of exchanges over the ""#stopthesteal"" hashtag reveal.",1601746253284798469,483,4132,21065,,25680,Twitter files
2022-12-14 19:07:31,17,normal,0.81743747,".@ALI (http://t.me/AliAlexander) #AliAlexander:

“#MichaelCoudrey was banned from Twitter for providing our #StopTheSteal movement with wonderful resources and posting a video of me saying I refused to denounce Peaceful Protestors.

He shall be FREE.”",1601485485985206274,,3,2,,5,Twitter files
2022-12-14 19:07:31,17,normal,0.81743747,"Michael Coudrey (http://t.me/MichaelCoudrey):

“I will be releasing a statement on my mention in the #Twitterfiles at 10AM EST today.

This highly unprofessional and politically biased agenda by Twitter‘s Trust & Safety staff clearly shows severe and fundamental flaws in...” 1/2",1601485485985206274,,3,2,,5,Twitter files
2022-12-11 15:08:47,14,offensive,0.4177026451,"Let me get this straight @yoyoel who decided that #STOPTHESTEAL should be suppressed?  Your complete scum. 

100% cuck",1601749091989409792,1,,3,,4,Twitter files
2022-12-14 19:07:31,19,normal,0.7500622869,"Twitter employees recognize the difference between their own politics & Twitter's Terms of Service (TOS), but they also engage in complex interpretations of content in order to stamp out prohibited tweets, as a series of exchanges over the ""#stopthesteal"" hashtag reveal.",1601748315334287360,1,,1,,2,Twitter files
2022-12-14 19:07:31,20,normal,0.7548097968,"Having #stopthesteal in your profile got you”de-amplified.”
#TheTwitterFiles",1601812776804323330,,1,,,1,Twitter files
2022-12-14 21:01:12,44,normal,0.7145193219,"26.  The group then decides to apply a “Learn how voting is safe and secure” label because one commenter says, “it’s totally normal to have a 2% error rate.” Roth then gives the final go-ahead to the process initiated by the FBI:",1601368867141718017,,1,6,,7,Twitter files
2022-12-14 19:07:31,26,normal,0.7532108426,"This is a fascinating read: Victor Davis Hansen asks and brutally answers the question:

https://amgreatness.com/2022/12/04/how-corrupt-is-a-corrupt-media/…
#HowDeepTheSwamp #SwampNeedsDraining #DrainTheSwamp #AmericaFirst #MAGA #SaveAmerica #Trump2024 #StopTheSteal #TrueTheVote #Twitterfiles",1600501766734467074,,1,2,,3,Twitter files
2022-12-14 19:07:31,40,normal,0.8245396018,"Is this supposed to be a joke? @BretBaier to interview Microsoft president Brad Smith. To be discussed: How they plan to ""firm up future elections"". Like I trust ANY tech company on anything pertaining to elections, especially after the #twitterfiles. #stopthesteal",1601281421553070080,,,3,,3,Twitter files
2022-12-14 19:07:31,45,normal,0.8351488709,"Twitter employees recognize the difference between their own politics & (TOS), but they also engage in complex interpretations of content in order to stamp out prohibited tweets, as a series of exchanges over the ""#stopthesteal"" hashtag reveal.",1601972695888969730,,,,,0,Twitter files
2022-12-14 19:07:31,47,normal,0.8098774552,"21.

Twitterの社員は、自分たちの政治とTwitterの利用規約（TOS）の違いを認識していますが、

「#stopthesteal」ハッシュタグを巡る一連のやり取りで明らかになったように、
禁止ツイートを排除するために、コンテンツの複雑な解釈を行っています。",1601850444610871296,1,1,2,,4,Twitter files
2022-12-14 19:07:31,47,normal,0.8098774552,"Twitter employees recognize the difference between their own politics & Twitter's Terms of Service (TOS), but they also engage in complex interpretations of content in order to stamp out prohibited tweets, as a series of exchanges over the ""#stopthesteal"" hashtag reveal.",1601850444610871296,1,1,2,,4,Twitter files
2022-12-14 19:07:31,54,normal,0.7914534211,"Unreal!  Katie Hobbs’s office contacts Twitter to have posts removed!  So, the democrat candidate, who ran the AZ election, censored her political opponents, disrupted Election Day votes, and then threatened counties with prosecution if they didn’t declare her the winner.",1599417475191689217,2,1,8,,11,Twitter files
2022-12-14 19:07:31,57,normal,0.7491104603,#TwitterFiles #TwitterFiles4 So they were going after the #stopthesteal,1601746559657742336,,1,3,,4,Twitter files
2022-12-14 19:07:31,57,normal,0.7491104603,"Twitter employees recognize the difference between their own politics & Twitter's Terms of Service (TOS), but they also engage in complex interpretations of content in order to stamp out prohibited tweets, as a series of exchanges over the ""#stopthesteal"" hashtag reveal.",1601746559657742336,,1,3,,4,Twitter files
2022-12-14 19:07:31,58,normal,0.7706078887,"The Twitter Files, Part 3

Deplatforming the President twitter.com/mtaibbi/status…",1601396777231732736,1,1,3,,5,Twitter files
2022-12-14 19:07:31,61,normal,0.7491104603,#TwitterFiles #TwitterFiles4 So they were going after the #stopthesteal,1601746559657742336,,1,3,,4,Twitter files
2022-12-14 19:07:31,61,normal,0.7491104603,"Twitter employees recognize the difference between their own politics & Twitter's Terms of Service (TOS), but they also engage in complex interpretations of content in order to stamp out prohibited tweets, as a series of exchanges over the ""#stopthesteal"" hashtag reveal.",1601746559657742336,,1,3,,4,Twitter files
2022-12-14 19:07:31,62,normal,0.7706078887,"The Twitter Files, Part 3

Deplatforming the President twitter.com/mtaibbi/status…",1601396777231732736,1,1,3,,5,Twitter files
2022-12-14 19:07:31,68,normal,0.7033611536,"Twitter employees recognize the difference between their own politics & Twitter's Terms of Service (TOS), but they also engage in complex interpretations of content in order to stamp out prohibited tweets, as a series of exchanges over the ""#stopthesteal"" hashtag reveal.",1601756556034330624,,,,,0,Twitter files
2022-12-12 1:10:30,22,normal,0.7500622869,"Further manipulating the public discourse, Yoel and his cronies (despite being aware of their political bias) deliberately twist the ToS to further their agenda.

One employee was “appalled” by what he saw when searching #StopTheSteal hashtag.

Of course it was promptly banned.",1601748315334287360,1,,1,,2,Twitter files
2022-12-14 21:01:12,59,offensive,0.6193282008,"Indeed, notes Roth's colleague, ""a quick search of top stop the steal tweets and they’re counterspeech""

But they quickly come up with a solution: ""deamplify accounts with stopthesteal in the name/profile"" since ""those are not affiliated with counterspeech""",1601940159901335553,,,1,,1,Twitter files
2022-12-12 1:10:30,25,normal,0.6727185845,If #stopthesteal Patriots can be charged with Sedition and Seditious Conspiracy for walking into and out of ‘The Peoples House’ surely @yoyoel’s meddling constitutes sedition and seditious conspiracy.,1601958161388560385,,,,,0,Twitter files
2022-12-12 7:05:18,23,normal,0.8138799667,"Indeed, notes Roth's colleague, ""a quick search of top stop the steal tweets and they’re counterspeech""

But they quickly come up with a solution: ""deamplify accounts with stopthesteal in the name/profile"" since ""those are not affiliated with counterspeech""",1601891141707857920,,1,1,,2,Twitter files
2022-12-14 19:07:31,71,normal,0.8028787374,Yes! This sums up the strategy we see over and over—#FauciEmails #BallotHarvesting #StoptheSteal #TwitterFiles and even #BidenBorderCrisis. In every case selective details are emphasized or withheld. The outcome has been a misleading impression that is politically advantageous.,1599200937733632001,1,5,28,,34,Twitter files
2022-12-12 7:05:18,28,normal,0.7875014544,"The Court Case Isn't About Trump or the Outcome It's About a Breach in Natl. Security | Loy Brunson 

Special guest Loy Brunson 'The Brunson Brothers Supreme Court Case talks with Pete Santilli. Share this interview far and wide!

https://rumble.com/v1y8gym-the-court-case-isnt-about-trump-or-the-outcome-its-about-a-breach-in-natl.-.html…
#lections #stopthesteal",1600359384076365824,,1,1,,2,Twitter files
2022-12-12 7:05:18,40,normal,0.6660653949,"Indeed, notes Roth's colleague, ""a quick search of top stop the steal tweets and they’re counterspeech""

But they quickly come up with a solution: ""deamplify accounts with stopthesteal in the name/profile"" since ""those are not affiliated with counterspeech""",1601773610212827137,,,,,0,Twitter files
2022-12-14 19:07:31,78,normal,0.7145193219,USA ELECTION WAS THROWN! #TwitterFiles2 #TwitterFiles #StopTheSteal,1601368867141718017,,1,6,,7,Twitter files
2022-12-12 7:05:18,45,normal,0.700001061,"Roth immediately DMs a colleague to ask that they add ""stopthesteal"" & [QAnon conspiracy term] ""kraken"" to a blacklist of terms to be deamplified. 

Roth's colleague objects that blacklisting ""stopthesteal"" risks ""deamplifying counterspeech"" that validates the election.",1601753971001274370,,,,,0,Twitter files
2022-12-14 19:07:31,79,normal,0.792275548,Twitterの社員は、自分たちの政治とTwitterの利用規約（TOS）の違いを認識しているが、「#stopthesteal」ハッシュタグを巡る一連のやり取りで明らかになったように、禁止されているツイートを排除するために、コンテンツの複雑な解釈にも関わっているのである。,1602251883497721856,1,,,,1,Twitter files
2022-12-14 19:07:31,80,normal,0.8032447696,"STOP THE STEAL.

#stopthesteal
#TwitterFiles",1602055759059206145,1,9,27,,37,Twitter files
2022-12-14 19:07:31,81,normal,0.8275384903,"#StopTheSteal silenced. #TwitterFiles3 #TwitterFiles
@elonmusk: BRING BACK @ALI TODAY.",1601384205690118145,,3,4,,7,Twitter files
2022-12-13 19:10:20,0,normal,0.842296958,"Twitter employees recognize the difference between their own politics & Twitter's Terms of Service (TOS), but they also engage in complex interpretations of content in order to stamp out prohibited tweets, as a series of exchanges over the ""#stopthesteal"" hashtag reveal.",1601746253284798469,482,4114,20989,,25585,Twitter files
2022-12-12 15:46:30,36,normal,0.7500622869,"Further manipulating the public discourse, Yoel and his cronies (despite being aware of their political bias) deliberately twist the ToS to further their agenda.

One employee was “appalled” by what he saw when searching #StopTheSteal hashtag.

Of course it was promptly banned.",1601748315334287360,1,,1,,2,Twitter files
2022-12-13 19:10:20,9,normal,0.8199251294,This handling of #stopthesteal tweets for me is one of the most problematic actions taken by Twitter as revealed so far.,1601746824024363009,2,6,18,,26,Twitter files
2022-12-13 19:10:20,9,normal,0.8199251294,"Twitter employees recognize the difference between their own politics & Twitter's Terms of Service (TOS), but they also engage in complex interpretations of content in order to stamp out prohibited tweets, as a series of exchanges over the ""#stopthesteal"" hashtag reveal.",1601746824024363009,2,6,18,,26,Twitter files
2022-12-13 19:10:20,14,normal,0.8050474524,"Twitter employees recognize the difference between their own politics & Twitter's Terms of Service (TOS), but they also engage in complex interpretations of content in order to stamp out prohibited tweets, as a series of exchanges over the ""#stopthesteal"" hashtag reveal.",1601747157589012480,,1,4,,5,Twitter files
2022-12-13 19:10:20,17,normal,0.7426475286,Censored by the libertarians! @LPNational @mfa_russia @CIA @FBI @NSACyber Help! Lol twitter.com/Patr10tByrne/s…,1602672239308148736,,1,,,1,Twitter files
2022-12-13 19:10:20,19,normal,0.7491104603,#TwitterFiles #TwitterFiles4 So they were going after the #stopthesteal,1601746559657742336,,1,3,,4,Twitter files
2022-12-13 19:10:20,19,normal,0.7491104603,"Twitter employees recognize the difference between their own politics & Twitter's Terms of Service (TOS), but they also engage in complex interpretations of content in order to stamp out prohibited tweets, as a series of exchanges over the ""#stopthesteal"" hashtag reveal.",1601746559657742336,,1,3,,4,Twitter files
2022-12-12 15:46:30,37,normal,0.6727185845,If #stopthesteal Patriots can be charged with Sedition and Seditious Conspiracy for walking into and out of ‘The Peoples House’ surely @yoyoel’s meddling constitutes sedition and seditious conspiracy.,1601958161388560385,,,,,0,Twitter files
2022-12-13 19:10:20,21,normal,0.7500622869,"Twitter employees recognize the difference between their own politics & Twitter's Terms of Service (TOS), but they also engage in complex interpretations of content in order to stamp out prohibited tweets, as a series of exchanges over the ""#stopthesteal"" hashtag reveal.",1601748315334287360,1,,1,,2,Twitter files
2022-12-13 19:10:20,24,normal,0.8351488709,"Twitter employees recognize the difference between their own politics & (TOS), but they also engage in complex interpretations of content in order to stamp out prohibited tweets, as a series of exchanges over the ""#stopthesteal"" hashtag reveal.",1601972695888969730,,,,,0,Twitter files
2022-12-13 19:10:20,25,normal,0.6406320333,"Surprise! Crime and Punishment still go together:

https://cnsnews.com/commentary/hans-bader/crime-plunges-el-salvador-criminals-are-sent-prison…
#HowDeepTheSwamp #SwampNeedsDraining #DrainTheSwamp #AmericaFirst #MAGA #SaveAmerica #Trump2024 #StopTheSteal #TrueTheVote #Twitterfiles",1601365387299672065,,,2,,2,Twitter files
2022-12-12 7:05:18,49,normal,0.7377821803,"Roth immediately DMs a colleague to ask that they add ""stopthesteal"" & [QAnon conspiracy term] ""kraken"" to a blacklist of terms to be deamplified. 

Roth's colleague objects that blacklisting ""stopthesteal"" risks ""deamplifying counterspeech"" that validates the election.",1601751248294010880,,,,,0,Twitter files
2022-12-13 19:10:20,26,normal,0.7605831623,"Twitter employees recognize the difference between their own politics & Twitter's Terms of Service (TOS), but they also engage in complex interpretations of content in order to stamp out prohibited tweets, as a series of exchanges over the ""#stopthesteal"" hashtag reveal.",1601750780662280192,,,,,0,Twitter files
2022-12-13 19:10:20,27,normal,0.733379066,"Dear @ElonMusk, @Twitter terminated @Ali around the time Twitter was also banning people including @JoeyArnold for spreading the #StopTheSteal hashtag which emerged in 2020. The Jan6 rally. But no incitement to violence. It was not like a border crisis insurrection invasion.",1600968441888112640,2,,,,2,Twitter files
2022-12-13 19:10:20,27,normal,0.733379066,A shout out to my friend @Ali a patriot who I hope will be joining @LauraLoomer and me here again on Twitter and thanks again to @ElonMusk for his commitment to fairness and free speech,1600968441888112640,2,,,,2,Twitter files
2022-12-13 19:10:20,28,normal,0.7145193219,USA ELECTION WAS THROWN! #TwitterFiles2 #TwitterFiles #StopTheSteal,1601368867141718017,,1,6,,7,Twitter files
2022-12-12 7:05:18,50,normal,0.7131910324,"Indeed, notes Roth's colleague, ""a quick search of top stop the steal tweets and they’re counterspeech""

But they quickly come up with a solution: ""deamplify accounts with stopthesteal in the name/profile"" since ""those are not affiliated with counterspeech""",1601934381895008256,,,,,0,Twitter files
2022-12-13 19:10:20,33,normal,0.6660653949,"Twitter were so worried about #stopthesteal causing anti govt sentiment, but were so proud to support arab spring to topple foreign govt.
The hypocrisy is nauseating",1601773610212827137,,,,,0,Twitter files
2022-12-12 17:44:40,20,normal,0.7875014544,"The Court Case Isn't About Trump or the Outcome It's About a Breach in Natl. Security | Loy Brunson 

Special guest Loy Brunson 'The Brunson Brothers Supreme Court Case talks with Pete Santilli. Share this interview far and wide!

https://rumble.com/v1y8gym-the-court-case-isnt-about-trump-or-the-outcome-its-about-a-breach-in-natl.-.html…
#lections #stopthesteal",1600359384076365824,,1,1,,2,Twitter files
2022-12-13 19:10:20,34,normal,0.792275548,Twitterの社員は、自分たちの政治とTwitterの利用規約（TOS）の違いを認識しているが、「#stopthesteal」ハッシュタグを巡る一連のやり取りで明らかになったように、禁止されているツイートを排除するために、コンテンツの複雑な解釈にも関わっているのである。,1602251883497721856,1,,,,1,Twitter files
2022-12-13 19:10:20,35,normal,0.6660653949,"Twitter were so worried about #stopthesteal causing anti govt sentiment, but were so proud to support arab spring to topple foreign govt.
The hypocrisy is nauseating",1601773610212827137,,,,,0,Twitter files
2022-12-12 17:44:40,24,normal,0.6660653949,"Indeed, notes Roth's colleague, ""a quick search of top stop the steal tweets and they’re counterspeech""

But they quickly come up with a solution: ""deamplify accounts with stopthesteal in the name/profile"" since ""those are not affiliated with counterspeech""",1601773610212827137,,,,,0,Twitter files
2022-12-13 19:10:20,36,normal,0.792275548,Twitterの社員は、自分たちの政治とTwitterの利用規約（TOS）の違いを認識しているが、「#stopthesteal」ハッシュタグを巡る一連のやり取りで明らかになったように、禁止されているツイートを排除するために、コンテンツの複雑な解釈にも関わっているのである。,1602251883497721856,1,,,,1,Twitter files
2022-12-12 17:44:40,40,normal,0.7145193219,"26.  The group then decides to apply a “Learn how voting is safe and secure” label because one commenter says, “it’s totally normal to have a 2% error rate.” Roth then gives the final go-ahead to the process initiated by the FBI:",1601368867141718017,,1,6,,7,Twitter files
2022-12-13 19:10:20,48,normal,0.7377821803,"Stop the steal pissed off Joel.

#stopthesteal",1601751248294010880,,,,,0,Twitter files
2022-12-11 23:12:29,13,offensive,0.4177026451,"Let me get this straight @yoyoel who decided that #STOPTHESTEAL should be suppressed?  Your complete scum. 

100% cuck",1601749091989409792,1,,3,,4,Twitter files
2022-12-13 19:10:20,49,normal,0.8007176518,"Can we get data on how far former twitter employees went tried to suppress #StopTheSteal in 2018, 2020, and can we cross reference Jan 6th Detainees with twitter suspensions 
@elonmusk",1600366245727330304,,1,1,,2,Twitter files
2022-12-13 12:49:17,1,normal,0.842296958,"Twitter employees recognize the difference between their own politics & Twitter's Terms of Service (TOS), but they also engage in complex interpretations of content in order to stamp out prohibited tweets, as a series of exchanges over the ""#stopthesteal"" hashtag reveal.",1601746253284798469,480,4103,20938,,25521,Twitter files
2022-12-13 12:49:17,5,normal,0.7973869443,"Twitterの社員は、自分たちの政治とTwitterの利用規約（TOS）の違いを認識していますが、""#stopthesteal""ハッシュタグを巡る一連のやり取りで明らかになったように、禁止ツイートを排除するために、コンテンツの複雑な解釈を行っています。",1601841506951737344,1,6,26,,33,Twitter files
2022-12-13 12:49:17,8,normal,0.8050474524,"Twitter employees recognize the difference between their own politics & Twitter's Terms of Service (TOS), but they also engage in complex interpretations of content in order to stamp out prohibited tweets, as a series of exchanges over the ""#stopthesteal"" hashtag reveal.",1601747157589012480,,1,4,,5,Twitter files
2022-12-13 12:49:17,11,normal,0.733379066,"Dear @ElonMusk, @Twitter terminated @Ali around the time Twitter was also banning people including @JoeyArnold for spreading the #StopTheSteal hashtag which emerged in 2020. The Jan6 rally. But no incitement to violence. It was not like a border crisis insurrection invasion.",1600968441888112640,2,,,,2,Twitter files
2022-12-13 12:49:17,11,normal,0.733379066,A shout out to my friend @Ali a patriot who I hope will be joining @LauraLoomer and me here again on Twitter and thanks again to @ElonMusk for his commitment to fairness and free speech,1600968441888112640,2,,,,2,Twitter files
2022-12-12 17:44:40,45,normal,0.7131910324,"Indeed, notes Roth's colleague, ""a quick search of top stop the steal tweets and they’re counterspeech""

But they quickly come up with a solution: ""deamplify accounts with stopthesteal in the name/profile"" since ""those are not affiliated with counterspeech""",1601934381895008256,,,,,0,Twitter files
2022-12-13 12:49:17,16,normal,0.7532108426,"This is a fascinating read: Victor Davis Hansen asks and brutally answers the question:

https://amgreatness.com/2022/12/04/how-corrupt-is-a-corrupt-media/…
#HowDeepTheSwamp #SwampNeedsDraining #DrainTheSwamp #AmericaFirst #MAGA #SaveAmerica #Trump2024 #StopTheSteal #TrueTheVote #Twitterfiles",1600501766734467074,,1,2,,3,Twitter files
2022-12-13 12:49:17,20,normal,0.8203430176,"8. Twitter Files 4
Élimination Donald Trump

Les employés de Twitter constatent la différence entre leurs décisions et les conditions d'utilisation de Twitter

Ils interprétent jusqu'à plus soif comme dans cet échange sur le hashtag #stopthesteal (souvent employé par Pdt Trump)",1601769619286433792,,4,3,,7,Twitter files
2022-12-11 23:12:29,17,normal,0.7500622869,"Further manipulating the public discourse, Yoel and his cronies (despite being aware of their political bias) deliberately twist the ToS to further their agenda.

One employee was “appalled” by what he saw when searching #StopTheSteal hashtag.

Of course it was promptly banned.",1601748315334287360,1,,1,,2,Twitter files
2022-12-13 12:49:17,23,normal,0.7500622869,"Twitter employees recognize the difference between their own politics & Twitter's Terms of Service (TOS), but they also engage in complex interpretations of content in order to stamp out prohibited tweets, as a series of exchanges over the ""#stopthesteal"" hashtag reveal.",1601748315334287360,1,,1,,2,Twitter files
2022-12-13 12:49:17,25,normal,0.8351488709,"Twitter employees recognize the difference between their own politics & (TOS), but they also engage in complex interpretations of content in order to stamp out prohibited tweets, as a series of exchanges over the ""#stopthesteal"" hashtag reveal.",1601972695888969730,,,,,0,Twitter files
2022-12-13 12:49:17,26,normal,0.8007176518,"Can we get data on how far former twitter employees went tried to suppress #StopTheSteal in 2018, 2020, and can we cross reference Jan 6th Detainees with twitter suspensions 
@elonmusk",1600366245727330304,,1,1,,2,Twitter files
2022-12-13 12:49:17,27,normal,0.8138799667,"Thankful to @elonmusk for exposing how corrupt & AntiAmerican & AntiConstitutional Twitter was & Facebook still is.
No company should be aloud to do business in America unless they agree to follow all our laws & especially our Constitution?!?
#StopTheSteal",1601891141707857920,,1,1,,2,Twitter files
2022-12-11 17:13:53,33,normal,0.700001061,"Roth immediately DMs a colleague to ask that they add ""stopthesteal"" & [QAnon conspiracy term] ""kraken"" to a blacklist of terms to be deamplified. 

Roth's colleague objects that blacklisting ""stopthesteal"" risks ""deamplifying counterspeech"" that validates the election.",1601753971001274370,,,,,0,Twitter files
2022-12-13 12:49:17,28,normal,0.7145193219,USA ELECTION WAS THROWN! #TwitterFiles2 #TwitterFiles #StopTheSteal,1601368867141718017,,1,6,,7,Twitter files
2022-12-11 17:13:53,37,normal,0.7131910324,"Indeed, notes Roth's colleague, ""a quick search of top stop the steal tweets and they’re counterspeech""

But they quickly come up with a solution: ""deamplify accounts with stopthesteal in the name/profile"" since ""those are not affiliated with counterspeech""",1601934381895008256,,,,,0,Twitter files
2022-12-13 12:49:17,32,normal,0.8275384903,"#StopTheSteal silenced. #TwitterFiles3 #TwitterFiles
@elonmusk: BRING BACK @ALI TODAY.",1601384205690118145,,3,4,,7,Twitter files
2022-12-11 17:13:53,39,normal,0.7377821803,"Roth immediately DMs a colleague to ask that they add ""stopthesteal"" & [QAnon conspiracy term] ""kraken"" to a blacklist of terms to be deamplified. 

Roth's colleague objects that blacklisting ""stopthesteal"" risks ""deamplifying counterspeech"" that validates the election.",1601751248294010880,,,,,0,Twitter files
2022-12-11 17:13:53,40,normal,0.6476570964,"Indeed, notes Roth's colleague, ""a quick search of top stop the steal tweets and they’re counterspeech""

But they quickly come up with a solution: ""deamplify accounts with stopthesteal in the name/profile"" since ""those are not affiliated with counterspeech""",1601755535149215744,,,,,0,Twitter files
2022-12-13 12:49:17,34,normal,0.7605831623,"Twitter employees recognize the difference between their own politics & Twitter's Terms of Service (TOS), but they also engage in complex interpretations of content in order to stamp out prohibited tweets, as a series of exchanges over the ""#stopthesteal"" hashtag reveal.",1601750780662280192,,,,,0,Twitter files
2022-12-13 12:49:17,35,normal,0.792275548,Twitterの社員は、自分たちの政治とTwitterの利用規約（TOS）の違いを認識しているが、「#stopthesteal」ハッシュタグを巡る一連のやり取りで明らかになったように、禁止されているツイートを排除するために、コンテンツの複雑な解釈にも関わっているのである。,1602251883497721856,1,,,,1,Twitter files
2022-12-11 17:13:53,42,normal,0.7145193219,"26.  The group then decides to apply a “Learn how voting is safe and secure” label because one commenter says, “it’s totally normal to have a 2% error rate.” Roth then gives the final go-ahead to the process initiated by the FBI:",1601368867141718017,,1,6,,7,Twitter files
2022-12-13 12:49:17,37,normal,0.7605831623,"Twitter employees recognize the difference between their own politics & Twitter's Terms of Service (TOS), but they also engage in complex interpretations of content in order to stamp out prohibited tweets, as a series of exchanges over the ""#stopthesteal"" hashtag reveal.",1601750780662280192,,,,,0,Twitter files
2022-12-13 12:49:17,38,normal,0.792275548,Twitterの社員は、自分たちの政治とTwitterの利用規約（TOS）の違いを認識しているが、「#stopthesteal」ハッシュタグを巡る一連のやり取りで明らかになったように、禁止されているツイートを排除するために、コンテンツの複雑な解釈にも関わっているのである。,1602251883497721856,1,,,,1,Twitter files
2022-12-11 23:12:29,30,normal,0.6727185845,If #stopthesteal Patriots can be charged with Sedition and Seditious Conspiracy for walking into and out of ‘The Peoples House’ surely @yoyoel’s meddling constitutes sedition and seditious conspiracy.,1601958161388560385,,,,,0,Twitter files
2022-12-14 19:07:31,20,normal,0.7548097968,"Indeed, notes Roth's colleague, ""a quick search of top stop the steal tweets and they’re counterspeech""

But they quickly come up with a solution: ""deamplify accounts with stopthesteal in the name/profile"" since ""those are not affiliated with counterspeech""",1601812776804323330,,1,,,1,Twitter files
2022-12-13 12:49:17,51,normal,0.7548097968,"Having #stopthesteal in your profile got you”de-amplified.”
#TheTwitterFiles",1601812776804323330,,1,,,1,Twitter files
2022-12-14 19:07:31,69,offensive,0.6193282008,"Indeed, notes Roth's colleague, ""a quick search of top stop the steal tweets and they’re counterspeech""

But they quickly come up with a solution: ""deamplify accounts with stopthesteal in the name/profile"" since ""those are not affiliated with counterspeech""",1601940159901335553,,,1,,1,Twitter files
2022-12-14 17:09:56,0,normal,0.842296958,"Twitter employees recognize the difference between their own politics & Twitter's Terms of Service (TOS), but they also engage in complex interpretations of content in order to stamp out prohibited tweets, as a series of exchanges over the ""#stopthesteal"" hashtag reveal.",1601746253284798469,483,4133,21066,,25682,Twitter files
2022-12-14 17:09:56,9,normal,0.8199251294,This handling of #stopthesteal tweets for me is one of the most problematic actions taken by Twitter as revealed so far.,1601746824024363009,2,6,18,,26,Twitter files
2022-12-14 17:09:56,9,normal,0.8199251294,"Twitter employees recognize the difference between their own politics & Twitter's Terms of Service (TOS), but they also engage in complex interpretations of content in order to stamp out prohibited tweets, as a series of exchanges over the ""#stopthesteal"" hashtag reveal.",1601746824024363009,2,6,18,,26,Twitter files
2022-12-14 17:09:56,10,normal,0.7973869443,"Twitterの社員は、自分たちの政治とTwitterの利用規約（TOS）の違いを認識していますが、""#stopthesteal""ハッシュタグを巡る一連のやり取りで明らかになったように、禁止ツイートを排除するために、コンテンツの複雑な解釈を行っています。",1601841506951737344,1,6,26,,33,Twitter files
2022-12-14 17:09:56,12,normal,0.4251355529,"#StopTheSteal “was based on a lie, & consequential for American democracy, providing a rallying point for those who sought to overturn a free & fair election”
https://donmoynihan.substack.com/p/elon-musk-and-all-the-conspiracy…
An attempted coup & seditious conspiracy is a much bigger deal than @Twitter limiting its spread.",1602306176137428992,1,5,14,,20,Twitter files
2022-12-14 17:09:56,13,normal,0.7817791104,#stopthesteal was censored harder than child p*rn on Twitter and you know why. #TwitterFiles4,1601746993310707712,,1,3,,4,Twitter files
2022-12-14 17:09:56,13,normal,0.7817791104,"Twitter employees recognize the difference between their own politics & Twitter's Terms of Service (TOS), but they also engage in complex interpretations of content in order to stamp out prohibited tweets, as a series of exchanges over the ""#stopthesteal"" hashtag reveal.",1601746993310707712,,1,3,,4,Twitter files
2022-12-14 17:09:56,18,normal,0.7548097968,"Having #stopthesteal in your profile got you”de-amplified.”
#TheTwitterFiles",1601812776804323330,,1,,,1,Twitter files
2022-12-14 19:07:31,70,offensive,0.6193282008,"Indeed, notes Roth's colleague, ""a quick search of top stop the steal tweets and they’re counterspeech""

But they quickly come up with a solution: ""deamplify accounts with stopthesteal in the name/profile"" since ""those are not affiliated with counterspeech""",1601940159901335553,,,1,,1,Twitter files
2022-12-14 17:09:56,21,normal,0.7426475286,Censored by the libertarians! @LPNational @mfa_russia @CIA @FBI @NSACyber Help! Lol twitter.com/Patr10tByrne/s…,1602672239308148736,,1,,,1,Twitter files
2022-12-14 17:09:56,28,normal,0.842296958,"Twitter employees recognize the difference between their own politics & Twitter's Terms of Service (TOS), but they also engage in complex interpretations of content in order to stamp out prohibited tweets, as a series of exchanges over the ""#stopthesteal"" hashtag reveal.",1601924901904224257,1,,,,1,Twitter files
2022-12-14 17:09:56,29,normal,0.807774663,".
#StopTheSteal organizer #AliAlexander (now banned by Twitter), said three #GOP lawmakers helped plan his #January6th D.C. rally:

#AndyBiggs(@RepAndyBiggsAZ) 
#MoBrooks (@RepMoBrooks)
#PaulGosar(@RepGosar)",1600176559293227014,1,15,17,,33,Twitter files
2022-12-14 17:09:56,30,normal,0.8008177876,"The Twitter Files is the BIGGEST news story of the decade.

We now know that Twitter COLLUDED with Biden to censor posts they didn't like.

We now know that Twitter COLLUDED to alter the outcome of the 2020 election by surpressing the Hunter laptop story.

Insane.",1599209424685395968,,2,10,,12,Twitter files
2022-12-14 17:09:56,31,normal,0.7743914127,Twitterの社員は、自分たちのポリシーとTwitterの利用規約（TOS）の違いを認識していますが、「#stopthesteal」ハッシュタグをめぐる一連のやり取りで明らかになったように、禁止ツイートを排除するために、コンテンツの複雑な解釈をしていることも事実です。,1601751214232072193,1,,,,1,Twitter files
2022-12-14 17:09:56,31,normal,0.7743914127,"Twitter employees recognize the difference between their own politics & Twitter's Terms of Service (TOS), but they also engage in complex interpretations of content in order to stamp out prohibited tweets, as a series of exchanges over the ""#stopthesteal"" hashtag reveal.",1601751214232072193,1,,,,1,Twitter files
2022-12-14 17:09:56,39,normal,0.8245396018,"Is this supposed to be a joke? @BretBaier to interview Microsoft president Brad Smith. To be discussed: How they plan to ""firm up future elections"". Like I trust ANY tech company on anything pertaining to elections, especially after the #twitterfiles. #stopthesteal",1601281421553070080,,,3,,3,Twitter files
2022-12-14 17:09:56,40,normal,0.8203430176,"8. Twitter Files 4
Élimination Donald Trump

Les employés de Twitter constatent la différence entre leurs décisions et les conditions d'utilisation de Twitter

Ils interprétent jusqu'à plus soif comme dans cet échange sur le hashtag #stopthesteal (souvent employé par Pdt Trump)",1601769619286433792,,4,3,,7,Twitter files
2022-12-14 17:09:56,44,normal,0.8351488709,"Twitter employees recognize the difference between their own politics & (TOS), but they also engage in complex interpretations of content in order to stamp out prohibited tweets, as a series of exchanges over the ""#stopthesteal"" hashtag reveal.",1601972695888969730,,,,,0,Twitter files
2022-12-14 17:09:56,49,normal,0.7377821803,"Stop the steal pissed off Joel.

#stopthesteal",1601751248294010880,,,,,0,Twitter files
2022-12-12 9:01:18,25,offensive,0.4177026451,"Let me get this straight @yoyoel who decided that #STOPTHESTEAL should be suppressed?  Your complete scum. 

100% cuck",1601749091989409792,1,,3,,4,Twitter files
2022-12-14 17:09:56,57,normal,0.7543347478,#Twitter #TwitterFiles #StopTheSteal,1602461774665719809,10,106,150,,266,Twitter files
2022-12-14 17:09:56,57,normal,0.7543347478,"FAMILIAR FACES ON TWITTER WERE PAID SHILLS FOR DEMS! 

Some of these accounts had over 100,000 followers! Bots, probably.",1602461774665719809,10,106,150,,266,Twitter files
2022-12-15 0:48:43,17,normal,0.6799663305,"Yoel and his tweep-creeps were actively suppressing / shadow banning accounts with #StopTheSteal in their bios.

However simultaneously, they were subtly allowing tweets containing the hashtag to exist because they discovered far-left activists were using it to “counter protest.”",1601778969241878528,1,1,1,,3,Twitter files
2022-12-14 19:07:31,78,normal,0.7145193219,"26.  The group then decides to apply a “Learn how voting is safe and secure” label because one commenter says, “it’s totally normal to have a 2% error rate.” Roth then gives the final go-ahead to the process initiated by the FBI:",1601368867141718017,,1,6,,7,Twitter files
2022-12-14 17:09:56,61,normal,0.788443625,"US intelligence and Big Tech interfere in American elections. The truth behind shadow bans.
#TwitterFiles, #TwitterFBI, #TwitterDNC, #TwitterCensorship, #TwitterElectionFraud, #DanBangino, #StopTheSteal, #TwitterMattGaetz, #TwitterElectionInterference",1602055925078331392,,,1,,1,Twitter files
2022-12-14 17:09:56,63,normal,0.7033611536,"Twitter employees recognize the difference between their own politics & Twitter's Terms of Service (TOS), but they also engage in complex interpretations of content in order to stamp out prohibited tweets, as a series of exchanges over the ""#stopthesteal"" hashtag reveal.",1601756556034330624,,,,,0,Twitter files
2022-12-14 17:09:56,64,normal,0.8028787374,Yes! This sums up the strategy we see over and over—#FauciEmails #BallotHarvesting #StoptheSteal #TwitterFiles and even #BidenBorderCrisis. In every case selective details are emphasized or withheld. The outcome has been a misleading impression that is politically advantageous.,1599200937733632001,1,5,28,,34,Twitter files
2022-12-13 19:10:20,28,normal,0.7145193219,"26.  The group then decides to apply a “Learn how voting is safe and secure” label because one commenter says, “it’s totally normal to have a 2% error rate.” Roth then gives the final go-ahead to the process initiated by the FBI:",1601368867141718017,,1,6,,7,Twitter files
2022-12-13 19:10:20,33,normal,0.6660653949,"Indeed, notes Roth's colleague, ""a quick search of top stop the steal tweets and they’re counterspeech""

But they quickly come up with a solution: ""deamplify accounts with stopthesteal in the name/profile"" since ""those are not affiliated with counterspeech""",1601773610212827137,,,,,0,Twitter files
2022-12-14 17:09:56,72,normal,0.7145193219,USA ELECTION WAS THROWN! #TwitterFiles2 #TwitterFiles #StopTheSteal,1601368867141718017,,1,6,,7,Twitter files
2022-12-13 19:10:20,35,normal,0.6660653949,"Indeed, notes Roth's colleague, ""a quick search of top stop the steal tweets and they’re counterspeech""

But they quickly come up with a solution: ""deamplify accounts with stopthesteal in the name/profile"" since ""those are not affiliated with counterspeech""",1601773610212827137,,,,,0,Twitter files
2022-12-14 17:09:56,73,normal,0.792275548,Twitterの社員は、自分たちの政治とTwitterの利用規約（TOS）の違いを認識しているが、「#stopthesteal」ハッシュタグを巡る一連のやり取りで明らかになったように、禁止されているツイートを排除するために、コンテンツの複雑な解釈にも関わっているのである。,1602251883497721856,1,,,,1,Twitter files
2022-12-14 17:09:56,74,normal,0.8275384903,"#StopTheSteal silenced. #TwitterFiles3 #TwitterFiles
@elonmusk: BRING BACK @ALI TODAY.",1601384205690118145,,3,4,,7,Twitter files
2022-12-14 17:09:56,76,normal,0.8032447696,"STOP THE STEAL.

#stopthesteal
#TwitterFiles",1602055759059206145,1,9,27,,37,Twitter files
2022-12-14 17:09:56,78,normal,0.7927678227,"President Donald J. Trump, just reinstated, already has twice as many Twitter followers as President Joe Biden. 

81,000,000 votes? More than Nixon, more than Reagan, more than Obama? Really? Does ANYBODY still really believe that?

No way, no how. Never happened.

#StopTheSteal",1594701948288204801,,1,3,,4,Twitter files
2022-12-14 22:54:15,0,normal,0.842296958,"Twitter employees recognize the difference between their own politics & Twitter's Terms of Service (TOS), but they also engage in complex interpretations of content in order to stamp out prohibited tweets, as a series of exchanges over the ""#stopthesteal"" hashtag reveal.",1601746253284798469,483,4134,21072,,25689,Twitter files
2022-12-14 22:54:15,15,normal,0.4251355529,"#StopTheSteal “was based on a lie, & consequential for American democracy, providing a rallying point for those who sought to overturn a free & fair election”
https://donmoynihan.substack.com/p/elon-musk-and-all-the-conspiracy…
An attempted coup & seditious conspiracy is a much bigger deal than @Twitter limiting its spread.",1602306176137428992,1,5,14,,20,Twitter files
2022-12-15 0:48:43,62,offensive,0.6193282008,@yoyoel #STOPTHESTEAL you censorious fascist.,1601940159901335553,,,1,,1,Twitter files
2022-12-13 19:10:20,48,normal,0.7377821803,"Roth immediately DMs a colleague to ask that they add ""stopthesteal"" & [QAnon conspiracy term] ""kraken"" to a blacklist of terms to be deamplified. 

Roth's colleague objects that blacklisting ""stopthesteal"" risks ""deamplifying counterspeech"" that validates the election.",1601751248294010880,,,,,0,Twitter files
2022-12-14 22:54:15,20,normal,0.700001061,I'm more sympathetic to Twitter regarding the J6 and the #stopthesteal insanity.,1601753971001274370,,,,,0,Twitter files
2022-12-13 12:49:17,15,normal,0.8172411919,"SO #Stopthesteal was deamplified by Roth.
Any tweet with that hashtag or words didn't make it very far!",1601750961432952834,,,7,,7,Twitter files
2022-12-14 22:54:15,22,normal,0.7914534211,"Unreal!  Katie Hobbs’s office contacts Twitter to have posts removed!  So, the democrat candidate, who ran the AZ election, censored her political opponents, disrupted Election Day votes, and then threatened counties with prosecution if they didn’t declare her the winner.",1599417475191689217,2,1,8,,11,Twitter files
2022-12-14 22:54:15,23,normal,0.7927678227,"President Donald J. Trump, just reinstated, already has twice as many Twitter followers as President Joe Biden. 

81,000,000 votes? More than Nixon, more than Reagan, more than Obama? Really? Does ANYBODY still really believe that?

No way, no how. Never happened.

#StopTheSteal",1594701948288204801,,1,3,,4,Twitter files
2022-12-14 22:54:15,27,normal,0.6406320333,"Surprise! Crime and Punishment still go together:

https://cnsnews.com/commentary/hans-bader/crime-plunges-el-salvador-criminals-are-sent-prison…
#HowDeepTheSwamp #SwampNeedsDraining #DrainTheSwamp #AmericaFirst #MAGA #SaveAmerica #Trump2024 #StopTheSteal #TrueTheVote #Twitterfiles",1601365387299672065,,,2,,2,Twitter files
2022-12-14 22:54:15,32,normal,0.8050474524,"Twitter employees recognize the difference between their own politics & Twitter's Terms of Service (TOS), but they also engage in complex interpretations of content in order to stamp out prohibited tweets, as a series of exchanges over the ""#stopthesteal"" hashtag reveal.",1601747157589012480,,1,4,,5,Twitter files
2022-12-13 12:49:17,27,normal,0.8138799667,"Indeed, notes Roth's colleague, ""a quick search of top stop the steal tweets and they’re counterspeech""

But they quickly come up with a solution: ""deamplify accounts with stopthesteal in the name/profile"" since ""those are not affiliated with counterspeech""",1601891141707857920,,1,1,,2,Twitter files
2022-12-14 22:54:15,37,normal,0.7605831623,"Twitter employees recognize the difference between their own politics & Twitter's Terms of Service (TOS), but they also engage in complex interpretations of content in order to stamp out prohibited tweets, as a series of exchanges over the ""#stopthesteal"" hashtag reveal.",1601750780662280192,,,,,0,Twitter files
2022-12-14 22:54:15,38,normal,0.8275384903,"#StopTheSteal silenced. #TwitterFiles3 #TwitterFiles
@elonmusk: BRING BACK @ALI TODAY.",1601384205690118145,,3,4,,7,Twitter files
2022-12-14 22:54:15,39,normal,0.6660653949,"Twitter were so worried about #stopthesteal causing anti govt sentiment, but were so proud to support arab spring to topple foreign govt.
The hypocrisy is nauseating",1601773610212827137,,,,,0,Twitter files
2022-12-13 12:49:17,28,normal,0.7145193219,"26.  The group then decides to apply a “Learn how voting is safe and secure” label because one commenter says, “it’s totally normal to have a 2% error rate.” Roth then gives the final go-ahead to the process initiated by the FBI:",1601368867141718017,,1,6,,7,Twitter files
2022-12-14 22:54:15,40,normal,0.733379066,"Dear @ElonMusk, @Twitter terminated @Ali around the time Twitter was also banning people including @JoeyArnold for spreading the #StopTheSteal hashtag which emerged in 2020. The Jan6 rally. But no incitement to violence. It was not like a border crisis insurrection invasion.",1600968441888112640,2,,,,2,Twitter files
2022-12-14 22:54:15,40,normal,0.733379066,A shout out to my friend @Ali a patriot who I hope will be joining @LauraLoomer and me here again on Twitter and thanks again to @ElonMusk for his commitment to fairness and free speech,1600968441888112640,2,,,,2,Twitter files
2022-12-14 22:54:15,41,normal,0.8245396018,"Is this supposed to be a joke? @BretBaier to interview Microsoft president Brad Smith. To be discussed: How they plan to ""firm up future elections"". Like I trust ANY tech company on anything pertaining to elections, especially after the #twitterfiles. #stopthesteal",1601281421553070080,,,3,,3,Twitter files
2022-12-14 22:54:15,43,normal,0.8138799667,"Thankful to @elonmusk for exposing how corrupt & AntiAmerican & AntiConstitutional Twitter was & Facebook still is.
No company should be aloud to do business in America unless they agree to follow all our laws & especially our Constitution?!?
#StopTheSteal",1601891141707857920,,1,1,,2,Twitter files
2022-12-13 12:49:17,33,normal,0.8356109262,"In effetti, osserva il collega di Roth, ""una rapida ricerca di top #stopthesteal tweets sono contro l'ashtag""

Cosí trovano rapidamente una soluzione: ""deamplifica gli account con stoptheseal nel nome/profilo"" poiché ""quelli non sono affiliati al contro discorso""",1601879426542800897,1,,5,,6,Twitter files
2022-12-14 22:54:15,44,normal,0.8203430176,"8. Twitter Files 4
Élimination Donald Trump

Les employés de Twitter constatent la différence entre leurs décisions et les conditions d'utilisation de Twitter

Ils interprétent jusqu'à plus soif comme dans cet échange sur le hashtag #stopthesteal (souvent employé par Pdt Trump)",1601769619286433792,,4,3,,7,Twitter files
2022-12-14 21:01:12,59,offensive,0.6193282008,@yoyoel #STOPTHESTEAL you censorious fascist.,1601940159901335553,,,1,,1,Twitter files
2022-12-14 22:54:15,49,normal,0.8032447696,"STOP THE STEAL.

#stopthesteal
#TwitterFiles",1602055759059206145,1,9,27,,37,Twitter files
2022-12-14 22:54:15,52,normal,0.7377821803,"Stop the steal pissed off Joel.

#stopthesteal",1601751248294010880,,,,,0,Twitter files
2022-12-13 12:49:17,50,normal,0.6476570964,"Indeed, notes Roth's colleague, ""a quick search of top stop the steal tweets and they’re counterspeech""

But they quickly come up with a solution: ""deamplify accounts with stopthesteal in the name/profile"" since ""those are not affiliated with counterspeech""",1601755535149215744,,,,,0,Twitter files
2022-12-12 7:05:18,29,normal,0.7500622869,"Further manipulating the public discourse, Yoel and his cronies (despite being aware of their political bias) deliberately twist the ToS to further their agenda.

One employee was “appalled” by what he saw when searching #StopTheSteal hashtag.

Of course it was promptly banned.",1601748315334287360,1,,1,,2,Twitter files
2022-12-13 12:49:17,51,normal,0.7548097968,"Indeed, notes Roth's colleague, ""a quick search of top stop the steal tweets and they’re counterspeech""

But they quickly come up with a solution: ""deamplify accounts with stopthesteal in the name/profile"" since ""those are not affiliated with counterspeech""",1601812776804323330,,1,,,1,Twitter files
2022-12-14 22:54:15,55,normal,0.7706078887,"The Twitter Files, Part 3

Deplatforming the President twitter.com/mtaibbi/status…",1601396777231732736,1,1,3,,5,Twitter files
2022-12-14 22:54:15,59,normal,0.8028787374,Yes! This sums up the strategy we see over and over—#FauciEmails #BallotHarvesting #StoptheSteal #TwitterFiles and even #BidenBorderCrisis. In every case selective details are emphasized or withheld. The outcome has been a misleading impression that is politically advantageous.,1599200937733632001,1,5,28,,34,Twitter files
2022-12-14 22:54:15,60,normal,0.7491104603,#TwitterFiles #TwitterFiles4 So they were going after the #stopthesteal,1601746559657742336,,1,3,,4,Twitter files
2022-12-14 22:54:15,60,normal,0.7491104603,"Twitter employees recognize the difference between their own politics & Twitter's Terms of Service (TOS), but they also engage in complex interpretations of content in order to stamp out prohibited tweets, as a series of exchanges over the ""#stopthesteal"" hashtag reveal.",1601746559657742336,,1,3,,4,Twitter files
2022-12-14 13:10:56,0,normal,0.842296958,"Twitter employees recognize the difference between their own politics & Twitter's Terms of Service (TOS), but they also engage in complex interpretations of content in order to stamp out prohibited tweets, as a series of exchanges over the ""#stopthesteal"" hashtag reveal.",1601746253284798469,483,4131,21062,,25676,Twitter files
2022-12-14 13:10:56,6,normal,0.7973869443,"Twitterの社員は、自分たちの政治とTwitterの利用規約（TOS）の違いを認識していますが、""#stopthesteal""ハッシュタグを巡る一連のやり取りで明らかになったように、禁止ツイートを排除するために、コンテンツの複雑な解釈を行っています。",1601841506951737344,1,6,26,,33,Twitter files
2022-12-14 13:10:56,7,normal,0.8199251294,This handling of #stopthesteal tweets for me is one of the most problematic actions taken by Twitter as revealed so far.,1601746824024363009,2,6,18,,26,Twitter files
2022-12-14 13:10:56,7,normal,0.8199251294,"Twitter employees recognize the difference between their own politics & Twitter's Terms of Service (TOS), but they also engage in complex interpretations of content in order to stamp out prohibited tweets, as a series of exchanges over the ""#stopthesteal"" hashtag reveal.",1601746824024363009,2,6,18,,26,Twitter files
2022-12-14 17:09:56,18,normal,0.7548097968,"Indeed, notes Roth's colleague, ""a quick search of top stop the steal tweets and they’re counterspeech""

But they quickly come up with a solution: ""deamplify accounts with stopthesteal in the name/profile"" since ""those are not affiliated with counterspeech""",1601812776804323330,,1,,,1,Twitter files
2022-12-14 13:10:56,11,normal,0.7491104603,#TwitterFiles #TwitterFiles4 So they were going after the #stopthesteal,1601746559657742336,,1,3,,4,Twitter files
2022-12-14 13:10:56,11,normal,0.7491104603,"Twitter employees recognize the difference between their own politics & Twitter's Terms of Service (TOS), but they also engage in complex interpretations of content in order to stamp out prohibited tweets, as a series of exchanges over the ""#stopthesteal"" hashtag reveal.",1601746559657742336,,1,3,,4,Twitter files
2022-12-14 13:10:56,12,normal,0.7706078887,"The Twitter Files, Part 3

Deplatforming the President twitter.com/mtaibbi/status…",1601396777231732736,1,1,3,,5,Twitter files
2022-12-14 13:10:56,13,normal,0.4251355529,"#StopTheSteal “was based on a lie, & consequential for American democracy, providing a rallying point for those who sought to overturn a free & fair election”
https://donmoynihan.substack.com/p/elon-musk-and-all-the-conspiracy…
An attempted coup & seditious conspiracy is a much bigger deal than @Twitter limiting its spread.",1602306176137428992,1,5,14,,20,Twitter files
2022-12-14 13:10:56,16,normal,0.7426475286,Censored by the libertarians! @LPNational @mfa_russia @CIA @FBI @NSACyber Help! Lol twitter.com/Patr10tByrne/s…,1602672239308148736,,1,,,1,Twitter files
2022-12-14 13:10:56,17,normal,0.7548097968,"Having #stopthesteal in your profile got you”de-amplified.”
#TheTwitterFiles",1601812776804323330,,1,,,1,Twitter files
2022-12-14 17:09:56,49,normal,0.7377821803,"Roth immediately DMs a colleague to ask that they add ""stopthesteal"" & [QAnon conspiracy term] ""kraken"" to a blacklist of terms to be deamplified. 

Roth's colleague objects that blacklisting ""stopthesteal"" risks ""deamplifying counterspeech"" that validates the election.",1601751248294010880,,,,,0,Twitter files
2022-12-14 13:10:56,18,normal,0.7492778301,"Nach der USWahl kamen von #Trump Vorwürfe, die Wahl sei von den Demokraten gefälscht worden. Trumps Formulierung war: seine Wahl sei „gestohlen“ worden. Deshalb wollte Twitter den Hashtag #StopTheSteal verbieten lassen. Es gab viele interne Diskussionen d. Führungskräfte darüber.",1602735456868864000,1,5,32,,38,Twitter files
2022-12-14 13:10:56,20,normal,0.6406320333,"Surprise! Crime and Punishment still go together:

https://cnsnews.com/commentary/hans-bader/crime-plunges-el-salvador-criminals-are-sent-prison…
#HowDeepTheSwamp #SwampNeedsDraining #DrainTheSwamp #AmericaFirst #MAGA #SaveAmerica #Trump2024 #StopTheSteal #TrueTheVote #Twitterfiles",1601365387299672065,,,2,,2,Twitter files
2022-12-14 13:10:56,21,normal,0.8050474524,"Twitter employees recognize the difference between their own politics & Twitter's Terms of Service (TOS), but they also engage in complex interpretations of content in order to stamp out prohibited tweets, as a series of exchanges over the ""#stopthesteal"" hashtag reveal.",1601747157589012480,,1,4,,5,Twitter files
2022-12-14 13:10:56,22,normal,0.733379066,"Dear @ElonMusk, @Twitter terminated @Ali around the time Twitter was also banning people including @JoeyArnold for spreading the #StopTheSteal hashtag which emerged in 2020. The Jan6 rally. But no incitement to violence. It was not like a border crisis insurrection invasion.",1600968441888112640,2,,,,2,Twitter files
2022-12-14 13:10:56,22,normal,0.733379066,A shout out to my friend @Ali a patriot who I hope will be joining @LauraLoomer and me here again on Twitter and thanks again to @ElonMusk for his commitment to fairness and free speech,1600968441888112640,2,,,,2,Twitter files
2022-12-14 13:10:56,28,normal,0.8275384903,"#StopTheSteal silenced. #TwitterFiles3 #TwitterFiles
@elonmusk: BRING BACK @ALI TODAY.",1601384205690118145,,3,4,,7,Twitter files
2022-12-12 17:44:40,41,normal,0.7500622869,"Further manipulating the public discourse, Yoel and his cronies (despite being aware of their political bias) deliberately twist the ToS to further their agenda.

One employee was “appalled” by what he saw when searching #StopTheSteal hashtag.

Of course it was promptly banned.",1601748315334287360,1,,1,,2,Twitter files
2022-12-14 17:09:56,59,offensive,0.6193282008,"Indeed, notes Roth's colleague, ""a quick search of top stop the steal tweets and they’re counterspeech""

But they quickly come up with a solution: ""deamplify accounts with stopthesteal in the name/profile"" since ""those are not affiliated with counterspeech""",1601940159901335553,,,1,,1,Twitter files
2022-12-14 13:10:56,33,normal,0.6660653949,"Twitter were so worried about #stopthesteal causing anti govt sentiment, but were so proud to support arab spring to topple foreign govt.
The hypocrisy is nauseating",1601773610212827137,,,,,0,Twitter files
2022-12-11 17:13:53,16,offensive,0.4177026451,"Let me get this straight @yoyoel who decided that #STOPTHESTEAL should be suppressed?  Your complete scum. 

100% cuck",1601749091989409792,1,,3,,4,Twitter files
2022-12-14 13:10:56,35,normal,0.8203430176,"8. Twitter Files 4
Élimination Donald Trump

Les employés de Twitter constatent la différence entre leurs décisions et les conditions d'utilisation de Twitter

Ils interprétent jusqu'à plus soif comme dans cet échange sur le hashtag #stopthesteal (souvent employé par Pdt Trump)",1601769619286433792,,4,3,,7,Twitter files
2022-12-14 13:10:56,37,normal,0.700001061,I'm more sympathetic to Twitter regarding the J6 and the #stopthesteal insanity.,1601753971001274370,,,,,0,Twitter files
2022-12-14 17:09:56,72,normal,0.7145193219,"26.  The group then decides to apply a “Learn how voting is safe and secure” label because one commenter says, “it’s totally normal to have a 2% error rate.” Roth then gives the final go-ahead to the process initiated by the FBI:",1601368867141718017,,1,6,,7,Twitter files
2022-12-14 22:54:15,19,normal,0.6799663305,"Indeed, notes Roth's colleague, ""a quick search of top stop the steal tweets and they’re counterspeech""

But they quickly come up with a solution: ""deamplify accounts with stopthesteal in the name/profile"" since ""those are not affiliated with counterspeech""",1601778969241878528,1,1,1,,3,Twitter files
2022-12-14 22:54:15,20,normal,0.700001061,"Roth immediately DMs a colleague to ask that they add ""stopthesteal"" & [QAnon conspiracy term] ""kraken"" to a blacklist of terms to be deamplified. 

Roth's colleague objects that blacklisting ""stopthesteal"" risks ""deamplifying counterspeech"" that validates the election.",1601753971001274370,,,,,0,Twitter files
2022-12-14 13:10:56,39,normal,0.7605831623,"Twitter employees recognize the difference between their own politics & Twitter's Terms of Service (TOS), but they also engage in complex interpretations of content in order to stamp out prohibited tweets, as a series of exchanges over the ""#stopthesteal"" hashtag reveal.",1601750780662280192,,,,,0,Twitter files
2022-12-14 13:10:56,43,normal,0.7914534211,"Unreal!  Katie Hobbs’s office contacts Twitter to have posts removed!  So, the democrat candidate, who ran the AZ election, censored her political opponents, disrupted Election Day votes, and then threatened counties with prosecution if they didn’t declare her the winner.",1599417475191689217,2,1,8,,11,Twitter files
2022-12-14 13:10:56,47,normal,0.8007176518,"Can we get data on how far former twitter employees went tried to suppress #StopTheSteal in 2018, 2020, and can we cross reference Jan 6th Detainees with twitter suspensions 
@elonmusk",1600366245727330304,,1,1,,2,Twitter files
2022-12-14 13:10:56,50,normal,0.8028787374,Yes! This sums up the strategy we see over and over—#FauciEmails #BallotHarvesting #StoptheSteal #TwitterFiles and even #BidenBorderCrisis. In every case selective details are emphasized or withheld. The outcome has been a misleading impression that is politically advantageous.,1599200937733632001,1,5,28,,34,Twitter files
2022-12-14 13:10:56,51,normal,0.7033611536,"Twitter employees recognize the difference between their own politics & Twitter's Terms of Service (TOS), but they also engage in complex interpretations of content in order to stamp out prohibited tweets, as a series of exchanges over the ""#stopthesteal"" hashtag reveal.",1601756556034330624,,,,,0,Twitter files
2022-12-14 22:54:15,39,normal,0.6660653949,"Indeed, notes Roth's colleague, ""a quick search of top stop the steal tweets and they’re counterspeech""

But they quickly come up with a solution: ""deamplify accounts with stopthesteal in the name/profile"" since ""those are not affiliated with counterspeech""",1601773610212827137,,,,,0,Twitter files
2022-12-14 13:10:56,53,normal,0.8028787374,Yes! This sums up the strategy we see over and over—#FauciEmails #BallotHarvesting #StoptheSteal #TwitterFiles and even #BidenBorderCrisis. In every case selective details are emphasized or withheld. The outcome has been a misleading impression that is politically advantageous.,1599200937733632001,1,5,28,,34,Twitter files
2022-12-14 13:10:56,54,normal,0.7033611536,"Twitter employees recognize the difference between their own politics & Twitter's Terms of Service (TOS), but they also engage in complex interpretations of content in order to stamp out prohibited tweets, as a series of exchanges over the ""#stopthesteal"" hashtag reveal.",1601756556034330624,,,,,0,Twitter files
2022-12-14 22:54:15,43,normal,0.8138799667,"Indeed, notes Roth's colleague, ""a quick search of top stop the steal tweets and they’re counterspeech""

But they quickly come up with a solution: ""deamplify accounts with stopthesteal in the name/profile"" since ""those are not affiliated with counterspeech""",1601891141707857920,,1,1,,2,Twitter files
2022-12-14 13:10:56,57,normal,0.8098774552,"21.

Twitterの社員は、自分たちの政治とTwitterの利用規約（TOS）の違いを認識していますが、

「#stopthesteal」ハッシュタグを巡る一連のやり取りで明らかになったように、
禁止ツイートを排除するために、コンテンツの複雑な解釈を行っています。",1601850444610871296,1,1,2,,4,Twitter files
2022-12-14 13:10:56,57,normal,0.8098774552,"Twitter employees recognize the difference between their own politics & Twitter's Terms of Service (TOS), but they also engage in complex interpretations of content in order to stamp out prohibited tweets, as a series of exchanges over the ""#stopthesteal"" hashtag reveal.",1601850444610871296,1,1,2,,4,Twitter files
2022-12-14 13:10:56,58,normal,0.7145193219,USA ELECTION WAS THROWN! #TwitterFiles2 #TwitterFiles #StopTheSteal,1601368867141718017,,1,6,,7,Twitter files
2022-12-14 22:54:15,52,normal,0.7377821803,"Roth immediately DMs a colleague to ask that they add ""stopthesteal"" & [QAnon conspiracy term] ""kraken"" to a blacklist of terms to be deamplified. 

Roth's colleague objects that blacklisting ""stopthesteal"" risks ""deamplifying counterspeech"" that validates the election.",1601751248294010880,,,,,0,Twitter files
2022-12-14 13:10:56,65,normal,0.8032447696,"STOP THE STEAL.

#stopthesteal
#TwitterFiles",1602055759059206145,1,9,27,,37,Twitter files
2022-12-14 19:07:31,19,normal,0.7500622869,"Further manipulating the public discourse, Yoel and his cronies (despite being aware of their political bias) deliberately twist the ToS to further their agenda.

One employee was “appalled” by what he saw when searching #StopTheSteal hashtag.

Of course it was promptly banned.",1601748315334287360,1,,1,,2,Twitter files
2022-12-14 22:54:15,53,offensive,0.6193282008,"Indeed, notes Roth's colleague, ""a quick search of top stop the steal tweets and they’re counterspeech""

But they quickly come up with a solution: ""deamplify accounts with stopthesteal in the name/profile"" since ""those are not affiliated with counterspeech""",1601940159901335553,,,1,,1,Twitter files
2022-12-14 13:10:56,72,normal,0.807774663,".
#StopTheSteal organizer #AliAlexander (now banned by Twitter), said three #GOP lawmakers helped plan his #January6th D.C. rally:

#AndyBiggs(@RepAndyBiggsAZ) 
#MoBrooks (@RepMoBrooks)
#PaulGosar(@RepGosar)",1600176559293227014,1,15,17,,33,Twitter files
2022-12-11 19:12:53,0,normal,0.842296958,"Twitter employees recognize the difference between their own politics & Twitter's Terms of Service (TOS), but they also engage in complex interpretations of content in order to stamp out prohibited tweets, as a series of exchanges over the ""#stopthesteal"" hashtag reveal.",1601746253284798469,433,3502,17428,,21363,Twitter files
2022-12-11 19:12:53,4,normal,0.8050474524,"Twitter employees recognize the difference between their own politics & Twitter's Terms of Service (TOS), but they also engage in complex interpretations of content in order to stamp out prohibited tweets, as a series of exchanges over the ""#stopthesteal"" hashtag reveal.",1601747157589012480,,1,4,,5,Twitter files
2022-12-11 19:12:53,7,normal,0.7973869443,"Twitterの社員は、自分たちの政治とTwitterの利用規約（TOS）の違いを認識していますが、""#stopthesteal""ハッシュタグを巡る一連のやり取りで明らかになったように、禁止ツイートを排除するために、コンテンツの複雑な解釈を行っています。",1601841506951737344,1,3,18,,22,Twitter files
2022-12-11 19:12:53,15,normal,0.8245396018,"Is this supposed to be a joke? @BretBaier to interview Microsoft president Brad Smith. To be discussed: How they plan to ""firm up future elections"". Like I trust ANY tech company on anything pertaining to elections, especially after the #twitterfiles. #stopthesteal",1601281421553070080,,,3,,3,Twitter files
2022-12-14 19:07:31,69,offensive,0.6193282008,@yoyoel #STOPTHESTEAL you censorious fascist.,1601940159901335553,,,1,,1,Twitter files
2022-12-11 19:12:53,17,normal,0.8138799667,"Thankful to @elonmusk for exposing how corrupt & AntiAmerican & AntiConstitutional Twitter was & Facebook still is.
No company should be aloud to do business in America unless they agree to follow all our laws & especially our Constitution?!?
#StopTheSteal",1601891141707857920,,1,1,,2,Twitter files
2022-12-14 13:10:56,17,normal,0.7548097968,"Indeed, notes Roth's colleague, ""a quick search of top stop the steal tweets and they’re counterspeech""

But they quickly come up with a solution: ""deamplify accounts with stopthesteal in the name/profile"" since ""those are not affiliated with counterspeech""",1601812776804323330,,1,,,1,Twitter files
2022-12-14 19:07:31,70,offensive,0.6193282008,@yoyoel #STOPTHESTEAL you censorious fascist.,1601940159901335553,,,1,,1,Twitter files
2022-12-14 13:10:56,31,normal,0.6799663305,"Indeed, notes Roth's colleague, ""a quick search of top stop the steal tweets and they’re counterspeech""

But they quickly come up with a solution: ""deamplify accounts with stopthesteal in the name/profile"" since ""those are not affiliated with counterspeech""",1601778969241878528,1,1,1,,3,Twitter files
2022-12-11 19:12:53,20,normal,0.81743747,".@ALI (http://t.me/AliAlexander) #AliAlexander:

“#MichaelCoudrey was banned from Twitter for providing our #StopTheSteal movement with wonderful resources and posting a video of me saying I refused to denounce Peaceful Protestors.

He shall be FREE.”",1601485485985206274,,3,2,,5,Twitter files
2022-12-11 19:12:53,20,normal,0.81743747,"Michael Coudrey (http://t.me/MichaelCoudrey):

“I will be releasing a statement on my mention in the #Twitterfiles at 10AM EST today.

This highly unprofessional and politically biased agenda by Twitter‘s Trust & Safety staff clearly shows severe and fundamental flaws in...” 1/2",1601485485985206274,,3,2,,5,Twitter files
2022-12-11 19:12:53,21,normal,0.7706078887,"The Twitter Files, Part 3

Deplatforming the President twitter.com/mtaibbi/status…",1601396777231732736,1,1,2,,4,Twitter files
2022-12-14 13:10:56,33,normal,0.6660653949,"Indeed, notes Roth's colleague, ""a quick search of top stop the steal tweets and they’re counterspeech""

But they quickly come up with a solution: ""deamplify accounts with stopthesteal in the name/profile"" since ""those are not affiliated with counterspeech""",1601773610212827137,,,,,0,Twitter files
2022-12-11 19:12:53,25,normal,0.8203430176,"8. Twitter Files 4
Élimination Donald Trump

Les employés de Twitter constatent la différence entre leurs décisions et les conditions d'utilisation de Twitter

Ils interprétent jusqu'à plus soif comme dans cet échange sur le hashtag #stopthesteal (souvent employé par Pdt Trump)",1601769619286433792,,4,3,,7,Twitter files
2022-12-11 19:12:53,26,normal,0.7532108426,"This is a fascinating read: Victor Davis Hansen asks and brutally answers the question:

https://amgreatness.com/2022/12/04/how-corrupt-is-a-corrupt-media/…
#HowDeepTheSwamp #SwampNeedsDraining #DrainTheSwamp #AmericaFirst #MAGA #SaveAmerica #Trump2024 #StopTheSteal #TrueTheVote #Twitterfiles",1600501766734467074,,1,2,,3,Twitter files
2022-12-11 19:12:53,29,normal,0.7548097968,"Having #stopthesteal in your profile got you”de-amplified.”
#TheTwitterFiles",1601812776804323330,,1,,,1,Twitter files
2022-12-14 13:10:56,37,normal,0.700001061,"Roth immediately DMs a colleague to ask that they add ""stopthesteal"" & [QAnon conspiracy term] ""kraken"" to a blacklist of terms to be deamplified. 

Roth's colleague objects that blacklisting ""stopthesteal"" risks ""deamplifying counterspeech"" that validates the election.",1601753971001274370,,,,,0,Twitter files
2022-12-11 19:12:53,30,normal,0.7857353687,"Hobbs was was said to have contacted Twitter in a request for censorship of conservative voices. It would be helpful to America if Mr. @elonmusk  would produce her request to Twitter. We need to know how deep the corruption was.
#StopTheSteal",1601580917167833089,1,2,10,,13,Twitter files
2022-12-13 19:10:20,21,normal,0.7500622869,"Further manipulating the public discourse, Yoel and his cronies (despite being aware of their political bias) deliberately twist the ToS to further their agenda.

One employee was “appalled” by what he saw when searching #StopTheSteal hashtag.

Of course it was promptly banned.",1601748315334287360,1,,1,,2,Twitter files
2022-12-11 19:12:53,31,normal,0.842296958,"Twitter employees recognize the difference between their own politics & Twitter's Terms of Service (TOS), but they also engage in complex interpretations of content in order to stamp out prohibited tweets, as a series of exchanges over the ""#stopthesteal"" hashtag reveal.",1601746253284798469,,3,3,,6,Twitter files
2022-12-11 19:12:53,33,normal,0.750644803,"If Twitter hadn't interfered in the 2020 election, there never would have been any issue on January 6.",1599910498392166401,2,,1,,3,Twitter files
2022-12-11 19:12:53,35,normal,0.8138799667,"Thankful to @elonmusk for exposing how corrupt & AntiAmerican & AntiConstitutional Twitter was & Facebook still is.
No company should be aloud to do business in America unless they agree to follow all our laws & especially our Constitution?!?
#StopTheSteal",1601891232757780482,,,1,,1,Twitter files
2022-12-11 19:12:53,37,normal,0.700001061,I'm more sympathetic to Twitter regarding the J6 and the #stopthesteal insanity.,1601753971001274370,,,,,0,Twitter files
2022-12-13 12:49:17,23,normal,0.7500622869,"Further manipulating the public discourse, Yoel and his cronies (despite being aware of their political bias) deliberately twist the ToS to further their agenda.

One employee was “appalled” by what he saw when searching #StopTheSteal hashtag.

Of course it was promptly banned.",1601748315334287360,1,,1,,2,Twitter files
2022-12-11 19:12:53,38,normal,0.8275384903,"#StopTheSteal silenced. #TwitterFiles3 #TwitterFiles
@elonmusk: BRING BACK @ALI TODAY.",1601384205690118145,,3,4,,7,Twitter files
2022-12-11 19:12:53,45,normal,0.804212749,I'm 100% sure now that Twitter suppressed my tweets after the 2020 election. No doubt in my mind. Seeing as how I added #StopTheSteal and #RiggedElection to everything I posted   release all the names of those who got their shit suppressed Elon  @elonmusk,1601961770872360960,,,,,0,Twitter files
2022-12-11 19:12:53,46,normal,0.7377821803,"Stop the steal pissed off Joel.

#stopthesteal",1601751248294010880,,,,,0,Twitter files
2022-12-14 13:10:56,58,normal,0.7145193219,"26.  The group then decides to apply a “Learn how voting is safe and secure” label because one commenter says, “it’s totally normal to have a 2% error rate.” Roth then gives the final go-ahead to the process initiated by the FBI:",1601368867141718017,,1,6,,7,Twitter files
2022-12-11 19:12:53,47,normal,0.7377821803,"Stop the steal pissed off Joel.

#stopthesteal",1601751248294010880,,,,,0,Twitter files
2022-12-14 13:10:56,67,offensive,0.6193282008,"Indeed, notes Roth's colleague, ""a quick search of top stop the steal tweets and they’re counterspeech""

But they quickly come up with a solution: ""deamplify accounts with stopthesteal in the name/profile"" since ""those are not affiliated with counterspeech""",1601940159901335553,,,1,,1,Twitter files
2022-12-11 19:12:53,49,normal,0.8351488709,"Twitter employees recognize the difference between their own politics & (TOS), but they also engage in complex interpretations of content in order to stamp out prohibited tweets, as a series of exchanges over the ""#stopthesteal"" hashtag reveal.",1601972695888969730,,,,,0,Twitter files
2022-12-11 19:12:53,17,normal,0.8138799667,"Indeed, notes Roth's colleague, ""a quick search of top stop the steal tweets and they’re counterspeech""

But they quickly come up with a solution: ""deamplify accounts with stopthesteal in the name/profile"" since ""those are not affiliated with counterspeech""",1601891141707857920,,1,1,,2,Twitter files
2022-12-11 19:12:53,51,normal,0.7145193219,USA ELECTION WAS THROWN! #TwitterFiles2 #TwitterFiles #StopTheSteal,1601368867141718017,,1,6,,7,Twitter files
2022-12-14 17:09:56,59,offensive,0.6193282008,@yoyoel #STOPTHESTEAL you censorious fascist.,1601940159901335553,,,1,,1,Twitter files
2022-12-11 19:12:53,29,normal,0.7548097968,"Indeed, notes Roth's colleague, ""a quick search of top stop the steal tweets and they’re counterspeech""

But they quickly come up with a solution: ""deamplify accounts with stopthesteal in the name/profile"" since ""those are not affiliated with counterspeech""",1601812776804323330,,1,,,1,Twitter files
2022-12-11 19:12:53,37,normal,0.700001061,"Roth immediately DMs a colleague to ask that they add ""stopthesteal"" & [QAnon conspiracy term] ""kraken"" to a blacklist of terms to be deamplified. 

Roth's colleague objects that blacklisting ""stopthesteal"" risks ""deamplifying counterspeech"" that validates the election.",1601753971001274370,,,,,0,Twitter files
2022-12-11 19:12:53,55,normal,0.7774112821,Which was ridiculous and another #Twitterviolation of free speech #stopthesteal was accurate!,1601749378716553216,,,1,,1,Twitter files
2022-12-11 19:12:53,46,normal,0.7377821803,"Roth immediately DMs a colleague to ask that they add ""stopthesteal"" & [QAnon conspiracy term] ""kraken"" to a blacklist of terms to be deamplified. 

Roth's colleague objects that blacklisting ""stopthesteal"" risks ""deamplifying counterspeech"" that validates the election.",1601751248294010880,,,,,0,Twitter files
2022-12-11 19:12:53,59,normal,0.7953935266,"#Twitter #Twittergate #Election2020 #BidenHarris #BidenHarris2020 #stopthesteal #MSM #Media #Facebook #Meta #medialies #FakeNews
One thing we KNOW it WASN'T Neil Kinnoch who said it -- ""We have put together ... the most extensive and inclusive voter fraud operation in history""",1599107957647896576,,,2,,2,Twitter files
2022-12-12 5:05:54,1,normal,0.842296958,"Twitter employees recognize the difference between their own politics & Twitter's Terms of Service (TOS), but they also engage in complex interpretations of content in order to stamp out prohibited tweets, as a series of exchanges over the ""#stopthesteal"" hashtag reveal.",1601746253284798469,457,3863,19528,,23848,Twitter files
2022-12-12 5:05:54,9,normal,0.805939436,"I dipendenti di Twitter riconoscono la differenza tra la propria politica e i Termini di servizio (TOS) di Twitter, ma si impegnano anche in complesse interpretazioni dei contenuti per eliminare i tweet proibiti, come rivela una serie di scambi sull'hashtag ""#stopthesteal"".",1601879417277530113,1,,5,,6,Twitter files
2022-12-12 5:05:54,10,normal,0.8008177876,"The Twitter Files is the BIGGEST news story of the decade.

We now know that Twitter COLLUDED with Biden to censor posts they didn't like.

We now know that Twitter COLLUDED to alter the outcome of the 2020 election by surpressing the Hunter laptop story.

Insane.",1599209424685395968,,2,10,,12,Twitter files
2022-12-12 5:05:54,11,normal,0.842296958,"Twitter employees recognize the difference between their own politics & Twitter's Terms of Service (TOS), but they also engage in complex interpretations of content in order to stamp out prohibited tweets, as a series of exchanges over the ""#stopthesteal"" hashtag reveal.",1601924901904224257,1,,,,1,Twitter files
2022-12-12 5:05:54,14,normal,0.8032447696,"STOP THE STEAL.

#stopthesteal
#TwitterFiles",1602055759059206145,1,9,26,,36,Twitter files
2022-12-12 5:05:54,16,normal,0.8138799667,"Thankful to @elonmusk for exposing how corrupt & AntiAmerican & AntiConstitutional Twitter was & Facebook still is.
No company should be aloud to do business in America unless they agree to follow all our laws & especially our Constitution?!?
#StopTheSteal",1601891141707857920,,1,1,,2,Twitter files
2022-12-11 19:12:53,47,normal,0.7377821803,"Roth immediately DMs a colleague to ask that they add ""stopthesteal"" & [QAnon conspiracy term] ""kraken"" to a blacklist of terms to be deamplified. 

Roth's colleague objects that blacklisting ""stopthesteal"" risks ""deamplifying counterspeech"" that validates the election.",1601751248294010880,,,,,0,Twitter files
2022-12-12 5:05:54,20,normal,0.7532108426,"This is a fascinating read: Victor Davis Hansen asks and brutally answers the question:

https://amgreatness.com/2022/12/04/how-corrupt-is-a-corrupt-media/…
#HowDeepTheSwamp #SwampNeedsDraining #DrainTheSwamp #AmericaFirst #MAGA #SaveAmerica #Trump2024 #StopTheSteal #TrueTheVote #Twitterfiles",1600501766734467074,,1,2,,3,Twitter files
2022-12-12 5:05:54,25,normal,0.7846121788,"Twitter employees recognize the difference between their own politics & Twitter's Terms of Service (TOS), but they also engage in complex interpretations of content in order to stamp out prohibited tweets, as a series of exchanges over the ""#stopthesteal"" hashtag reveal.",1601748218181976066,,1,1,,2,Twitter files
2022-12-14 22:54:15,19,normal,0.6799663305,"Yoel and his tweep-creeps were actively suppressing / shadow banning accounts with #StopTheSteal in their bios.

However simultaneously, they were subtly allowing tweets containing the hashtag to exist because they discovered far-left activists were using it to “counter protest.”",1601778969241878528,1,1,1,,3,Twitter files
2022-12-14 22:54:15,53,offensive,0.6193282008,@yoyoel #STOPTHESTEAL you censorious fascist.,1601940159901335553,,,1,,1,Twitter files
2022-12-12 5:05:54,28,normal,0.8007176518,"Can we get data on how far former twitter employees went tried to suppress #StopTheSteal in 2018, 2020, and can we cross reference Jan 6th Detainees with twitter suspensions 
@elonmusk",1600366245727330304,,1,1,,2,Twitter files
2022-12-12 5:05:54,29,normal,0.8203430176,"8. Twitter Files 4
Élimination Donald Trump

Les employés de Twitter constatent la différence entre leurs décisions et les conditions d'utilisation de Twitter

Ils interprétent jusqu'à plus soif comme dans cet échange sur le hashtag #stopthesteal (souvent employé par Pdt Trump)",1601769619286433792,,4,3,,7,Twitter files
2022-12-12 5:05:54,30,offensive,0.5201432705,"Twitter employees recognize the difference between their own politics & Twitter's Terms of Service (TOS), but they also engage in complex interpretations of content in order to stamp out prohibited tweets, as a series of exchanges over the ""#stopthesteal"" hashtag reveal.",1601749104077705216,,,1,,1,Twitter files
2022-12-12 5:05:54,31,normal,0.7145193219,USA ELECTION WAS THROWN! #TwitterFiles2 #TwitterFiles #StopTheSteal,1601368867141718017,,1,6,,7,Twitter files
2022-12-11 19:12:53,51,normal,0.7145193219,"26.  The group then decides to apply a “Learn how voting is safe and secure” label because one commenter says, “it’s totally normal to have a 2% error rate.” Roth then gives the final go-ahead to the process initiated by the FBI:",1601368867141718017,,1,6,,7,Twitter files
2022-12-12 5:05:54,35,normal,0.7548097968,"Having #stopthesteal in your profile got you”de-amplified.”
#TheTwitterFiles",1601812776804323330,,1,,,1,Twitter files
2022-12-11 19:12:53,53,normal,0.7131910324,"Indeed, notes Roth's colleague, ""a quick search of top stop the steal tweets and they’re counterspeech""

But they quickly come up with a solution: ""deamplify accounts with stopthesteal in the name/profile"" since ""those are not affiliated with counterspeech""",1601934381895008256,,,,,0,Twitter files
2022-12-12 5:05:54,36,normal,0.6660653949,"Twitter were so worried about #stopthesteal causing anti govt sentiment, but were so proud to support arab spring to topple foreign govt.
The hypocrisy is nauseating",1601773610212827137,,,,,0,Twitter files
2022-12-11 19:12:53,54,normal,0.7131910324,"Indeed, notes Roth's colleague, ""a quick search of top stop the steal tweets and they’re counterspeech""

But they quickly come up with a solution: ""deamplify accounts with stopthesteal in the name/profile"" since ""those are not affiliated with counterspeech""",1601934381895008256,,,,,0,Twitter files
2022-12-12 5:05:54,37,normal,0.8138799667,"Thankful to @elonmusk for exposing how corrupt & AntiAmerican & AntiConstitutional Twitter was & Facebook still is.
No company should be aloud to do business in America unless they agree to follow all our laws & especially our Constitution?!?
#StopTheSteal",1601891232757780482,,,1,,1,Twitter files
2022-12-12 5:05:54,38,normal,0.804212749,I'm 100% sure now that Twitter suppressed my tweets after the 2020 election. No doubt in my mind. Seeing as how I added #StopTheSteal and #RiggedElection to everything I posted   release all the names of those who got their shit suppressed Elon  @elonmusk,1601961770872360960,,,,,0,Twitter files
2022-12-12 5:05:54,39,normal,0.8351488709,"Twitter employees recognize the difference between their own politics & (TOS), but they also engage in complex interpretations of content in order to stamp out prohibited tweets, as a series of exchanges over the ""#stopthesteal"" hashtag reveal.",1601972695888969730,,,,,0,Twitter files
2022-12-12 5:05:54,40,normal,0.8275384903,"#StopTheSteal silenced. #TwitterFiles3 #TwitterFiles
@elonmusk: BRING BACK @ALI TODAY.",1601384205690118145,,3,4,,7,Twitter files
2022-12-12 5:05:54,41,normal,0.807774663,".
#StopTheSteal organizer #AliAlexander (now banned by Twitter), said three #GOP lawmakers helped plan his #January6th D.C. rally:

#AndyBiggs(@RepAndyBiggsAZ) 
#MoBrooks (@RepMoBrooks)
#PaulGosar(@RepGosar)",1600176559293227014,1,15,17,,33,Twitter files
2022-12-12 5:05:54,45,normal,0.700001061,I'm more sympathetic to Twitter regarding the J6 and the #stopthesteal insanity.,1601753971001274370,,,,,0,Twitter files
2022-12-11 19:12:53,56,normal,0.6476570964,"Indeed, notes Roth's colleague, ""a quick search of top stop the steal tweets and they’re counterspeech""

But they quickly come up with a solution: ""deamplify accounts with stopthesteal in the name/profile"" since ""those are not affiliated with counterspeech""",1601755535149215744,,,,,0,Twitter files
2022-12-12 5:05:54,16,normal,0.8138799667,"Indeed, notes Roth's colleague, ""a quick search of top stop the steal tweets and they’re counterspeech""

But they quickly come up with a solution: ""deamplify accounts with stopthesteal in the name/profile"" since ""those are not affiliated with counterspeech""",1601891141707857920,,1,1,,2,Twitter files
2022-12-12 5:05:54,47,normal,0.7377821803,"Stop the steal pissed off Joel.

#stopthesteal",1601751248294010880,,,,,0,Twitter files
2022-12-14 13:10:56,31,normal,0.6799663305,"Yoel and his tweep-creeps were actively suppressing / shadow banning accounts with #StopTheSteal in their bios.

However simultaneously, they were subtly allowing tweets containing the hashtag to exist because they discovered far-left activists were using it to “counter protest.”",1601778969241878528,1,1,1,,3,Twitter files
2022-12-12 5:05:54,31,normal,0.7145193219,"26.  The group then decides to apply a “Learn how voting is safe and secure” label because one commenter says, “it’s totally normal to have a 2% error rate.” Roth then gives the final go-ahead to the process initiated by the FBI:",1601368867141718017,,1,6,,7,Twitter files
2022-12-13 15:15:45,0,normal,0.842296958,"Twitter employees recognize the difference between their own politics & Twitter's Terms of Service (TOS), but they also engage in complex interpretations of content in order to stamp out prohibited tweets, as a series of exchanges over the ""#stopthesteal"" hashtag reveal.",1601746253284798469,480,4110,20955,,25545,Twitter files
2022-12-13 15:15:45,7,normal,0.7973869443,"Twitterの社員は、自分たちの政治とTwitterの利用規約（TOS）の違いを認識していますが、""#stopthesteal""ハッシュタグを巡る一連のやり取りで明らかになったように、禁止ツイートを排除するために、コンテンツの複雑な解釈を行っています。",1601841506951737344,1,6,26,,33,Twitter files
2022-12-13 15:15:45,10,normal,0.733379066,"Dear @ElonMusk, @Twitter terminated @Ali around the time Twitter was also banning people including @JoeyArnold for spreading the #StopTheSteal hashtag which emerged in 2020. The Jan6 rally. But no incitement to violence. It was not like a border crisis insurrection invasion.",1600968441888112640,2,,,,2,Twitter files
2022-12-13 15:15:45,10,normal,0.733379066,A shout out to my friend @Ali a patriot who I hope will be joining @LauraLoomer and me here again on Twitter and thanks again to @ElonMusk for his commitment to fairness and free speech,1600968441888112640,2,,,,2,Twitter files
2022-12-13 15:15:45,11,normal,0.7706078887,"The Twitter Files, Part 3

Deplatforming the President twitter.com/mtaibbi/status…",1601396777231732736,1,1,3,,5,Twitter files
2022-12-13 15:15:45,12,normal,0.81743747,".@ALI (http://t.me/AliAlexander) #AliAlexander:

“#MichaelCoudrey was banned from Twitter for providing our #StopTheSteal movement with wonderful resources and posting a video of me saying I refused to denounce Peaceful Protestors.

He shall be FREE.”",1601485485985206274,,3,2,,5,Twitter files
2022-12-13 15:15:45,12,normal,0.81743747,"Michael Coudrey (http://t.me/MichaelCoudrey):

“I will be releasing a statement on my mention in the #Twitterfiles at 10AM EST today.

This highly unprofessional and politically biased agenda by Twitter‘s Trust & Safety staff clearly shows severe and fundamental flaws in...” 1/2",1601485485985206274,,3,2,,5,Twitter files
2022-12-13 15:15:45,15,normal,0.7532108426,"This is a fascinating read: Victor Davis Hansen asks and brutally answers the question:

https://amgreatness.com/2022/12/04/how-corrupt-is-a-corrupt-media/…
#HowDeepTheSwamp #SwampNeedsDraining #DrainTheSwamp #AmericaFirst #MAGA #SaveAmerica #Trump2024 #StopTheSteal #TrueTheVote #Twitterfiles",1600501766734467074,,1,2,,3,Twitter files
2022-12-12 5:05:54,35,normal,0.7548097968,"Indeed, notes Roth's colleague, ""a quick search of top stop the steal tweets and they’re counterspeech""

But they quickly come up with a solution: ""deamplify accounts with stopthesteal in the name/profile"" since ""those are not affiliated with counterspeech""",1601812776804323330,,1,,,1,Twitter files
2022-12-12 5:05:54,36,normal,0.6660653949,"Indeed, notes Roth's colleague, ""a quick search of top stop the steal tweets and they’re counterspeech""

But they quickly come up with a solution: ""deamplify accounts with stopthesteal in the name/profile"" since ""those are not affiliated with counterspeech""",1601773610212827137,,,,,0,Twitter files
2022-12-13 15:15:45,19,normal,0.842296958,"Twitter employees recognize the difference between their own politics & Twitter's Terms of Service (TOS), but they also engage in complex interpretations of content in order to stamp out prohibited tweets, as a series of exchanges over the ""#stopthesteal"" hashtag reveal.",1601746253284798469,,3,3,,6,Twitter files
2022-12-13 15:15:45,20,normal,0.8245396018,"Is this supposed to be a joke? @BretBaier to interview Microsoft president Brad Smith. To be discussed: How they plan to ""firm up future elections"". Like I trust ANY tech company on anything pertaining to elections, especially after the #twitterfiles. #stopthesteal",1601281421553070080,,,3,,3,Twitter files
2022-12-14 13:10:56,67,offensive,0.6193282008,@yoyoel #STOPTHESTEAL you censorious fascist.,1601940159901335553,,,1,,1,Twitter files
2022-12-13 15:15:45,22,normal,0.7500622869,"Twitter employees recognize the difference between their own politics & Twitter's Terms of Service (TOS), but they also engage in complex interpretations of content in order to stamp out prohibited tweets, as a series of exchanges over the ""#stopthesteal"" hashtag reveal.",1601748315334287360,1,,1,,2,Twitter files
2022-12-13 15:15:45,23,normal,0.7145193219,USA ELECTION WAS THROWN! #TwitterFiles2 #TwitterFiles #StopTheSteal,1601368867141718017,,1,6,,7,Twitter files
2022-12-12 5:05:54,45,normal,0.700001061,"Roth immediately DMs a colleague to ask that they add ""stopthesteal"" & [QAnon conspiracy term] ""kraken"" to a blacklist of terms to be deamplified. 

Roth's colleague objects that blacklisting ""stopthesteal"" risks ""deamplifying counterspeech"" that validates the election.",1601753971001274370,,,,,0,Twitter files
2022-12-13 15:15:45,29,normal,0.6406320333,"Surprise! Crime and Punishment still go together:

https://cnsnews.com/commentary/hans-bader/crime-plunges-el-salvador-criminals-are-sent-prison…
#HowDeepTheSwamp #SwampNeedsDraining #DrainTheSwamp #AmericaFirst #MAGA #SaveAmerica #Trump2024 #StopTheSteal #TrueTheVote #Twitterfiles",1601365387299672065,,,2,,2,Twitter files
2022-12-13 15:15:45,33,normal,0.8275384903,"#StopTheSteal silenced. #TwitterFiles3 #TwitterFiles
@elonmusk: BRING BACK @ALI TODAY.",1601384205690118145,,3,4,,7,Twitter files
2022-12-11 19:12:53,16,offensive,0.4177026451,"Let me get this straight @yoyoel who decided that #STOPTHESTEAL should be suppressed?  Your complete scum. 

100% cuck",1601749091989409792,1,,3,,4,Twitter files
2022-12-13 15:15:45,36,normal,0.792275548,Twitterの社員は、自分たちの政治とTwitterの利用規約（TOS）の違いを認識しているが、「#stopthesteal」ハッシュタグを巡る一連のやり取りで明らかになったように、禁止されているツイートを排除するために、コンテンツの複雑な解釈にも関わっているのである。,1602251883497721856,1,,,,1,Twitter files
2022-12-12 5:05:54,47,normal,0.7377821803,"Roth immediately DMs a colleague to ask that they add ""stopthesteal"" & [QAnon conspiracy term] ""kraken"" to a blacklist of terms to be deamplified. 

Roth's colleague objects that blacklisting ""stopthesteal"" risks ""deamplifying counterspeech"" that validates the election.",1601751248294010880,,,,,0,Twitter files
2022-12-13 15:15:45,40,normal,0.792275548,Twitterの社員は、自分たちの政治とTwitterの利用規約（TOS）の違いを認識しているが、「#stopthesteal」ハッシュタグを巡る一連のやり取りで明らかになったように、禁止されているツイートを排除するために、コンテンツの複雑な解釈にも関わっているのである。,1602251883497721856,1,,,,1,Twitter files
2022-12-13 15:15:45,44,normal,0.8032447696,"STOP THE STEAL.

#stopthesteal
#TwitterFiles",1602055759059206145,1,9,27,,37,Twitter files
2022-12-12 5:05:54,49,normal,0.7131910324,"Indeed, notes Roth's colleague, ""a quick search of top stop the steal tweets and they’re counterspeech""

But they quickly come up with a solution: ""deamplify accounts with stopthesteal in the name/profile"" since ""those are not affiliated with counterspeech""",1601934381895008256,,,,,0,Twitter files
2022-12-13 15:15:45,23,normal,0.7145193219,"26.  The group then decides to apply a “Learn how voting is safe and secure” label because one commenter says, “it’s totally normal to have a 2% error rate.” Roth then gives the final go-ahead to the process initiated by the FBI:",1601368867141718017,,1,6,,7,Twitter files
2022-12-11 21:09:55,2,normal,0.842296958,"Twitter employees recognize the difference between their own politics & Twitter's Terms of Service (TOS), but they also engage in complex interpretations of content in order to stamp out prohibited tweets, as a series of exchanges over the ""#stopthesteal"" hashtag reveal.",1601746253284798469,442,3612,18073,,22127,Twitter files
2022-12-11 19:12:53,19,normal,0.6727185845,If #stopthesteal Patriots can be charged with Sedition and Seditious Conspiracy for walking into and out of ‘The Peoples House’ surely @yoyoel’s meddling constitutes sedition and seditious conspiracy.,1601958161388560385,,,,,0,Twitter files
2022-12-11 21:09:55,11,normal,0.8245396018,"Is this supposed to be a joke? @BretBaier to interview Microsoft president Brad Smith. To be discussed: How they plan to ""firm up future elections"". Like I trust ANY tech company on anything pertaining to elections, especially after the #twitterfiles. #stopthesteal",1601281421553070080,,,3,,3,Twitter files
2022-12-11 21:09:55,12,normal,0.8008177876,"The Twitter Files is the BIGGEST news story of the decade.

We now know that Twitter COLLUDED with Biden to censor posts they didn't like.

We now know that Twitter COLLUDED to alter the outcome of the 2020 election by surpressing the Hunter laptop story.

Insane.",1599209424685395968,,2,10,,12,Twitter files
2022-12-11 21:09:55,13,normal,0.842296958,"Twitter employees recognize the difference between their own politics & Twitter's Terms of Service (TOS), but they also engage in complex interpretations of content in order to stamp out prohibited tweets, as a series of exchanges over the ""#stopthesteal"" hashtag reveal.",1601924901904224257,1,,,,1,Twitter files
2022-12-11 21:09:55,15,normal,0.7491104603,#TwitterFiles #TwitterFiles4 So they were going after the #stopthesteal,1601746559657742336,,1,3,,4,Twitter files
2022-12-11 21:09:55,15,normal,0.7491104603,"Twitter employees recognize the difference between their own politics & Twitter's Terms of Service (TOS), but they also engage in complex interpretations of content in order to stamp out prohibited tweets, as a series of exchanges over the ""#stopthesteal"" hashtag reveal.",1601746559657742336,,1,3,,4,Twitter files
2022-12-11 21:09:55,18,normal,0.7706078887,"The Twitter Files, Part 3

Deplatforming the President twitter.com/mtaibbi/status…",1601396777231732736,1,1,2,,4,Twitter files
2022-12-11 21:09:55,23,normal,0.750644803,"If Twitter hadn't interfered in the 2020 election, there never would have been any issue on January 6.",1599910498392166401,2,,1,,3,Twitter files
2022-12-12 5:05:54,27,normal,0.6727185845,If #stopthesteal Patriots can be charged with Sedition and Seditious Conspiracy for walking into and out of ‘The Peoples House’ surely @yoyoel’s meddling constitutes sedition and seditious conspiracy.,1601958161388560385,,,,,0,Twitter files
2022-12-13 15:15:45,48,normal,0.6476570964,"Indeed, notes Roth's colleague, ""a quick search of top stop the steal tweets and they’re counterspeech""

But they quickly come up with a solution: ""deamplify accounts with stopthesteal in the name/profile"" since ""those are not affiliated with counterspeech""",1601755535149215744,,,,,0,Twitter files
2022-12-11 21:09:55,35,normal,0.8203430176,"8. Twitter Files 4
Élimination Donald Trump

Les employés de Twitter constatent la différence entre leurs décisions et les conditions d'utilisation de Twitter

Ils interprétent jusqu'à plus soif comme dans cet échange sur le hashtag #stopthesteal (souvent employé par Pdt Trump)",1601769619286433792,,4,3,,7,Twitter files
2022-12-11 21:09:55,36,normal,0.8138799667,"Thankful to @elonmusk for exposing how corrupt & AntiAmerican & AntiConstitutional Twitter was & Facebook still is.
No company should be aloud to do business in America unless they agree to follow all our laws & especially our Constitution?!?
#StopTheSteal",1601891232757780482,,,1,,1,Twitter files
2022-12-11 21:09:55,25,normal,0.7875014544,"The Court Case Isn't About Trump or the Outcome It's About a Breach in Natl. Security | Loy Brunson 

Special guest Loy Brunson 'The Brunson Brothers Supreme Court Case talks with Pete Santilli. Share this interview far and wide!

https://rumble.com/v1y8gym-the-court-case-isnt-about-trump-or-the-outcome-its-about-a-breach-in-natl.-.html…
#lections #stopthesteal",1600359384076365824,,1,1,,2,Twitter files
2022-12-11 21:09:55,40,normal,0.700001061,I'm more sympathetic to Twitter regarding the J6 and the #stopthesteal insanity.,1601753971001274370,,,,,0,Twitter files
2022-12-13 15:15:45,22,normal,0.7500622869,"Further manipulating the public discourse, Yoel and his cronies (despite being aware of their political bias) deliberately twist the ToS to further their agenda.

One employee was “appalled” by what he saw when searching #StopTheSteal hashtag.

Of course it was promptly banned.",1601748315334287360,1,,1,,2,Twitter files
2022-12-11 21:09:55,41,normal,0.8275384903,"#StopTheSteal silenced. #TwitterFiles3 #TwitterFiles
@elonmusk: BRING BACK @ALI TODAY.",1601384205690118145,,3,4,,7,Twitter files
2022-12-11 21:09:55,42,normal,0.8275384903,"#StopTheSteal silenced. #TwitterFiles3 #TwitterFiles
@elonmusk: BRING BACK @ALI TODAY.",1601384205690118145,,3,4,,7,Twitter files
2022-12-11 21:09:55,40,normal,0.700001061,"Roth immediately DMs a colleague to ask that they add ""stopthesteal"" & [QAnon conspiracy term] ""kraken"" to a blacklist of terms to be deamplified. 

Roth's colleague objects that blacklisting ""stopthesteal"" risks ""deamplifying counterspeech"" that validates the election.",1601753971001274370,,,,,0,Twitter files
2022-12-11 21:09:55,46,normal,0.842296958,"Twitter employees recognize the difference between their own politics & Twitter's Terms of Service (TOS), but they also engage in complex interpretations of content in order to stamp out prohibited tweets, as a series of exchanges over the ""#stopthesteal"" hashtag reveal.",1601746253284798469,,3,3,,6,Twitter files
2022-12-11 21:09:55,48,normal,0.7774112821,Which was ridiculous and another #Twitterviolation of free speech #stopthesteal was accurate!,1601749378716553216,,,1,,1,Twitter files
2022-12-11 21:09:55,51,normal,0.7953935266,"#Twitter #Twittergate #Election2020 #BidenHarris #BidenHarris2020 #stopthesteal #MSM #Media #Facebook #Meta #medialies #FakeNews
One thing we KNOW it WASN'T Neil Kinnoch who said it -- ""We have put together ... the most extensive and inclusive voter fraud operation in history""",1599107957647896576,,,2,,2,Twitter files
2022-12-11 21:09:55,52,normal,0.8351488709,"Twitter employees recognize the difference between their own politics & (TOS), but they also engage in complex interpretations of content in order to stamp out prohibited tweets, as a series of exchanges over the ""#stopthesteal"" hashtag reveal.",1601972695888969730,,,,,0,Twitter files
2022-12-11 21:09:55,53,normal,0.7145193219,USA ELECTION WAS THROWN! #TwitterFiles2 #TwitterFiles #StopTheSteal,1601368867141718017,,1,6,,7,Twitter files
2022-12-11 21:09:55,53,normal,0.7145193219,"26.  The group then decides to apply a “Learn how voting is safe and secure” label because one commenter says, “it’s totally normal to have a 2% error rate.” Roth then gives the final go-ahead to the process initiated by the FBI:",1601368867141718017,,1,6,,7,Twitter files
2022-12-11 21:09:55,56,normal,0.7377821803,"Stop the steal pissed off Joel.

#stopthesteal",1601751248294010880,,,,,0,Twitter files
2022-12-11 21:09:55,56,normal,0.7377821803,"Roth immediately DMs a colleague to ask that they add ""stopthesteal"" & [QAnon conspiracy term] ""kraken"" to a blacklist of terms to be deamplified. 

Roth's colleague objects that blacklisting ""stopthesteal"" risks ""deamplifying counterspeech"" that validates the election.",1601751248294010880,,,,,0,Twitter files
2022-12-14 14:59:00,48,normal,0.7639302611,It was being censored #stopthesteal,1601820233744146432,,,2,,2,Twitter files
2022-12-11 15:08:47,15,normal,0.7639302611,It was being censored #stopthesteal,1601820233744146432,,,1,,1,Twitter files
2022-12-12 15:46:30,42,normal,0.823207736,#stopthesteal is still hard banned from the search box type-ahead.,1601820702155460610,,,2,,2,Twitter files
2022-12-11 15:08:47,51,normal,0.802319169,Wonder if #stopthesteal is  banned?,1601768093948121089,,,,,0,Twitter files
2022-12-12 15:46:30,31,normal,0.6358023286,"It wasn't the Russians. It wasn't the Chinese. It wasn't malicious foreign actors. 

It was our own US Government meddling in our own US elections to help Joe Biden win. 

Let that sink in.",1601957013449326599,,,,,0,Twitter files
2022-12-12 15:46:30,31,normal,0.6358023286,#StoptheSteal . Just wanted to see if this is a #bannedtwitch,1601957013449326599,,,,,0,Twitter files
2022-12-12 15:46:30,38,normal,0.62086761,"What hashtags were being used heavily by conservatives in Jan 2021, we know by todays drop that #stopthesteal was a big focus by the brown shirts of twit then, wonder if that # was one that got many banned.",1601812171309973506,,,1,,1,Twitter files
2022-12-12 15:46:30,46,normal,0.7720715404,Testing #stopthesteal,1601753698853478400,,,,,0,Twitter files
2022-12-11 23:12:29,32,normal,0.695494473,"I was banned permanently like many others just for posting #stopthesteal @rosamar22, thank you for bringing up the truth",1602066501091360768,1,,1,,2,Twitter files
2022-12-11 23:12:29,45,normal,0.6358023286,#StoptheSteal . Just wanted to see if this is a #bannedtwitch,1601957013449326599,,,,,0,Twitter files
2022-12-11 23:12:29,45,normal,0.6358023286,"It wasn't the Russians. It wasn't the Chinese. It wasn't malicious foreign actors. 

It was our own US Government meddling in our own US elections to help Joe Biden win. 

Let that sink in.",1601957013449326599,,,,,0,Twitter files
2022-12-13 10:53:06,10,normal,0.7639302611,It was being censored #stopthesteal,1601820233744146432,,,2,,2,Twitter files
2022-12-13 10:53:06,42,normal,0.823207736,#stopthesteal is still hard banned from the search box type-ahead.,1601820702155460610,,,2,,2,Twitter files
2022-12-11 13:03:52,49,normal,0.802319169,Wonder if #stopthesteal is  banned?,1601768093948121089,,,,,0,Twitter files
2022-12-12 9:01:18,36,normal,0.6358023286,#StoptheSteal . Just wanted to see if this is a #bannedtwitch,1601957013449326599,,,,,0,Twitter files
2022-12-12 9:01:18,36,normal,0.6358023286,"It wasn't the Russians. It wasn't the Chinese. It wasn't malicious foreign actors. 

It was our own US Government meddling in our own US elections to help Joe Biden win. 

Let that sink in.",1601957013449326599,,,,,0,Twitter files
2022-12-12 9:01:18,53,normal,0.823207736,#stopthesteal is still hard banned from the search box type-ahead.,1601820702155460610,,,2,,2,Twitter files
2022-12-15 0:48:43,36,normal,0.6358023286,#StoptheSteal . Just wanted to see if this is a #bannedtwitch,1601957013449326599,,,,,0,Twitter files
2022-12-15 0:48:43,36,normal,0.6358023286,"It wasn't the Russians. It wasn't the Chinese. It wasn't malicious foreign actors. 

It was our own US Government meddling in our own US elections to help Joe Biden win. 

Let that sink in.",1601957013449326599,,,,,0,Twitter files
2022-12-15 0:48:43,53,normal,0.7639302611,It was being censored #stopthesteal,1601820233744146432,,,2,,2,Twitter files
2022-12-15 0:48:43,58,normal,0.8117945194,I think the issue might be the weekly meetings with the FBI discussing who and what language should be banned. #StopTheSteal,1602800386414370816,,,,,0,Twitter files
2022-12-14 21:01:12,52,normal,0.8117945194,I think the issue might be the weekly meetings with the FBI discussing who and what language should be banned. #StopTheSteal,1602800386414370816,,,,,0,Twitter files
2022-12-12 7:05:18,52,normal,0.823207736,#stopthesteal is still hard banned from the search box type-ahead.,1601820702155460610,,,2,,2,Twitter files
2022-12-12 17:44:40,11,normal,0.695494473,"I was banned permanently like many others just for posting #stopthesteal @rosamar22, thank you for bringing up the truth",1602066501091360768,3,1,2,,6,Twitter files
2022-12-12 17:44:40,13,normal,0.7639302611,It was being censored #stopthesteal,1601820233744146432,,,2,,2,Twitter files
2022-12-12 17:44:40,36,normal,0.6358023286,#StoptheSteal . Just wanted to see if this is a #bannedtwitch,1601957013449326599,,,,,0,Twitter files
2022-12-12 17:44:40,36,normal,0.6358023286,"It wasn't the Russians. It wasn't the Chinese. It wasn't malicious foreign actors. 

It was our own US Government meddling in our own US elections to help Joe Biden win. 

Let that sink in.",1601957013449326599,,,,,0,Twitter files
2022-12-12 17:44:40,46,normal,0.823207736,#stopthesteal is still hard banned from the search box type-ahead.,1601820702155460610,,,2,,2,Twitter files
2022-12-11 17:13:53,13,normal,0.7639302611,It was being censored #stopthesteal,1601820233744146432,,,1,,1,Twitter files
2022-12-11 17:13:53,50,normal,0.802319169,Wonder if #stopthesteal is  banned?,1601768093948121089,,,,,0,Twitter files
2022-12-14 19:07:31,37,normal,0.6358023286,#StoptheSteal . Just wanted to see if this is a #bannedtwitch,1601957013449326599,,,,,0,Twitter files
2022-12-14 19:07:31,37,normal,0.6358023286,"It wasn't the Russians. It wasn't the Chinese. It wasn't malicious foreign actors. 

It was our own US Government meddling in our own US elections to help Joe Biden win. 

Let that sink in.",1601957013449326599,,,,,0,Twitter files
2022-12-14 19:07:31,52,normal,0.7639302611,It was being censored #stopthesteal,1601820233744146432,,,2,,2,Twitter files
2022-12-14 19:07:31,56,normal,0.8117945194,I think the issue might be the weekly meetings with the FBI discussing who and what language should be banned. #StopTheSteal,1602800386414370816,,,,,0,Twitter files
2022-12-14 19:07:31,60,normal,0.8117945194,I think the issue might be the weekly meetings with the FBI discussing who and what language should be banned. #StopTheSteal,1602800386414370816,,,,,0,Twitter files
2022-12-13 12:49:17,30,normal,0.6358023286,#StoptheSteal . Just wanted to see if this is a #bannedtwitch,1601957013449326599,,,,,0,Twitter files
2022-12-13 12:49:17,30,normal,0.6358023286,"It wasn't the Russians. It wasn't the Chinese. It wasn't malicious foreign actors. 

It was our own US Government meddling in our own US elections to help Joe Biden win. 

Let that sink in.",1601957013449326599,,,,,0,Twitter files
2022-12-13 12:49:17,42,normal,0.823207736,#stopthesteal is still hard banned from the search box type-ahead.,1601820702155460610,,,2,,2,Twitter files
2022-12-14 17:09:56,43,normal,0.8117945194,I think the issue might be the weekly meetings with the FBI discussing who and what language should be banned. #StopTheSteal,1602800386414370816,,,,,0,Twitter files
2022-12-14 17:09:56,51,normal,0.7639302611,It was being censored #stopthesteal,1601820233744146432,,,2,,2,Twitter files
2022-12-14 22:54:15,48,normal,0.7639302611,It was being censored #stopthesteal,1601820233744146432,,,2,,2,Twitter files
2022-12-14 13:10:56,42,normal,0.7639302611,It was being censored #stopthesteal,1601820233744146432,,,2,,2,Twitter files
2022-12-14 13:10:56,44,normal,0.8117945194,I think the issue might be the weekly meetings with the FBI discussing who and what language should be banned. #StopTheSteal,1602800386414370816,,,,,0,Twitter files
2022-12-11 19:12:53,58,normal,0.802319169,Wonder if #stopthesteal is  banned?,1601768093948121089,,,,,0,Twitter files
2022-12-11 19:12:53,62,normal,0.62086761,"What hashtags were being used heavily by conservatives in Jan 2021, we know by todays drop that #stopthesteal was a big focus by the brown shirts of twit then, wonder if that # was one that got many banned.",1601812171309973506,,,1,,1,Twitter files
2022-12-12 5:05:54,17,normal,0.7639302611,It was being censored #stopthesteal,1601820233744146432,,,1,,1,Twitter files
2022-12-12 5:05:54,33,normal,0.6358023286,#StoptheSteal . Just wanted to see if this is a #bannedtwitch,1601957013449326599,,,,,0,Twitter files
2022-12-12 5:05:54,33,normal,0.6358023286,"It wasn't the Russians. It wasn't the Chinese. It wasn't malicious foreign actors. 

It was our own US Government meddling in our own US elections to help Joe Biden win. 

Let that sink in.",1601957013449326599,,,,,0,Twitter files
2022-12-12 5:05:54,50,normal,0.823207736,#stopthesteal is still hard banned from the search box type-ahead.,1601820702155460610,,,2,,2,Twitter files
2022-12-13 15:15:45,27,normal,0.6358023286,#StoptheSteal . Just wanted to see if this is a #bannedtwitch,1601957013449326599,,,,,0,Twitter files
2022-12-13 15:15:45,27,normal,0.6358023286,"It wasn't the Russians. It wasn't the Chinese. It wasn't malicious foreign actors. 

It was our own US Government meddling in our own US elections to help Joe Biden win. 

Let that sink in.",1601957013449326599,,,,,0,Twitter files
2022-12-11 21:09:55,55,normal,0.6358023286,#StoptheSteal . Just wanted to see if this is a #bannedtwitch,1601957013449326599,,,,,0,Twitter files
2022-12-11 21:09:55,55,normal,0.6358023286,"It wasn't the Russians. It wasn't the Chinese. It wasn't malicious foreign actors. 

It was our own US Government meddling in our own US elections to help Joe Biden win. 

Let that sink in.",1601957013449326599,,,,,0,Twitter files
2022-12-14 13:10:56,1,normal,0.8193851709,57. This “Freedom or Death” tweet from #StopTheSteal gadfly Mike Coudrey elicits heated reactions:,1601382372573782017,145,2381,11042,,13568,#StopTheSteal
2022-12-14 14:59:00,2,normal,0.8193851709,57. This “Freedom or Death” tweet from #StopTheSteal gadfly Mike Coudrey elicits heated reactions:,1601382372573782017,145,2380,11039,,13564,#StopTheSteal
2022-12-15 0:48:43,1,normal,0.8193851709,57. This “Freedom or Death” tweet from #StopTheSteal gadfly Mike Coudrey elicits heated reactions:,1601382372573782017,145,2380,11037,,13562,#StopTheSteal
2022-12-14 22:54:15,1,normal,0.8193851709,57. This “Freedom or Death” tweet from #StopTheSteal gadfly Mike Coudrey elicits heated reactions:,1601382372573782017,145,2380,11037,,13562,#StopTheSteal
2022-12-14 19:07:31,1,normal,0.8193851709,57. This “Freedom or Death” tweet from #StopTheSteal gadfly Mike Coudrey elicits heated reactions:,1601382372573782017,145,2378,11038,,13561,#StopTheSteal
2022-12-14 17:09:56,1,normal,0.8193851709,57. This “Freedom or Death” tweet from #StopTheSteal gadfly Mike Coudrey elicits heated reactions:,1601382372573782017,145,2379,11037,,13561,#StopTheSteal
2022-12-14 21:01:12,1,normal,0.8193851709,57. This “Freedom or Death” tweet from #StopTheSteal gadfly Mike Coudrey elicits heated reactions:,1601382372573782017,145,2378,11036,,13559,#StopTheSteal
2022-12-13 15:15:45,2,normal,0.8193851709,57. This “Freedom or Death” tweet from #StopTheSteal gadfly Mike Coudrey elicits heated reactions:,1601382372573782017,145,2378,11022,,13545,#StopTheSteal
2022-12-13 19:10:20,2,normal,0.8193851709,57. This “Freedom or Death” tweet from #StopTheSteal gadfly Mike Coudrey elicits heated reactions:,1601382372573782017,145,2378,11020,,13543,#StopTheSteal
2022-12-13 17:13:58,2,normal,0.8193851709,57. This “Freedom or Death” tweet from #StopTheSteal gadfly Mike Coudrey elicits heated reactions:,1601382372573782017,145,2378,11019,,13542,#StopTheSteal
2022-12-13 12:49:17,2,normal,0.8193851709,57. This “Freedom or Death” tweet from #StopTheSteal gadfly Mike Coudrey elicits heated reactions:,1601382372573782017,145,2376,11020,,13541,#StopTheSteal
2022-12-13 10:53:06,2,normal,0.8193851709,57. This “Freedom or Death” tweet from #StopTheSteal gadfly Mike Coudrey elicits heated reactions:,1601382372573782017,145,2373,11017,,13535,#StopTheSteal
2022-12-12 15:46:30,2,offensive,0.4659356773,"Stop acting like RINOS,and start acting like Americans,because we are watching,and we will expose and run every single one of you traitors out of office who will not stand up to the corrupt and criminal traitorous left-wing Democrats!!
#StopTheSteal #FreeTheJanuary6thPrisoners",1599128258473512962,47,364,712,,1123,#StopTheSteal
2022-12-11 23:12:29,0,offensive,0.4659356773,"Stop acting like RINOS,and start acting like Americans,because we are watching,and we will expose and run every single one of you traitors out of office who will not stand up to the corrupt and criminal traitorous left-wing Democrats!!
#StopTheSteal #FreeTheJanuary6thPrisoners",1599128258473512962,47,364,712,,1123,#StopTheSteal
2022-12-12 17:44:40,2,offensive,0.4659356773,"Stop acting like RINOS,and start acting like Americans,because we are watching,and we will expose and run every single one of you traitors out of office who will not stand up to the corrupt and criminal traitorous left-wing Democrats!!
#StopTheSteal #FreeTheJanuary6thPrisoners",1599128258473512962,47,364,712,,1123,#StopTheSteal
2022-12-12 3:07:57,0,offensive,0.4659356773,"Stop acting like RINOS,and start acting like Americans,because we are watching,and we will expose and run every single one of you traitors out of office who will not stand up to the corrupt and criminal traitorous left-wing Democrats!!
#StopTheSteal #FreeTheJanuary6thPrisoners",1599128258473512962,47,364,711,,1122,#StopTheSteal
2022-12-12 1:10:30,0,offensive,0.4659356773,"Stop acting like RINOS,and start acting like Americans,because we are watching,and we will expose and run every single one of you traitors out of office who will not stand up to the corrupt and criminal traitorous left-wing Democrats!!
#StopTheSteal #FreeTheJanuary6thPrisoners",1599128258473512962,47,364,711,,1122,#StopTheSteal
2022-12-12 9:01:18,0,offensive,0.4659356773,"Stop acting like RINOS,and start acting like Americans,because we are watching,and we will expose and run every single one of you traitors out of office who will not stand up to the corrupt and criminal traitorous left-wing Democrats!!
#StopTheSteal #FreeTheJanuary6thPrisoners",1599128258473512962,47,364,711,,1122,#StopTheSteal
2022-12-12 7:05:18,1,offensive,0.4659356773,"Stop acting like RINOS,and start acting like Americans,because we are watching,and we will expose and run every single one of you traitors out of office who will not stand up to the corrupt and criminal traitorous left-wing Democrats!!
#StopTheSteal #FreeTheJanuary6thPrisoners",1599128258473512962,47,364,711,,1122,#StopTheSteal
2022-12-12 5:05:54,2,offensive,0.4659356773,"Stop acting like RINOS,and start acting like Americans,because we are watching,and we will expose and run every single one of you traitors out of office who will not stand up to the corrupt and criminal traitorous left-wing Democrats!!
#StopTheSteal #FreeTheJanuary6thPrisoners",1599128258473512962,47,364,711,,1122,#StopTheSteal
2022-12-11 19:12:53,1,offensive,0.4659356773,"Stop acting like RINOS,and start acting like Americans,because we are watching,and we will expose and run every single one of you traitors out of office who will not stand up to the corrupt and criminal traitorous left-wing Democrats!!
#StopTheSteal #FreeTheJanuary6thPrisoners",1599128258473512962,47,364,710,,1121,#StopTheSteal
2022-12-11 21:09:55,0,offensive,0.4659356773,"Stop acting like RINOS,and start acting like Americans,because we are watching,and we will expose and run every single one of you traitors out of office who will not stand up to the corrupt and criminal traitorous left-wing Democrats!!
#StopTheSteal #FreeTheJanuary6thPrisoners",1599128258473512962,47,364,710,,1121,#StopTheSteal
2022-12-11 17:13:53,0,offensive,0.4659356773,"Stop acting like RINOS,and start acting like Americans,because we are watching,and we will expose and run every single one of you traitors out of office who will not stand up to the corrupt and criminal traitorous left-wing Democrats!!
#StopTheSteal #FreeTheJanuary6thPrisoners",1599128258473512962,47,364,709,,1120,#StopTheSteal
2022-12-11 15:08:47,0,offensive,0.4659356773,"Stop acting like RINOS,and start acting like Americans,because we are watching,and we will expose and run every single one of you traitors out of office who will not stand up to the corrupt and criminal traitorous left-wing Democrats!!
#StopTheSteal #FreeTheJanuary6thPrisoners",1599128258473512962,47,364,708,,1119,#StopTheSteal
2022-12-11 13:03:52,0,offensive,0.4659356773,"Stop acting like RINOS,and start acting like Americans,because we are watching,and we will expose and run every single one of you traitors out of office who will not stand up to the corrupt and criminal traitorous left-wing Democrats!!
#StopTheSteal #FreeTheJanuary6thPrisoners",1599128258473512962,47,364,707,,1118,#StopTheSteal
2022-12-15 0:48:43,6,normal,0.6983371377,LOL!!!! The freakin' hypocrisy. They are literally taking actions for stealing the election while calling the #StopTheSteal hashtag fake news!,1601747240137416704,14,61,360,,435,#StopTheSteal
2022-12-14 19:07:31,10,normal,0.6983371377,LOL!!!! The freakin' hypocrisy. They are literally taking actions for stealing the election while calling the #StopTheSteal hashtag fake news!,1601747240137416704,14,61,360,,435,#StopTheSteal
2022-12-14 22:54:15,7,normal,0.6983371377,LOL!!!! The freakin' hypocrisy. They are literally taking actions for stealing the election while calling the #StopTheSteal hashtag fake news!,1601747240137416704,14,61,360,,435,#StopTheSteal
2022-12-13 17:13:58,1,normal,0.7973827124,#StopTheSteal #Trump2024ToSaveAmerica from the grave robbing Democrats,1601616846146658305,10,137,258,,405,#StopTheSteal
2022-12-13 10:53:06,0,normal,0.7973827124,#StopTheSteal #Trump2024ToSaveAmerica from the grave robbing Democrats,1601616846146658305,10,137,258,,405,#StopTheSteal
2022-12-15 0:48:43,2,normal,0.7973827124,#StopTheSteal #Trump2024ToSaveAmerica from the grave robbing Democrats,1601616846146658305,10,137,258,,405,#StopTheSteal
2022-12-14 21:01:12,2,normal,0.7973827124,#StopTheSteal #Trump2024ToSaveAmerica from the grave robbing Democrats,1601616846146658305,10,137,258,,405,#StopTheSteal
2022-12-14 19:07:31,2,normal,0.7973827124,#StopTheSteal #Trump2024ToSaveAmerica from the grave robbing Democrats,1601616846146658305,10,137,258,,405,#StopTheSteal
2022-12-13 19:10:20,1,normal,0.7973827124,#StopTheSteal #Trump2024ToSaveAmerica from the grave robbing Democrats,1601616846146658305,10,137,258,,405,#StopTheSteal
2022-12-13 12:49:17,0,normal,0.7973827124,#StopTheSteal #Trump2024ToSaveAmerica from the grave robbing Democrats,1601616846146658305,10,137,258,,405,#StopTheSteal
2022-12-14 22:54:15,2,normal,0.7973827124,#StopTheSteal #Trump2024ToSaveAmerica from the grave robbing Democrats,1601616846146658305,10,137,258,,405,#StopTheSteal
2022-12-14 13:10:56,2,normal,0.7973827124,#StopTheSteal #Trump2024ToSaveAmerica from the grave robbing Democrats,1601616846146658305,10,137,258,,405,#StopTheSteal
2022-12-13 15:15:45,1,normal,0.7973827124,#StopTheSteal #Trump2024ToSaveAmerica from the grave robbing Democrats,1601616846146658305,10,137,258,,405,#StopTheSteal
2022-12-12 15:46:30,1,normal,0.7973827124,#StopTheSteal #Trump2024ToSaveAmerica from the grave robbing Democrats,1601616846146658305,10,137,254,,401,#StopTheSteal
2022-12-12 17:44:40,1,normal,0.7973827124,#StopTheSteal #Trump2024ToSaveAmerica from the grave robbing Democrats,1601616846146658305,10,137,254,,401,#StopTheSteal
2022-12-12 9:01:18,2,normal,0.7973827124,#StopTheSteal #Trump2024ToSaveAmerica from the grave robbing Democrats,1601616846146658305,10,133,247,,390,#StopTheSteal
2022-12-12 7:05:18,2,normal,0.7973827124,#StopTheSteal #Trump2024ToSaveAmerica from the grave robbing Democrats,1601616846146658305,10,133,247,,390,#StopTheSteal
2022-12-12 5:05:54,0,normal,0.7973827124,#StopTheSteal #Trump2024ToSaveAmerica from the grave robbing Democrats,1601616846146658305,10,133,247,,390,#StopTheSteal
2022-12-12 3:07:57,1,normal,0.7973827124,#StopTheSteal #Trump2024ToSaveAmerica from the grave robbing Democrats,1601616846146658305,10,131,245,,386,#StopTheSteal
2022-12-12 1:10:30,2,normal,0.7973827124,#StopTheSteal #Trump2024ToSaveAmerica from the grave robbing Democrats,1601616846146658305,10,131,244,,385,#StopTheSteal
2022-12-11 23:12:29,1,normal,0.7973827124,#StopTheSteal #Trump2024ToSaveAmerica from the grave robbing Democrats,1601616846146658305,9,130,240,,379,#StopTheSteal
2022-12-11 21:09:55,1,normal,0.7973827124,#StopTheSteal #Trump2024ToSaveAmerica from the grave robbing Democrats,1601616846146658305,8,130,237,,375,#StopTheSteal
2022-12-11 19:12:53,2,normal,0.7973827124,#StopTheSteal #Trump2024ToSaveAmerica from the grave robbing Democrats,1601616846146658305,8,130,234,,372,#StopTheSteal
2022-12-11 17:13:53,1,normal,0.7973827124,#StopTheSteal #Trump2024ToSaveAmerica from the grave robbing Democrats,1601616846146658305,8,128,232,,368,#StopTheSteal
2022-12-11 15:08:47,2,normal,0.7973827124,#StopTheSteal #Trump2024ToSaveAmerica from the grave robbing Democrats,1601616846146658305,7,127,227,,361,#StopTheSteal
2022-12-11 13:03:52,2,normal,0.7973827124,#StopTheSteal #Trump2024ToSaveAmerica from the grave robbing Democrats,1601616846146658305,7,127,223,,357,#StopTheSteal
2022-12-14 22:54:15,28,normal,0.7629672289,"If I were in NV or AZ, I’d be organizing and protesting in the streets. 

The people need to rise up and not let them steal these elections.

#MAGA where are you?

#stopthesteal",1591138828605362176,42,76,232,,350,#StopTheSteal
2022-12-14 13:10:56,73,normal,0.7629672289,"If I were in NV or AZ, I’d be organizing and protesting in the streets. 

The people need to rise up and not let them steal these elections.

#MAGA where are you?

#stopthesteal",1591138828605362176,42,76,232,,350,#StopTheSteal
2022-12-14 13:10:56,3,normal,0.7363035083,This guy was in charge of violating my civil rights. He suspended me for two years for tweeting #stopthesteal - hopefully he can get back to doing what he loves.,1602232066120237056,2,66,228,,296,#StopTheSteal
2022-12-14 13:10:56,3,normal,0.7363035083,I enjoy having the kinds of meetings where googling “gay bareback porn” is considered academic work.,1602232066120237056,2,66,228,,296,#StopTheSteal
2022-12-14 14:59:00,11,normal,0.8179118633,"In New Hampshire, the @NHDems are trying to prevent a recount in a race they won by 1 vote after Sec State discovered a discrepancy.
#StopTheSteal?",1593955903195480064,3,67,204,,274,#StopTheSteal
2022-12-14 14:59:00,11,normal,0.8179118633,"‘This Really Is Voter Suppression:’ GOP Slams Dem Lawsuit to Prevent Votes From Being Counted 

https://nhjournal.com/this-really-is-voter-suppression-gop-slams-dem-lawsuit-to-prevent-votes-from-being-counted/…
@NHGOP @NHDems #NHPolitics @NHHouseofReps",1593955903195480064,3,67,204,,274,#StopTheSteal
2022-12-15 0:48:43,11,normal,0.8179118633,"In New Hampshire, the @NHDems are trying to prevent a recount in a race they won by 1 vote after Sec State discovered a discrepancy.
#StopTheSteal?",1593955903195480064,3,67,204,,274,#StopTheSteal
2022-12-15 0:48:43,11,normal,0.8179118633,"‘This Really Is Voter Suppression:’ GOP Slams Dem Lawsuit to Prevent Votes From Being Counted 

https://nhjournal.com/this-really-is-voter-suppression-gop-slams-dem-lawsuit-to-prevent-votes-from-being-counted/…
@NHGOP @NHDems #NHPolitics @NHHouseofReps",1593955903195480064,3,67,204,,274,#StopTheSteal
2022-12-14 22:54:15,13,normal,0.8179118633,"In New Hampshire, the @NHDems are trying to prevent a recount in a race they won by 1 vote after Sec State discovered a discrepancy.
#StopTheSteal?",1593955903195480064,3,67,204,,274,#StopTheSteal
2022-12-14 22:54:15,13,normal,0.8179118633,"‘This Really Is Voter Suppression:’ GOP Slams Dem Lawsuit to Prevent Votes From Being Counted 

https://nhjournal.com/this-really-is-voter-suppression-gop-slams-dem-lawsuit-to-prevent-votes-from-being-counted/…
@NHGOP @NHDems #NHPolitics @NHHouseofReps",1593955903195480064,3,67,204,,274,#StopTheSteal
2022-12-14 13:10:56,74,normal,0.8179118633,"In New Hampshire, the @NHDems are trying to prevent a recount in a race they won by 1 vote after Sec State discovered a discrepancy.
#StopTheSteal?",1593955903195480064,3,67,204,,274,#StopTheSteal
2022-12-14 13:10:56,74,normal,0.8179118633,"‘This Really Is Voter Suppression:’ GOP Slams Dem Lawsuit to Prevent Votes From Being Counted 

https://nhjournal.com/this-really-is-voter-suppression-gop-slams-dem-lawsuit-to-prevent-votes-from-being-counted/…
@NHGOP @NHDems #NHPolitics @NHHouseofReps",1593955903195480064,3,67,204,,274,#StopTheSteal
2022-12-15 0:48:43,3,normal,0.7365041971,"Wow, first #KariLake's allegations...

Now this?

What the Hell is going on in #Maricopa 

""Complaints Emerge About Thousands of Newly Found Deactivated Voters Appearing on Voter Rolls Right Before #Arizona Republicans Lost""

https://arizonasuntimes.com/2022/12/14/complaints-emerge-about-thousands-of-newly-found-deactivated-voters-appearing-on-voter-rolls-right-before-arizona-republicans-lost/…
#Election2022
#StopTheSteal",1603030694267076609,5,64,99,,168,#StopTheSteal
2022-12-14 22:54:15,3,normal,0.7365041971,"Wow, first #KariLake's allegations...

Now this?

What the Hell is going on in #Maricopa 

""Complaints Emerge About Thousands of Newly Found Deactivated Voters Appearing on Voter Rolls Right Before #Arizona Republicans Lost""

https://arizonasuntimes.com/2022/12/14/complaints-emerge-about-thousands-of-newly-found-deactivated-voters-appearing-on-voter-rolls-right-before-arizona-republicans-lost/…
#Election2022
#StopTheSteal",1603030694267076609,5,64,97,,166,#StopTheSteal
2022-12-14 21:01:12,3,normal,0.7365041971,"Wow, first #KariLake's allegations...

Now this?

What the Hell is going on in #Maricopa 

""Complaints Emerge About Thousands of Newly Found Deactivated Voters Appearing on Voter Rolls Right Before #Arizona Republicans Lost""

https://arizonasuntimes.com/2022/12/14/complaints-emerge-about-thousands-of-newly-found-deactivated-voters-appearing-on-voter-rolls-right-before-arizona-republicans-lost/…
#Election2022
#StopTheSteal",1603030694267076609,5,61,93,,159,#StopTheSteal
2022-12-14 17:09:56,2,normal,0.7365041971,"Wow, first #KariLake's allegations...

Now this?

What the Hell is going on in #Maricopa 

""Complaints Emerge About Thousands of Newly Found Deactivated Voters Appearing on Voter Rolls Right Before #Arizona Republicans Lost""

https://arizonasuntimes.com/2022/12/14/complaints-emerge-about-thousands-of-newly-found-deactivated-voters-appearing-on-voter-rolls-right-before-arizona-republicans-lost/…
#Election2022
#StopTheSteal",1603030694267076609,4,56,87,,147,#StopTheSteal
2022-12-14 14:59:00,19,normal,0.7307657003,A good trending hashtag for a movement against inflation might be #stopthesteal.,1602661132614995969,8,13,107,,128,#StopTheSteal
2022-12-15 0:48:43,19,normal,0.7307657003,A good trending hashtag for a movement against inflation might be #stopthesteal.,1602661132614995969,8,13,107,,128,#StopTheSteal
2022-12-14 19:07:31,23,normal,0.7307657003,A good trending hashtag for a movement against inflation might be #stopthesteal.,1602661132614995969,8,13,107,,128,#StopTheSteal
2022-12-14 14:59:00,1,normal,0.7365041971,"Wow, first #KariLake's allegations...

Now this?

What the Hell is going on in #Maricopa 

""Complaints Emerge About Thousands of Newly Found Deactivated Voters Appearing on Voter Rolls Right Before #Arizona Republicans Lost""

https://arizonasuntimes.com/2022/12/14/complaints-emerge-about-thousands-of-newly-found-deactivated-voters-appearing-on-voter-rolls-right-before-arizona-republicans-lost/…
#Election2022
#StopTheSteal",1603030694267076609,1,43,75,,119,#StopTheSteal
2022-12-14 21:01:12,6,normal,0.6524834037,The far left is coming back to Missouri with the scam of #RankedChoiceVoting! Same scheme that elected RINO Lisa Murkowski in Alaska. #moleg #NoRankedChoiceVoting #StopTheSteal #ElectionIntegrity,1602696363967397890,40,30,35,,105,#StopTheSteal
2022-12-14 19:07:31,7,normal,0.6524834037,The far left is coming back to Missouri with the scam of #RankedChoiceVoting! Same scheme that elected RINO Lisa Murkowski in Alaska. #moleg #NoRankedChoiceVoting #StopTheSteal #ElectionIntegrity,1602696363967397890,40,30,35,,105,#StopTheSteal
2022-12-14 17:09:56,4,normal,0.6524834037,The far left is coming back to Missouri with the scam of #RankedChoiceVoting! Same scheme that elected RINO Lisa Murkowski in Alaska. #moleg #NoRankedChoiceVoting #StopTheSteal #ElectionIntegrity,1602696363967397890,40,29,35,,104,#StopTheSteal
2022-12-14 14:59:00,7,normal,0.6524834037,The far left is coming back to Missouri with the scam of #RankedChoiceVoting! Same scheme that elected RINO Lisa Murkowski in Alaska. #moleg #NoRankedChoiceVoting #StopTheSteal #ElectionIntegrity,1602696363967397890,39,29,33,,101,#StopTheSteal
2022-12-14 14:59:00,65,normal,0.6243109703,So they attacked #StopTheSteal to stop the truth from getting to the normies.,1601746719431004160,1,12,81,,94,#StopTheSteal
2022-12-12 17:44:40,5,normal,0.6243109703,So they attacked #StopTheSteal to stop the truth from getting to the normies.,1601746719431004160,1,12,81,,94,#StopTheSteal
2022-12-13 15:15:45,5,normal,0.6243109703,So they attacked #StopTheSteal to stop the truth from getting to the normies.,1601746719431004160,1,12,81,,94,#StopTheSteal
2022-12-11 15:08:47,7,normal,0.6243109703,So they attacked #StopTheSteal to stop the truth from getting to the normies.,1601746719431004160,1,12,80,,93,#StopTheSteal
2022-12-11 17:13:53,4,normal,0.6243109703,So they attacked #StopTheSteal to stop the truth from getting to the normies.,1601746719431004160,1,12,80,,93,#StopTheSteal
2022-12-11 21:09:55,3,normal,0.6243109703,So they attacked #StopTheSteal to stop the truth from getting to the normies.,1601746719431004160,1,12,80,,93,#StopTheSteal
2022-12-11 13:03:52,7,normal,0.6243109703,So they attacked #StopTheSteal to stop the truth from getting to the normies.,1601746719431004160,1,12,79,,92,#StopTheSteal
2022-12-14 17:09:56,3,normal,0.7989449501,"The Dutch did not “lose”. They got stolen. 

#StopTheSteal #BoycotMessi",1601492106534846464,17,7,36,,60,#StopTheSteal
2022-12-14 22:54:15,4,normal,0.7989449501,"The Dutch did not “lose”. They got stolen. 

#StopTheSteal #BoycotMessi",1601492106534846464,17,7,36,,60,#StopTheSteal
2022-12-14 13:10:56,4,normal,0.7989449501,"The Dutch did not “lose”. They got stolen. 

#StopTheSteal #BoycotMessi",1601492106534846464,17,7,36,,60,#StopTheSteal
2022-12-12 5:05:54,4,normal,0.8242719173,Join us on Tuesday to #StopTheSteal. The voters in AD49 elected Lester Chang. @NYSA_Majority is threatening to not seat an assembly member AFTER he wins the election. #ElectionDeniers,1599057227511320576,2,19,35,,56,#StopTheSteal
2022-12-11 15:08:47,8,normal,0.8242719173,Join us on Tuesday to #StopTheSteal. The voters in AD49 elected Lester Chang. @NYSA_Majority is threatening to not seat an assembly member AFTER he wins the election. #ElectionDeniers,1599057227511320576,2,19,34,,55,#StopTheSteal
2022-12-11 23:12:29,3,normal,0.8242719173,Join us on Tuesday to #StopTheSteal. The voters in AD49 elected Lester Chang. @NYSA_Majority is threatening to not seat an assembly member AFTER he wins the election. #ElectionDeniers,1599057227511320576,2,19,34,,55,#StopTheSteal
2022-12-11 13:03:52,8,normal,0.8242719173,Join us on Tuesday to #StopTheSteal. The voters in AD49 elected Lester Chang. @NYSA_Majority is threatening to not seat an assembly member AFTER he wins the election. #ElectionDeniers,1599057227511320576,2,19,34,,55,#StopTheSteal
2022-12-11 17:13:53,6,normal,0.8242719173,Join us on Tuesday to #StopTheSteal. The voters in AD49 elected Lester Chang. @NYSA_Majority is threatening to not seat an assembly member AFTER he wins the election. #ElectionDeniers,1599057227511320576,2,19,34,,55,#StopTheSteal
2022-12-11 19:12:53,9,normal,0.8242719173,Join us on Tuesday to #StopTheSteal. The voters in AD49 elected Lester Chang. @NYSA_Majority is threatening to not seat an assembly member AFTER he wins the election. #ElectionDeniers,1599057227511320576,2,19,34,,55,#StopTheSteal
2022-12-11 21:09:55,9,normal,0.8242719173,Join us on Tuesday to #StopTheSteal. The voters in AD49 elected Lester Chang. @NYSA_Majority is threatening to not seat an assembly member AFTER he wins the election. #ElectionDeniers,1599057227511320576,2,19,34,,55,#StopTheSteal
2022-12-12 15:46:30,4,normal,0.7989449501,"The Dutch did not “lose”. They got stolen. 

#StopTheSteal #BoycotMessi",1601492106534846464,14,4,32,,50,#StopTheSteal
2022-12-12 9:01:18,5,normal,0.7989449501,"The Dutch did not “lose”. They got stolen. 

#StopTheSteal #BoycotMessi",1601492106534846464,14,4,32,,50,#StopTheSteal
2022-12-12 7:05:18,4,normal,0.7989449501,"The Dutch did not “lose”. They got stolen. 

#StopTheSteal #BoycotMessi",1601492106534846464,14,4,32,,50,#StopTheSteal
2022-12-12 5:05:54,5,normal,0.7989449501,"The Dutch did not “lose”. They got stolen. 

#StopTheSteal #BoycotMessi",1601492106534846464,14,4,32,,50,#StopTheSteal
2022-12-15 0:48:43,16,normal,0.772316277,The votes are in! Election security is pretty lax. #stopthesteal,1603125425277992961,8,2,37,,47,#StopTheSteal
2022-12-12 15:46:30,14,normal,0.7391853333,"Reminder Vouchers by any other name are still vouchers--a disbursement of public dollars for private schools that destabilize public education. Don't be duped by IL's Invest in Kids tax credit ""scholarships"". 

#StopTheSteal
#SunsetInvestInKids
#GameOverILVouchers",1601276951863656449,,16,30,,46,#StopTheSteal
2022-12-12 15:46:30,14,normal,0.7391853333,"Vouchers win opinion polls if they disguise their name as “scholarships.” When they are tested at voting booth and are correctly identified as VOUCHERS for religious and private schools, they lose every time. Beware voucher fraud! http://spectrumnews1.com/ky/louisville/politics/2018/11/16/new-poll-examines-scholarship-tax-credit-support…",1601276951863656449,,16,30,,46,#StopTheSteal
2022-12-11 23:12:29,18,normal,0.7391853333,"Reminder Vouchers by any other name are still vouchers--a disbursement of public dollars for private schools that destabilize public education. Don't be duped by IL's Invest in Kids tax credit ""scholarships"". 

#StopTheSteal
#SunsetInvestInKids
#GameOverILVouchers",1601276951863656449,,16,30,,46,#StopTheSteal
2022-12-11 23:12:29,18,normal,0.7391853333,"Vouchers win opinion polls if they disguise their name as “scholarships.” When they are tested at voting booth and are correctly identified as VOUCHERS for religious and private schools, they lose every time. Beware voucher fraud! http://spectrumnews1.com/ky/louisville/politics/2018/11/16/new-poll-examines-scholarship-tax-credit-support…",1601276951863656449,,16,30,,46,#StopTheSteal
2022-12-14 21:01:12,24,normal,0.7391853333,"Reminder Vouchers by any other name are still vouchers--a disbursement of public dollars for private schools that destabilize public education. Don't be duped by IL's Invest in Kids tax credit ""scholarships"". 

#StopTheSteal
#SunsetInvestInKids
#GameOverILVouchers",1601276951863656449,,16,30,,46,#StopTheSteal
2022-12-14 21:01:12,24,normal,0.7391853333,"Vouchers win opinion polls if they disguise their name as “scholarships.” When they are tested at voting booth and are correctly identified as VOUCHERS for religious and private schools, they lose every time. Beware voucher fraud! http://spectrumnews1.com/ky/louisville/politics/2018/11/16/new-poll-examines-scholarship-tax-credit-support…",1601276951863656449,,16,30,,46,#StopTheSteal
2022-12-12 7:05:18,19,normal,0.7391853333,"Reminder Vouchers by any other name are still vouchers--a disbursement of public dollars for private schools that destabilize public education. Don't be duped by IL's Invest in Kids tax credit ""scholarships"". 

#StopTheSteal
#SunsetInvestInKids
#GameOverILVouchers",1601276951863656449,,16,30,,46,#StopTheSteal
2022-12-12 7:05:18,19,normal,0.7391853333,"Vouchers win opinion polls if they disguise their name as “scholarships.” When they are tested at voting booth and are correctly identified as VOUCHERS for religious and private schools, they lose every time. Beware voucher fraud! http://spectrumnews1.com/ky/louisville/politics/2018/11/16/new-poll-examines-scholarship-tax-credit-support…",1601276951863656449,,16,30,,46,#StopTheSteal
2022-12-12 17:44:40,28,normal,0.7391853333,"Reminder Vouchers by any other name are still vouchers--a disbursement of public dollars for private schools that destabilize public education. Don't be duped by IL's Invest in Kids tax credit ""scholarships"". 

#StopTheSteal
#SunsetInvestInKids
#GameOverILVouchers",1601276951863656449,,16,30,,46,#StopTheSteal
2022-12-12 17:44:40,28,normal,0.7391853333,"Vouchers win opinion polls if they disguise their name as “scholarships.” When they are tested at voting booth and are correctly identified as VOUCHERS for religious and private schools, they lose every time. Beware voucher fraud! http://spectrumnews1.com/ky/louisville/politics/2018/11/16/new-poll-examines-scholarship-tax-credit-support…",1601276951863656449,,16,30,,46,#StopTheSteal
2022-12-14 19:07:31,29,normal,0.7391853333,"Reminder Vouchers by any other name are still vouchers--a disbursement of public dollars for private schools that destabilize public education. Don't be duped by IL's Invest in Kids tax credit ""scholarships"". 

#StopTheSteal
#SunsetInvestInKids
#GameOverILVouchers",1601276951863656449,,16,30,,46,#StopTheSteal
2022-12-14 19:07:31,29,normal,0.7391853333,"Vouchers win opinion polls if they disguise their name as “scholarships.” When they are tested at voting booth and are correctly identified as VOUCHERS for religious and private schools, they lose every time. Beware voucher fraud! http://spectrumnews1.com/ky/louisville/politics/2018/11/16/new-poll-examines-scholarship-tax-credit-support…",1601276951863656449,,16,30,,46,#StopTheSteal
2022-12-14 22:54:15,47,normal,0.7391853333,"Reminder Vouchers by any other name are still vouchers--a disbursement of public dollars for private schools that destabilize public education. Don't be duped by IL's Invest in Kids tax credit ""scholarships"". 

#StopTheSteal
#SunsetInvestInKids
#GameOverILVouchers",1601276951863656449,,16,30,,46,#StopTheSteal
2022-12-14 22:54:15,47,normal,0.7391853333,"Vouchers win opinion polls if they disguise their name as “scholarships.” When they are tested at voting booth and are correctly identified as VOUCHERS for religious and private schools, they lose every time. Beware voucher fraud! http://spectrumnews1.com/ky/louisville/politics/2018/11/16/new-poll-examines-scholarship-tax-credit-support…",1601276951863656449,,16,30,,46,#StopTheSteal
2022-12-14 13:10:56,24,normal,0.7391853333,"Reminder Vouchers by any other name are still vouchers--a disbursement of public dollars for private schools that destabilize public education. Don't be duped by IL's Invest in Kids tax credit ""scholarships"". 

#StopTheSteal
#SunsetInvestInKids
#GameOverILVouchers",1601276951863656449,,16,30,,46,#StopTheSteal
2022-12-14 13:10:56,24,normal,0.7391853333,"Vouchers win opinion polls if they disguise their name as “scholarships.” When they are tested at voting booth and are correctly identified as VOUCHERS for religious and private schools, they lose every time. Beware voucher fraud! http://spectrumnews1.com/ky/louisville/politics/2018/11/16/new-poll-examines-scholarship-tax-credit-support…",1601276951863656449,,16,30,,46,#StopTheSteal
2022-12-11 21:09:55,21,normal,0.7391853333,"Reminder Vouchers by any other name are still vouchers--a disbursement of public dollars for private schools that destabilize public education. Don't be duped by IL's Invest in Kids tax credit ""scholarships"". 

#StopTheSteal
#SunsetInvestInKids
#GameOverILVouchers",1601276951863656449,,16,30,,46,#StopTheSteal
2022-12-11 21:09:55,21,normal,0.7391853333,"Vouchers win opinion polls if they disguise their name as “scholarships.” When they are tested at voting booth and are correctly identified as VOUCHERS for religious and private schools, they lose every time. Beware voucher fraud! http://spectrumnews1.com/ky/louisville/politics/2018/11/16/new-poll-examines-scholarship-tax-credit-support…",1601276951863656449,,16,30,,46,#StopTheSteal
2022-12-12 1:10:30,3,normal,0.8145087957,". #T4MAGA2 #A12032 
WatchThis
 
 MustVote4 @HerschelWalker 
 
#StopTheSteal #GASenateRunoff
#Dec6GAForHerschel
#RunFightWin #RunoffGA",1599061112065966080,3,18,16,,37,#StopTheSteal
2022-12-12 15:46:30,7,normal,0.8145087957,". #T4MAGA2 #A12032 
WatchThis
 
 MustVote4 @HerschelWalker 
 
#StopTheSteal #GASenateRunoff
#Dec6GAForHerschel
#RunFightWin #RunoffGA",1599061112065966080,3,18,16,,37,#StopTheSteal
2022-12-11 23:12:29,6,normal,0.8145087957,". #T4MAGA2 #A12032 
WatchThis
 
 MustVote4 @HerschelWalker 
 
#StopTheSteal #GASenateRunoff
#Dec6GAForHerschel
#RunFightWin #RunoffGA",1599061112065966080,3,18,16,,37,#StopTheSteal
2022-12-11 13:03:52,9,normal,0.8145087957,". #T4MAGA2 #A12032 
WatchThis
 
 MustVote4 @HerschelWalker 
 
#StopTheSteal #GASenateRunoff
#Dec6GAForHerschel
#RunFightWin #RunoffGA",1599061112065966080,3,18,16,,37,#StopTheSteal
2022-12-12 7:05:18,8,normal,0.8145087957,". #T4MAGA2 #A12032 
WatchThis
 
 MustVote4 @HerschelWalker 
 
#StopTheSteal #GASenateRunoff
#Dec6GAForHerschel
#RunFightWin #RunoffGA",1599061112065966080,3,18,16,,37,#StopTheSteal
2022-12-12 5:05:54,7,normal,0.8145087957,". #T4MAGA2 #A12032 
WatchThis
 
 MustVote4 @HerschelWalker 
 
#StopTheSteal #GASenateRunoff
#Dec6GAForHerschel
#RunFightWin #RunoffGA",1599061112065966080,3,18,16,,37,#StopTheSteal
2022-12-14 14:59:00,59,normal,0.8028787374,"The thing about the right-wing news ecosystem is that you don't have to do any reporting, reveal any facts or even have a plausible story. You just have to make it *look* like a bombshell.",1599200937733632001,1,5,28,,34,#StopTheSteal
2022-12-13 10:53:06,37,normal,0.8028787374,"The thing about the right-wing news ecosystem is that you don't have to do any reporting, reveal any facts or even have a plausible story. You just have to make it *look* like a bombshell.",1599200937733632001,1,5,28,,34,#StopTheSteal
2022-12-13 10:53:06,40,normal,0.8028787374,"The thing about the right-wing news ecosystem is that you don't have to do any reporting, reveal any facts or even have a plausible story. You just have to make it *look* like a bombshell.",1599200937733632001,1,5,28,,34,#StopTheSteal
2022-12-15 0:48:43,9,offensive,0.5872564912,Desperate Zanu pf morons (Zicosu) have rigged the online election at buse after realizing that they are no longer wanted by the students of Zimbabwe. Many students were shocked to realize that the system had voted for them before they cast their vote #Stopthesteal,1595065752507252736,3,6,25,,34,#StopTheSteal
2022-12-15 0:48:43,34,normal,0.8028787374,"The thing about the right-wing news ecosystem is that you don't have to do any reporting, reveal any facts or even have a plausible story. You just have to make it *look* like a bombshell.",1599200937733632001,1,5,28,,34,#StopTheSteal
2022-12-12 17:44:40,35,normal,0.8028787374,"The thing about the right-wing news ecosystem is that you don't have to do any reporting, reveal any facts or even have a plausible story. You just have to make it *look* like a bombshell.",1599200937733632001,1,5,28,,34,#StopTheSteal
2022-12-11 17:13:53,22,offensive,0.5872564912,Desperate Zanu pf morons (Zicosu) have rigged the online election at buse after realizing that they are no longer wanted by the students of Zimbabwe. Many students were shocked to realize that the system had voted for them before they cast their vote #Stopthesteal,1595065752507252736,3,6,25,,34,#StopTheSteal
2022-12-14 19:07:31,71,normal,0.8028787374,"The thing about the right-wing news ecosystem is that you don't have to do any reporting, reveal any facts or even have a plausible story. You just have to make it *look* like a bombshell.",1599200937733632001,1,5,28,,34,#StopTheSteal
2022-12-14 17:09:56,64,normal,0.8028787374,"The thing about the right-wing news ecosystem is that you don't have to do any reporting, reveal any facts or even have a plausible story. You just have to make it *look* like a bombshell.",1599200937733632001,1,5,28,,34,#StopTheSteal
2022-12-14 17:09:56,81,offensive,0.5872564912,Desperate Zanu pf morons (Zicosu) have rigged the online election at buse after realizing that they are no longer wanted by the students of Zimbabwe. Many students were shocked to realize that the system had voted for them before they cast their vote #Stopthesteal,1595065752507252736,3,6,25,,34,#StopTheSteal
2022-12-14 22:54:15,9,offensive,0.5872564912,Desperate Zanu pf morons (Zicosu) have rigged the online election at buse after realizing that they are no longer wanted by the students of Zimbabwe. Many students were shocked to realize that the system had voted for them before they cast their vote #Stopthesteal,1595065752507252736,3,6,25,,34,#StopTheSteal
2022-12-14 22:54:15,59,normal,0.8028787374,"The thing about the right-wing news ecosystem is that you don't have to do any reporting, reveal any facts or even have a plausible story. You just have to make it *look* like a bombshell.",1599200937733632001,1,5,28,,34,#StopTheSteal
2022-12-14 13:10:56,50,normal,0.8028787374,"The thing about the right-wing news ecosystem is that you don't have to do any reporting, reveal any facts or even have a plausible story. You just have to make it *look* like a bombshell.",1599200937733632001,1,5,28,,34,#StopTheSteal
2022-12-14 13:10:56,53,normal,0.8028787374,"The thing about the right-wing news ecosystem is that you don't have to do any reporting, reveal any facts or even have a plausible story. You just have to make it *look* like a bombshell.",1599200937733632001,1,5,28,,34,#StopTheSteal
2022-12-14 17:09:56,79,normal,0.8383840919,"This is why I think everyone elected to public office should have to disclose their tax returns every year, from one year before taking office, until one year after leaving office. #stopthesteal",1595475357074956290,3,6,24,,33,#StopTheSteal
2022-12-13 10:53:06,29,normal,0.7848998904,"By the end of Dec, the Guo media network was actively promoting Jan 6th rally, as well as using hashtags such as #StopTheSteal & #TakeDownTheCCP
During the rally & subsequent attack, the network promoted multiple livestreams on GTV & shared videos supporting “patriots'' involved.",1602074225996709894,2,6,19,,27,#StopTheSteal
2022-12-15 0:48:43,21,normal,0.7131910324,#StopTheSteal,1601644593228832770,,10,17,,27,#StopTheSteal
2022-12-15 0:48:43,21,normal,0.7131910324,Kari Lake Files Lawsuit Loaded with Evidence Contesting Election Results - The Arizona Sun Times https://arizonasuntimes.com/2022/12/10/kari-lake-files-lawsuit-loaded-with-evidence-contesting-election-results/…,1601644593228832770,,10,17,,27,#StopTheSteal
2022-12-15 0:48:43,30,normal,0.7848998904,"By the end of Dec, the Guo media network was actively promoting Jan 6th rally, as well as using hashtags such as #StopTheSteal & #TakeDownTheCCP
During the rally & subsequent attack, the network promoted multiple livestreams on GTV & shared videos supporting “patriots'' involved.",1602074225996709894,2,6,19,,27,#StopTheSteal
2022-12-12 17:44:40,23,normal,0.7848998904,"By the end of Dec, the Guo media network was actively promoting Jan 6th rally, as well as using hashtags such as #StopTheSteal & #TakeDownTheCCP
During the rally & subsequent attack, the network promoted multiple livestreams on GTV & shared videos supporting “patriots'' involved.",1602074225996709894,2,6,19,,27,#StopTheSteal
2022-12-14 19:07:31,11,normal,0.7131910324,#StopTheSteal,1601644593228832770,,10,17,,27,#StopTheSteal
2022-12-14 19:07:31,11,normal,0.7131910324,Kari Lake Files Lawsuit Loaded with Evidence Contesting Election Results - The Arizona Sun Times https://arizonasuntimes.com/2022/12/10/kari-lake-files-lawsuit-loaded-with-evidence-contesting-election-results/…,1601644593228832770,,10,17,,27,#StopTheSteal
2022-12-14 22:54:15,26,normal,0.7848998904,"By the end of Dec, the Guo media network was actively promoting Jan 6th rally, as well as using hashtags such as #StopTheSteal & #TakeDownTheCCP
During the rally & subsequent attack, the network promoted multiple livestreams on GTV & shared videos supporting “patriots'' involved.",1602074225996709894,2,6,19,,27,#StopTheSteal
2022-12-14 19:07:31,27,normal,0.7131910324,#StopTheSteal,1602054324615798785,1,3,22,,26,#StopTheSteal
2022-12-14 17:09:56,25,normal,0.7131910324,#StopTheSteal,1602054324615798785,1,3,22,,26,#StopTheSteal
2022-12-13 15:15:45,9,normal,0.7131910324,#StopTheSteal,1602054324615798785,1,3,22,,26,#StopTheSteal
2022-12-12 15:46:30,26,normal,0.7458996773,Of course Sonic lost Player’s Voice after taking the robot votes out. DO YOU NOT UNDERSTAND SONIC?!?!? Doctor Robotnik is a robot maker man. OF COURSE he gets the robot vote. #StopTheSteal #TheGameAwards,1601058745798180865,1,2,22,,25,#StopTheSteal
2022-12-11 17:13:53,27,normal,0.7458996773,Of course Sonic lost Player’s Voice after taking the robot votes out. DO YOU NOT UNDERSTAND SONIC?!?!? Doctor Robotnik is a robot maker man. OF COURSE he gets the robot vote. #StopTheSteal #TheGameAwards,1601058745798180865,1,2,22,,25,#StopTheSteal
2022-12-14 22:54:15,33,normal,0.7681604028,"Would be awesome if he had on #stopthesteal founder, @ali alexander. 

Not sure why Timcast hasn’t done this yet since it would get a lot of attention. 

If you could invite him, it be great. Thank you, @CassandraRules.",1596613533470314496,2,4,19,,25,#StopTheSteal
2022-12-14 13:10:56,26,normal,0.7681604028,"Would be awesome if he had on #stopthesteal founder, @ali alexander. 

Not sure why Timcast hasn’t done this yet since it would get a lot of attention. 

If you could invite him, it be great. Thank you, @CassandraRules.",1596613533470314496,2,4,19,,25,#StopTheSteal
2022-12-11 19:12:53,24,normal,0.7458996773,Of course Sonic lost Player’s Voice after taking the robot votes out. DO YOU NOT UNDERSTAND SONIC?!?!? Doctor Robotnik is a robot maker man. OF COURSE he gets the robot vote. #StopTheSteal #TheGameAwards,1601058745798180865,1,2,22,,25,#StopTheSteal
2022-12-11 21:09:55,19,normal,0.7458996773,Of course Sonic lost Player’s Voice after taking the robot votes out. DO YOU NOT UNDERSTAND SONIC?!?!? Doctor Robotnik is a robot maker man. OF COURSE he gets the robot vote. #StopTheSteal #TheGameAwards,1601058745798180865,1,2,22,,25,#StopTheSteal
2022-12-14 14:59:00,4,normal,0.7765061259,"American citizens gathered together peacefully on Jan 6th 2020 to protest what we all knew was a fictitious fraudulent election & hoped they could #StopTheSteal of our Freedom,Liberty, & Constitutional right to a Free & Fair election. We did not need DJT to tell us it was stolen.",1602419513865211923,3,8,12,,23,#StopTheSteal
2022-12-14 14:59:00,52,normal,0.8067480922,"Never forget what happened one during a mostly event, that lasted roughly  hours.

Most attendees went home to  with No interest or capability to overturn Government.

They were protesting a rigged 2020 election and now we know they were right. #StopTheSteal",1601925379291320320,2,2,19,,23,#StopTheSteal
2022-12-12 15:46:30,10,normal,0.7842777967,"One month from today, on January 6th, we must all make our voices heard at the lodge (which I'm told is a few miles north of York) in a protest we are calling #StoptheSteal",1600217588973215746,,,23,,23,#StopTheSteal
2022-12-13 17:13:58,23,normal,0.8067480922,"Never forget what happened one during a mostly event, that lasted roughly  hours.

Most attendees went home to  with No interest or capability to overturn Government.

They were protesting a rigged 2020 election and now we know they were right. #StopTheSteal",1601925379291320320,2,2,19,,23,#StopTheSteal
2022-12-13 10:53:06,17,normal,0.7842777967,"One month from today, on January 6th, we must all make our voices heard at the lodge (which I'm told is a few miles north of York) in a protest we are calling #StoptheSteal",1600217588973215746,,,23,,23,#StopTheSteal
2022-12-12 9:01:18,14,normal,0.7842777967,"One month from today, on January 6th, we must all make our voices heard at the lodge (which I'm told is a few miles north of York) in a protest we are calling #StoptheSteal",1600217588973215746,,,23,,23,#StopTheSteal
2022-12-14 21:01:12,32,normal,0.7842777967,"One month from today, on January 6th, we must all make our voices heard at the lodge (which I'm told is a few miles north of York) in a protest we are calling #StoptheSteal",1600217588973215746,,,23,,23,#StopTheSteal
2022-12-12 7:05:18,9,normal,0.7842777967,"One month from today, on January 6th, we must all make our voices heard at the lodge (which I'm told is a few miles north of York) in a protest we are calling #StoptheSteal",1600217588973215746,,,23,,23,#StopTheSteal
2022-12-12 17:44:40,16,normal,0.7842777967,"One month from today, on January 6th, we must all make our voices heard at the lodge (which I'm told is a few miles north of York) in a protest we are calling #StoptheSteal",1600217588973215746,,,23,,23,#StopTheSteal
2022-12-14 19:07:31,3,normal,0.7765061259,"American citizens gathered together peacefully on Jan 6th 2020 to protest what we all knew was a fictitious fraudulent election & hoped they could #StopTheSteal of our Freedom,Liberty, & Constitutional right to a Free & Fair election. We did not need DJT to tell us it was stolen.",1602419513865211923,3,8,12,,23,#StopTheSteal
2022-12-14 19:07:31,31,normal,0.8067480922,"Never forget what happened one during a mostly event, that lasted roughly  hours.

Most attendees went home to  with No interest or capability to overturn Government.

They were protesting a rigged 2020 election and now we know they were right. #StopTheSteal",1601925379291320320,2,2,19,,23,#StopTheSteal
2022-12-14 19:07:31,36,normal,0.7842777967,"One month from today, on January 6th, we must all make our voices heard at the lodge (which I'm told is a few miles north of York) in a protest we are calling #StoptheSteal",1600217588973215746,,,23,,23,#StopTheSteal
2022-12-14 19:07:31,63,normal,0.7088406086,"Yes. @MarioNawfal, have @ali alexander on since he’s the founder of #stopthesteal.",1602397615358103552,5,2,16,,23,#StopTheSteal
2022-12-13 12:49:17,12,normal,0.7842777967,"One month from today, on January 6th, we must all make our voices heard at the lodge (which I'm told is a few miles north of York) in a protest we are calling #StoptheSteal",1600217588973215746,,,23,,23,#StopTheSteal
2022-12-14 17:09:56,26,normal,0.8067480922,"Never forget what happened one during a mostly event, that lasted roughly  hours.

Most attendees went home to  with No interest or capability to overturn Government.

They were protesting a rigged 2020 election and now we know they were right. #StopTheSteal",1601925379291320320,2,2,19,,23,#StopTheSteal
2022-12-14 17:09:56,52,normal,0.7088406086,"Yes. @MarioNawfal, have @ali alexander on since he’s the founder of #stopthesteal.",1602397615358103552,5,2,16,,23,#StopTheSteal
2022-12-14 22:54:15,5,normal,0.7765061259,"American citizens gathered together peacefully on Jan 6th 2020 to protest what we all knew was a fictitious fraudulent election & hoped they could #StopTheSteal of our Freedom,Liberty, & Constitutional right to a Free & Fair election. We did not need DJT to tell us it was stolen.",1602419513865211923,3,8,12,,23,#StopTheSteal
2022-12-14 13:10:56,60,normal,0.8067480922,"Never forget what happened one during a mostly event, that lasted roughly  hours.

Most attendees went home to  with No interest or capability to overturn Government.

They were protesting a rigged 2020 election and now we know they were right. #StopTheSteal",1601925379291320320,2,2,19,,23,#StopTheSteal
2022-12-14 13:10:56,59,normal,0.7088406086,"Yes. @MarioNawfal, have @ali alexander on since he’s the founder of #stopthesteal.",1602397615358103552,5,2,15,,22,#StopTheSteal
2022-12-13 10:53:06,16,normal,0.8067480922,"Never forget what happened one during a mostly event, that lasted roughly  hours.

Most attendees went home to  with No interest or capability to overturn Government.

They were protesting a rigged 2020 election and now we know they were right. #StopTheSteal",1601925379291320320,2,2,17,,21,#StopTheSteal
2022-12-13 12:49:17,22,normal,0.8067480922,"Never forget what happened one during a mostly event, that lasted roughly  hours.

Most attendees went home to  with No interest or capability to overturn Government.

They were protesting a rigged 2020 election and now we know they were right. #StopTheSteal",1601925379291320320,2,2,17,,21,#StopTheSteal
2022-12-14 17:09:56,77,normal,0.743991673,"Clear favoritism from @APS_DPOLY for their DARLING candidate @lilianabellof 

Let's show them that we won't stand for this blatant #corruption #stopthesteal 
VOTE PIERRE KAWAK for early career member. Let's shake things up in DC #Covfefe",1592345608001835008,2,2,14,,18,#StopTheSteal
2022-12-14 13:10:56,68,normal,0.743991673,"Clear favoritism from @APS_DPOLY for their DARLING candidate @lilianabellof 

Let's show them that we won't stand for this blatant #corruption #stopthesteal 
VOTE PIERRE KAWAK for early career member. Let's shake things up in DC #Covfefe",1592345608001835008,2,2,14,,18,#StopTheSteal
2022-12-14 13:10:56,70,normal,0.743991673,"Clear favoritism from @APS_DPOLY for their DARLING candidate @lilianabellof 

Let's show them that we won't stand for this blatant #corruption #stopthesteal 
VOTE PIERRE KAWAK for early career member. Let's shake things up in DC #Covfefe",1592345608001835008,2,2,14,,18,#StopTheSteal
2022-12-12 9:01:18,8,normal,0.8067480922,"Never forget what happened one during a mostly event, that lasted roughly  hours.

Most attendees went home to  with No interest or capability to overturn Government.

They were protesting a rigged 2020 election and now we know they were right. #StopTheSteal",1601925379291320320,2,2,13,,17,#StopTheSteal
2022-12-12 9:01:18,16,normal,0.7776936889,"Facts. This is a personal attack and I will be in contact with my lawyers

#eldenring #gameawards #stopthesteal",1601070434904334337,4,1,12,,17,#StopTheSteal
2022-12-12 9:01:18,16,normal,0.7776936889,They gave Elden Win the award just to spite Lucas. Salty as hell.,1601070434904334337,4,1,12,,17,#StopTheSteal
2022-12-15 0:48:43,12,normal,0.7776936889,"Facts. This is a personal attack and I will be in contact with my lawyers

#eldenring #gameawards #stopthesteal",1601070434904334337,4,1,12,,17,#StopTheSteal
2022-12-15 0:48:43,12,normal,0.7776936889,They gave Elden Win the award just to spite Lucas. Salty as hell.,1601070434904334337,4,1,12,,17,#StopTheSteal
2022-12-14 21:01:12,33,normal,0.7776936889,"Facts. This is a personal attack and I will be in contact with my lawyers

#eldenring #gameawards #stopthesteal",1601070434904334337,4,1,12,,17,#StopTheSteal
2022-12-14 21:01:12,33,normal,0.7776936889,They gave Elden Win the award just to spite Lucas. Salty as hell.,1601070434904334337,4,1,12,,17,#StopTheSteal
2022-12-12 7:05:18,15,normal,0.7776936889,"Facts. This is a personal attack and I will be in contact with my lawyers

#eldenring #gameawards #stopthesteal",1601070434904334337,4,1,12,,17,#StopTheSteal
2022-12-12 7:05:18,15,normal,0.7776936889,They gave Elden Win the award just to spite Lucas. Salty as hell.,1601070434904334337,4,1,12,,17,#StopTheSteal
2022-12-14 19:07:31,38,normal,0.7776936889,"Facts. This is a personal attack and I will be in contact with my lawyers

#eldenring #gameawards #stopthesteal",1601070434904334337,4,1,12,,17,#StopTheSteal
2022-12-14 19:07:31,38,normal,0.7776936889,They gave Elden Win the award just to spite Lucas. Salty as hell.,1601070434904334337,4,1,12,,17,#StopTheSteal
2022-12-13 19:10:20,15,normal,0.7776936889,"Facts. This is a personal attack and I will be in contact with my lawyers

#eldenring #gameawards #stopthesteal",1601070434904334337,4,1,12,,17,#StopTheSteal
2022-12-13 19:10:20,15,normal,0.7776936889,They gave Elden Win the award just to spite Lucas. Salty as hell.,1601070434904334337,4,1,12,,17,#StopTheSteal
2022-12-14 17:09:56,35,normal,0.7776936889,"Facts. This is a personal attack and I will be in contact with my lawyers

#eldenring #gameawards #stopthesteal",1601070434904334337,4,1,12,,17,#StopTheSteal
2022-12-14 17:09:56,35,normal,0.7776936889,They gave Elden Win the award just to spite Lucas. Salty as hell.,1601070434904334337,4,1,12,,17,#StopTheSteal
2022-12-14 22:54:15,14,normal,0.7776936889,"Facts. This is a personal attack and I will be in contact with my lawyers

#eldenring #gameawards #stopthesteal",1601070434904334337,4,1,12,,17,#StopTheSteal
2022-12-14 22:54:15,14,normal,0.7776936889,They gave Elden Win the award just to spite Lucas. Salty as hell.,1601070434904334337,4,1,12,,17,#StopTheSteal
2022-12-12 5:05:54,13,normal,0.7776936889,"Facts. This is a personal attack and I will be in contact with my lawyers

#eldenring #gameawards #stopthesteal",1601070434904334337,4,1,12,,17,#StopTheSteal
2022-12-12 5:05:54,13,normal,0.7776936889,They gave Elden Win the award just to spite Lucas. Salty as hell.,1601070434904334337,4,1,12,,17,#StopTheSteal
2022-12-12 3:07:57,7,normal,0.8128777146,"""Changing the Narrative for African Americans"" Led by State Committeewoman @RachelBrad33 and @susanleenyc @Asianwave_org  with @ycinnewyork @Maria4Dist6 @dany_egorov and @Chrislejohnyc opposing intro #632 Plus supporting @LesterforNY to be seated in the Assembly #Stopthesteal",1600899413849026560,1,4,11,,16,#StopTheSteal
2022-12-13 17:13:58,19,normal,0.8128777146,"""Changing the Narrative for African Americans"" Led by State Committeewoman @RachelBrad33 and @susanleenyc @Asianwave_org  with @ycinnewyork @Maria4Dist6 @dany_egorov and @Chrislejohnyc opposing intro #632 Plus supporting @LesterforNY to be seated in the Assembly #Stopthesteal",1600899413849026560,1,4,11,,16,#StopTheSteal
2022-12-11 23:12:29,8,normal,0.8128777146,"""Changing the Narrative for African Americans"" Led by State Committeewoman @RachelBrad33 and @susanleenyc @Asianwave_org  with @ycinnewyork @Maria4Dist6 @dany_egorov and @Chrislejohnyc opposing intro #632 Plus supporting @LesterforNY to be seated in the Assembly #Stopthesteal",1600899413849026560,1,4,11,,16,#StopTheSteal
2022-12-12 7:05:18,6,normal,0.8128777146,"""Changing the Narrative for African Americans"" Led by State Committeewoman @RachelBrad33 and @susanleenyc @Asianwave_org  with @ycinnewyork @Maria4Dist6 @dany_egorov and @Chrislejohnyc opposing intro #632 Plus supporting @LesterforNY to be seated in the Assembly #Stopthesteal",1600899413849026560,1,4,11,,16,#StopTheSteal
2022-12-12 17:44:40,4,normal,0.8128777146,"""Changing the Narrative for African Americans"" Led by State Committeewoman @RachelBrad33 and @susanleenyc @Asianwave_org  with @ycinnewyork @Maria4Dist6 @dany_egorov and @Chrislejohnyc opposing intro #632 Plus supporting @LesterforNY to be seated in the Assembly #Stopthesteal",1600899413849026560,1,4,11,,16,#StopTheSteal
2022-12-11 17:13:53,12,normal,0.7776936889,"Facts. This is a personal attack and I will be in contact with my lawyers

#eldenring #gameawards #stopthesteal",1601070434904334337,3,1,12,,16,#StopTheSteal
2022-12-11 17:13:53,12,normal,0.7776936889,They gave Elden Win the award just to spite Lucas. Salty as hell.,1601070434904334337,3,1,12,,16,#StopTheSteal
2022-12-14 19:07:31,5,normal,0.8128777146,"""Changing the Narrative for African Americans"" Led by State Committeewoman @RachelBrad33 and @susanleenyc @Asianwave_org  with @ycinnewyork @Maria4Dist6 @dany_egorov and @Chrislejohnyc opposing intro #632 Plus supporting @LesterforNY to be seated in the Assembly #Stopthesteal",1600899413849026560,1,4,11,,16,#StopTheSteal
2022-12-12 15:46:30,43,normal,0.7720715404,Testing #stopthesteal,1601753698853478400,,,,,0,Twitter Files
2022-12-13 19:10:20,18,normal,0.8128777146,"""Changing the Narrative for African Americans"" Led by State Committeewoman @RachelBrad33 and @susanleenyc @Asianwave_org  with @ycinnewyork @Maria4Dist6 @dany_egorov and @Chrislejohnyc opposing intro #632 Plus supporting @LesterforNY to be seated in the Assembly #Stopthesteal",1600899413849026560,1,4,11,,16,#StopTheSteal
2022-12-14 17:09:56,5,normal,0.8128777146,"""Changing the Narrative for African Americans"" Led by State Committeewoman @RachelBrad33 and @susanleenyc @Asianwave_org  with @ycinnewyork @Maria4Dist6 @dany_egorov and @Chrislejohnyc opposing intro #632 Plus supporting @LesterforNY to be seated in the Assembly #Stopthesteal",1600899413849026560,1,4,11,,16,#StopTheSteal
2022-12-14 13:10:56,5,normal,0.8128777146,"""Changing the Narrative for African Americans"" Led by State Committeewoman @RachelBrad33 and @susanleenyc @Asianwave_org  with @ycinnewyork @Maria4Dist6 @dany_egorov and @Chrislejohnyc opposing intro #632 Plus supporting @LesterforNY to be seated in the Assembly #Stopthesteal",1600899413849026560,1,4,11,,16,#StopTheSteal
2022-12-12 1:10:30,5,normal,0.7131910324,#StopTheSteal,1602054324615798785,,3,12,,15,#StopTheSteal
2022-12-11 23:12:29,28,normal,0.7145978808,When the voting is over I will have to expose @KattenEUW for being the head of a robot army I fear (#StopTheSteal!!!!),1601359486635376640,1,,14,,15,#StopTheSteal
2022-12-11 13:03:52,29,normal,0.7145978808,When the voting is over I will have to expose @KattenEUW for being the head of a robot army I fear (#StopTheSteal!!!!),1601359486635376640,1,,14,,15,#StopTheSteal
2022-12-12 9:01:18,38,normal,0.7145978808,When the voting is over I will have to expose @KattenEUW for being the head of a robot army I fear (#StopTheSteal!!!!),1601359486635376640,1,,14,,15,#StopTheSteal
2022-12-12 7:05:18,31,normal,0.7145978808,When the voting is over I will have to expose @KattenEUW for being the head of a robot army I fear (#StopTheSteal!!!!),1601359486635376640,1,,14,,15,#StopTheSteal
2022-12-11 19:12:53,28,normal,0.7145978808,When the voting is over I will have to expose @KattenEUW for being the head of a robot army I fear (#StopTheSteal!!!!),1601359486635376640,1,,14,,15,#StopTheSteal
2022-12-12 5:05:54,26,normal,0.7145978808,When the voting is over I will have to expose @KattenEUW for being the head of a robot army I fear (#StopTheSteal!!!!),1601359486635376640,1,,14,,15,#StopTheSteal
2022-12-11 21:09:55,29,normal,0.7145978808,When the voting is over I will have to expose @KattenEUW for being the head of a robot army I fear (#StopTheSteal!!!!),1601359486635376640,1,,14,,15,#StopTheSteal
2022-12-14 14:59:00,46,normal,0.7145978808,When the voting is over I will have to expose @KattenEUW for being the head of a robot army I fear (#StopTheSteal!!!!),1601359486635376640,1,,13,,14,#StopTheSteal
2022-12-11 15:08:47,3,normal,0.8258696795,Skip brunch this Saturday and come out to support and #stopthestealinBrooklyn. #stopthesteal #electionsmatter,1601010988077109248,2,4,8,,14,#StopTheSteal
2022-12-13 17:13:58,3,normal,0.8258696795,Skip brunch this Saturday and come out to support and #stopthestealinBrooklyn. #stopthesteal #electionsmatter,1601010988077109248,2,4,8,,14,#StopTheSteal
2022-12-13 17:13:58,40,normal,0.7145978808,When the voting is over I will have to expose @KattenEUW for being the head of a robot army I fear (#StopTheSteal!!!!),1601359486635376640,1,,13,,14,#StopTheSteal
2022-12-15 0:48:43,51,normal,0.7145978808,When the voting is over I will have to expose @KattenEUW for being the head of a robot army I fear (#StopTheSteal!!!!),1601359486635376640,1,,13,,14,#StopTheSteal
2022-12-14 21:01:12,49,normal,0.7145978808,When the voting is over I will have to expose @KattenEUW for being the head of a robot army I fear (#StopTheSteal!!!!),1601359486635376640,1,,13,,14,#StopTheSteal
2022-12-14 19:07:31,51,normal,0.7145978808,When the voting is over I will have to expose @KattenEUW for being the head of a robot army I fear (#StopTheSteal!!!!),1601359486635376640,1,,13,,14,#StopTheSteal
2022-12-13 19:10:20,3,normal,0.7481615543,Nothing to see here.  Move along and shut the fuck up #DemCorruption #electionfraud #stopthesteal Why do Dems win *every* close election ??,1601637086334898179,1,4,9,,14,#StopTheSteal
2022-12-13 19:10:20,5,normal,0.8258696795,Skip brunch this Saturday and come out to support and #stopthestealinBrooklyn. #stopthesteal #electionsmatter,1601010988077109248,2,4,8,,14,#StopTheSteal
2022-12-13 19:10:20,40,normal,0.7145978808,When the voting is over I will have to expose @KattenEUW for being the head of a robot army I fear (#StopTheSteal!!!!),1601359486635376640,1,,13,,14,#StopTheSteal
2022-12-13 12:49:17,48,normal,0.7145978808,When the voting is over I will have to expose @KattenEUW for being the head of a robot army I fear (#StopTheSteal!!!!),1601359486635376640,1,,13,,14,#StopTheSteal
2022-12-14 17:09:56,41,normal,0.7145978808,When the voting is over I will have to expose @KattenEUW for being the head of a robot army I fear (#StopTheSteal!!!!),1601359486635376640,1,,13,,14,#StopTheSteal
2022-12-14 13:10:56,8,normal,0.8258696795,Skip brunch this Saturday and come out to support and #stopthestealinBrooklyn. #stopthesteal #electionsmatter,1601010988077109248,2,4,8,,14,#StopTheSteal
2022-12-11 19:12:53,6,normal,0.8067480922,"Never forget what happened one during a mostly event, that lasted roughly  hours.

Most attendees went home to  with No interest or capability to overturn Government.

They were protesting a rigged 2020 election and now we know they were right. #StopTheSteal",1601925379291320320,2,2,10,,14,#StopTheSteal
2022-12-13 15:15:45,4,normal,0.8258696795,Skip brunch this Saturday and come out to support and #stopthestealinBrooklyn. #stopthesteal #electionsmatter,1601010988077109248,2,4,8,,14,#StopTheSteal
2022-12-12 3:07:57,4,normal,0.6476637125,"Think about it. Like Fetterman, Katie Hobbs was a horrible but well funded candidate. Refused to debate Kari and couldn't draw a crowd. A leftist hack. As SecState, she was in charge of vote counting. That was a crime scene! #StopTheSteal",1601212208226369537,,3,10,,13,#StopTheSteal
2022-12-12 3:07:57,4,normal,0.6476637125,".@Karilake: ""It was run like they run elections in a banana republic. And the people running it, their number one goal was to make sure that I didn't get elected... You saw @Katiehobbs certifying this sham election on Monday.""",1601212208226369537,,3,10,,13,#StopTheSteal
2022-12-11 15:08:47,4,normal,0.6476637125,"Think about it. Like Fetterman, Katie Hobbs was a horrible but well funded candidate. Refused to debate Kari and couldn't draw a crowd. A leftist hack. As SecState, she was in charge of vote counting. That was a crime scene! #StopTheSteal",1601212208226369537,,3,10,,13,#StopTheSteal
2022-12-11 15:08:47,4,normal,0.6476637125,".@Karilake: ""It was run like they run elections in a banana republic. And the people running it, their number one goal was to make sure that I didn't get elected... You saw @Katiehobbs certifying this sham election on Monday.""",1601212208226369537,,3,10,,13,#StopTheSteal
2022-12-12 1:10:30,4,normal,0.6476637125,"Think about it. Like Fetterman, Katie Hobbs was a horrible but well funded candidate. Refused to debate Kari and couldn't draw a crowd. A leftist hack. As SecState, she was in charge of vote counting. That was a crime scene! #StopTheSteal",1601212208226369537,,3,10,,13,#StopTheSteal
2022-12-12 1:10:30,4,normal,0.6476637125,".@Karilake: ""It was run like they run elections in a banana republic. And the people running it, their number one goal was to make sure that I didn't get elected... You saw @Katiehobbs certifying this sham election on Monday.""",1601212208226369537,,3,10,,13,#StopTheSteal
2022-12-11 23:12:29,7,normal,0.6476637125,"Think about it. Like Fetterman, Katie Hobbs was a horrible but well funded candidate. Refused to debate Kari and couldn't draw a crowd. A leftist hack. As SecState, she was in charge of vote counting. That was a crime scene! #StopTheSteal",1601212208226369537,,3,10,,13,#StopTheSteal
2022-12-11 23:12:29,7,normal,0.6476637125,".@Karilake: ""It was run like they run elections in a banana republic. And the people running it, their number one goal was to make sure that I didn't get elected... You saw @Katiehobbs certifying this sham election on Monday.""",1601212208226369537,,3,10,,13,#StopTheSteal
2022-12-11 13:03:52,4,normal,0.6476637125,"Think about it. Like Fetterman, Katie Hobbs was a horrible but well funded candidate. Refused to debate Kari and couldn't draw a crowd. A leftist hack. As SecState, she was in charge of vote counting. That was a crime scene! #StopTheSteal",1601212208226369537,,3,10,,13,#StopTheSteal
2022-12-11 13:03:52,4,normal,0.6476637125,".@Karilake: ""It was run like they run elections in a banana republic. And the people running it, their number one goal was to make sure that I didn't get elected... You saw @Katiehobbs certifying this sham election on Monday.""",1601212208226369537,,3,10,,13,#StopTheSteal
2022-12-12 17:44:40,9,normal,0.6476637125,"Think about it. Like Fetterman, Katie Hobbs was a horrible but well funded candidate. Refused to debate Kari and couldn't draw a crowd. A leftist hack. As SecState, she was in charge of vote counting. That was a crime scene! #StopTheSteal",1601212208226369537,,3,10,,13,#StopTheSteal
2022-12-12 17:44:40,9,normal,0.6476637125,".@Karilake: ""It was run like they run elections in a banana republic. And the people running it, their number one goal was to make sure that I didn't get elected... You saw @Katiehobbs certifying this sham election on Monday.""",1601212208226369537,,3,10,,13,#StopTheSteal
2022-12-11 17:13:53,7,normal,0.6476637125,"Think about it. Like Fetterman, Katie Hobbs was a horrible but well funded candidate. Refused to debate Kari and couldn't draw a crowd. A leftist hack. As SecState, she was in charge of vote counting. That was a crime scene! #StopTheSteal",1601212208226369537,,3,10,,13,#StopTheSteal
2022-12-11 17:13:53,7,normal,0.6476637125,".@Karilake: ""It was run like they run elections in a banana republic. And the people running it, their number one goal was to make sure that I didn't get elected... You saw @Katiehobbs certifying this sham election on Monday.""",1601212208226369537,,3,10,,13,#StopTheSteal
2022-12-13 12:49:17,7,normal,0.6476637125,"Think about it. Like Fetterman, Katie Hobbs was a horrible but well funded candidate. Refused to debate Kari and couldn't draw a crowd. A leftist hack. As SecState, she was in charge of vote counting. That was a crime scene! #StopTheSteal",1601212208226369537,,3,10,,13,#StopTheSteal
2022-12-13 12:49:17,7,normal,0.6476637125,".@Karilake: ""It was run like they run elections in a banana republic. And the people running it, their number one goal was to make sure that I didn't get elected... You saw @Katiehobbs certifying this sham election on Monday.""",1601212208226369537,,3,10,,13,#StopTheSteal
2022-12-12 5:05:54,6,normal,0.6476637125,"Think about it. Like Fetterman, Katie Hobbs was a horrible but well funded candidate. Refused to debate Kari and couldn't draw a crowd. A leftist hack. As SecState, she was in charge of vote counting. That was a crime scene! #StopTheSteal",1601212208226369537,,3,10,,13,#StopTheSteal
2022-12-12 5:05:54,6,normal,0.6476637125,".@Karilake: ""It was run like they run elections in a banana republic. And the people running it, their number one goal was to make sure that I didn't get elected... You saw @Katiehobbs certifying this sham election on Monday.""",1601212208226369537,,3,10,,13,#StopTheSteal
2022-12-13 15:15:45,8,normal,0.6476637125,"Think about it. Like Fetterman, Katie Hobbs was a horrible but well funded candidate. Refused to debate Kari and couldn't draw a crowd. A leftist hack. As SecState, she was in charge of vote counting. That was a crime scene! #StopTheSteal",1601212208226369537,,3,10,,13,#StopTheSteal
2022-12-13 15:15:45,8,normal,0.6476637125,".@Karilake: ""It was run like they run elections in a banana republic. And the people running it, their number one goal was to make sure that I didn't get elected... You saw @Katiehobbs certifying this sham election on Monday.""",1601212208226369537,,3,10,,13,#StopTheSteal
2022-12-11 21:09:55,4,normal,0.6476637125,"Think about it. Like Fetterman, Katie Hobbs was a horrible but well funded candidate. Refused to debate Kari and couldn't draw a crowd. A leftist hack. As SecState, she was in charge of vote counting. That was a crime scene! #StopTheSteal",1601212208226369537,,3,10,,13,#StopTheSteal
2022-12-11 21:09:55,4,normal,0.6476637125,".@Karilake: ""It was run like they run elections in a banana republic. And the people running it, their number one goal was to make sure that I didn't get elected... You saw @Katiehobbs certifying this sham election on Monday.""",1601212208226369537,,3,10,,13,#StopTheSteal
2022-12-12 3:07:57,11,normal,0.8008177876,"What we all knew already, is now being exposed. #StopTheSteal",1599209424685395968,,2,10,,12,#StopTheSteal
2022-12-14 14:59:00,35,normal,0.8008177876,"What we all knew already, is now being exposed. #StopTheSteal",1599209424685395968,,2,10,,12,#StopTheSteal
2022-12-11 23:12:29,11,normal,0.8008177876,"What we all knew already, is now being exposed. #StopTheSteal",1599209424685395968,,2,10,,12,#StopTheSteal
2022-12-11 13:03:52,13,normal,0.8008177876,"What we all knew already, is now being exposed. #StopTheSteal",1599209424685395968,,2,10,,12,#StopTheSteal
2022-12-12 9:01:18,12,normal,0.8008177876,"What we all knew already, is now being exposed. #StopTheSteal",1599209424685395968,,2,10,,12,#StopTheSteal
2022-12-15 0:48:43,4,normal,0.7639274597,"Vouchers are NOT a good use of public funds!

Research shows public schools do a better job of educating low-income students than do private schools. @pfpsorg::http://pfps.org/research
#publicfundspublicschools
#stopthesteal
#gameoverilvouchers",1603111868972683264,2,3,7,,12,#StopTheSteal
2022-12-14 21:01:12,14,normal,0.6924002171,Retail theft in broad daylight! @GaryGensler @DOJCrimDiv @HouseGOP @HouseDemocrats Do your fucking job! #StoptheSteal #FINRAFRAUD $MMTLP $AMC $GME $MMAT,1602682172766396416,,5,7,,12,#StopTheSteal
2022-12-14 21:01:12,14,normal,0.6924002171,"How are they still borrowing more MMTLP shares this morning when the CUSIP in no longer being used?

via: http://iborrowdesk.com
#finrafraud #MMTLP $MMTLP",1602682172766396416,,5,7,,12,#StopTheSteal
2022-12-12 7:05:18,12,normal,0.8008177876,"What we all knew already, is now being exposed. #StopTheSteal",1599209424685395968,,2,10,,12,#StopTheSteal
2022-12-11 17:13:53,19,normal,0.8067480922,"Never forget what happened one during a mostly event, that lasted roughly  hours.

Most attendees went home to  with No interest or capability to overturn Government.

They were protesting a rigged 2020 election and now we know they were right. #StopTheSteal",1601925379291320320,2,2,8,,12,#StopTheSteal
2022-12-14 19:07:31,18,normal,0.6924002171,Retail theft in broad daylight! @GaryGensler @DOJCrimDiv @HouseGOP @HouseDemocrats Do your fucking job! #StoptheSteal #FINRAFRAUD $MMTLP $AMC $GME $MMAT,1602682172766396416,,5,7,,12,#StopTheSteal
2022-12-14 19:07:31,18,normal,0.6924002171,"How are they still borrowing more MMTLP shares this morning when the CUSIP in no longer being used?

via: http://iborrowdesk.com
#finrafraud #MMTLP $MMTLP",1602682172766396416,,5,7,,12,#StopTheSteal
2022-12-14 17:09:56,30,normal,0.8008177876,"What we all knew already, is now being exposed. #StopTheSteal",1599209424685395968,,2,10,,12,#StopTheSteal
2022-12-12 5:05:54,10,normal,0.8008177876,"What we all knew already, is now being exposed. #StopTheSteal",1599209424685395968,,2,10,,12,#StopTheSteal
2022-12-11 21:09:55,12,normal,0.8008177876,"What we all knew already, is now being exposed. #StopTheSteal",1599209424685395968,,2,10,,12,#StopTheSteal
2022-12-14 21:01:12,11,normal,0.7827199697,More important is the electoral count act! #StopTheSteal,1603024669212303364,2,2,7,,11,#StopTheSteal
2022-12-14 19:07:31,54,normal,0.7914534211,"MY County = MY Vote = STOLEN!!!
RE-DO the Arizona elections!!!
#StopTheSteal!!!",1599417475191689217,2,1,8,,11,#StopTheSteal
2022-12-14 22:54:15,22,normal,0.7914534211,"MY County = MY Vote = STOLEN!!!
RE-DO the Arizona elections!!!
#StopTheSteal!!!",1599417475191689217,2,1,8,,11,#StopTheSteal
2022-12-14 13:10:56,43,normal,0.7914534211,"MY County = MY Vote = STOLEN!!!
RE-DO the Arizona elections!!!
#StopTheSteal!!!",1599417475191689217,2,1,8,,11,#StopTheSteal
2022-12-12 3:07:57,6,normal,0.7750145793,Look at this Democrat FRAUD! #StoptheSteal,1600321522878382082,,,10,,10,#StopTheSteal
2022-12-11 15:08:47,5,normal,0.7750145793,Look at this Democrat FRAUD! #StoptheSteal,1600321522878382082,,,10,,10,#StopTheSteal
2022-12-11 23:12:29,4,normal,0.7750145793,Look at this Democrat FRAUD! #StoptheSteal,1600321522878382082,,,10,,10,#StopTheSteal
2022-12-13 10:53:06,6,normal,0.7750145793,Look at this Democrat FRAUD! #StoptheSteal,1600321522878382082,,,10,,10,#StopTheSteal
2022-12-11 13:03:52,3,normal,0.7750145793,Look at this Democrat FRAUD! #StoptheSteal,1600321522878382082,,,10,,10,#StopTheSteal
2022-12-12 9:01:18,6,normal,0.7750145793,Look at this Democrat FRAUD! #StoptheSteal,1600321522878382082,,,10,,10,#StopTheSteal
2022-12-14 21:01:12,9,normal,0.7750145793,Look at this Democrat FRAUD! #StoptheSteal,1600321522878382082,,,10,,10,#StopTheSteal
2022-12-12 17:44:40,10,normal,0.7750145793,Look at this Democrat FRAUD! #StoptheSteal,1600321522878382082,,,10,,10,#StopTheSteal
2022-12-13 19:10:20,4,normal,0.7750145793,Look at this Democrat FRAUD! #StoptheSteal,1600321522878382082,,,10,,10,#StopTheSteal
2022-12-13 12:49:17,6,normal,0.7750145793,Look at this Democrat FRAUD! #StoptheSteal,1600321522878382082,,,10,,10,#StopTheSteal
2022-12-11 19:12:53,3,normal,0.7750145793,Look at this Democrat FRAUD! #StoptheSteal,1600321522878382082,,,10,,10,#StopTheSteal
2022-12-11 21:09:55,7,normal,0.7750145793,Look at this Democrat FRAUD! #StoptheSteal,1600321522878382082,,,10,,10,#StopTheSteal
2022-12-12 15:46:30,17,normal,0.6910451651,EPIC THREAD exposing the entire game! #BigLie #StopTheSteal #TrueTheVote “Every Legal Vote” and #ChristianSupremacy — #CouncilforNationalPolicy #CPAC #AFPI,1601568118299832321,2,1,6,,9,#StopTheSteal
2022-12-12 15:46:30,17,normal,0.6910451651,"THREAD:

Trump's Big Lie perpetrated on the American people was aided substantially by a coalition of TX operatives including ASOG & UiP, whose Ziklag group appears to have funded Every Legal Vote's site.

@RepRiggleman's ""The Breach"" offers clues of Rick Perry's involvement. /1",1601568118299832321,2,1,6,,9,#StopTheSteal
2022-12-13 17:13:58,11,normal,0.6910451651,EPIC THREAD exposing the entire game! #BigLie #StopTheSteal #TrueTheVote “Every Legal Vote” and #ChristianSupremacy — #CouncilforNationalPolicy #CPAC #AFPI,1601568118299832321,2,1,6,,9,#StopTheSteal
2022-12-13 17:13:58,11,normal,0.6910451651,"THREAD:

Trump's Big Lie perpetrated on the American people was aided substantially by a coalition of TX operatives including ASOG & UiP, whose Ziklag group appears to have funded Every Legal Vote's site.

@RepRiggleman's ""The Breach"" offers clues of Rick Perry's involvement. /1",1601568118299832321,2,1,6,,9,#StopTheSteal
2022-12-13 10:53:06,11,normal,0.6910451651,EPIC THREAD exposing the entire game! #BigLie #StopTheSteal #TrueTheVote “Every Legal Vote” and #ChristianSupremacy — #CouncilforNationalPolicy #CPAC #AFPI,1601568118299832321,2,1,6,,9,#StopTheSteal
2022-12-13 10:53:06,11,normal,0.6910451651,"THREAD:

Trump's Big Lie perpetrated on the American people was aided substantially by a coalition of TX operatives including ASOG & UiP, whose Ziklag group appears to have funded Every Legal Vote's site.

@RepRiggleman's ""The Breach"" offers clues of Rick Perry's involvement. /1",1601568118299832321,2,1,6,,9,#StopTheSteal
2022-12-11 13:03:52,21,normal,0.6910451651,EPIC THREAD exposing the entire game! #BigLie #StopTheSteal #TrueTheVote “Every Legal Vote” and #ChristianSupremacy — #CouncilforNationalPolicy #CPAC #AFPI,1601568118299832321,2,1,6,,9,#StopTheSteal
2022-12-11 13:03:52,21,normal,0.6910451651,"THREAD:

Trump's Big Lie perpetrated on the American people was aided substantially by a coalition of TX operatives including ASOG & UiP, whose Ziklag group appears to have funded Every Legal Vote's site.

@RepRiggleman's ""The Breach"" offers clues of Rick Perry's involvement. /1",1601568118299832321,2,1,6,,9,#StopTheSteal
2022-12-15 0:48:43,7,normal,0.7940733433,"Happy for all the winners of the eSports awards, but on behalf of my boy @AzaelOfficial, I will be looking in on wide-scale voter machine fraud, especially in Valorant states. #StopTheSteal

(No, but really congratulations to everyone.)",1603112396847022082,1,,8,,9,#StopTheSteal
2022-12-15 0:48:43,23,offensive,0.4685239792,".
Proud Boys associate, #StopTheSteal propagandist, wannabe insurrectionist @realkatiejow should be added to this list.",1602572684524769281,1,3,5,,9,#StopTheSteal
2022-12-15 0:48:43,23,offensive,0.4685239792,"NEW: DOJ Special Counsel Jack Smith has subpoenaed Clark County, NV officials for communications ""to, from or involving"" any of the following individuals between the time period of June 1, 2020 - January 20, 2021 @NBCNews",1602572684524769281,1,3,5,,9,#StopTheSteal
2022-12-14 21:01:12,10,normal,0.6910451651,EPIC THREAD exposing the entire game! #BigLie #StopTheSteal #TrueTheVote “Every Legal Vote” and #ChristianSupremacy — #CouncilforNationalPolicy #CPAC #AFPI,1601568118299832321,2,1,6,,9,#StopTheSteal
2022-12-14 21:01:12,10,normal,0.6910451651,"THREAD:

Trump's Big Lie perpetrated on the American people was aided substantially by a coalition of TX operatives including ASOG & UiP, whose Ziklag group appears to have funded Every Legal Vote's site.

@RepRiggleman's ""The Breach"" offers clues of Rick Perry's involvement. /1",1601568118299832321,2,1,6,,9,#StopTheSteal
2022-12-14 21:01:12,15,offensive,0.4685239792,".
Proud Boys associate, #StopTheSteal propagandist, wannabe insurrectionist @realkatiejow should be added to this list.",1602572684524769281,1,3,5,,9,#StopTheSteal
2022-12-14 21:01:12,15,offensive,0.4685239792,"NEW: DOJ Special Counsel Jack Smith has subpoenaed Clark County, NV officials for communications ""to, from or involving"" any of the following individuals between the time period of June 1, 2020 - January 20, 2021 @NBCNews",1602572684524769281,1,3,5,,9,#StopTheSteal
2022-12-14 19:07:31,12,normal,0.6910451651,EPIC THREAD exposing the entire game! #BigLie #StopTheSteal #TrueTheVote “Every Legal Vote” and #ChristianSupremacy — #CouncilforNationalPolicy #CPAC #AFPI,1601568118299832321,2,1,6,,9,#StopTheSteal
2022-12-14 19:07:31,12,normal,0.6910451651,"THREAD:

Trump's Big Lie perpetrated on the American people was aided substantially by a coalition of TX operatives including ASOG & UiP, whose Ziklag group appears to have funded Every Legal Vote's site.

@RepRiggleman's ""The Breach"" offers clues of Rick Perry's involvement. /1",1601568118299832321,2,1,6,,9,#StopTheSteal
2022-12-14 19:07:31,14,normal,0.7827199697,More important is the electoral count act! #StopTheSteal,1603024669212303364,2,2,5,,9,#StopTheSteal
2022-12-13 19:10:20,12,normal,0.6910451651,EPIC THREAD exposing the entire game! #BigLie #StopTheSteal #TrueTheVote “Every Legal Vote” and #ChristianSupremacy — #CouncilforNationalPolicy #CPAC #AFPI,1601568118299832321,2,1,6,,9,#StopTheSteal
2022-12-13 19:10:20,12,normal,0.6910451651,"THREAD:

Trump's Big Lie perpetrated on the American people was aided substantially by a coalition of TX operatives including ASOG & UiP, whose Ziklag group appears to have funded Every Legal Vote's site.

@RepRiggleman's ""The Breach"" offers clues of Rick Perry's involvement. /1",1601568118299832321,2,1,6,,9,#StopTheSteal
2022-12-13 12:49:17,14,normal,0.6910451651,EPIC THREAD exposing the entire game! #BigLie #StopTheSteal #TrueTheVote “Every Legal Vote” and #ChristianSupremacy — #CouncilforNationalPolicy #CPAC #AFPI,1601568118299832321,2,1,6,,9,#StopTheSteal
2022-12-13 12:49:17,14,normal,0.6910451651,"THREAD:

Trump's Big Lie perpetrated on the American people was aided substantially by a coalition of TX operatives including ASOG & UiP, whose Ziklag group appears to have funded Every Legal Vote's site.

@RepRiggleman's ""The Breach"" offers clues of Rick Perry's involvement. /1",1601568118299832321,2,1,6,,9,#StopTheSteal
2022-12-14 17:09:56,14,normal,0.6910451651,EPIC THREAD exposing the entire game! #BigLie #StopTheSteal #TrueTheVote “Every Legal Vote” and #ChristianSupremacy — #CouncilforNationalPolicy #CPAC #AFPI,1601568118299832321,2,1,6,,9,#StopTheSteal
2022-12-14 17:09:56,14,normal,0.6910451651,"THREAD:

Trump's Big Lie perpetrated on the American people was aided substantially by a coalition of TX operatives including ASOG & UiP, whose Ziklag group appears to have funded Every Legal Vote's site.

@RepRiggleman's ""The Breach"" offers clues of Rick Perry's involvement. /1",1601568118299832321,2,1,6,,9,#StopTheSteal
2022-12-14 17:09:56,15,offensive,0.4685239792,".
Proud Boys associate, #StopTheSteal propagandist, wannabe insurrectionist @realkatiejow should be added to this list.",1602572684524769281,1,3,5,,9,#StopTheSteal
2022-12-14 17:09:56,15,offensive,0.4685239792,"NEW: DOJ Special Counsel Jack Smith has subpoenaed Clark County, NV officials for communications ""to, from or involving"" any of the following individuals between the time period of June 1, 2020 - January 20, 2021 @NBCNews",1602572684524769281,1,3,5,,9,#StopTheSteal
2022-12-14 22:54:15,6,normal,0.7940733433,"Happy for all the winners of the eSports awards, but on behalf of my boy @AzaelOfficial, I will be looking in on wide-scale voter machine fraud, especially in Valorant states. #StopTheSteal

(No, but really congratulations to everyone.)",1603112396847022082,1,,8,,9,#StopTheSteal
2022-12-13 15:15:45,14,normal,0.6910451651,EPIC THREAD exposing the entire game! #BigLie #StopTheSteal #TrueTheVote “Every Legal Vote” and #ChristianSupremacy — #CouncilforNationalPolicy #CPAC #AFPI,1601568118299832321,2,1,6,,9,#StopTheSteal
2022-12-13 15:15:45,14,normal,0.6910451651,"THREAD:

Trump's Big Lie perpetrated on the American people was aided substantially by a coalition of TX operatives including ASOG & UiP, whose Ziklag group appears to have funded Every Legal Vote's site.

@RepRiggleman's ""The Breach"" offers clues of Rick Perry's involvement. /1",1601568118299832321,2,1,6,,9,#StopTheSteal
2022-12-12 3:07:57,12,normal,0.728549242,#IamScottPresler & #IamBrandonStraka of #WalkAway & #StopTheSteal were R both entertainers before becoming  #SeditionVIPs,1600529740258889729,2,1,5,,8,#StopTheSteal
2022-12-12 3:07:57,16,normal,0.7538044453,#stopthesteal,1601674414588067840,1,,7,,8,#StopTheSteal
2022-12-11 15:08:47,12,normal,0.728549242,#IamScottPresler & #IamBrandonStraka of #WalkAway & #StopTheSteal were R both entertainers before becoming  #SeditionVIPs,1600529740258889729,2,1,5,,8,#StopTheSteal
2022-12-11 15:08:47,13,normal,0.7538044453,#stopthesteal,1601674414588067840,1,,7,,8,#StopTheSteal
2022-12-12 1:10:30,13,normal,0.728549242,#IamScottPresler & #IamBrandonStraka of #WalkAway & #StopTheSteal were R both entertainers before becoming  #SeditionVIPs,1600529740258889729,2,1,5,,8,#StopTheSteal
2022-12-13 17:13:58,24,normal,0.7719405293,Trying to keep my head from exploding! A real #stopthesteal right here in NH.,1600598810962628626,1,,7,,8,#StopTheSteal
2022-12-13 17:13:58,24,normal,0.7719405293,Looks like there could be an attempt to seat the GOP candidate in the tied Rochester state rep race. This hasn’t happened yet. #NHPolitics,1600598810962628626,1,,7,,8,#StopTheSteal
2022-12-13 17:13:58,25,normal,0.7538044453,#stopthesteal,1601674414588067840,1,,7,,8,#StopTheSteal
2022-12-13 10:53:06,18,normal,0.7719405293,Trying to keep my head from exploding! A real #stopthesteal right here in NH.,1600598810962628626,1,,7,,8,#StopTheSteal
2022-12-13 10:53:06,18,normal,0.7719405293,Looks like there could be an attempt to seat the GOP candidate in the tied Rochester state rep race. This hasn’t happened yet. #NHPolitics,1600598810962628626,1,,7,,8,#StopTheSteal
2022-12-13 10:53:06,32,normal,0.7538044453,#stopthesteal,1601674414588067840,1,,7,,8,#StopTheSteal
2022-12-11 13:03:52,11,normal,0.728549242,#IamScottPresler & #IamBrandonStraka of #WalkAway & #StopTheSteal were R both entertainers before becoming  #SeditionVIPs,1600529740258889729,2,1,5,,8,#StopTheSteal
2022-12-12 9:01:18,13,normal,0.728549242,#IamScottPresler & #IamBrandonStraka of #WalkAway & #StopTheSteal were R both entertainers before becoming  #SeditionVIPs,1600529740258889729,2,1,5,,8,#StopTheSteal
2022-12-14 21:01:12,17,normal,0.7719405293,Trying to keep my head from exploding! A real #stopthesteal right here in NH.,1600598810962628626,1,,7,,8,#StopTheSteal
2022-12-14 21:01:12,17,normal,0.7719405293,Looks like there could be an attempt to seat the GOP candidate in the tied Rochester state rep race. This hasn’t happened yet. #NHPolitics,1600598810962628626,1,,7,,8,#StopTheSteal
2022-12-14 21:01:12,29,normal,0.7538044453,#stopthesteal,1601674414588067840,1,,7,,8,#StopTheSteal
2022-12-14 21:01:12,31,normal,0.728549242,#IamScottPresler & #IamBrandonStraka of #WalkAway & #StopTheSteal were R both entertainers before becoming  #SeditionVIPs,1600529740258889729,2,1,5,,8,#StopTheSteal
2022-12-12 7:05:18,10,normal,0.728549242,#IamScottPresler & #IamBrandonStraka of #WalkAway & #StopTheSteal were R both entertainers before becoming  #SeditionVIPs,1600529740258889729,2,1,5,,8,#StopTheSteal
2022-12-12 17:44:40,15,normal,0.728549242,#IamScottPresler & #IamBrandonStraka of #WalkAway & #StopTheSteal were R both entertainers before becoming  #SeditionVIPs,1600529740258889729,2,1,5,,8,#StopTheSteal
2022-12-11 17:13:53,15,normal,0.7538044453,#stopthesteal,1601674414588067840,1,,7,,8,#StopTheSteal
2022-12-14 19:07:31,33,normal,0.7538044453,#stopthesteal,1601674414588067840,1,,7,,8,#StopTheSteal
2022-12-14 19:07:31,35,normal,0.728549242,#IamScottPresler & #IamBrandonStraka of #WalkAway & #StopTheSteal were R both entertainers before becoming  #SeditionVIPs,1600529740258889729,2,1,5,,8,#StopTheSteal
2022-12-13 19:10:20,10,normal,0.728549242,#IamScottPresler & #IamBrandonStraka of #WalkAway & #StopTheSteal were R both entertainers before becoming  #SeditionVIPs,1600529740258889729,2,1,5,,8,#StopTheSteal
2022-12-13 19:10:20,23,normal,0.7538044453,#stopthesteal,1601674414588067840,1,,7,,8,#StopTheSteal
2022-12-13 12:49:17,31,normal,0.7538044453,#stopthesteal,1601674414588067840,1,,7,,8,#StopTheSteal
2022-12-14 17:09:56,36,normal,0.7719405293,Trying to keep my head from exploding! A real #stopthesteal right here in NH.,1600598810962628626,1,,7,,8,#StopTheSteal
2022-12-14 17:09:56,36,normal,0.7719405293,Looks like there could be an attempt to seat the GOP candidate in the tied Rochester state rep race. This hasn’t happened yet. #NHPolitics,1600598810962628626,1,,7,,8,#StopTheSteal
2022-12-12 5:05:54,12,normal,0.728549242,#IamScottPresler & #IamBrandonStraka of #WalkAway & #StopTheSteal were R both entertainers before becoming  #SeditionVIPs,1600529740258889729,2,1,5,,8,#StopTheSteal
2022-12-13 15:15:45,26,normal,0.7875640988,"FanDuel boosts are a bigger hoax than the election. #StopTheSteal, #WizardsAreReal  #StopTheSteal, #WizardsAreReal.",1602362916606545951,,,8,,8,#StopTheSteal
2022-12-12 3:07:57,43,normal,0.8275384903,57. This “Freedom or Death” tweet from #StopTheSteal gadfly Mike Coudrey elicits heated reactions:,1601384205690118145,,3,4,,7,#StopTheSteal
2022-12-12 3:07:57,45,normal,0.8275384903,57. This “Freedom or Death” tweet from #StopTheSteal gadfly Mike Coudrey elicits heated reactions:,1601384205690118145,,3,4,,7,#StopTheSteal
2022-12-14 14:59:00,55,normal,0.7697554231,"They’ve given Kym a ‘pass’ this week, set Hamza up for victory and ensured that we’ll see a Fleur/Molly dance off. Thanks producers #Strictly #StopTheSteal",1596594825100345344,,1,6,,7,#StopTheSteal
2022-12-11 15:08:47,36,normal,0.8275384903,57. This “Freedom or Death” tweet from #StopTheSteal gadfly Mike Coudrey elicits heated reactions:,1601384205690118145,,3,4,,7,#StopTheSteal
2022-12-11 15:08:47,39,normal,0.8275384903,57. This “Freedom or Death” tweet from #StopTheSteal gadfly Mike Coudrey elicits heated reactions:,1601384205690118145,,3,4,,7,#StopTheSteal
2022-12-13 17:13:58,29,normal,0.8275384903,57. This “Freedom or Death” tweet from #StopTheSteal gadfly Mike Coudrey elicits heated reactions:,1601384205690118145,,3,4,,7,#StopTheSteal
2022-12-11 23:12:29,51,normal,0.8275384903,57. This “Freedom or Death” tweet from #StopTheSteal gadfly Mike Coudrey elicits heated reactions:,1601384205690118145,,3,4,,7,#StopTheSteal
2022-12-13 10:53:06,31,normal,0.8275384903,57. This “Freedom or Death” tweet from #StopTheSteal gadfly Mike Coudrey elicits heated reactions:,1601384205690118145,,3,4,,7,#StopTheSteal
2022-12-11 13:03:52,15,normal,0.7538044453,#stopthesteal,1601674414588067840,1,,6,,7,#StopTheSteal
2022-12-11 13:03:52,37,normal,0.8275384903,57. This “Freedom or Death” tweet from #StopTheSteal gadfly Mike Coudrey elicits heated reactions:,1601384205690118145,,3,4,,7,#StopTheSteal
2022-12-12 9:01:18,40,normal,0.8275384903,57. This “Freedom or Death” tweet from #StopTheSteal gadfly Mike Coudrey elicits heated reactions:,1601384205690118145,,3,4,,7,#StopTheSteal
2022-12-14 21:01:12,41,normal,0.8275384903,57. This “Freedom or Death” tweet from #StopTheSteal gadfly Mike Coudrey elicits heated reactions:,1601384205690118145,,3,4,,7,#StopTheSteal
2022-12-12 7:05:18,36,normal,0.8275384903,57. This “Freedom or Death” tweet from #StopTheSteal gadfly Mike Coudrey elicits heated reactions:,1601384205690118145,,3,4,,7,#StopTheSteal
2022-12-12 17:44:40,37,normal,0.8275384903,57. This “Freedom or Death” tweet from #StopTheSteal gadfly Mike Coudrey elicits heated reactions:,1601384205690118145,,3,4,,7,#StopTheSteal
2022-12-14 19:07:31,67,normal,0.7697554231,"They’ve given Kym a ‘pass’ this week, set Hamza up for victory and ensured that we’ll see a Fleur/Molly dance off. Thanks producers #Strictly #StopTheSteal",1596594825100345344,,1,6,,7,#StopTheSteal
2022-12-14 19:07:31,81,normal,0.8275384903,57. This “Freedom or Death” tweet from #StopTheSteal gadfly Mike Coudrey elicits heated reactions:,1601384205690118145,,3,4,,7,#StopTheSteal
2022-12-13 12:49:17,32,normal,0.8275384903,57. This “Freedom or Death” tweet from #StopTheSteal gadfly Mike Coudrey elicits heated reactions:,1601384205690118145,,3,4,,7,#StopTheSteal
2022-12-14 17:09:56,55,normal,0.7697554231,"They’ve given Kym a ‘pass’ this week, set Hamza up for victory and ensured that we’ll see a Fleur/Molly dance off. Thanks producers #Strictly #StopTheSteal",1596594825100345344,,1,6,,7,#StopTheSteal
2022-12-14 17:09:56,74,normal,0.8275384903,57. This “Freedom or Death” tweet from #StopTheSteal gadfly Mike Coudrey elicits heated reactions:,1601384205690118145,,3,4,,7,#StopTheSteal
2022-12-14 22:54:15,38,normal,0.8275384903,57. This “Freedom or Death” tweet from #StopTheSteal gadfly Mike Coudrey elicits heated reactions:,1601384205690118145,,3,4,,7,#StopTheSteal
2022-12-14 13:10:56,28,normal,0.8275384903,57. This “Freedom or Death” tweet from #StopTheSteal gadfly Mike Coudrey elicits heated reactions:,1601384205690118145,,3,4,,7,#StopTheSteal
2022-12-14 13:10:56,56,normal,0.7697554231,"They’ve given Kym a ‘pass’ this week, set Hamza up for victory and ensured that we’ll see a Fleur/Molly dance off. Thanks producers #Strictly #StopTheSteal",1596594825100345344,,1,6,,7,#StopTheSteal
2022-12-11 19:12:53,38,normal,0.8275384903,57. This “Freedom or Death” tweet from #StopTheSteal gadfly Mike Coudrey elicits heated reactions:,1601384205690118145,,3,4,,7,#StopTheSteal
2022-12-12 5:05:54,40,normal,0.8275384903,57. This “Freedom or Death” tweet from #StopTheSteal gadfly Mike Coudrey elicits heated reactions:,1601384205690118145,,3,4,,7,#StopTheSteal
2022-12-13 15:15:45,33,normal,0.8275384903,57. This “Freedom or Death” tweet from #StopTheSteal gadfly Mike Coudrey elicits heated reactions:,1601384205690118145,,3,4,,7,#StopTheSteal
2022-12-11 21:09:55,41,normal,0.8275384903,57. This “Freedom or Death” tweet from #StopTheSteal gadfly Mike Coudrey elicits heated reactions:,1601384205690118145,,3,4,,7,#StopTheSteal
2022-12-11 21:09:55,42,normal,0.8275384903,57. This “Freedom or Death” tweet from #StopTheSteal gadfly Mike Coudrey elicits heated reactions:,1601384205690118145,,3,4,,7,#StopTheSteal
2022-12-12 3:07:57,15,normal,0.7416424751,"They need time to cheat, unfreaking believable when will Americans actually take a stand against our government!? This has to end!
#StoptheSteal #MAGA",1599854196765110272,,2,4,,6,#StopTheSteal
2022-12-12 3:07:57,15,normal,0.7416424751,"A correction:
Lauren Boebert (CO-3) is now the only House seat still not called and is headed for a recount..
John Duarte (R) was finally declared the winner in (CA-13) on Saturday..

We are approaching ONE MONTH since the midterms..
Unbelievable..",1599854196765110272,,2,4,,6,#StopTheSteal
2022-12-14 14:59:00,29,normal,0.7416424751,"They need time to cheat, unfreaking believable when will Americans actually take a stand against our government!? This has to end!
#StoptheSteal #MAGA",1599854196765110272,,2,4,,6,#StopTheSteal
2022-12-14 14:59:00,29,normal,0.7416424751,"A correction:
Lauren Boebert (CO-3) is now the only House seat still not called and is headed for a recount..
John Duarte (R) was finally declared the winner in (CA-13) on Saturday..

We are approaching ONE MONTH since the midterms..
Unbelievable..",1599854196765110272,,2,4,,6,#StopTheSteal
2022-12-14 14:59:00,38,normal,0.6952805519,WE WON THIS ELECTION BIGLY #STOPTHESTEAL,1601343193693364224,1,,5,,6,#StopTheSteal
2022-12-14 14:59:00,38,normal,0.6952805519,"Moderate Conservative Primary 

@patrioticcrow
@politiconh
@LeftRightEA
@_Reaganite_",1601343193693364224,1,,5,,6,#StopTheSteal
2022-12-11 15:08:47,11,normal,0.7416424751,"They need time to cheat, unfreaking believable when will Americans actually take a stand against our government!? This has to end!
#StoptheSteal #MAGA",1599854196765110272,,2,4,,6,#StopTheSteal
2022-12-11 15:08:47,11,normal,0.7416424751,"A correction:
Lauren Boebert (CO-3) is now the only House seat still not called and is headed for a recount..
John Duarte (R) was finally declared the winner in (CA-13) on Saturday..

We are approaching ONE MONTH since the midterms..
Unbelievable..",1599854196765110272,,2,4,,6,#StopTheSteal
2022-12-11 15:08:47,28,normal,0.6952805519,WE WON THIS ELECTION BIGLY #STOPTHESTEAL,1601343193693364224,1,,5,,6,#StopTheSteal
2022-12-11 15:08:47,28,normal,0.6952805519,"Moderate Conservative Primary 

@patrioticcrow
@politiconh
@LeftRightEA
@_Reaganite_",1601343193693364224,1,,5,,6,#StopTheSteal
2022-12-12 1:10:30,46,normal,0.6952805519,WE WON THIS ELECTION BIGLY #STOPTHESTEAL,1601343193693364224,1,,5,,6,#StopTheSteal
2022-12-12 1:10:30,46,normal,0.6952805519,"Moderate Conservative Primary 

@patrioticcrow
@politiconh
@LeftRightEA
@_Reaganite_",1601343193693364224,1,,5,,6,#StopTheSteal
2022-12-11 23:12:29,47,normal,0.6952805519,WE WON THIS ELECTION BIGLY #STOPTHESTEAL,1601343193693364224,1,,5,,6,#StopTheSteal
2022-12-11 23:12:29,47,normal,0.6952805519,"Moderate Conservative Primary 

@patrioticcrow
@politiconh
@LeftRightEA
@_Reaganite_",1601343193693364224,1,,5,,6,#StopTheSteal
2022-12-13 10:53:06,22,normal,0.6952805519,WE WON THIS ELECTION BIGLY #STOPTHESTEAL,1601343193693364224,1,,5,,6,#StopTheSteal
2022-12-13 10:53:06,22,normal,0.6952805519,"Moderate Conservative Primary 

@patrioticcrow
@politiconh
@LeftRightEA
@_Reaganite_",1601343193693364224,1,,5,,6,#StopTheSteal
2022-12-13 10:53:06,25,normal,0.7416424751,"They need time to cheat, unfreaking believable when will Americans actually take a stand against our government!? This has to end!
#StoptheSteal #MAGA",1599854196765110272,,2,4,,6,#StopTheSteal
2022-12-13 10:53:06,25,normal,0.7416424751,"A correction:
Lauren Boebert (CO-3) is now the only House seat still not called and is headed for a recount..
John Duarte (R) was finally declared the winner in (CA-13) on Saturday..

We are approaching ONE MONTH since the midterms..
Unbelievable..",1599854196765110272,,2,4,,6,#StopTheSteal
2022-12-11 13:03:52,19,normal,0.7875461578,"That's great, Supreme Court won't hear #Dominion case but if you REALLY want to know the TRUTH that no one wants to tell you, go to http://watchdominion.com. Go quickly and watch to the end and #stopthesteal, stop the murders.

Check out this article:",1599817697889779712,,2,4,,6,#StopTheSteal
2022-12-11 13:03:52,34,normal,0.6952805519,WE WON THIS ELECTION BIGLY #STOPTHESTEAL,1601343193693364224,1,,5,,6,#StopTheSteal
2022-12-11 13:03:52,34,normal,0.6952805519,"Moderate Conservative Primary 

@patrioticcrow
@politiconh
@LeftRightEA
@_Reaganite_",1601343193693364224,1,,5,,6,#StopTheSteal
2022-12-11 13:03:52,35,normal,0.8267270327,Just when Walker pulls ahead the Democrats find magically votes to put Warnock back in the lead.  #StopTheSteal,1600317464855781377,2,1,3,,6,#StopTheSteal
2022-12-15 0:48:43,14,normal,0.7416424751,"They need time to cheat, unfreaking believable when will Americans actually take a stand against our government!? This has to end!
#StoptheSteal #MAGA",1599854196765110272,,2,4,,6,#StopTheSteal
2022-12-15 0:48:43,14,normal,0.7416424751,"A correction:
Lauren Boebert (CO-3) is now the only House seat still not called and is headed for a recount..
John Duarte (R) was finally declared the winner in (CA-13) on Saturday..

We are approaching ONE MONTH since the midterms..
Unbelievable..",1599854196765110272,,2,4,,6,#StopTheSteal
2022-12-12 17:44:40,30,normal,0.6952805519,WE WON THIS ELECTION BIGLY #STOPTHESTEAL,1601343193693364224,1,,5,,6,#StopTheSteal
2022-12-12 17:44:40,30,normal,0.6952805519,"Moderate Conservative Primary 

@patrioticcrow
@politiconh
@LeftRightEA
@_Reaganite_",1601343193693364224,1,,5,,6,#StopTheSteal
2022-12-11 17:13:53,31,normal,0.6952805519,WE WON THIS ELECTION BIGLY #STOPTHESTEAL,1601343193693364224,1,,5,,6,#StopTheSteal
2022-12-11 17:13:53,31,normal,0.6952805519,"Moderate Conservative Primary 

@patrioticcrow
@politiconh
@LeftRightEA
@_Reaganite_",1601343193693364224,1,,5,,6,#StopTheSteal
2022-12-14 19:07:31,28,normal,0.7935708165,We'll look at everything and make sure Mike doesn't try to fire anyone to take the win #StopTheSteal,1602719938782920705,,,6,,6,#StopTheSteal
2022-12-14 19:07:31,42,normal,0.6952805519,WE WON THIS ELECTION BIGLY #STOPTHESTEAL,1601343193693364224,1,,5,,6,#StopTheSteal
2022-12-14 19:07:31,42,normal,0.6952805519,"Moderate Conservative Primary 

@patrioticcrow
@politiconh
@LeftRightEA
@_Reaganite_",1601343193693364224,1,,5,,6,#StopTheSteal
2022-12-13 19:10:20,22,normal,0.7416424751,"They need time to cheat, unfreaking believable when will Americans actually take a stand against our government!? This has to end!
#StoptheSteal #MAGA",1599854196765110272,,2,4,,6,#StopTheSteal
2022-12-13 19:10:20,22,normal,0.7416424751,"A correction:
Lauren Boebert (CO-3) is now the only House seat still not called and is headed for a recount..
John Duarte (R) was finally declared the winner in (CA-13) on Saturday..

We are approaching ONE MONTH since the midterms..
Unbelievable..",1599854196765110272,,2,4,,6,#StopTheSteal
2022-12-13 12:49:17,19,normal,0.6952805519,WE WON THIS ELECTION BIGLY #STOPTHESTEAL,1601343193693364224,1,,5,,6,#StopTheSteal
2022-12-13 12:49:17,19,normal,0.6952805519,"Moderate Conservative Primary 

@patrioticcrow
@politiconh
@LeftRightEA
@_Reaganite_",1601343193693364224,1,,5,,6,#StopTheSteal
2022-12-14 17:09:56,27,normal,0.7416424751,"They need time to cheat, unfreaking believable when will Americans actually take a stand against our government!? This has to end!
#StoptheSteal #MAGA",1599854196765110272,,2,4,,6,#StopTheSteal
2022-12-14 17:09:56,27,normal,0.7416424751,"A correction:
Lauren Boebert (CO-3) is now the only House seat still not called and is headed for a recount..
John Duarte (R) was finally declared the winner in (CA-13) on Saturday..

We are approaching ONE MONTH since the midterms..
Unbelievable..",1599854196765110272,,2,4,,6,#StopTheSteal
2022-12-14 22:54:15,16,normal,0.7416424751,"They need time to cheat, unfreaking believable when will Americans actually take a stand against our government!? This has to end!
#StoptheSteal #MAGA",1599854196765110272,,2,4,,6,#StopTheSteal
2022-12-14 22:54:15,16,normal,0.7416424751,"A correction:
Lauren Boebert (CO-3) is now the only House seat still not called and is headed for a recount..
John Duarte (R) was finally declared the winner in (CA-13) on Saturday..

We are approaching ONE MONTH since the midterms..
Unbelievable..",1599854196765110272,,2,4,,6,#StopTheSteal
2022-12-14 13:10:56,25,normal,0.7935708165,We'll look at everything and make sure Mike doesn't try to fire anyone to take the win #StopTheSteal,1602719938782920705,,,6,,6,#StopTheSteal
2022-12-14 13:10:56,32,normal,0.7416424751,"They need time to cheat, unfreaking believable when will Americans actually take a stand against our government!? This has to end!
#StoptheSteal #MAGA",1599854196765110272,,2,4,,6,#StopTheSteal
2022-12-14 13:10:56,32,normal,0.7416424751,"A correction:
Lauren Boebert (CO-3) is now the only House seat still not called and is headed for a recount..
John Duarte (R) was finally declared the winner in (CA-13) on Saturday..

We are approaching ONE MONTH since the midterms..
Unbelievable..",1599854196765110272,,2,4,,6,#StopTheSteal
2022-12-11 19:12:53,48,normal,0.6952805519,WE WON THIS ELECTION BIGLY #STOPTHESTEAL,1601343193693364224,1,,5,,6,#StopTheSteal
2022-12-11 19:12:53,48,normal,0.6952805519,"Moderate Conservative Primary 

@patrioticcrow
@politiconh
@LeftRightEA
@_Reaganite_",1601343193693364224,1,,5,,6,#StopTheSteal
2022-12-11 21:09:55,17,normal,0.7875461578,"That's great, Supreme Court won't hear #Dominion case but if you REALLY want to know the TRUTH that no one wants to tell you, go to http://watchdominion.com. Go quickly and watch to the end and #stopthesteal, stop the murders.

Check out this article:",1599817697889779712,,2,4,,6,#StopTheSteal
2022-12-11 21:09:55,50,normal,0.6952805519,WE WON THIS ELECTION BIGLY #STOPTHESTEAL,1601343193693364224,1,,5,,6,#StopTheSteal
2022-12-11 21:09:55,50,normal,0.6952805519,"Moderate Conservative Primary 

@patrioticcrow
@politiconh
@LeftRightEA
@_Reaganite_",1601343193693364224,1,,5,,6,#StopTheSteal
2022-12-12 3:07:57,21,normal,0.819036603,"More  #GroundswellLeaks from 2013-- 

#SeditionHunters ....  Some of y'all wonder why it matters ? Because U can draw a straight line from #Groundswell to #StoptheSteal to #January6th",1599912023827320832,,1,4,,5,#StopTheSteal
2022-12-14 14:59:00,13,normal,0.787375927,"2024 Presidential Match-Ups.

How close would a Biden-Trump re-match in '24 be? According to @RealClearNews average, a 44.5-44.3 split for Biden. A difference of only 0.2%.

Yikes. Definitely #StopTheSteal territory.",1592767507492134913,2,,3,,5,#StopTheSteal
2022-12-14 14:59:00,23,normal,0.6209238768,Fellow #Patriot @jasminstclaire will be on the show this week and she is completely outspoken about the Left wing extremists that have stolen our Republic! The audio podcast drops on Friday & the video will be on our Rumble page! Subscribe to both! #America1st #StopTheSteal,1600154777924444160,,1,4,,5,#StopTheSteal
2022-12-14 14:59:00,47,normal,0.7706078887,"“Elections have Consequences, Stolen Elections have Catastrophic Consequences” #StopTheSteal #MakeItRight",1601396777231732736,1,1,3,,5,#StopTheSteal
2022-12-11 15:08:47,34,normal,0.8067480922,"Never forget what happened one during a mostly event, that lasted roughly  hours.

Most attendees went home to  with No interest or capability to overturn Government.

They were protesting a rigged 2020 election and now we know they were right. #StopTheSteal",1601925379291320320,1,1,3,,5,#StopTheSteal
2022-12-12 1:10:30,19,normal,0.8050474524,So..#stopthesteal was suppressed. Not surprised.,1601747157589012480,,1,4,,5,#StopTheSteal
2022-12-12 1:10:30,21,normal,0.819036603,"More  #GroundswellLeaks from 2013-- 

#SeditionHunters ....  Some of y'all wonder why it matters ? Because U can draw a straight line from #Groundswell to #StoptheSteal to #January6th",1599912023827320832,,1,4,,5,#StopTheSteal
2022-12-12 15:46:30,11,normal,0.8050474524,So..#stopthesteal was suppressed. Not surprised.,1601747157589012480,,1,4,,5,#StopTheSteal
2022-12-13 17:13:58,4,normal,0.7198874354,What a surprise - All the liberal precincts are the ones left that are partially reported.  Likely dumping ballots as we speak. #garunoff #georgiarunoff #stopthesteal,1600331909388648449,4,,1,,5,#StopTheSteal
2022-12-13 17:13:58,15,normal,0.8050474524,So..#stopthesteal was suppressed. Not surprised.,1601747157589012480,,1,4,,5,#StopTheSteal
2022-12-13 17:13:58,42,normal,0.6209238768,Fellow #Patriot @jasminstclaire will be on the show this week and she is completely outspoken about the Left wing extremists that have stolen our Republic! The audio podcast drops on Friday & the video will be on our Rumble page! Subscribe to both! #America1st #StopTheSteal,1600154777924444160,,1,4,,5,#StopTheSteal
2022-12-11 23:12:29,19,normal,0.819036603,"More  #GroundswellLeaks from 2013-- 

#SeditionHunters ....  Some of y'all wonder why it matters ? Because U can draw a straight line from #Groundswell to #StoptheSteal to #January6th",1599912023827320832,,1,4,,5,#StopTheSteal
2022-12-13 10:53:06,4,normal,0.7198874354,What a surprise - All the liberal precincts are the ones left that are partially reported.  Likely dumping ballots as we speak. #garunoff #georgiarunoff #stopthesteal,1600331909388648449,4,,1,,5,#StopTheSteal
2022-12-15 0:48:43,15,normal,0.6209238768,Fellow #Patriot @jasminstclaire will be on the show this week and she is completely outspoken about the Left wing extremists that have stolen our Republic! The audio podcast drops on Friday & the video will be on our Rumble page! Subscribe to both! #America1st #StopTheSteal,1600154777924444160,,1,4,,5,#StopTheSteal
2022-12-15 0:48:43,63,normal,0.7706078887,"“Elections have Consequences, Stolen Elections have Catastrophic Consequences” #StopTheSteal #MakeItRight",1601396777231732736,1,1,3,,5,#StopTheSteal
2022-12-14 21:01:12,8,normal,0.8133722544,"This is categorically untrue and slanderous. A fair election was held, the ‘Anti-Victoria’ (NSW+QLD) joint ticket won. We will be investigating those making individual making this claim. #stopthesteal #natcon22",1602949916212744192,,,5,,5,#StopTheSteal
2022-12-14 21:01:12,8,normal,0.8133722544,"Ngaire Bogemann (NLS, UniMelb) is also claiming to have been cheated out of Disposable Vape Convener at NLS' 'Dart Caucus' by a NSW stack.

The real drama of NatCon... #natcon22",1602949916212744192,,,5,,5,#StopTheSteal
2022-12-12 7:05:18,3,normal,0.7198874354,What a surprise - All the liberal precincts are the ones left that are partially reported.  Likely dumping ballots as we speak. #garunoff #georgiarunoff #stopthesteal,1600331909388648449,4,,1,,5,#StopTheSteal
2022-12-12 7:05:18,21,normal,0.8050474524,So..#stopthesteal was suppressed. Not surprised.,1601747157589012480,,1,4,,5,#StopTheSteal
2022-12-12 17:44:40,14,normal,0.8050474524,So..#stopthesteal was suppressed. Not surprised.,1601747157589012480,,1,4,,5,#StopTheSteal
2022-12-11 17:13:53,9,normal,0.7198874354,What a surprise - All the liberal precincts are the ones left that are partially reported.  Likely dumping ballots as we speak. #garunoff #georgiarunoff #stopthesteal,1600331909388648449,4,,1,,5,#StopTheSteal
2022-12-11 17:13:53,29,normal,0.819036603,"More  #GroundswellLeaks from 2013-- 

#SeditionHunters ....  Some of y'all wonder why it matters ? Because U can draw a straight line from #Groundswell to #StoptheSteal to #January6th",1599912023827320832,,1,4,,5,#StopTheSteal
2022-12-14 19:07:31,9,normal,0.8133722544,"This is categorically untrue and slanderous. A fair election was held, the ‘Anti-Victoria’ (NSW+QLD) joint ticket won. We will be investigating those making individual making this claim. #stopthesteal #natcon22",1602949916212744192,,,5,,5,#StopTheSteal
2022-12-14 19:07:31,9,normal,0.8133722544,"Ngaire Bogemann (NLS, UniMelb) is also claiming to have been cheated out of Disposable Vape Convener at NLS' 'Dart Caucus' by a NSW stack.

The real drama of NatCon... #natcon22",1602949916212744192,,,5,,5,#StopTheSteal
2022-12-14 19:07:31,30,normal,0.6209238768,Fellow #Patriot @jasminstclaire will be on the show this week and she is completely outspoken about the Left wing extremists that have stolen our Republic! The audio podcast drops on Friday & the video will be on our Rumble page! Subscribe to both! #America1st #StopTheSteal,1600154777924444160,,1,4,,5,#StopTheSteal
2022-12-14 19:07:31,58,normal,0.7706078887,"“Elections have Consequences, Stolen Elections have Catastrophic Consequences” #StopTheSteal #MakeItRight",1601396777231732736,1,1,3,,5,#StopTheSteal
2022-12-14 19:07:31,62,normal,0.7706078887,"“Elections have Consequences, Stolen Elections have Catastrophic Consequences” #StopTheSteal #MakeItRight",1601396777231732736,1,1,3,,5,#StopTheSteal
2022-12-13 19:10:20,6,normal,0.7198874354,What a surprise - All the liberal precincts are the ones left that are partially reported.  Likely dumping ballots as we speak. #garunoff #georgiarunoff #stopthesteal,1600331909388648449,4,,1,,5,#StopTheSteal
2022-12-13 19:10:20,14,normal,0.8050474524,So..#stopthesteal was suppressed. Not surprised.,1601747157589012480,,1,4,,5,#StopTheSteal
2022-12-13 19:10:20,30,normal,0.7088406086,"Yes. @MarioNawfal, have @ali alexander on since he’s the founder of #stopthesteal.",1602397615358103552,1,,4,,5,#StopTheSteal
2022-12-13 19:10:20,43,normal,0.6209238768,Fellow #Patriot @jasminstclaire will be on the show this week and she is completely outspoken about the Left wing extremists that have stolen our Republic! The audio podcast drops on Friday & the video will be on our Rumble page! Subscribe to both! #America1st #StopTheSteal,1600154777924444160,,1,4,,5,#StopTheSteal
2022-12-13 12:49:17,8,normal,0.8050474524,So..#stopthesteal was suppressed. Not surprised.,1601747157589012480,,1,4,,5,#StopTheSteal
2022-12-14 17:09:56,6,normal,0.8133722544,"This is categorically untrue and slanderous. A fair election was held, the ‘Anti-Victoria’ (NSW+QLD) joint ticket won. We will be investigating those making individual making this claim. #stopthesteal #natcon22",1602949916212744192,,,5,,5,#StopTheSteal
2022-12-14 17:09:56,6,normal,0.8133722544,"Ngaire Bogemann (NLS, UniMelb) is also claiming to have been cheated out of Disposable Vape Convener at NLS' 'Dart Caucus' by a NSW stack.

The real drama of NatCon... #natcon22",1602949916212744192,,,5,,5,#StopTheSteal
2022-12-14 22:54:15,11,normal,0.8133722544,"This is categorically untrue and slanderous. A fair election was held, the ‘Anti-Victoria’ (NSW+QLD) joint ticket won. We will be investigating those making individual making this claim. #stopthesteal #natcon22",1602949916212744192,,,5,,5,#StopTheSteal
2022-12-14 22:54:15,11,normal,0.8133722544,"Ngaire Bogemann (NLS, UniMelb) is also claiming to have been cheated out of Disposable Vape Convener at NLS' 'Dart Caucus' by a NSW stack.

The real drama of NatCon... #natcon22",1602949916212744192,,,5,,5,#StopTheSteal
2022-12-14 22:54:15,17,normal,0.6209238768,Fellow #Patriot @jasminstclaire will be on the show this week and she is completely outspoken about the Left wing extremists that have stolen our Republic! The audio podcast drops on Friday & the video will be on our Rumble page! Subscribe to both! #America1st #StopTheSteal,1600154777924444160,,1,4,,5,#StopTheSteal
2022-12-14 22:54:15,32,normal,0.8050474524,So..#stopthesteal was suppressed. Not surprised.,1601747157589012480,,1,4,,5,#StopTheSteal
2022-12-14 22:54:15,55,normal,0.7706078887,"“Elections have Consequences, Stolen Elections have Catastrophic Consequences” #StopTheSteal #MakeItRight",1601396777231732736,1,1,3,,5,#StopTheSteal
2022-12-14 13:10:56,12,normal,0.7706078887,"“Elections have Consequences, Stolen Elections have Catastrophic Consequences” #StopTheSteal #MakeItRight",1601396777231732736,1,1,3,,5,#StopTheSteal
2022-12-14 13:10:56,21,normal,0.8050474524,So..#stopthesteal was suppressed. Not surprised.,1601747157589012480,,1,4,,5,#StopTheSteal
2022-12-14 13:10:56,66,normal,0.787375927,"2024 Presidential Match-Ups.

How close would a Biden-Trump re-match in '24 be? According to @RealClearNews average, a 44.5-44.3 split for Biden. A difference of only 0.2%.

Yikes. Definitely #StopTheSteal territory.",1592767507492134913,2,,3,,5,#StopTheSteal
2022-12-11 19:12:53,4,normal,0.8050474524,So..#stopthesteal was suppressed. Not surprised.,1601747157589012480,,1,4,,5,#StopTheSteal
2022-12-13 15:15:45,11,normal,0.7706078887,"“Elections have Consequences, Stolen Elections have Catastrophic Consequences” #StopTheSteal #MakeItRight",1601396777231732736,1,1,3,,5,#StopTheSteal
2022-12-13 15:15:45,32,normal,0.819036603,"More  #GroundswellLeaks from 2013-- 

#SeditionHunters ....  Some of y'all wonder why it matters ? Because U can draw a straight line from #Groundswell to #StoptheSteal to #January6th",1599912023827320832,,1,4,,5,#StopTheSteal
2022-12-11 21:09:55,24,normal,0.819036603,"More  #GroundswellLeaks from 2013-- 

#SeditionHunters ....  Some of y'all wonder why it matters ? Because U can draw a straight line from #Groundswell to #StoptheSteal to #January6th",1599912023827320832,,1,4,,5,#StopTheSteal
2022-12-12 3:07:57,22,normal,0.7706078887,"“Elections have Consequences, Stolen Elections have Catastrophic Consequences” #StopTheSteal #MakeItRight",1601396777231732736,1,1,2,,4,#StopTheSteal
2022-12-12 3:07:57,41,normal,0.7416424751,"They need time to cheat, unfreaking believable when will Americans actually take a stand against our government!? This has to end!
#StoptheSteal #MAGA",1599840263832076290,,1,3,,4,#StopTheSteal
2022-12-12 3:07:57,41,normal,0.7416424751,"A correction:
Lauren Boebert (CO-3) is now the only House seat still not called and is headed for a recount..
John Duarte (R) was finally declared the winner in (CA-13) on Saturday..

We are approaching ONE MONTH since the midterms..
Unbelievable..",1599840263832076290,,1,3,,4,#StopTheSteal
2022-12-12 3:07:57,47,normal,0.7538044453,#stopthesteal,1601816818951544833,,1,3,,4,#StopTheSteal
2022-12-14 14:59:00,3,normal,0.6996356845,"Shit is rigged   
#StopTheSteal",1602752415174111233,,1,3,,4,#StopTheSteal
2022-12-14 14:59:00,3,normal,0.6996356845,This will be Messis 4th pen attempt in one world cup. Thats nuts,1602752415174111233,,1,3,,4,#StopTheSteal
2022-12-14 14:59:00,22,normal,0.7604436278,"Still mad that #Signalis didn't even get nominated for a single award. 
 #TGA2022 #StopTheSteal",1601167412795420672,,,4,,4,#StopTheSteal
2022-12-14 14:59:00,70,normal,0.7538044453,#stopthesteal,1601816818951544833,,1,3,,4,#StopTheSteal
2022-12-11 15:08:47,48,normal,0.7416424751,"They need time to cheat, unfreaking believable when will Americans actually take a stand against our government!? This has to end!
#StoptheSteal #MAGA",1599840263832076290,,1,3,,4,#StopTheSteal
2022-12-11 15:08:47,48,normal,0.7416424751,"A correction:
Lauren Boebert (CO-3) is now the only House seat still not called and is headed for a recount..
John Duarte (R) was finally declared the winner in (CA-13) on Saturday..

We are approaching ONE MONTH since the midterms..
Unbelievable..",1599840263832076290,,1,3,,4,#StopTheSteal
2022-12-12 1:10:30,10,normal,0.7938766479,Good question why did @HerschelWalker lose votes right before our eyes ?? #stopthesteal,1600623576830418945,1,1,2,,4,#StopTheSteal
2022-12-12 1:10:30,10,normal,0.7938766479,Since when do votes just disappear???,1600623576830418945,1,1,2,,4,#StopTheSteal
2022-12-12 1:10:30,16,normal,0.7706078887,"“Elections have Consequences, Stolen Elections have Catastrophic Consequences” #StopTheSteal #MakeItRight",1601396777231732736,1,1,2,,4,#StopTheSteal
2022-12-12 1:10:30,42,normal,0.7538044453,#stopthesteal,1601816818951544833,,1,3,,4,#StopTheSteal
2022-12-12 15:46:30,8,normal,0.7718408108,"@KatieHobbs also has ties inside at #Runbeck and that's legal. It's my understanding is that Runbeck handled every aspect of the election management process, as far as printing and counting ballots was concerned. 
  Meet Ken Matta, former Hobbs employee
#StopTheSteal #ReDoAZ",1599420267490840576,,1,3,,4,#StopTheSteal
2022-12-12 15:46:30,50,normal,0.7538044453,#stopthesteal,1601816818951544833,,1,3,,4,#StopTheSteal
2022-12-13 17:13:58,9,normal,0.7938766479,Good question why did @HerschelWalker lose votes right before our eyes ?? #stopthesteal,1600623576830418945,1,1,2,,4,#StopTheSteal
2022-12-13 17:13:58,9,normal,0.7938766479,Since when do votes just disappear???,1600623576830418945,1,1,2,,4,#StopTheSteal
2022-12-13 17:13:58,22,normal,0.7416424751,"They need time to cheat, unfreaking believable when will Americans actually take a stand against our government!? This has to end!
#StoptheSteal #MAGA",1599840263832076290,,1,3,,4,#StopTheSteal
2022-12-13 17:13:58,22,normal,0.7416424751,"A correction:
Lauren Boebert (CO-3) is now the only House seat still not called and is headed for a recount..
John Duarte (R) was finally declared the winner in (CA-13) on Saturday..

We are approaching ONE MONTH since the midterms..
Unbelievable..",1599840263832076290,,1,3,,4,#StopTheSteal
2022-12-13 17:13:58,41,normal,0.7604436278,"Still mad that #Signalis didn't even get nominated for a single award. 
 #TGA2022 #StopTheSteal",1601167412795420672,,,4,,4,#StopTheSteal
2022-12-11 23:12:29,22,normal,0.7416424751,"They need time to cheat, unfreaking believable when will Americans actually take a stand against our government!? This has to end!
#StoptheSteal #MAGA",1599840263832076290,,1,3,,4,#StopTheSteal
2022-12-11 23:12:29,22,normal,0.7416424751,"A correction:
Lauren Boebert (CO-3) is now the only House seat still not called and is headed for a recount..
John Duarte (R) was finally declared the winner in (CA-13) on Saturday..

We are approaching ONE MONTH since the midterms..
Unbelievable..",1599840263832076290,,1,3,,4,#StopTheSteal
2022-12-11 23:12:29,46,normal,0.7538044453,#stopthesteal,1601816818951544833,,1,3,,4,#StopTheSteal
2022-12-13 10:53:06,7,normal,0.7938766479,Good question why did @HerschelWalker lose votes right before our eyes ?? #stopthesteal,1600623576830418945,1,1,2,,4,#StopTheSteal
2022-12-13 10:53:06,7,normal,0.7938766479,Since when do votes just disappear???,1600623576830418945,1,1,2,,4,#StopTheSteal
2022-12-13 10:53:06,13,offensive,0.4685239792,".
Proud Boys associate, #StopTheSteal propagandist, wannabe insurrectionist @realkatiejow should be added to this list.",1602572684524769281,1,1,2,,4,#StopTheSteal
2022-12-13 10:53:06,13,offensive,0.4685239792,"NEW: DOJ Special Counsel Jack Smith has subpoenaed Clark County, NV officials for communications ""to, from or involving"" any of the following individuals between the time period of June 1, 2020 - January 20, 2021 @NBCNews",1602572684524769281,1,1,2,,4,#StopTheSteal
2022-12-13 10:53:06,51,normal,0.7538044453,#stopthesteal,1601816818951544833,,1,3,,4,#StopTheSteal
2022-12-11 13:03:52,17,normal,0.7706078887,"“Elections have Consequences, Stolen Elections have Catastrophic Consequences” #StopTheSteal #MakeItRight",1601396777231732736,1,1,2,,4,#StopTheSteal
2022-12-11 13:03:52,55,normal,0.7416424751,"They need time to cheat, unfreaking believable when will Americans actually take a stand against our government!? This has to end!
#StoptheSteal #MAGA",1599840263832076290,,1,3,,4,#StopTheSteal
2022-12-11 13:03:52,55,normal,0.7416424751,"A correction:
Lauren Boebert (CO-3) is now the only House seat still not called and is headed for a recount..
John Duarte (R) was finally declared the winner in (CA-13) on Saturday..

We are approaching ONE MONTH since the midterms..
Unbelievable..",1599840263832076290,,1,3,,4,#StopTheSteal
2022-12-12 9:01:18,50,normal,0.7538044453,#stopthesteal,1601816818951544833,,1,3,,4,#StopTheSteal
2022-12-15 0:48:43,31,normal,0.8439879417,"History has been rewritten already. I followed the #StopTheSteal movement in real-time. I saw much of the evidence of fraud, now scrubbed from the internet. I downloaded the NYT voting data & analyzed it in the swing states.",1601642698548486146,2,,2,,4,#StopTheSteal
2022-12-15 0:48:43,49,normal,0.7538044453,#stopthesteal,1601816818951544833,,1,3,,4,#StopTheSteal
2022-12-14 21:01:12,12,normal,0.7940733433,"Happy for all the winners of the eSports awards, but on behalf of my boy @AzaelOfficial, I will be looking in on wide-scale voter machine fraud, especially in Valorant states. #StopTheSteal

(No, but really congratulations to everyone.)",1603112396847022082,1,,3,,4,#StopTheSteal
2022-12-14 21:01:12,13,normal,0.7198874354,What a surprise - All the liberal precincts are the ones left that are partially reported.  Likely dumping ballots as we speak. #garunoff #georgiarunoff #stopthesteal,1600331909388648449,3,,1,,4,#StopTheSteal
2022-12-14 21:01:12,25,normal,0.8439879417,"History has been rewritten already. I followed the #StopTheSteal movement in real-time. I saw much of the evidence of fraud, now scrubbed from the internet. I downloaded the NYT voting data & analyzed it in the swing states.",1601642698548486146,2,,2,,4,#StopTheSteal
2022-12-14 21:01:12,39,normal,0.7938766479,Good question why did @HerschelWalker lose votes right before our eyes ?? #stopthesteal,1600623576830418945,1,1,2,,4,#StopTheSteal
2022-12-14 21:01:12,39,normal,0.7938766479,Since when do votes just disappear???,1600623576830418945,1,1,2,,4,#StopTheSteal
2022-12-14 21:01:12,50,normal,0.7538044453,#stopthesteal,1601816818951544833,,1,3,,4,#StopTheSteal
2022-12-12 7:05:18,22,normal,0.7706078887,"“Elections have Consequences, Stolen Elections have Catastrophic Consequences” #StopTheSteal #MakeItRight",1601396777231732736,1,1,2,,4,#StopTheSteal
2022-12-12 7:05:18,33,normal,0.7416424751,"They need time to cheat, unfreaking believable when will Americans actually take a stand against our government!? This has to end!
#StoptheSteal #MAGA",1599840263832076290,,1,3,,4,#StopTheSteal
2022-12-12 7:05:18,33,normal,0.7416424751,"A correction:
Lauren Boebert (CO-3) is now the only House seat still not called and is headed for a recount..
John Duarte (R) was finally declared the winner in (CA-13) on Saturday..

We are approaching ONE MONTH since the midterms..
Unbelievable..",1599840263832076290,,1,3,,4,#StopTheSteal
2022-12-12 7:05:18,54,normal,0.7538044453,#stopthesteal,1601816818951544833,,1,3,,4,#StopTheSteal
2022-12-12 17:44:40,3,normal,0.7938766479,Good question why did @HerschelWalker lose votes right before our eyes ?? #stopthesteal,1600623576830418945,1,1,2,,4,#StopTheSteal
2022-12-12 17:44:40,3,normal,0.7938766479,Since when do votes just disappear???,1600623576830418945,1,1,2,,4,#StopTheSteal
2022-12-12 17:44:40,38,normal,0.7416424751,"They need time to cheat, unfreaking believable when will Americans actually take a stand against our government!? This has to end!
#StoptheSteal #MAGA",1599840263832076290,,1,3,,4,#StopTheSteal
2022-12-12 17:44:40,38,normal,0.7416424751,"A correction:
Lauren Boebert (CO-3) is now the only House seat still not called and is headed for a recount..
John Duarte (R) was finally declared the winner in (CA-13) on Saturday..

We are approaching ONE MONTH since the midterms..
Unbelievable..",1599840263832076290,,1,3,,4,#StopTheSteal
2022-12-14 19:07:31,24,normal,0.7604436278,"Still mad that #Signalis didn't even get nominated for a single award. 
 #TGA2022 #StopTheSteal",1601167412795420672,,,4,,4,#StopTheSteal
2022-12-14 19:07:31,65,normal,0.7538044453,#stopthesteal,1601816818951544833,,1,3,,4,#StopTheSteal
2022-12-13 19:10:20,20,normal,0.7416424751,"They need time to cheat, unfreaking believable when will Americans actually take a stand against our government!? This has to end!
#StoptheSteal #MAGA",1599840263832076290,,1,3,,4,#StopTheSteal
2022-12-13 19:10:20,20,normal,0.7416424751,"A correction:
Lauren Boebert (CO-3) is now the only House seat still not called and is headed for a recount..
John Duarte (R) was finally declared the winner in (CA-13) on Saturday..

We are approaching ONE MONTH since the midterms..
Unbelievable..",1599840263832076290,,1,3,,4,#StopTheSteal
2022-12-13 19:10:20,41,normal,0.7604436278,"Still mad that #Signalis didn't even get nominated for a single award. 
 #TGA2022 #StopTheSteal",1601167412795420672,,,4,,4,#StopTheSteal
2022-12-13 19:10:20,42,normal,0.8439879417,"History has been rewritten already. I followed the #StopTheSteal movement in real-time. I saw much of the evidence of fraud, now scrubbed from the internet. I downloaded the NYT voting data & analyzed it in the swing states.",1601642698548486146,2,,2,,4,#StopTheSteal
2022-12-13 12:49:17,40,normal,0.7538044453,#stopthesteal,1601816818951544833,,1,3,,4,#StopTheSteal
2022-12-13 12:49:17,45,normal,0.7416424751,"They need time to cheat, unfreaking believable when will Americans actually take a stand against our government!? This has to end!
#StoptheSteal #MAGA",1599840263832076290,,1,3,,4,#StopTheSteal
2022-12-13 12:49:17,45,normal,0.7416424751,"A correction:
Lauren Boebert (CO-3) is now the only House seat still not called and is headed for a recount..
John Duarte (R) was finally declared the winner in (CA-13) on Saturday..

We are approaching ONE MONTH since the midterms..
Unbelievable..",1599840263832076290,,1,3,,4,#StopTheSteal
2022-12-14 17:09:56,16,normal,0.7198874354,What a surprise - All the liberal precincts are the ones left that are partially reported.  Likely dumping ballots as we speak. #garunoff #georgiarunoff #stopthesteal,1600331909388648449,3,,1,,4,#StopTheSteal
2022-12-14 17:09:56,17,normal,0.7604436278,"Still mad that #Signalis didn't even get nominated for a single award. 
 #TGA2022 #StopTheSteal",1601167412795420672,,,4,,4,#StopTheSteal
2022-12-14 17:09:56,50,normal,0.7938766479,Good question why did @HerschelWalker lose votes right before our eyes ?? #stopthesteal,1600623576830418945,1,1,2,,4,#StopTheSteal
2022-12-14 17:09:56,50,normal,0.7938766479,Since when do votes just disappear???,1600623576830418945,1,1,2,,4,#StopTheSteal
2022-12-14 17:09:56,62,normal,0.7538044453,#stopthesteal,1601816818951544833,,1,3,,4,#StopTheSteal
2022-12-14 17:09:56,80,normal,0.771582365,"Has The MyPillow guy started an inquiry on how he was robbed with this fraud? If not, he really should. 

#StopTheSteal #MyPillow #RNCChair #GOPChair #Chaos",1601236941038493697,,,4,,4,#StopTheSteal
2022-12-14 22:54:15,18,normal,0.7938766479,Good question why did @HerschelWalker lose votes right before our eyes ?? #stopthesteal,1600623576830418945,1,1,2,,4,#StopTheSteal
2022-12-14 22:54:15,18,normal,0.7938766479,Since when do votes just disappear???,1600623576830418945,1,1,2,,4,#StopTheSteal
2022-12-14 22:54:15,25,normal,0.7604436278,"Still mad that #Signalis didn't even get nominated for a single award. 
 #TGA2022 #StopTheSteal",1601167412795420672,,,4,,4,#StopTheSteal
2022-12-14 22:54:15,30,normal,0.8439879417,"History has been rewritten already. I followed the #StopTheSteal movement in real-time. I saw much of the evidence of fraud, now scrubbed from the internet. I downloaded the NYT voting data & analyzed it in the swing states.",1601642698548486146,2,,2,,4,#StopTheSteal
2022-12-14 22:54:15,56,normal,0.7538044453,#stopthesteal,1601816818951544833,,1,3,,4,#StopTheSteal
2022-12-14 13:10:56,15,normal,0.7416424751,"They need time to cheat, unfreaking believable when will Americans actually take a stand against our government!? This has to end!
#StoptheSteal #MAGA",1599840263832076290,,1,3,,4,#StopTheSteal
2022-12-14 13:10:56,15,normal,0.7416424751,"A correction:
Lauren Boebert (CO-3) is now the only House seat still not called and is headed for a recount..
John Duarte (R) was finally declared the winner in (CA-13) on Saturday..

We are approaching ONE MONTH since the midterms..
Unbelievable..",1599840263832076290,,1,3,,4,#StopTheSteal
2022-12-14 13:10:56,19,normal,0.7604436278,"Still mad that #Signalis didn't even get nominated for a single award. 
 #TGA2022 #StopTheSteal",1601167412795420672,,,4,,4,#StopTheSteal
2022-12-14 13:10:56,46,normal,0.8439879417,"History has been rewritten already. I followed the #StopTheSteal movement in real-time. I saw much of the evidence of fraud, now scrubbed from the internet. I downloaded the NYT voting data & analyzed it in the swing states.",1601642698548486146,2,,2,,4,#StopTheSteal
2022-12-14 13:10:56,48,normal,0.7538044453,#stopthesteal,1601816818951544833,,1,3,,4,#StopTheSteal
2022-12-11 19:12:53,21,normal,0.7706078887,"“Elections have Consequences, Stolen Elections have Catastrophic Consequences” #StopTheSteal #MakeItRight",1601396777231732736,1,1,2,,4,#StopTheSteal
2022-12-11 19:12:53,34,normal,0.7538044453,#stopthesteal,1601816818951544833,,1,3,,4,#StopTheSteal
2022-12-11 19:12:53,44,normal,0.7604436278,"Still mad that #Signalis didn't even get nominated for a single award. 
 #TGA2022 #StopTheSteal",1601167412795420672,,,4,,4,#StopTheSteal
2022-12-12 5:05:54,32,normal,0.7416424751,"They need time to cheat, unfreaking believable when will Americans actually take a stand against our government!? This has to end!
#StoptheSteal #MAGA",1599840263832076290,,1,3,,4,#StopTheSteal
2022-12-12 5:05:54,32,normal,0.7416424751,"A correction:
Lauren Boebert (CO-3) is now the only House seat still not called and is headed for a recount..
John Duarte (R) was finally declared the winner in (CA-13) on Saturday..

We are approaching ONE MONTH since the midterms..
Unbelievable..",1599840263832076290,,1,3,,4,#StopTheSteal
2022-12-13 15:15:45,25,normal,0.7416424751,"They need time to cheat, unfreaking believable when will Americans actually take a stand against our government!? This has to end!
#StoptheSteal #MAGA",1599840263832076290,,1,3,,4,#StopTheSteal
2022-12-13 15:15:45,25,normal,0.7416424751,"A correction:
Lauren Boebert (CO-3) is now the only House seat still not called and is headed for a recount..
John Duarte (R) was finally declared the winner in (CA-13) on Saturday..

We are approaching ONE MONTH since the midterms..
Unbelievable..",1599840263832076290,,1,3,,4,#StopTheSteal
2022-12-11 21:09:55,18,normal,0.7706078887,"“Elections have Consequences, Stolen Elections have Catastrophic Consequences” #StopTheSteal #MakeItRight",1601396777231732736,1,1,2,,4,#StopTheSteal
2022-12-11 21:09:55,45,normal,0.7538044453,#stopthesteal,1601816818951544833,,1,3,,4,#StopTheSteal
2022-12-11 21:09:55,47,normal,0.7604436278,"Still mad that #Signalis didn't even get nominated for a single award. 
 #TGA2022 #StopTheSteal",1601167412795420672,,,4,,4,#StopTheSteal
2022-12-12 3:07:57,8,normal,0.8159808517,This election is as rigged as the 1980 Arkansas gubernatorial election. #stopthesteal,1601074065519042561,,,3,,3,#StopTheSteal
2022-12-12 3:07:57,31,normal,0.7958995104,Is #stopthesteal still blocked?,1601751043771367424,,1,2,,3,#StopTheSteal
2022-12-12 3:07:57,35,normal,0.7741353512,"Please take note of what #Sinema just caused, using a Trump Move to put our country to use the #StopTheSteal plan Trump Used, no doubt Sinema is already trying to get #Manchin to be GOP, Sinema is a Walking #DumpsterFire...",1601273001420681219,,,3,,3,#StopTheSteal
2022-12-14 14:59:00,5,normal,0.8159808517,This election is as rigged as the 1980 Arkansas gubernatorial election. #stopthesteal,1601074065519042561,,,3,,3,#StopTheSteal
2022-12-11 15:08:47,32,normal,0.6973574758,"#IamDanielBostic of #StopTheSteal 2018& 2020 lead a stack of #SeditionVIPs to restricted Capitol grounds #January6th . Bostic was was in the #Willardwarroom as STS money man same day. 
AND #DanielBostic is another 
He is a failed actor/model w/ IMDB profile",1601179384144351233,2,,1,,3,#StopTheSteal
2022-12-11 15:08:47,38,normal,0.7538044453,#stopthesteal,1601816818951544833,,1,2,,3,#StopTheSteal
2022-12-11 15:08:47,41,normal,0.7538044453,#stopthesteal,1601816818951544833,,1,2,,3,#StopTheSteal
2022-12-11 15:08:47,50,normal,0.7839537263,"And now Caucuses with the GOP, #Sinema is already labeled a Walking #DumpsterFire, and now she is trying to start back up Trump's #StopTheSteal ideal again...",1601279347620741121,1,,2,,3,#StopTheSteal
2022-12-12 1:10:30,6,normal,0.8159808517,This election is as rigged as the 1980 Arkansas gubernatorial election. #stopthesteal,1601074065519042561,,,3,,3,#StopTheSteal
2022-12-12 1:10:30,23,normal,0.7879256606,"Just curious.

If someone commits election fraud, should there be a vote count spread that exempts the person from prosecution?

#stopthesteal 

You don't sound very agnostic about who the winners are.",1601638814518513664,2,,1,,3,#StopTheSteal
2022-12-12 1:10:30,23,normal,0.7879256606,"The lawsuit filed by @RealMarkFinchem is...well, it's a lawsuit.  

All one needs to know is the co-plaintiff Jeff Zink lost to @RubenGallego by 54 points.

That's how pervasive they believe election fraud is.",1601638814518513664,2,,1,,3,#StopTheSteal
2022-12-12 1:10:30,30,normal,0.7741353512,"Please take note of what #Sinema just caused, using a Trump Move to put our country to use the #StopTheSteal plan Trump Used, no doubt Sinema is already trying to get #Manchin to be GOP, Sinema is a Walking #DumpsterFire...",1601273001420681219,,,3,,3,#StopTheSteal
2022-12-12 1:10:30,31,normal,0.750644803,"Can we drop this ‘J6’, ‘January 6’ stuff and get back to calling it what it really was? STOP THE STEAL. #stopthesteal",1599910498392166401,2,,1,,3,#StopTheSteal
2022-12-12 1:10:30,36,normal,0.7958995104,Is #stopthesteal still blocked?,1601751043771367424,,1,2,,3,#StopTheSteal
2022-12-12 1:10:30,38,normal,0.7958995104,Is #stopthesteal still blocked?,1601751043771367424,,1,2,,3,#StopTheSteal
2022-12-12 15:46:30,30,normal,0.6973574758,"#IamDanielBostic of #StopTheSteal 2018& 2020 lead a stack of #SeditionVIPs to restricted Capitol grounds #January6th . Bostic was was in the #Willardwarroom as STS money man same day. 
AND #DanielBostic is another 
He is a failed actor/model w/ IMDB profile",1601179384144351233,2,,1,,3,#StopTheSteal
2022-12-12 15:46:30,35,normal,0.750644803,"Can we drop this ‘J6’, ‘January 6’ stuff and get back to calling it what it really was? STOP THE STEAL. #stopthesteal",1599910498392166401,2,,1,,3,#StopTheSteal
2022-12-13 17:13:58,8,normal,0.8159808517,This election is as rigged as the 1980 Arkansas gubernatorial election. #stopthesteal,1601074065519042561,,,3,,3,#StopTheSteal
2022-12-13 17:13:58,31,normal,0.7879256606,"Just curious.

If someone commits election fraud, should there be a vote count spread that exempts the person from prosecution?

#stopthesteal 

You don't sound very agnostic about who the winners are.",1601638814518513664,2,,1,,3,#StopTheSteal
2022-12-13 17:13:58,31,normal,0.7879256606,"The lawsuit filed by @RealMarkFinchem is...well, it's a lawsuit.  

All one needs to know is the co-plaintiff Jeff Zink lost to @RubenGallego by 54 points.

That's how pervasive they believe election fraud is.",1601638814518513664,2,,1,,3,#StopTheSteal
2022-12-13 10:53:06,5,normal,0.8159808517,This election is as rigged as the 1980 Arkansas gubernatorial election. #stopthesteal,1601074065519042561,,,3,,3,#StopTheSteal
2022-12-13 10:53:06,24,normal,0.7879256606,"Just curious.

If someone commits election fraud, should there be a vote count spread that exempts the person from prosecution?

#stopthesteal 

You don't sound very agnostic about who the winners are.",1601638814518513664,2,,1,,3,#StopTheSteal
2022-12-13 10:53:06,24,normal,0.7879256606,"The lawsuit filed by @RealMarkFinchem is...well, it's a lawsuit.  

All one needs to know is the co-plaintiff Jeff Zink lost to @RubenGallego by 54 points.

That's how pervasive they believe election fraud is.",1601638814518513664,2,,1,,3,#StopTheSteal
2022-12-13 10:53:06,30,normal,0.6973574758,"#IamDanielBostic of #StopTheSteal 2018& 2020 lead a stack of #SeditionVIPs to restricted Capitol grounds #January6th . Bostic was was in the #Willardwarroom as STS money man same day. 
AND #DanielBostic is another 
He is a failed actor/model w/ IMDB profile",1601179384144351233,2,,1,,3,#StopTheSteal
2022-12-11 13:03:52,5,normal,0.8159808517,This election is as rigged as the 1980 Arkansas gubernatorial election. #stopthesteal,1601074065519042561,,,3,,3,#StopTheSteal
2022-12-11 13:03:52,23,normal,0.7538044453,#stopthesteal,1601816818951544833,,1,2,,3,#StopTheSteal
2022-12-11 13:03:52,28,normal,0.7958995104,Is #stopthesteal still blocked?,1601751043771367424,,1,2,,3,#StopTheSteal
2022-12-11 13:03:52,38,normal,0.6973574758,"#IamDanielBostic of #StopTheSteal 2018& 2020 lead a stack of #SeditionVIPs to restricted Capitol grounds #January6th . Bostic was was in the #Willardwarroom as STS money man same day. 
AND #DanielBostic is another 
He is a failed actor/model w/ IMDB profile",1601179384144351233,2,,1,,3,#StopTheSteal
2022-12-11 13:03:52,48,normal,0.7839537263,"And now Caucuses with the GOP, #Sinema is already labeled a Walking #DumpsterFire, and now she is trying to start back up Trump's #StopTheSteal ideal again...",1601279347620741121,1,,2,,3,#StopTheSteal
2022-12-12 9:01:18,7,normal,0.8159808517,This election is as rigged as the 1980 Arkansas gubernatorial election. #stopthesteal,1601074065519042561,,,3,,3,#StopTheSteal
2022-12-12 9:01:18,31,normal,0.750644803,"Can we drop this ‘J6’, ‘January 6’ stuff and get back to calling it what it really was? STOP THE STEAL. #stopthesteal",1599910498392166401,2,,1,,3,#StopTheSteal
2022-12-12 9:01:18,35,normal,0.7741353512,"Please take note of what #Sinema just caused, using a Trump Move to put our country to use the #StopTheSteal plan Trump Used, no doubt Sinema is already trying to get #Manchin to be GOP, Sinema is a Walking #DumpsterFire...",1601273001420681219,,,3,,3,#StopTheSteal
2022-12-12 9:01:18,41,normal,0.8082118034,Same energy. #stopthesteal,1599133454498934785,,1,2,,3,#StopTheSteal
2022-12-12 9:01:18,51,normal,0.6973574758,"#IamDanielBostic of #StopTheSteal 2018& 2020 lead a stack of #SeditionVIPs to restricted Capitol grounds #January6th . Bostic was was in the #Willardwarroom as STS money man same day. 
AND #DanielBostic is another 
He is a failed actor/model w/ IMDB profile",1601179384144351233,2,,1,,3,#StopTheSteal
2022-12-15 0:48:43,5,normal,0.8159808517,This election is as rigged as the 1980 Arkansas gubernatorial election. #stopthesteal,1601074065519042561,,,3,,3,#StopTheSteal
2022-12-14 21:01:12,22,normal,0.7879256606,"Just curious.

If someone commits election fraud, should there be a vote count spread that exempts the person from prosecution?

#stopthesteal 

You don't sound very agnostic about who the winners are.",1601638814518513664,2,,1,,3,#StopTheSteal
2022-12-14 21:01:12,22,normal,0.7879256606,"The lawsuit filed by @RealMarkFinchem is...well, it's a lawsuit.  

All one needs to know is the co-plaintiff Jeff Zink lost to @RubenGallego by 54 points.

That's how pervasive they believe election fraud is.",1601638814518513664,2,,1,,3,#StopTheSteal
2022-12-12 7:05:18,27,normal,0.750644803,"Can we drop this ‘J6’, ‘January 6’ stuff and get back to calling it what it really was? STOP THE STEAL. #stopthesteal",1599910498392166401,2,,1,,3,#StopTheSteal
2022-12-12 7:05:18,35,normal,0.7741353512,"Please take note of what #Sinema just caused, using a Trump Move to put our country to use the #StopTheSteal plan Trump Used, no doubt Sinema is already trying to get #Manchin to be GOP, Sinema is a Walking #DumpsterFire...",1601273001420681219,,,3,,3,#StopTheSteal
2022-12-12 7:05:18,39,normal,0.7958995104,Is #stopthesteal still blocked?,1601751043771367424,,1,2,,3,#StopTheSteal
2022-12-12 7:05:18,48,normal,0.8082118034,Same energy. #stopthesteal,1599133454498934785,,1,2,,3,#StopTheSteal
2022-12-12 7:05:18,55,normal,0.6973574758,"#IamDanielBostic of #StopTheSteal 2018& 2020 lead a stack of #SeditionVIPs to restricted Capitol grounds #January6th . Bostic was was in the #Willardwarroom as STS money man same day. 
AND #DanielBostic is another 
He is a failed actor/model w/ IMDB profile",1601179384144351233,2,,1,,3,#StopTheSteal
2022-12-12 17:44:40,34,normal,0.6973574758,"#IamDanielBostic of #StopTheSteal 2018& 2020 lead a stack of #SeditionVIPs to restricted Capitol grounds #January6th . Bostic was was in the #Willardwarroom as STS money man same day. 
AND #DanielBostic is another 
He is a failed actor/model w/ IMDB profile",1601179384144351233,2,,1,,3,#StopTheSteal
2022-12-12 17:44:40,39,normal,0.750644803,"Can we drop this ‘J6’, ‘January 6’ stuff and get back to calling it what it really was? STOP THE STEAL. #stopthesteal",1599910498392166401,2,,1,,3,#StopTheSteal
2022-12-11 17:13:53,3,normal,0.8159808517,This election is as rigged as the 1980 Arkansas gubernatorial election. #stopthesteal,1601074065519042561,,,3,,3,#StopTheSteal
2022-12-11 17:13:53,32,normal,0.7879256606,"Just curious.

If someone commits election fraud, should there be a vote count spread that exempts the person from prosecution?

#stopthesteal 

You don't sound very agnostic about who the winners are.",1601638814518513664,2,,1,,3,#StopTheSteal
2022-12-11 17:13:53,32,normal,0.7879256606,"The lawsuit filed by @RealMarkFinchem is...well, it's a lawsuit.  

All one needs to know is the co-plaintiff Jeff Zink lost to @RubenGallego by 54 points.

That's how pervasive they believe election fraud is.",1601638814518513664,2,,1,,3,#StopTheSteal
2022-12-11 17:13:53,48,normal,0.6973574758,"#IamDanielBostic of #StopTheSteal 2018& 2020 lead a stack of #SeditionVIPs to restricted Capitol grounds #January6th . Bostic was was in the #Willardwarroom as STS money man same day. 
AND #DanielBostic is another 
He is a failed actor/model w/ IMDB profile",1601179384144351233,2,,1,,3,#StopTheSteal
2022-12-14 19:07:31,4,normal,0.8159808517,This election is as rigged as the 1980 Arkansas gubernatorial election. #stopthesteal,1601074065519042561,,,3,,3,#StopTheSteal
2022-12-14 19:07:31,25,normal,0.7879256606,"Just curious.

If someone commits election fraud, should there be a vote count spread that exempts the person from prosecution?

#stopthesteal 

You don't sound very agnostic about who the winners are.",1601638814518513664,2,,1,,3,#StopTheSteal
2022-12-14 19:07:31,25,normal,0.7879256606,"The lawsuit filed by @RealMarkFinchem is...well, it's a lawsuit.  

All one needs to know is the co-plaintiff Jeff Zink lost to @RubenGallego by 54 points.

That's how pervasive they believe election fraud is.",1601638814518513664,2,,1,,3,#StopTheSteal
2022-12-13 19:10:20,31,normal,0.7879256606,"Just curious.

If someone commits election fraud, should there be a vote count spread that exempts the person from prosecution?

#stopthesteal 

You don't sound very agnostic about who the winners are.",1601638814518513664,2,,1,,3,#StopTheSteal
2022-12-13 19:10:20,31,normal,0.7879256606,"The lawsuit filed by @RealMarkFinchem is...well, it's a lawsuit.  

All one needs to know is the co-plaintiff Jeff Zink lost to @RubenGallego by 54 points.

That's how pervasive they believe election fraud is.",1601638814518513664,2,,1,,3,#StopTheSteal
2022-12-13 19:10:20,46,normal,0.7741353512,"Please take note of what #Sinema just caused, using a Trump Move to put our country to use the #StopTheSteal plan Trump Used, no doubt Sinema is already trying to get #Manchin to be GOP, Sinema is a Walking #DumpsterFire...",1601273001420681219,,,3,,3,#StopTheSteal
2022-12-13 12:49:17,9,normal,0.8241652846,"This ""Freedom or Death"" tweet from #StopTheSteal gadfly Mike Coudrey elicits heated reactions:",1601638227294973953,1,1,1,,3,#StopTheSteal
2022-12-13 12:49:17,29,normal,0.6973574758,"#IamDanielBostic of #StopTheSteal 2018& 2020 lead a stack of #SeditionVIPs to restricted Capitol grounds #January6th . Bostic was was in the #Willardwarroom as STS money man same day. 
AND #DanielBostic is another 
He is a failed actor/model w/ IMDB profile",1601179384144351233,2,,1,,3,#StopTheSteal
2022-12-14 17:09:56,7,normal,0.8159808517,This election is as rigged as the 1980 Arkansas gubernatorial election. #stopthesteal,1601074065519042561,,,3,,3,#StopTheSteal
2022-12-14 17:09:56,19,normal,0.8241652846,"This ""Freedom or Death"" tweet from #StopTheSteal gadfly Mike Coudrey elicits heated reactions:",1601638227294973953,1,1,1,,3,#StopTheSteal
2022-12-14 17:09:56,22,normal,0.7879256606,"Just curious.

If someone commits election fraud, should there be a vote count spread that exempts the person from prosecution?

#stopthesteal 

You don't sound very agnostic about who the winners are.",1601638814518513664,2,,1,,3,#StopTheSteal
2022-12-14 17:09:56,22,normal,0.7879256606,"The lawsuit filed by @RealMarkFinchem is...well, it's a lawsuit.  

All one needs to know is the co-plaintiff Jeff Zink lost to @RubenGallego by 54 points.

That's how pervasive they believe election fraud is.",1601638814518513664,2,,1,,3,#StopTheSteal
2022-12-14 22:54:15,8,normal,0.8159808517,This election is as rigged as the 1980 Arkansas gubernatorial election. #stopthesteal,1601074065519042561,,,3,,3,#StopTheSteal
2022-12-11 19:12:53,8,normal,0.8159808517,This election is as rigged as the 1980 Arkansas gubernatorial election. #stopthesteal,1601074065519042561,,,3,,3,#StopTheSteal
2022-12-11 19:12:53,27,normal,0.7879256606,"Just curious.

If someone commits election fraud, should there be a vote count spread that exempts the person from prosecution?

#stopthesteal 

You don't sound very agnostic about who the winners are.",1601638814518513664,2,,1,,3,#StopTheSteal
2022-12-11 19:12:53,27,normal,0.7879256606,"The lawsuit filed by @RealMarkFinchem is...well, it's a lawsuit.  

All one needs to know is the co-plaintiff Jeff Zink lost to @RubenGallego by 54 points.

That's how pervasive they believe election fraud is.",1601638814518513664,2,,1,,3,#StopTheSteal
2022-12-11 19:12:53,33,normal,0.750644803,"Can we drop this ‘J6’, ‘January 6’ stuff and get back to calling it what it really was? STOP THE STEAL. #stopthesteal",1599910498392166401,2,,1,,3,#StopTheSteal
2022-12-11 19:12:53,42,normal,0.7741353512,"Please take note of what #Sinema just caused, using a Trump Move to put our country to use the #StopTheSteal plan Trump Used, no doubt Sinema is already trying to get #Manchin to be GOP, Sinema is a Walking #DumpsterFire...",1601273001420681219,,,3,,3,#StopTheSteal
2022-12-11 19:12:53,52,normal,0.6973574758,"#IamDanielBostic of #StopTheSteal 2018& 2020 lead a stack of #SeditionVIPs to restricted Capitol grounds #January6th . Bostic was was in the #Willardwarroom as STS money man same day. 
AND #DanielBostic is another 
He is a failed actor/model w/ IMDB profile",1601179384144351233,2,,1,,3,#StopTheSteal
2022-12-12 5:05:54,23,normal,0.7879256606,"Just curious.

If someone commits election fraud, should there be a vote count spread that exempts the person from prosecution?

#stopthesteal 

You don't sound very agnostic about who the winners are.",1601638814518513664,2,,1,,3,#StopTheSteal
2022-12-12 5:05:54,23,normal,0.7879256606,"The lawsuit filed by @RealMarkFinchem is...well, it's a lawsuit.  

All one needs to know is the co-plaintiff Jeff Zink lost to @RubenGallego by 54 points.

That's how pervasive they believe election fraud is.",1601638814518513664,2,,1,,3,#StopTheSteal
2022-12-13 15:15:45,3,normal,0.8159808517,This election is as rigged as the 1980 Arkansas gubernatorial election. #stopthesteal,1601074065519042561,,,3,,3,#StopTheSteal
2022-12-13 15:15:45,24,normal,0.6973574758,"#IamDanielBostic of #StopTheSteal 2018& 2020 lead a stack of #SeditionVIPs to restricted Capitol grounds #January6th . Bostic was was in the #Willardwarroom as STS money man same day. 
AND #DanielBostic is another 
He is a failed actor/model w/ IMDB profile",1601179384144351233,2,,1,,3,#StopTheSteal
2022-12-13 15:15:45,38,normal,0.6924002171,Retail theft in broad daylight! @GaryGensler @DOJCrimDiv @HouseGOP @HouseDemocrats Do your fucking job! #StoptheSteal #FINRAFRAUD $MMTLP $AMC $GME $MMAT,1602682172766396416,,2,1,,3,#StopTheSteal
2022-12-13 15:15:45,38,normal,0.6924002171,"How are they still borrowing more MMTLP shares this morning when the CUSIP in no longer being used?

via: http://iborrowdesk.com
#finrafraud #MMTLP $MMTLP",1602682172766396416,,2,1,,3,#StopTheSteal
2022-12-13 15:15:45,42,normal,0.6924002171,Retail theft in broad daylight! @GaryGensler @DOJCrimDiv @HouseGOP @HouseDemocrats Do your fucking job! #StoptheSteal #FINRAFRAUD $MMTLP $AMC $GME $MMAT,1602682172766396416,,2,1,,3,#StopTheSteal
2022-12-13 15:15:45,42,normal,0.6924002171,"How are they still borrowing more MMTLP shares this morning when the CUSIP in no longer being used?

via: http://iborrowdesk.com
#finrafraud #MMTLP $MMTLP",1602682172766396416,,2,1,,3,#StopTheSteal
2022-12-11 21:09:55,8,normal,0.8159808517,This election is as rigged as the 1980 Arkansas gubernatorial election. #stopthesteal,1601074065519042561,,,3,,3,#StopTheSteal
2022-12-11 21:09:55,23,normal,0.750644803,"Can we drop this ‘J6’, ‘January 6’ stuff and get back to calling it what it really was? STOP THE STEAL. #stopthesteal",1599910498392166401,2,,1,,3,#StopTheSteal
2022-12-11 21:09:55,27,normal,0.7879256606,"Just curious.

If someone commits election fraud, should there be a vote count spread that exempts the person from prosecution?

#stopthesteal 

You don't sound very agnostic about who the winners are.",1601638814518513664,2,,1,,3,#StopTheSteal
2022-12-11 21:09:55,27,normal,0.7879256606,"The lawsuit filed by @RealMarkFinchem is...well, it's a lawsuit.  

All one needs to know is the co-plaintiff Jeff Zink lost to @RubenGallego by 54 points.

That's how pervasive they believe election fraud is.",1601638814518513664,2,,1,,3,#StopTheSteal
2022-12-11 21:09:55,31,normal,0.7741353512,"Please take note of what #Sinema just caused, using a Trump Move to put our country to use the #StopTheSteal plan Trump Used, no doubt Sinema is already trying to get #Manchin to be GOP, Sinema is a Walking #DumpsterFire...",1601273001420681219,,,3,,3,#StopTheSteal
2022-12-12 3:07:57,20,normal,0.7752543092,I finally found the person who tried to steal the 2020 election    Watch the video now: https://youtu.be/MWJW2CABhWw #StopTheSteal,1598878446804951040,,,2,,2,#StopTheSteal
2022-12-14 14:59:00,40,normal,0.7489370108,"USPS Whistleblowers! | Take Back America County by County

The USPS was paid to deliver candidate mail to potential voters, but a ton (actually tons of tons) never were delivered.

https://operationsunlight.com/2022/11/23/usps-whistleblowers/…
#nevada #elections #stopthesteal",1601709113700126722,,,2,,2,#StopTheSteal
2022-12-14 14:59:00,44,normal,0.7620825171,"BREAKING

.@KariLake lawsuit against .@katiehobbs calls for an emergency hearing.

#KariLake #katiehobbs #Arizona #ElectionInterference #USA #Election2022 #StoptheSteal #TrendingNow #Trending #arizonaelections #TreasonHasConsequences #liveline #Live",1602729630187896835,,,2,,2,#StopTheSteal
2022-12-14 14:59:00,45,normal,0.7168551087,#ERROR!,1601785288560640001,,,2,,2,#StopTheSteal
2022-12-14 14:59:00,48,normal,0.7639302611,We can have this again,1601820233744146432,,,2,,2,#StopTheSteal
2022-12-14 14:59:00,51,normal,0.7365252972,@ChrisEvans isn't the #SexiestManAlive I AM! It was rigged! #StoptheSteal,1600984294989922309,,1,1,,2,#StopTheSteal
2022-12-11 15:08:47,16,normal,0.7752543092,I finally found the person who tried to steal the 2020 election    Watch the video now: https://youtu.be/MWJW2CABhWw #StopTheSteal,1598878446804951040,,,2,,2,#StopTheSteal
2022-12-11 15:08:47,17,normal,0.7559040785,"""What Democrats and their media and corporate allies did to demonize Donald Trump""...""was a soft coup, a nonviolent version of Jan. 6 that was far more dangerous than the Capitol riot.""

#StopTheSteal #MAGA #January6thCommittee",1598667450878418950,,,2,,2,#StopTheSteal
2022-12-11 15:08:47,20,normal,0.7846121788,So they where going against America's fundamental rights and going after #stopthesteal,1601748218181976066,,1,1,,2,#StopTheSteal
2022-12-11 15:08:47,27,normal,0.7504336238,".@ALI (http://t.me/AliAlexander) #AliAlexander:

“#LeeZeldin drops out of #RNC chair race. As you’ll recall, #StopTheSteal and me in my personal capacity declined to endorse him. ‘#ArthurSchwartz’ loses again!”",1600667575473639426,,1,1,,2,#StopTheSteal
2022-12-11 15:08:47,43,normal,0.7953935266,Joe Biden repeatedly denied the existence and legitimacy of Hunter Biden's laptop.,1599107957647896576,,,2,,2,#StopTheSteal
2022-12-12 1:10:30,17,normal,0.7752543092,I finally found the person who tried to steal the 2020 election    Watch the video now: https://youtu.be/MWJW2CABhWw #StopTheSteal,1598878446804951040,,,2,,2,#StopTheSteal
2022-12-12 1:10:30,34,normal,0.8205735087,This photo of a A Treasonous Liar and An Actual Racist is just too perfect...not to share. #Trump2024 #ElectionIntegrity #StoptheSteal,1599213194832011265,,,2,,2,#StopTheSteal
2022-12-12 15:46:30,9,normal,0.7835506201,"Michael Piastrino is showing off FAKE hair colours!

#StopTheSteal
#HairFraud
#VicVotes2022",1599887539804188673,,,2,,2,#StopTheSteal
2022-12-13 17:13:58,21,normal,0.7489370108,"USPS Whistleblowers! | Take Back America County by County

The USPS was paid to deliver candidate mail to potential voters, but a ton (actually tons of tons) never were delivered.

https://operationsunlight.com/2022/11/23/usps-whistleblowers/…
#nevada #elections #stopthesteal",1601709113700126722,,,2,,2,#StopTheSteal
2022-12-13 17:13:58,38,normal,0.8048629761,Fix 2020. Then I’ll trust my vote counts (maybe). #stopthesteal #FreeSpeech,1601960499586949120,,,2,,2,#StopTheSteal
2022-12-13 17:13:58,44,normal,0.7504336238,".@ALI (http://t.me/AliAlexander) #AliAlexander:

“#LeeZeldin drops out of #RNC chair race. As you’ll recall, #StopTheSteal and me in my personal capacity declined to endorse him. ‘#ArthurSchwartz’ loses again!”",1600667575473639426,,1,1,,2,#StopTheSteal
2022-12-11 23:12:29,21,normal,0.7752543092,I finally found the person who tried to steal the 2020 election    Watch the video now: https://youtu.be/MWJW2CABhWw #StopTheSteal,1598878446804951040,,,2,,2,#StopTheSteal
2022-12-11 23:12:29,27,normal,0.7846121788,So they where going against America's fundamental rights and going after #stopthesteal,1601748218181976066,,1,1,,2,#StopTheSteal
2022-12-11 23:12:29,48,normal,0.7953935266,Joe Biden repeatedly denied the existence and legitimacy of Hunter Biden's laptop.,1599107957647896576,,,2,,2,#StopTheSteal
2022-12-13 10:53:06,10,normal,0.7639302611,We can have this again,1601820233744146432,,,2,,2,#StopTheSteal
2022-12-13 10:53:06,20,normal,0.8205735087,This photo of a A Treasonous Liar and An Actual Racist is just too perfect...not to share. #Trump2024 #ElectionIntegrity #StoptheSteal,1599213194832011265,,,2,,2,#StopTheSteal
2022-12-13 10:53:06,47,normal,0.8048629761,Fix 2020. Then I’ll trust my vote counts (maybe). #stopthesteal #FreeSpeech,1601960499586949120,,,2,,2,#StopTheSteal
2022-12-11 13:03:52,10,normal,0.7835506201,"Michael Piastrino is showing off FAKE hair colours!

#StopTheSteal
#HairFraud
#VicVotes2022",1599887539804188673,,,2,,2,#StopTheSteal
2022-12-11 13:03:52,16,normal,0.7752543092,I finally found the person who tried to steal the 2020 election    Watch the video now: https://youtu.be/MWJW2CABhWw #StopTheSteal,1598878446804951040,,,2,,2,#StopTheSteal
2022-12-11 13:03:52,18,normal,0.7846121788,So they where going against America's fundamental rights and going after #stopthesteal,1601748218181976066,,1,1,,2,#StopTheSteal
2022-12-11 13:03:52,25,normal,0.7504336238,".@ALI (http://t.me/AliAlexander) #AliAlexander:

“#LeeZeldin drops out of #RNC chair race. As you’ll recall, #StopTheSteal and me in my personal capacity declined to endorse him. ‘#ArthurSchwartz’ loses again!”",1600667575473639426,,1,1,,2,#StopTheSteal
2022-12-11 13:03:52,41,normal,0.7953935266,Joe Biden repeatedly denied the existence and legitimacy of Hunter Biden's laptop.,1599107957647896576,,,2,,2,#StopTheSteal
2022-12-11 13:03:52,42,normal,0.7953935266,Joe Biden repeatedly denied the existence and legitimacy of Hunter Biden's laptop.,1599107957647896576,,,2,,2,#StopTheSteal
2022-12-12 9:01:18,10,normal,0.7835506201,"Michael Piastrino is showing off FAKE hair colours!

#StopTheSteal
#HairFraud
#VicVotes2022",1599887539804188673,,,2,,2,#StopTheSteal
2022-12-12 9:01:18,19,normal,0.8205735087,This photo of a A Treasonous Liar and An Actual Racist is just too perfect...not to share. #Trump2024 #ElectionIntegrity #StoptheSteal,1599213194832011265,,,2,,2,#StopTheSteal
2022-12-12 9:01:18,20,normal,0.7752543092,I finally found the person who tried to steal the 2020 election    Watch the video now: https://youtu.be/MWJW2CABhWw #StopTheSteal,1598878446804951040,,,2,,2,#StopTheSteal
2022-12-12 9:01:18,24,normal,0.7489370108,"USPS Whistleblowers! | Take Back America County by County

The USPS was paid to deliver candidate mail to potential voters, but a ton (actually tons of tons) never were delivered.

https://operationsunlight.com/2022/11/23/usps-whistleblowers/…
#nevada #elections #stopthesteal",1601709113700126722,,,2,,2,#StopTheSteal
2022-12-12 9:01:18,30,normal,0.7504336238,".@ALI (http://t.me/AliAlexander) #AliAlexander:

“#LeeZeldin drops out of #RNC chair race. As you’ll recall, #StopTheSteal and me in my personal capacity declined to endorse him. ‘#ArthurSchwartz’ loses again!”",1600667575473639426,,1,1,,2,#StopTheSteal
2022-12-15 0:48:43,40,normal,0.7620825171,"BREAKING

.@KariLake lawsuit against .@katiehobbs calls for an emergency hearing.

#KariLake #katiehobbs #Arizona #ElectionInterference #USA #Election2022 #StoptheSteal #TrendingNow #Trending #arizonaelections #TreasonHasConsequences #liveline #Live",1602729630187896835,,,2,,2,#StopTheSteal
2022-12-15 0:48:43,52,normal,0.7489370108,"USPS Whistleblowers! | Take Back America County by County

The USPS was paid to deliver candidate mail to potential voters, but a ton (actually tons of tons) never were delivered.

https://operationsunlight.com/2022/11/23/usps-whistleblowers/…
#nevada #elections #stopthesteal",1601709113700126722,,,2,,2,#StopTheSteal
2022-12-15 0:48:43,53,normal,0.7639302611,We can have this again,1601820233744146432,,,2,,2,#StopTheSteal
2022-12-15 0:48:43,55,normal,0.7504336238,".@ALI (http://t.me/AliAlexander) #AliAlexander:

“#LeeZeldin drops out of #RNC chair race. As you’ll recall, #StopTheSteal and me in my personal capacity declined to endorse him. ‘#ArthurSchwartz’ loses again!”",1600667575473639426,,1,1,,2,#StopTheSteal
2022-12-15 0:48:43,59,normal,0.7365252972,@ChrisEvans isn't the #SexiestManAlive I AM! It was rigged! #StoptheSteal,1600984294989922309,,1,1,,2,#StopTheSteal
2022-12-15 0:48:43,65,normal,0.7131910324,#Stopthesteal,1602876164900413441,,,2,,2,#StopTheSteal
2022-12-14 21:01:12,18,normal,0.7131910324,#StopTheSteal,1602719448087285761,1,,1,,2,#StopTheSteal
2022-12-14 21:01:12,34,normal,0.7489370108,"USPS Whistleblowers! | Take Back America County by County

The USPS was paid to deliver candidate mail to potential voters, but a ton (actually tons of tons) never were delivered.

https://operationsunlight.com/2022/11/23/usps-whistleblowers/…
#nevada #elections #stopthesteal",1601709113700126722,,,2,,2,#StopTheSteal
2022-12-14 21:01:12,46,normal,0.7504336238,".@ALI (http://t.me/AliAlexander) #AliAlexander:

“#LeeZeldin drops out of #RNC chair race. As you’ll recall, #StopTheSteal and me in my personal capacity declined to endorse him. ‘#ArthurSchwartz’ loses again!”",1600667575473639426,,1,1,,2,#StopTheSteal
2022-12-14 21:01:12,51,normal,0.7365252972,@ChrisEvans isn't the #SexiestManAlive I AM! It was rigged! #StoptheSteal,1600984294989922309,,1,1,,2,#StopTheSteal
2022-12-14 21:01:12,57,normal,0.7131910324,#Stopthesteal,1602876164900413441,,,2,,2,#StopTheSteal
2022-12-14 21:01:12,58,normal,0.7538044453,#stopthesteal,1603094559567011840,,1,1,,2,#StopTheSteal
2022-12-14 21:01:12,58,normal,0.7538044453,Caught On Video: Concerned citizen sees ballots being transported in private vehicles & transferred to rented truck on Election night. This violates all chain of custody requirements for paper ballots. Were the ballots destroyed & replaced by set of fake ballots? Investigate now!,1603094559567011840,,1,1,,2,#StopTheSteal
2022-12-12 7:05:18,14,normal,0.7835506201,"Michael Piastrino is showing off FAKE hair colours!

#StopTheSteal
#HairFraud
#VicVotes2022",1599887539804188673,,,2,,2,#StopTheSteal
2022-12-12 7:05:18,20,normal,0.7752543092,I finally found the person who tried to steal the 2020 election    Watch the video now: https://youtu.be/MWJW2CABhWw #StopTheSteal,1598878446804951040,,,2,,2,#StopTheSteal
2022-12-12 7:05:18,24,normal,0.8205735087,This photo of a A Treasonous Liar and An Actual Racist is just too perfect...not to share. #Trump2024 #ElectionIntegrity #StoptheSteal,1599213194832011265,,,2,,2,#StopTheSteal
2022-12-12 17:44:40,13,normal,0.7639302611,We can have this again,1601820233744146432,,,2,,2,#StopTheSteal
2022-12-12 17:44:40,19,normal,0.7489370108,"USPS Whistleblowers! | Take Back America County by County

The USPS was paid to deliver candidate mail to potential voters, but a ton (actually tons of tons) never were delivered.

https://operationsunlight.com/2022/11/23/usps-whistleblowers/…
#nevada #elections #stopthesteal",1601709113700126722,,,2,,2,#StopTheSteal
2022-12-12 17:44:40,47,normal,0.7953935266,Joe Biden repeatedly denied the existence and legitimacy of Hunter Biden's laptop.,1599107957647896576,,,2,,2,#StopTheSteal
2022-12-12 17:44:40,58,normal,0.7168551087,#ERROR!,1601785288560640001,,,2,,2,#StopTheSteal
2022-12-12 17:44:40,62,normal,0.7843929529,I think my other account got permanently suspended b/c I tweeted #stopthesteal I was never told why I was suspended. #bananas,1601759348794961920,,1,1,,2,#StopTheSteal
2022-12-11 17:13:53,23,normal,0.7846121788,So they where going against America's fundamental rights and going after #stopthesteal,1601748218181976066,,1,1,,2,#StopTheSteal
2022-12-11 17:13:53,26,normal,0.7504336238,".@ALI (http://t.me/AliAlexander) #AliAlexander:

“#LeeZeldin drops out of #RNC chair race. As you’ll recall, #StopTheSteal and me in my personal capacity declined to endorse him. ‘#ArthurSchwartz’ loses again!”",1600667575473639426,,1,1,,2,#StopTheSteal
2022-12-11 17:13:53,46,normal,0.7953935266,Joe Biden repeatedly denied the existence and legitimacy of Hunter Biden's laptop.,1599107957647896576,,,2,,2,#StopTheSteal
2022-12-14 19:07:31,43,normal,0.7620825171,"BREAKING

.@KariLake lawsuit against .@katiehobbs calls for an emergency hearing.

#KariLake #katiehobbs #Arizona #ElectionInterference #USA #Election2022 #StoptheSteal #TrendingNow #Trending #arizonaelections #TreasonHasConsequences #liveline #Live",1602729630187896835,,,2,,2,#StopTheSteal
2022-12-14 19:07:31,44,normal,0.7168551087,#ERROR!,1601785288560640001,,,2,,2,#StopTheSteal
2022-12-14 19:07:31,48,normal,0.8048629761,Fix 2020. Then I’ll trust my vote counts (maybe). #stopthesteal #FreeSpeech,1601960499586949120,,,2,,2,#StopTheSteal
2022-12-14 19:07:31,52,normal,0.7639302611,We can have this again,1601820233744146432,,,2,,2,#StopTheSteal
2022-12-14 19:07:31,55,normal,0.7365252972,@ChrisEvans isn't the #SexiestManAlive I AM! It was rigged! #StoptheSteal,1600984294989922309,,1,1,,2,#StopTheSteal
2022-12-14 19:07:31,59,normal,0.7365252972,@ChrisEvans isn't the #SexiestManAlive I AM! It was rigged! #StoptheSteal,1600984294989922309,,1,1,,2,#StopTheSteal
2022-12-14 19:07:31,66,normal,0.7131910324,#Stopthesteal,1602876164900413441,,,2,,2,#StopTheSteal
2022-12-13 19:10:20,38,normal,0.8048629761,Fix 2020. Then I’ll trust my vote counts (maybe). #stopthesteal #FreeSpeech,1601960499586949120,,,2,,2,#StopTheSteal
2022-12-13 19:10:20,47,normal,0.7504336238,".@ALI (http://t.me/AliAlexander) #AliAlexander:

“#LeeZeldin drops out of #RNC chair race. As you’ll recall, #StopTheSteal and me in my personal capacity declined to endorse him. ‘#ArthurSchwartz’ loses again!”",1600667575473639426,,1,1,,2,#StopTheSteal
2022-12-13 12:49:17,21,normal,0.7489370108,"USPS Whistleblowers! | Take Back America County by County

The USPS was paid to deliver candidate mail to potential voters, but a ton (actually tons of tons) never were delivered.

https://operationsunlight.com/2022/11/23/usps-whistleblowers/…
#nevada #elections #stopthesteal",1601709113700126722,,,2,,2,#StopTheSteal
2022-12-13 12:49:17,49,normal,0.7504336238,".@ALI (http://t.me/AliAlexander) #AliAlexander:

“#LeeZeldin drops out of #RNC chair race. As you’ll recall, #StopTheSteal and me in my personal capacity declined to endorse him. ‘#ArthurSchwartz’ loses again!”",1600667575473639426,,1,1,,2,#StopTheSteal
2022-12-14 17:09:56,20,normal,0.7131910324,#StopTheSteal,1602719448087285761,1,,1,,2,#StopTheSteal
2022-12-14 17:09:56,42,normal,0.7489370108,"USPS Whistleblowers! | Take Back America County by County

The USPS was paid to deliver candidate mail to potential voters, but a ton (actually tons of tons) never were delivered.

https://operationsunlight.com/2022/11/23/usps-whistleblowers/…
#nevada #elections #stopthesteal",1601709113700126722,,,2,,2,#StopTheSteal
2022-12-14 17:09:56,48,normal,0.8048629761,Fix 2020. Then I’ll trust my vote counts (maybe). #stopthesteal #FreeSpeech,1601960499586949120,,,2,,2,#StopTheSteal
2022-12-14 17:09:56,51,normal,0.7639302611,We can have this again,1601820233744146432,,,2,,2,#StopTheSteal
2022-12-14 17:09:56,54,normal,0.7365252972,@ChrisEvans isn't the #SexiestManAlive I AM! It was rigged! #StoptheSteal,1600984294989922309,,1,1,,2,#StopTheSteal
2022-12-14 17:09:56,75,normal,0.7131910324,#Stopthesteal,1602876164900413441,,,2,,2,#StopTheSteal
2022-12-14 22:54:15,48,normal,0.7639302611,We can have this again,1601820233744146432,,,2,,2,#StopTheSteal
2022-12-14 22:54:15,54,normal,0.7504336238,".@ALI (http://t.me/AliAlexander) #AliAlexander:

“#LeeZeldin drops out of #RNC chair race. As you’ll recall, #StopTheSteal and me in my personal capacity declined to endorse him. ‘#ArthurSchwartz’ loses again!”",1600667575473639426,,1,1,,2,#StopTheSteal
2022-12-14 22:54:15,57,normal,0.7365252972,@ChrisEvans isn't the #SexiestManAlive I AM! It was rigged! #StoptheSteal,1600984294989922309,,1,1,,2,#StopTheSteal
2022-12-14 22:54:15,61,normal,0.7131910324,#Stopthesteal,1602876164900413441,,,2,,2,#StopTheSteal
2022-12-14 13:10:56,27,normal,0.7131910324,#StopTheSteal,1602719448087285761,1,,1,,2,#StopTheSteal
2022-12-14 13:10:56,29,normal,0.7489370108,"USPS Whistleblowers! | Take Back America County by County

The USPS was paid to deliver candidate mail to potential voters, but a ton (actually tons of tons) never were delivered.

https://operationsunlight.com/2022/11/23/usps-whistleblowers/…
#nevada #elections #stopthesteal",1601709113700126722,,,2,,2,#StopTheSteal
2022-12-14 13:10:56,40,normal,0.8048629761,Fix 2020. Then I’ll trust my vote counts (maybe). #stopthesteal #FreeSpeech,1601960499586949120,,,2,,2,#StopTheSteal
2022-12-14 13:10:56,42,normal,0.7639302611,We can have this again,1601820233744146432,,,2,,2,#StopTheSteal
2022-12-14 13:10:56,49,normal,0.7365252972,@ChrisEvans isn't the #SexiestManAlive I AM! It was rigged! #StoptheSteal,1600984294989922309,,1,1,,2,#StopTheSteal
2022-12-14 13:10:56,69,normal,0.7131910324,#Stopthesteal,1602876164900413441,,,2,,2,#StopTheSteal
2022-12-14 13:10:56,71,normal,0.7131910324,#Stopthesteal,1602876164900413441,,,2,,2,#StopTheSteal
2022-12-11 19:12:53,10,normal,0.7835506201,"Michael Piastrino is showing off FAKE hair colours!

#StopTheSteal
#HairFraud
#VicVotes2022",1599887539804188673,,,2,,2,#StopTheSteal
2022-12-11 19:12:53,59,normal,0.7953935266,Joe Biden repeatedly denied the existence and legitimacy of Hunter Biden's laptop.,1599107957647896576,,,2,,2,#StopTheSteal
2022-12-12 5:05:54,15,normal,0.7835506201,"Michael Piastrino is showing off FAKE hair colours!

#StopTheSteal
#HairFraud
#VicVotes2022",1599887539804188673,,,2,,2,#StopTheSteal
2022-12-12 5:05:54,18,normal,0.7752543092,I finally found the person who tried to steal the 2020 election    Watch the video now: https://youtu.be/MWJW2CABhWw #StopTheSteal,1598878446804951040,,,2,,2,#StopTheSteal
2022-12-12 5:05:54,19,normal,0.7489370108,"USPS Whistleblowers! | Take Back America County by County

The USPS was paid to deliver candidate mail to potential voters, but a ton (actually tons of tons) never were delivered.

https://operationsunlight.com/2022/11/23/usps-whistleblowers/…
#nevada #elections #stopthesteal",1601709113700126722,,,2,,2,#StopTheSteal
2022-12-12 5:05:54,25,normal,0.7846121788,So they where going against America's fundamental rights and going after #stopthesteal,1601748218181976066,,1,1,,2,#StopTheSteal
2022-12-13 15:15:45,17,normal,0.7489370108,"USPS Whistleblowers! | Take Back America County by County

The USPS was paid to deliver candidate mail to potential voters, but a ton (actually tons of tons) never were delivered.

https://operationsunlight.com/2022/11/23/usps-whistleblowers/…
#nevada #elections #stopthesteal",1601709113700126722,,,2,,2,#StopTheSteal
2022-12-13 15:15:45,46,normal,0.8048629761,Fix 2020. Then I’ll trust my vote counts (maybe). #stopthesteal #FreeSpeech,1601960499586949120,,,2,,2,#StopTheSteal
2022-12-13 15:15:45,47,normal,0.7504336238,".@ALI (http://t.me/AliAlexander) #AliAlexander:

“#LeeZeldin drops out of #RNC chair race. As you’ll recall, #StopTheSteal and me in my personal capacity declined to endorse him. ‘#ArthurSchwartz’ loses again!”",1600667575473639426,,1,1,,2,#StopTheSteal
2022-12-11 21:09:55,22,normal,0.7752543092,I finally found the person who tried to steal the 2020 election    Watch the video now: https://youtu.be/MWJW2CABhWw #StopTheSteal,1598878446804951040,,,2,,2,#StopTheSteal
2022-12-11 21:09:55,37,normal,0.7489370108,"USPS Whistleblowers! | Take Back America County by County

The USPS was paid to deliver candidate mail to potential voters, but a ton (actually tons of tons) never were delivered.

https://operationsunlight.com/2022/11/23/usps-whistleblowers/…
#nevada #elections #stopthesteal",1601709113700126722,,,2,,2,#StopTheSteal
2022-12-11 21:09:55,51,normal,0.7953935266,Joe Biden repeatedly denied the existence and legitimacy of Hunter Biden's laptop.,1599107957647896576,,,2,,2,#StopTheSteal
2022-12-11 21:09:55,54,normal,0.8205735087,This photo of a A Treasonous Liar and An Actual Racist is just too perfect...not to share. #Trump2024 #ElectionIntegrity #StoptheSteal,1599213194832011265,,,2,,2,#StopTheSteal
2022-12-12 3:07:57,14,normal,0.7569935918,A storm is brewing #balenciagagate #technowar #stopthesteal,1601089338120736768,,,1,,1,#StopTheSteal
2022-12-12 3:07:57,17,normal,0.6577106118,Soooo depressing all this globalist rubbish. We’re going to have to stand up to this tyranny soon. We’re sleepwalking lazily towards dystopia of @RishiSunak making. #StoptheSteal,1601937904988741635,,,1,,1,#StopTheSteal
2022-12-12 3:07:57,17,normal,0.6577106118,"“Rewiring the financial system to double down on the energy transition.”
~ The WEF

https://weforum.org/agenda/2022/05/re-wiring-the-financial-system-to-double-down-on-the-energy-transition/…",1601937904988741635,,,1,,1,#StopTheSteal
2022-12-12 3:07:57,18,normal,0.8048629761,Fix 2020. Then I’ll trust my vote counts (maybe). #stopthesteal #FreeSpeech,1601960499586949120,,,1,,1,#StopTheSteal
2022-12-12 3:07:57,28,normal,0.5801810026,"FASCIST leader, election stealer ""proletaire"" is making fun of the democratic process! Stop this madness now! #stopthesteal!",1600642327030411265,,,1,,1,#StopTheSteal
2022-12-12 3:07:57,28,normal,0.5801810026,Milk Guy fans posting their Ls online,1600642327030411265,,,1,,1,#StopTheSteal
2022-12-12 3:07:57,36,normal,0.8177954555,Bennett was robbed. I demand a recount. #StopTheSteal,1601768289944109056,1,,,,1,#StopTheSteal
2022-12-12 3:07:57,36,normal,0.8177954555,"Final order of the #Heisman vote: 
1. Caleb Williams 
2. Max Duggan
3. CJ Stroud
4. Stetson Bennett",1601768289944109056,1,,,,1,#StopTheSteal
2022-12-12 3:07:57,40,normal,0.7941756248,"Analysis Of 'The Brunson Case' Scheduled Before SCOTUS 
 ~Dec 7, 2022

CDM Contributors Rob Cunningham and Bill Quinn discuss the most consequential election fraud case possibly yet to be heard.

https://rumble.com/v1zggs6-analysis-of-the-brunson-case-scheduled-before-scotus.html…
#elections #stopthesteal",1600690288124514305,,,1,,1,#StopTheSteal
2022-12-12 3:07:57,48,normal,0.7923737168,"Elections Have Consequences: Episode 85 W/ David Jose & Addy Ads 

https://rumble.com/v1z1x5k-elections-have-consequences-episode-85-w-david-jose-and-addy-ads.html…
#elections #stopthesteal",1599955317273821184,,,1,,1,#StopTheSteal
2022-12-14 14:59:00,6,normal,0.7569935918,A storm is brewing #balenciagagate #technowar #stopthesteal,1601089338120736768,,,1,,1,#StopTheSteal
2022-12-14 14:59:00,10,normal,0.7592290044,#JoshHawley #Hawley2024 #StopTheSteal @HawleyMO,1602877446067744768,,,1,,1,#StopTheSteal
2022-12-14 14:59:00,14,normal,0.7832334638,"And Biden didn't have any parades or support from massive crowds....
#StoptheSteal",1600284830075265024,1,,,,1,#StopTheSteal
2022-12-14 14:59:00,15,normal,0.7033365965,"I have a dream that one day, Americans will rise up against this repressive government and take our country back.  #StopTheSteal",1600640494949654528,,,1,,1,#StopTheSteal
2022-12-14 14:59:00,15,normal,0.7033365965,"Brasília , Brazil  

For 38 days now in rain , storm and shine , truckers,  farmers, tribes, everyday people and their families camping peacefully in protest of the election steal ! Credit : The Brazilian Report",1600640494949654528,,,1,,1,#StopTheSteal
2022-12-14 14:59:00,24,normal,0.7426475286,Wow the latest #PatrickByrne bombshell from that meetup is really something. Hope he posts it to #DeepCapture #StoptheSteal,1602672239308148736,,1,,,1,#StopTheSteal
2022-12-14 14:59:00,27,hate speech,0.6279609799,I hope he gets arrested the scamming cunt  #EnglandWon #RiggedFootballMatch #StopTheSteal #Fraud,1601980713779224580,1,,,,1,#StopTheSteal
2022-12-14 14:59:00,33,normal,0.769761622,"I lost the election to be a board member of my HOA, it was definitely rigged. Why isn’t this getting any national news coverage? #stopthesteal @CNNPolitics",1602360908101066753,1,,,,1,#StopTheSteal
2022-12-14 14:59:00,34,normal,0.7544088364,I don’t care about what any political party or candidate has to say if they haven’t formulated a strategy to end inflation. Thieves are not worthy of support. #Stopthesteal,1602662824580374534,,,1,,1,#StopTheSteal
2022-12-14 14:59:00,37,normal,0.6577106118,Soooo depressing all this globalist rubbish. We’re going to have to stand up to this tyranny soon. We’re sleepwalking lazily towards dystopia of @RishiSunak making. #StoptheSteal,1601937904988741635,,,1,,1,#StopTheSteal
2022-12-14 14:59:00,37,normal,0.6577106118,"“Rewiring the financial system to double down on the energy transition.”
~ The WEF

https://weforum.org/agenda/2022/05/re-wiring-the-financial-system-to-double-down-on-the-energy-transition/…",1601937904988741635,,,1,,1,#StopTheSteal
2022-12-14 14:59:00,49,normal,0.7941756248,"Analysis Of 'The Brunson Case' Scheduled Before SCOTUS 
 ~Dec 7, 2022

CDM Contributors Rob Cunningham and Bill Quinn discuss the most consequential election fraud case possibly yet to be heard.

https://rumble.com/v1zggs6-analysis-of-the-brunson-case-scheduled-before-scotus.html…
#elections #stopthesteal",1600690288124514305,,,1,,1,#StopTheSteal
2022-12-11 15:08:47,15,normal,0.7639302611,We can have this again,1601820233744146432,,,1,,1,#StopTheSteal
2022-12-11 15:08:47,22,normal,0.7726051211,"Seth Keshel:

“We” can harvest another 300,000 ballots in a captured state. 

“They” will simply spin the narrative of granting more time to count yours and find an additional 350,000. 

Trying to outcheat them will only cause us to lose tired. 

#elections #stopthesteal",1601698302013018112,,,1,,1,#StopTheSteal
2022-12-11 15:08:47,24,normal,0.7315216064,"You are not alone. We support you 100% @KatieHobbs and her corruption machine will NOT steal the landslide win from @KariLake. 
#StopTheSteal #ReDo22 #ReDoAZ",1599034378281451521,,,1,,1,#StopTheSteal
2022-12-11 15:08:47,25,normal,0.8485130668,#ERROR!,1600369280448544769,,,1,,1,#StopTheSteal
2022-12-11 15:08:47,49,normal,0.8177954555,Bennett was robbed. I demand a recount. #StopTheSteal,1601768289944109056,1,,,,1,#StopTheSteal
2022-12-11 15:08:47,49,normal,0.8177954555,"Final order of the #Heisman vote: 
1. Caleb Williams 
2. Max Duggan
3. CJ Stroud
4. Stetson Bennett",1601768289944109056,1,,,,1,#StopTheSteal
2022-12-12 1:10:30,14,normal,0.7569935918,A storm is brewing #balenciagagate #technowar #stopthesteal,1601089338120736768,,,1,,1,#StopTheSteal
2022-12-12 1:10:30,20,normal,0.6577106118,Soooo depressing all this globalist rubbish. We’re going to have to stand up to this tyranny soon. We’re sleepwalking lazily towards dystopia of @RishiSunak making. #StoptheSteal,1601937904988741635,,,1,,1,#StopTheSteal
2022-12-12 1:10:30,20,normal,0.6577106118,"“Rewiring the financial system to double down on the energy transition.”
~ The WEF

https://weforum.org/agenda/2022/05/re-wiring-the-financial-system-to-double-down-on-the-energy-transition/…",1601937904988741635,,,1,,1,#StopTheSteal
2022-12-12 1:10:30,24,normal,0.8485130668,#ERROR!,1600369280448544769,,,1,,1,#StopTheSteal
2022-12-12 1:10:30,26,normal,0.8177954555,Bennett was robbed. I demand a recount. #StopTheSteal,1601768289944109056,1,,,,1,#StopTheSteal
2022-12-12 1:10:30,26,normal,0.8177954555,"Final order of the #Heisman vote: 
1. Caleb Williams 
2. Max Duggan
3. CJ Stroud
4. Stetson Bennett",1601768289944109056,1,,,,1,#StopTheSteal
2022-12-12 1:10:30,28,normal,0.7033365965,"I have a dream that one day, Americans will rise up against this repressive government and take our country back.  #StopTheSteal",1600640494949654528,,,1,,1,#StopTheSteal
2022-12-12 1:10:30,28,normal,0.7033365965,"Brasília , Brazil  

For 38 days now in rain , storm and shine , truckers,  farmers, tribes, everyday people and their families camping peacefully in protest of the election steal ! Credit : The Brazilian Report",1600640494949654528,,,1,,1,#StopTheSteal
2022-12-12 1:10:30,44,normal,0.7941756248,"Analysis Of 'The Brunson Case' Scheduled Before SCOTUS 
 ~Dec 7, 2022

CDM Contributors Rob Cunningham and Bill Quinn discuss the most consequential election fraud case possibly yet to be heard.

https://rumble.com/v1zggs6-analysis-of-the-brunson-case-scheduled-before-scotus.html…
#elections #stopthesteal",1600690288124514305,,,1,,1,#StopTheSteal
2022-12-12 1:10:30,45,normal,0.7923737168,"Elections Have Consequences: Episode 85 W/ David Jose & Addy Ads 

https://rumble.com/v1z1x5k-elections-have-consequences-episode-85-w-david-jose-and-addy-ads.html…
#elections #stopthesteal",1599955317273821184,,,1,,1,#StopTheSteal
2022-12-12 15:46:30,6,normal,0.7832334638,"And Biden didn't have any parades or support from massive crowds....
#StoptheSteal",1600284830075265024,1,,,,1,#StopTheSteal
2022-12-12 15:46:30,12,normal,0.7569935918,A storm is brewing #balenciagagate #technowar #stopthesteal,1601089338120736768,,,1,,1,#StopTheSteal
2022-12-12 15:46:30,15,normal,0.6577106118,Soooo depressing all this globalist rubbish. We’re going to have to stand up to this tyranny soon. We’re sleepwalking lazily towards dystopia of @RishiSunak making. #StoptheSteal,1601937904988741635,,,1,,1,#StopTheSteal
2022-12-12 15:46:30,15,normal,0.6577106118,"“Rewiring the financial system to double down on the energy transition.”
~ The WEF

https://weforum.org/agenda/2022/05/re-wiring-the-financial-system-to-double-down-on-the-energy-transition/…",1601937904988741635,,,1,,1,#StopTheSteal
2022-12-12 15:46:30,16,normal,0.7315216064,"You are not alone. We support you 100% @KatieHobbs and her corruption machine will NOT steal the landslide win from @KariLake. 
#StopTheSteal #ReDo22 #ReDoAZ",1599034378281451521,,,1,,1,#StopTheSteal
2022-12-12 15:46:30,25,normal,0.7941756248,"Analysis Of 'The Brunson Case' Scheduled Before SCOTUS 
 ~Dec 7, 2022

CDM Contributors Rob Cunningham and Bill Quinn discuss the most consequential election fraud case possibly yet to be heard.

https://rumble.com/v1zggs6-analysis-of-the-brunson-case-scheduled-before-scotus.html…
#elections #stopthesteal",1600690288124514305,,,1,,1,#StopTheSteal
2022-12-12 15:46:30,27,normal,0.7033365965,"I have a dream that one day, Americans will rise up against this repressive government and take our country back.  #StopTheSteal",1600640494949654528,,,1,,1,#StopTheSteal
2022-12-12 15:46:30,27,normal,0.7033365965,"Brasília , Brazil  

For 38 days now in rain , storm and shine , truckers,  farmers, tribes, everyday people and their families camping peacefully in protest of the election steal ! Credit : The Brazilian Report",1600640494949654528,,,1,,1,#StopTheSteal
2022-12-12 15:46:30,39,normal,0.7929343581,So did I win this time or did you have a sudden influx of votes at 3am? #stopthesteal #freecoffee4Rosie,1602017379541995520,,,1,,1,#StopTheSteal
2022-12-12 15:46:30,49,normal,0.6492112875,"This just popped up in my feed when one of her like-minded #StopTheSteal dingbats retweeted it. She wasn't removed because she was working to ensure a free and fair election
1/x",1602023617130291208,1,,,,1,#StopTheSteal
2022-12-13 17:13:58,10,hate speech,0.6279609799,I hope he gets arrested the scamming cunt  #EnglandWon #RiggedFootballMatch #StopTheSteal #Fraud,1601980713779224580,1,,,,1,#StopTheSteal
2022-12-13 17:13:58,13,normal,0.7832334638,"And Biden didn't have any parades or support from massive crowds....
#StoptheSteal",1600284830075265024,1,,,,1,#StopTheSteal
2022-12-13 17:13:58,17,normal,0.7033365965,"I have a dream that one day, Americans will rise up against this repressive government and take our country back.  #StopTheSteal",1600640494949654528,,,1,,1,#StopTheSteal
2022-12-13 17:13:58,17,normal,0.7033365965,"Brasília , Brazil  

For 38 days now in rain , storm and shine , truckers,  farmers, tribes, everyday people and their families camping peacefully in protest of the election steal ! Credit : The Brazilian Report",1600640494949654528,,,1,,1,#StopTheSteal
2022-12-13 17:13:58,18,normal,0.7426475286,Wow the latest #PatrickByrne bombshell from that meetup is really something. Hope he posts it to #DeepCapture #StoptheSteal,1602672239308148736,,1,,,1,#StopTheSteal
2022-12-13 17:13:58,33,normal,0.8177954555,Bennett was robbed. I demand a recount. #StopTheSteal,1601768289944109056,1,,,,1,#StopTheSteal
2022-12-13 17:13:58,33,normal,0.8177954555,"Final order of the #Heisman vote: 
1. Caleb Williams 
2. Max Duggan
3. CJ Stroud
4. Stetson Bennett",1601768289944109056,1,,,,1,#StopTheSteal
2022-12-11 23:12:29,12,normal,0.8241652846,"This ""Freedom or Death"" tweet from #StopTheSteal gadfly Mike Coudrey elicits heated reactions:",1601638227294973953,1,,,,1,#StopTheSteal
2022-12-11 23:12:29,15,normal,0.7569935918,A storm is brewing #balenciagagate #technowar #stopthesteal,1601089338120736768,,,1,,1,#StopTheSteal
2022-12-11 23:12:29,20,normal,0.6577106118,Soooo depressing all this globalist rubbish. We’re going to have to stand up to this tyranny soon. We’re sleepwalking lazily towards dystopia of @RishiSunak making. #StoptheSteal,1601937904988741635,,,1,,1,#StopTheSteal
2022-12-11 23:12:29,20,normal,0.6577106118,"“Rewiring the financial system to double down on the energy transition.”
~ The WEF

https://weforum.org/agenda/2022/05/re-wiring-the-financial-system-to-double-down-on-the-energy-transition/…",1601937904988741635,,,1,,1,#StopTheSteal
2022-12-11 23:12:29,25,normal,0.8485130668,#ERROR!,1600369280448544769,,,1,,1,#StopTheSteal
2022-12-11 23:12:29,26,normal,0.5801810026,"FASCIST leader, election stealer ""proletaire"" is making fun of the democratic process! Stop this madness now! #stopthesteal!",1600642327030411265,,,1,,1,#StopTheSteal
2022-12-11 23:12:29,26,normal,0.5801810026,Milk Guy fans posting their Ls online,1600642327030411265,,,1,,1,#StopTheSteal
2022-12-11 23:12:29,31,normal,0.8177954555,Bennett was robbed. I demand a recount. #StopTheSteal,1601768289944109056,1,,,,1,#StopTheSteal
2022-12-11 23:12:29,31,normal,0.8177954555,"Final order of the #Heisman vote: 
1. Caleb Williams 
2. Max Duggan
3. CJ Stroud
4. Stetson Bennett",1601768289944109056,1,,,,1,#StopTheSteal
2022-12-11 23:12:29,39,normal,0.7941756248,"Analysis Of 'The Brunson Case' Scheduled Before SCOTUS 
 ~Dec 7, 2022

CDM Contributors Rob Cunningham and Bill Quinn discuss the most consequential election fraud case possibly yet to be heard.

https://rumble.com/v1zggs6-analysis-of-the-brunson-case-scheduled-before-scotus.html…
#elections #stopthesteal",1600690288124514305,,,1,,1,#StopTheSteal
2022-12-11 23:12:29,42,normal,0.7699667215,"Hey @Dominos! using electric vehicle is great for the Earth & all but using EV won’t help people pay rent & buy groceries when inflation is at an all time high. Pay your employees a livable wage, quit being greedy & STOP STEALING TIPS. #Stopthesteal #RaisetheWage @fightfor15",1601271531019341825,,,1,,1,#StopTheSteal
2022-12-13 10:53:06,14,normal,0.5801810026,"FASCIST leader, election stealer ""proletaire"" is making fun of the democratic process! Stop this madness now! #stopthesteal!",1600642327030411265,,,1,,1,#StopTheSteal
2022-12-13 10:53:06,14,normal,0.5801810026,Milk Guy fans posting their Ls online,1600642327030411265,,,1,,1,#StopTheSteal
2022-12-13 10:53:06,27,normal,0.7033365965,"I have a dream that one day, Americans will rise up against this repressive government and take our country back.  #StopTheSteal",1600640494949654528,,,1,,1,#StopTheSteal
2022-12-13 10:53:06,27,normal,0.7033365965,"Brasília , Brazil  

For 38 days now in rain , storm and shine , truckers,  farmers, tribes, everyday people and their families camping peacefully in protest of the election steal ! Credit : The Brazilian Report",1600640494949654528,,,1,,1,#StopTheSteal
2022-12-13 10:53:06,45,normal,0.8485130668,#ERROR!,1600369280448544769,,,1,,1,#StopTheSteal
2022-12-11 13:03:52,20,normal,0.7726051211,"Seth Keshel:

“We” can harvest another 300,000 ballots in a captured state. 

“They” will simply spin the narrative of granting more time to count yours and find an additional 350,000. 

Trying to outcheat them will only cause us to lose tired. 

#elections #stopthesteal",1601698302013018112,,,1,,1,#StopTheSteal
2022-12-11 13:03:52,24,offensive,0.5201432705,#stopthesteal  was very offensive to the the X twat employees,1601749104077705216,,,1,,1,#StopTheSteal
2022-12-11 13:03:52,26,normal,0.7315216064,"You are not alone. We support you 100% @KatieHobbs and her corruption machine will NOT steal the landslide win from @KariLake. 
#StopTheSteal #ReDo22 #ReDoAZ",1599034378281451521,,,1,,1,#StopTheSteal
2022-12-11 13:03:52,30,normal,0.5801810026,"FASCIST leader, election stealer ""proletaire"" is making fun of the democratic process! Stop this madness now! #stopthesteal!",1600642327030411265,,,1,,1,#StopTheSteal
2022-12-11 13:03:52,30,normal,0.5801810026,Milk Guy fans posting their Ls online,1600642327030411265,,,1,,1,#StopTheSteal
2022-12-11 13:03:52,31,normal,0.8485130668,#ERROR!,1600369280448544769,,,1,,1,#StopTheSteal
2022-12-11 13:03:52,47,normal,0.8177954555,Bennett was robbed. I demand a recount. #StopTheSteal,1601768289944109056,1,,,,1,#StopTheSteal
2022-12-11 13:03:52,47,normal,0.8177954555,"Final order of the #Heisman vote: 
1. Caleb Williams 
2. Max Duggan
3. CJ Stroud
4. Stetson Bennett",1601768289944109056,1,,,,1,#StopTheSteal
2022-12-11 13:03:52,52,normal,0.7923737168,"Elections Have Consequences: Episode 85 W/ David Jose & Addy Ads 

https://rumble.com/v1z1x5k-elections-have-consequences-episode-85-w-david-jose-and-addy-ads.html…
#elections #stopthesteal",1599955317273821184,,,1,,1,#StopTheSteal
2022-12-11 13:03:52,58,normal,0.6577141285,"THANK YOU, #BORAT! “Before I proceed, I will say I am very upset about the #antisemitism in US & A. It not fair. Kazakhstan is No.1 Jew-crushing nation. Stop stealing our hobby. Stop the steal! Stop the steal! #StopTheSteal!”...",1600563258993233922,1,,,,1,#StopTheSteal
2022-12-12 9:01:18,3,normal,0.7832334638,"And Biden didn't have any parades or support from massive crowds....
#StoptheSteal",1600284830075265024,1,,,,1,#StopTheSteal
2022-12-12 9:01:18,15,normal,0.7569935918,A storm is brewing #balenciagagate #technowar #stopthesteal,1601089338120736768,,,1,,1,#StopTheSteal
2022-12-12 9:01:18,17,normal,0.8048629761,Fix 2020. Then I’ll trust my vote counts (maybe). #stopthesteal #FreeSpeech,1601960499586949120,,,1,,1,#StopTheSteal
2022-12-12 9:01:18,26,normal,0.7315216064,"You are not alone. We support you 100% @KatieHobbs and her corruption machine will NOT steal the landslide win from @KariLake. 
#StopTheSteal #ReDo22 #ReDoAZ",1599034378281451521,,,1,,1,#StopTheSteal
2022-12-12 9:01:18,27,offensive,0.5201432705,#stopthesteal  was very offensive to the the X twat employees,1601749104077705216,,,1,,1,#StopTheSteal
2022-12-12 9:01:18,32,normal,0.8485130668,#ERROR!,1600369280448544769,,,1,,1,#StopTheSteal
2022-12-12 9:01:18,34,normal,0.8177954555,Bennett was robbed. I demand a recount. #StopTheSteal,1601768289944109056,1,,,,1,#StopTheSteal
2022-12-12 9:01:18,34,normal,0.8177954555,"Final order of the #Heisman vote: 
1. Caleb Williams 
2. Max Duggan
3. CJ Stroud
4. Stetson Bennett",1601768289944109056,1,,,,1,#StopTheSteal
2022-12-12 9:01:18,43,normal,0.8063992858,"Interesting times we live in...
@HillaryClinton turns her comments off as more and more info is being released on the Stolen 2020 election! #stopthesteal #fix2020 #restore #WeThePeople #constitutionalrepublic",1599026524274900992,,1,,,1,#StopTheSteal
2022-12-12 9:01:18,49,normal,0.6577141285,"THANK YOU, #BORAT! “Before I proceed, I will say I am very upset about the #antisemitism in US & A. It not fair. Kazakhstan is No.1 Jew-crushing nation. Stop stealing our hobby. Stop the steal! Stop the steal! #StopTheSteal!”...",1600563258993233922,1,,,,1,#StopTheSteal
2022-12-12 9:01:18,54,normal,0.7929343581,So did I win this time or did you have a sudden influx of votes at 3am? #stopthesteal #freecoffee4Rosie,1602017379541995520,,,1,,1,#StopTheSteal
2022-12-12 9:01:18,55,normal,0.6492112875,"This just popped up in my feed when one of her like-minded #StopTheSteal dingbats retweeted it. She wasn't removed because she was working to ensure a free and fair election
1/x",1602023617130291208,1,,,,1,#StopTheSteal
2022-12-15 0:48:43,18,hate speech,0.6279609799,I hope he gets arrested the scamming cunt  #EnglandWon #RiggedFootballMatch #StopTheSteal #Fraud,1601980713779224580,1,,,,1,#StopTheSteal
2022-12-15 0:48:43,22,normal,0.8152841926,"@elonmusk Please make ALL information known inre #MassPurge of Jan 2021, & reinstate the accounts!!
#StopTheSteal",1602992195811811329,,,1,,1,#StopTheSteal
2022-12-15 0:48:43,28,normal,0.7426475286,Wow the latest #PatrickByrne bombshell from that meetup is really something. Hope he posts it to #DeepCapture #StoptheSteal,1602672239308148736,,1,,,1,#StopTheSteal
2022-12-15 0:48:43,35,normal,0.7033365965,"I have a dream that one day, Americans will rise up against this repressive government and take our country back.  #StopTheSteal",1600640494949654528,,,1,,1,#StopTheSteal
2022-12-15 0:48:43,35,normal,0.7033365965,"Brasília , Brazil  

For 38 days now in rain , storm and shine , truckers,  farmers, tribes, everyday people and their families camping peacefully in protest of the election steal ! Credit : The Brazilian Report",1600640494949654528,,,1,,1,#StopTheSteal
2022-12-15 0:48:43,37,normal,0.7910555601,More Money Laundering Opportunities. #Corruption #StopTheSteal #AmericaFirst,1603142421457551360,,,1,,1,#StopTheSteal
2022-12-15 0:48:43,37,normal,0.7910555601,Biden: “The United States is committed to supporting every aspect of Africa’s inclusive growth.”,1603142421457551360,,,1,,1,#StopTheSteal
2022-12-15 0:48:43,42,normal,0.7886821628,He is Mr #Stopthesteal you see all his efforts every election cycle,1603109414310813699,,,1,,1,#StopTheSteal
2022-12-15 0:48:43,48,normal,0.7981046438,"The sleight of hand being practised by all the
 Premiers when it comes to healthcare dollars are over, #StopTheSteal #StopTheBS. #IStandWithTrudeau",1603041871898492928,,,1,,1,#StopTheSteal
2022-12-14 21:01:12,4,normal,0.7569935918,A storm is brewing #balenciagagate #technowar #stopthesteal,1601089338120736768,,,1,,1,#StopTheSteal
2022-12-14 21:01:12,16,normal,0.7592290044,#JoshHawley #Hawley2024 #StopTheSteal @HawleyMO,1602877446067744768,,,1,,1,#StopTheSteal
2022-12-14 21:01:12,21,normal,0.8152841926,"@elonmusk Please make ALL information known inre #MassPurge of Jan 2021, & reinstate the accounts!!
#StopTheSteal",1602992195811811329,,,1,,1,#StopTheSteal
2022-12-14 21:01:12,23,normal,0.7832334638,"And Biden didn't have any parades or support from massive crowds....
#StoptheSteal",1600284830075265024,1,,,,1,#StopTheSteal
2022-12-14 21:01:12,27,hate speech,0.6279609799,I hope he gets arrested the scamming cunt  #EnglandWon #RiggedFootballMatch #StopTheSteal #Fraud,1601980713779224580,1,,,,1,#StopTheSteal
2022-12-14 21:01:12,28,normal,0.5801810026,"FASCIST leader, election stealer ""proletaire"" is making fun of the democratic process! Stop this madness now! #stopthesteal!",1600642327030411265,,,1,,1,#StopTheSteal
2022-12-14 21:01:12,28,normal,0.5801810026,Milk Guy fans posting their Ls online,1600642327030411265,,,1,,1,#StopTheSteal
2022-12-14 21:01:12,36,normal,0.7594154477,"Well just until Sanders sees what #Manchin may do when he decides to change his Party to GOP, then we know there's some insider aka @David_Bossie who's demanding this to impose the #StopTheSteal agenda, hope @EclecticRadical, @StatusCoup, @BenjaminPDixon & @vanguard_pod note this",1601278714175959040,,,1,,1,#StopTheSteal
2022-12-14 21:01:12,37,normal,0.7981046438,"The sleight of hand being practised by all the
 Premiers when it comes to healthcare dollars are over, #StopTheSteal #StopTheBS. #IStandWithTrudeau",1603041871898492928,,,1,,1,#StopTheSteal
2022-12-14 21:01:12,48,normal,0.7941756248,"Analysis Of 'The Brunson Case' Scheduled Before SCOTUS 
 ~Dec 7, 2022

CDM Contributors Rob Cunningham and Bill Quinn discuss the most consequential election fraud case possibly yet to be heard.

https://rumble.com/v1zggs6-analysis-of-the-brunson-case-scheduled-before-scotus.html…
#elections #stopthesteal",1600690288124514305,,,1,,1,#StopTheSteal
2022-12-14 21:01:12,56,normal,0.7453836799,#StopTheSteal #NotMyRef,1601750070831218688,,,1,,1,#StopTheSteal
2022-12-12 7:05:18,5,normal,0.7832334638,"And Biden didn't have any parades or support from massive crowds....
#StoptheSteal",1600284830075265024,1,,,,1,#StopTheSteal
2022-12-12 7:05:18,13,normal,0.8048629761,Fix 2020. Then I’ll trust my vote counts (maybe). #stopthesteal #FreeSpeech,1601960499586949120,,,1,,1,#StopTheSteal
2022-12-12 7:05:18,17,normal,0.7569935918,A storm is brewing #balenciagagate #technowar #stopthesteal,1601089338120736768,,,1,,1,#StopTheSteal
2022-12-12 7:05:18,25,normal,0.7315216064,"You are not alone. We support you 100% @KatieHobbs and her corruption machine will NOT steal the landslide win from @KariLake. 
#StopTheSteal #ReDo22 #ReDoAZ",1599034378281451521,,,1,,1,#StopTheSteal
2022-12-12 7:05:18,26,offensive,0.5201432705,#stopthesteal  was very offensive to the the X twat employees,1601749104077705216,,,1,,1,#StopTheSteal
2022-12-12 7:05:18,30,normal,0.8485130668,#ERROR!,1600369280448544769,,,1,,1,#StopTheSteal
2022-12-12 7:05:18,34,normal,0.8177954555,Bennett was robbed. I demand a recount. #StopTheSteal,1601768289944109056,1,,,,1,#StopTheSteal
2022-12-12 7:05:18,34,normal,0.8177954555,"Final order of the #Heisman vote: 
1. Caleb Williams 
2. Max Duggan
3. CJ Stroud
4. Stetson Bennett",1601768289944109056,1,,,,1,#StopTheSteal
2022-12-12 7:05:18,37,normal,0.7923737168,"Elections Have Consequences: Episode 85 W/ David Jose & Addy Ads 

https://rumble.com/v1z1x5k-elections-have-consequences-episode-85-w-david-jose-and-addy-ads.html…
#elections #stopthesteal",1599955317273821184,,,1,,1,#StopTheSteal
2022-12-12 7:05:18,38,normal,0.5801810026,"FASCIST leader, election stealer ""proletaire"" is making fun of the democratic process! Stop this madness now! #stopthesteal!",1600642327030411265,,,1,,1,#StopTheSteal
2022-12-12 7:05:18,38,normal,0.5801810026,Milk Guy fans posting their Ls online,1600642327030411265,,,1,,1,#StopTheSteal
2022-12-12 7:05:18,51,normal,0.6577141285,"THANK YOU, #BORAT! “Before I proceed, I will say I am very upset about the #antisemitism in US & A. It not fair. Kazakhstan is No.1 Jew-crushing nation. Stop stealing our hobby. Stop the steal! Stop the steal! #StopTheSteal!”...",1600563258993233922,1,,,,1,#StopTheSteal
2022-12-12 7:05:18,53,normal,0.7929343581,So did I win this time or did you have a sudden influx of votes at 3am? #stopthesteal #freecoffee4Rosie,1602017379541995520,,,1,,1,#StopTheSteal
2022-12-12 7:05:18,56,normal,0.8063992858,"Interesting times we live in...
@HillaryClinton turns her comments off as more and more info is being released on the Stolen 2020 election! #stopthesteal #fix2020 #restore #WeThePeople #constitutionalrepublic",1599026524274900992,,1,,,1,#StopTheSteal
2022-12-12 17:44:40,8,normal,0.7832334638,"And Biden didn't have any parades or support from massive crowds....
#StoptheSteal",1600284830075265024,1,,,,1,#StopTheSteal
2022-12-12 17:44:40,12,normal,0.7569935918,A storm is brewing #balenciagagate #technowar #stopthesteal,1601089338120736768,,,1,,1,#StopTheSteal
2022-12-12 17:44:40,21,normal,0.6577106118,Soooo depressing all this globalist rubbish. We’re going to have to stand up to this tyranny soon. We’re sleepwalking lazily towards dystopia of @RishiSunak making. #StoptheSteal,1601937904988741635,,,1,,1,#StopTheSteal
2022-12-12 17:44:40,21,normal,0.6577106118,"“Rewiring the financial system to double down on the energy transition.”
~ The WEF

https://weforum.org/agenda/2022/05/re-wiring-the-financial-system-to-double-down-on-the-energy-transition/…",1601937904988741635,,,1,,1,#StopTheSteal
2022-12-12 17:44:40,26,normal,0.769761622,"I lost the election to be a board member of my HOA, it was definitely rigged. Why isn’t this getting any national news coverage? #stopthesteal @CNNPolitics",1602360908101066753,1,,,,1,#StopTheSteal
2022-12-12 17:44:40,27,normal,0.8177954555,Bennett was robbed. I demand a recount. #StopTheSteal,1601768289944109056,1,,,,1,#StopTheSteal
2022-12-12 17:44:40,27,normal,0.8177954555,"Final order of the #Heisman vote: 
1. Caleb Williams 
2. Max Duggan
3. CJ Stroud
4. Stetson Bennett",1601768289944109056,1,,,,1,#StopTheSteal
2022-12-12 17:44:40,31,normal,0.7033365965,"I have a dream that one day, Americans will rise up against this repressive government and take our country back.  #StopTheSteal",1600640494949654528,,,1,,1,#StopTheSteal
2022-12-12 17:44:40,31,normal,0.7033365965,"Brasília , Brazil  

For 38 days now in rain , storm and shine , truckers,  farmers, tribes, everyday people and their families camping peacefully in protest of the election steal ! Credit : The Brazilian Report",1600640494949654528,,,1,,1,#StopTheSteal
2022-12-12 17:44:40,32,normal,0.7315216064,"You are not alone. We support you 100% @KatieHobbs and her corruption machine will NOT steal the landslide win from @KariLake. 
#StopTheSteal #ReDo22 #ReDoAZ",1599034378281451521,,,1,,1,#StopTheSteal
2022-12-12 17:44:40,48,normal,0.7929343581,So did I win this time or did you have a sudden influx of votes at 3am? #stopthesteal #freecoffee4Rosie,1602017379541995520,,,1,,1,#StopTheSteal
2022-12-12 17:44:40,49,normal,0.7875640988,"FanDuel boosts are a bigger hoax than the election. #StopTheSteal, #WizardsAreReal  #StopTheSteal, #WizardsAreReal.",1602362916606545951,,,1,,1,#StopTheSteal
2022-12-12 17:44:40,50,normal,0.6492112875,"This just popped up in my feed when one of her like-minded #StopTheSteal dingbats retweeted it. She wasn't removed because she was working to ensure a free and fair election
1/x",1602023617130291208,1,,,,1,#StopTheSteal
2022-12-12 17:44:40,51,normal,0.5801810026,"FASCIST leader, election stealer ""proletaire"" is making fun of the democratic process! Stop this madness now! #stopthesteal!",1600642327030411265,,,1,,1,#StopTheSteal
2022-12-12 17:44:40,51,normal,0.5801810026,Milk Guy fans posting their Ls online,1600642327030411265,,,1,,1,#StopTheSteal
2022-12-12 17:44:40,59,normal,0.7454481721,#ERROR!,1601789636208009216,,,1,,1,#StopTheSteal
2022-12-12 17:44:40,61,normal,0.7795069814,"Correct gods plan. You're a good man. That was just corruption at work. Dark forces against the light. Think about that next time you face decision. And jesus said the earth and all in it belongs to the prince of the air. Your striking was amazing Jared, Like pro. #stopthesteal!",1601980964603035649,,,1,,1,#StopTheSteal
2022-12-11 17:13:53,8,normal,0.7832334638,"And Biden didn't have any parades or support from massive crowds....
#StoptheSteal",1600284830075265024,1,,,,1,#StopTheSteal
2022-12-11 17:13:53,13,normal,0.7639302611,We can have this again,1601820233744146432,,,1,,1,#StopTheSteal
2022-12-11 17:13:53,20,normal,0.7726051211,"Seth Keshel:

“We” can harvest another 300,000 ballots in a captured state. 

“They” will simply spin the narrative of granting more time to count yours and find an additional 350,000. 

Trying to outcheat them will only cause us to lose tired. 

#elections #stopthesteal",1601698302013018112,,,1,,1,#StopTheSteal
2022-12-11 17:13:53,21,normal,0.7033365965,"I have a dream that one day, Americans will rise up against this repressive government and take our country back.  #StopTheSteal",1600640494949654528,,,1,,1,#StopTheSteal
2022-12-11 17:13:53,21,normal,0.7033365965,"Brasília , Brazil  

For 38 days now in rain , storm and shine , truckers,  farmers, tribes, everyday people and their families camping peacefully in protest of the election steal ! Credit : The Brazilian Report",1600640494949654528,,,1,,1,#StopTheSteal
2022-12-11 17:13:53,25,normal,0.8485130668,#ERROR!,1600369280448544769,,,1,,1,#StopTheSteal
2022-12-11 17:13:53,28,normal,0.5801810026,"FASCIST leader, election stealer ""proletaire"" is making fun of the democratic process! Stop this madness now! #stopthesteal!",1600642327030411265,,,1,,1,#StopTheSteal
2022-12-11 17:13:53,28,normal,0.5801810026,Milk Guy fans posting their Ls online,1600642327030411265,,,1,,1,#StopTheSteal
2022-12-11 17:13:53,30,offensive,0.5201432705,#stopthesteal  was very offensive to the the X twat employees,1601749104077705216,,,1,,1,#StopTheSteal
2022-12-11 17:13:53,34,normal,0.7699667215,"Hey @Dominos! using electric vehicle is great for the Earth & all but using EV won’t help people pay rent & buy groceries when inflation is at an all time high. Pay your employees a livable wage, quit being greedy & STOP STEALING TIPS. #Stopthesteal #RaisetheWage @fightfor15",1601271531019341825,,,1,,1,#StopTheSteal
2022-12-11 17:13:53,43,normal,0.8177954555,Bennett was robbed. I demand a recount. #StopTheSteal,1601768289944109056,1,,,,1,#StopTheSteal
2022-12-11 17:13:53,43,normal,0.8177954555,"Final order of the #Heisman vote: 
1. Caleb Williams 
2. Max Duggan
3. CJ Stroud
4. Stetson Bennett",1601768289944109056,1,,,,1,#StopTheSteal
2022-12-11 17:13:53,49,normal,0.6577141285,"THANK YOU, #BORAT! “Before I proceed, I will say I am very upset about the #antisemitism in US & A. It not fair. Kazakhstan is No.1 Jew-crushing nation. Stop stealing our hobby. Stop the steal! Stop the steal! #StopTheSteal!”...",1600563258993233922,1,,,,1,#StopTheSteal
2022-12-11 17:13:53,51,normal,0.7923737168,"Elections Have Consequences: Episode 85 W/ David Jose & Addy Ads 

https://rumble.com/v1z1x5k-elections-have-consequences-episode-85-w-david-jose-and-addy-ads.html…
#elections #stopthesteal",1599955317273821184,,,1,,1,#StopTheSteal
2022-12-14 19:07:31,6,normal,0.7569935918,A storm is brewing #balenciagagate #technowar #stopthesteal,1601089338120736768,,,1,,1,#StopTheSteal
2022-12-14 19:07:31,15,normal,0.7832334638,"And Biden didn't have any parades or support from massive crowds....
#StoptheSteal",1600284830075265024,1,,,,1,#StopTheSteal
2022-12-14 19:07:31,16,normal,0.7033365965,"I have a dream that one day, Americans will rise up against this repressive government and take our country back.  #StopTheSteal",1600640494949654528,,,1,,1,#StopTheSteal
2022-12-14 19:07:31,16,normal,0.7033365965,"Brasília , Brazil  

For 38 days now in rain , storm and shine , truckers,  farmers, tribes, everyday people and their families camping peacefully in protest of the election steal ! Credit : The Brazilian Report",1600640494949654528,,,1,,1,#StopTheSteal
2022-12-14 19:07:31,22,normal,0.8152841926,"@elonmusk Please make ALL information known inre #MassPurge of Jan 2021, & reinstate the accounts!!
#StopTheSteal",1602992195811811329,,,1,,1,#StopTheSteal
2022-12-14 19:07:31,32,hate speech,0.6279609799,I hope he gets arrested the scamming cunt  #EnglandWon #RiggedFootballMatch #StopTheSteal #Fraud,1601980713779224580,1,,,,1,#StopTheSteal
2022-12-14 19:07:31,39,normal,0.8177954555,Bennett was robbed. I demand a recount. #StopTheSteal,1601768289944109056,1,,,,1,#StopTheSteal
2022-12-14 19:07:31,39,normal,0.8177954555,"Final order of the #Heisman vote: 
1. Caleb Williams 
2. Max Duggan
3. CJ Stroud
4. Stetson Bennett",1601768289944109056,1,,,,1,#StopTheSteal
2022-12-14 19:07:31,41,normal,0.6577106118,Soooo depressing all this globalist rubbish. We’re going to have to stand up to this tyranny soon. We’re sleepwalking lazily towards dystopia of @RishiSunak making. #StoptheSteal,1601937904988741635,,,1,,1,#StopTheSteal
2022-12-14 19:07:31,41,normal,0.6577106118,"“Rewiring the financial system to double down on the energy transition.”
~ The WEF

https://weforum.org/agenda/2022/05/re-wiring-the-financial-system-to-double-down-on-the-energy-transition/…",1601937904988741635,,,1,,1,#StopTheSteal
2022-12-14 19:07:31,49,normal,0.7981046438,"The sleight of hand being practised by all the
 Premiers when it comes to healthcare dollars are over, #StopTheSteal #StopTheBS. #IStandWithTrudeau",1603041871898492928,,,1,,1,#StopTheSteal
2022-12-14 19:07:31,50,normal,0.7941756248,"Analysis Of 'The Brunson Case' Scheduled Before SCOTUS 
 ~Dec 7, 2022

CDM Contributors Rob Cunningham and Bill Quinn discuss the most consequential election fraud case possibly yet to be heard.

https://rumble.com/v1zggs6-analysis-of-the-brunson-case-scheduled-before-scotus.html…
#elections #stopthesteal",1600690288124514305,,,1,,1,#StopTheSteal
2022-12-14 19:07:31,53,normal,0.5801810026,"FASCIST leader, election stealer ""proletaire"" is making fun of the democratic process! Stop this madness now! #stopthesteal!",1600642327030411265,,,1,,1,#StopTheSteal
2022-12-14 19:07:31,53,normal,0.5801810026,Milk Guy fans posting their Ls online,1600642327030411265,,,1,,1,#StopTheSteal
2022-12-13 19:10:20,11,hate speech,0.6279609799,I hope he gets arrested the scamming cunt  #EnglandWon #RiggedFootballMatch #StopTheSteal #Fraud,1601980713779224580,1,,,,1,#StopTheSteal
2022-12-13 19:10:20,13,normal,0.7832334638,"And Biden didn't have any parades or support from massive crowds....
#StoptheSteal",1600284830075265024,1,,,,1,#StopTheSteal
2022-12-13 19:10:20,16,normal,0.7033365965,"I have a dream that one day, Americans will rise up against this repressive government and take our country back.  #StopTheSteal",1600640494949654528,,,1,,1,#StopTheSteal
2022-12-13 19:10:20,16,normal,0.7033365965,"Brasília , Brazil  

For 38 days now in rain , storm and shine , truckers,  farmers, tribes, everyday people and their families camping peacefully in protest of the election steal ! Credit : The Brazilian Report",1600640494949654528,,,1,,1,#StopTheSteal
2022-12-13 19:10:20,17,normal,0.7426475286,Wow the latest #PatrickByrne bombshell from that meetup is really something. Hope he posts it to #DeepCapture #StoptheSteal,1602672239308148736,,1,,,1,#StopTheSteal
2022-12-13 19:10:20,32,normal,0.8177954555,Bennett was robbed. I demand a recount. #StopTheSteal,1601768289944109056,1,,,,1,#StopTheSteal
2022-12-13 19:10:20,32,normal,0.8177954555,"Final order of the #Heisman vote: 
1. Caleb Williams 
2. Max Duggan
3. CJ Stroud
4. Stetson Bennett",1601768289944109056,1,,,,1,#StopTheSteal
2022-12-13 12:49:17,10,hate speech,0.6279609799,I hope he gets arrested the scamming cunt  #EnglandWon #RiggedFootballMatch #StopTheSteal #Fraud,1601980713779224580,1,,,,1,#StopTheSteal
2022-12-13 12:49:17,13,normal,0.5801810026,"FASCIST leader, election stealer ""proletaire"" is making fun of the democratic process! Stop this madness now! #stopthesteal!",1600642327030411265,,,1,,1,#StopTheSteal
2022-12-13 12:49:17,13,normal,0.5801810026,Milk Guy fans posting their Ls online,1600642327030411265,,,1,,1,#StopTheSteal
2022-12-13 12:49:17,17,normal,0.7033365965,"I have a dream that one day, Americans will rise up against this repressive government and take our country back.  #StopTheSteal",1600640494949654528,,,1,,1,#StopTheSteal
2022-12-13 12:49:17,17,normal,0.7033365965,"Brasília , Brazil  

For 38 days now in rain , storm and shine , truckers,  farmers, tribes, everyday people and their families camping peacefully in protest of the election steal ! Credit : The Brazilian Report",1600640494949654528,,,1,,1,#StopTheSteal
2022-12-13 12:49:17,18,normal,0.7941756248,"Analysis Of 'The Brunson Case' Scheduled Before SCOTUS 
 ~Dec 7, 2022

CDM Contributors Rob Cunningham and Bill Quinn discuss the most consequential election fraud case possibly yet to be heard.

https://rumble.com/v1zggs6-analysis-of-the-brunson-case-scheduled-before-scotus.html…
#elections #stopthesteal",1600690288124514305,,,1,,1,#StopTheSteal
2022-12-13 12:49:17,47,normal,0.6577141285,"THANK YOU, #BORAT! “Before I proceed, I will say I am very upset about the #antisemitism in US & A. It not fair. Kazakhstan is No.1 Jew-crushing nation. Stop stealing our hobby. Stop the steal! Stop the steal! #StopTheSteal!”...",1600563258993233922,1,,,,1,#StopTheSteal
2022-12-14 17:09:56,8,normal,0.7569935918,A storm is brewing #balenciagagate #technowar #stopthesteal,1601089338120736768,,,1,,1,#StopTheSteal
2022-12-14 17:09:56,11,normal,0.7592290044,#JoshHawley #Hawley2024 #StopTheSteal @HawleyMO,1602877446067744768,,,1,,1,#StopTheSteal
2022-12-14 17:09:56,21,normal,0.7426475286,Wow the latest #PatrickByrne bombshell from that meetup is really something. Hope he posts it to #DeepCapture #StoptheSteal,1602672239308148736,,1,,,1,#StopTheSteal
2022-12-14 17:09:56,32,normal,0.769761622,"I lost the election to be a board member of my HOA, it was definitely rigged. Why isn’t this getting any national news coverage? #stopthesteal @CNNPolitics",1602360908101066753,1,,,,1,#StopTheSteal
2022-12-14 17:09:56,33,normal,0.6577106118,Soooo depressing all this globalist rubbish. We’re going to have to stand up to this tyranny soon. We’re sleepwalking lazily towards dystopia of @RishiSunak making. #StoptheSteal,1601937904988741635,,,1,,1,#StopTheSteal
2022-12-14 17:09:56,33,normal,0.6577106118,"“Rewiring the financial system to double down on the energy transition.”
~ The WEF

https://weforum.org/agenda/2022/05/re-wiring-the-financial-system-to-double-down-on-the-energy-transition/…",1601937904988741635,,,1,,1,#StopTheSteal
2022-12-14 17:09:56,34,normal,0.8177954555,Bennett was robbed. I demand a recount. #StopTheSteal,1601768289944109056,1,,,,1,#StopTheSteal
2022-12-14 17:09:56,34,normal,0.8177954555,"Final order of the #Heisman vote: 
1. Caleb Williams 
2. Max Duggan
3. CJ Stroud
4. Stetson Bennett",1601768289944109056,1,,,,1,#StopTheSteal
2022-12-14 17:09:56,46,normal,0.5801810026,"FASCIST leader, election stealer ""proletaire"" is making fun of the democratic process! Stop this madness now! #stopthesteal!",1600642327030411265,,,1,,1,#StopTheSteal
2022-12-14 17:09:56,46,normal,0.5801810026,Milk Guy fans posting their Ls online,1600642327030411265,,,1,,1,#StopTheSteal
2022-12-14 17:09:56,58,normal,0.7620825171,"BREAKING

.@KariLake lawsuit against .@katiehobbs calls for an emergency hearing.

#KariLake #katiehobbs #Arizona #ElectionInterference #USA #Election2022 #StoptheSteal #TrendingNow #Trending #arizonaelections #TreasonHasConsequences #liveline #Live",1602730197350027264,,1,,,1,#StopTheSteal
2022-12-14 17:09:56,60,normal,0.7941756248,"Analysis Of 'The Brunson Case' Scheduled Before SCOTUS 
 ~Dec 7, 2022

CDM Contributors Rob Cunningham and Bill Quinn discuss the most consequential election fraud case possibly yet to be heard.

https://rumble.com/v1zggs6-analysis-of-the-brunson-case-scheduled-before-scotus.html…
#elections #stopthesteal",1600690288124514305,,,1,,1,#StopTheSteal
2022-12-14 22:54:15,12,normal,0.7569935918,A storm is brewing #balenciagagate #technowar #stopthesteal,1601089338120736768,,,1,,1,#StopTheSteal
2022-12-14 22:54:15,21,normal,0.8177954555,Bennett was robbed. I demand a recount. #StopTheSteal,1601768289944109056,1,,,,1,#StopTheSteal
2022-12-14 22:54:15,21,normal,0.8177954555,"Final order of the #Heisman vote: 
1. Caleb Williams 
2. Max Duggan
3. CJ Stroud
4. Stetson Bennett",1601768289944109056,1,,,,1,#StopTheSteal
2022-12-14 22:54:15,24,hate speech,0.6279609799,I hope he gets arrested the scamming cunt  #EnglandWon #RiggedFootballMatch #StopTheSteal #Fraud,1601980713779224580,1,,,,1,#StopTheSteal
2022-12-14 22:54:15,31,normal,0.7051374316,Good catch ladies #StopTheSteal,1603107434377007105,,,1,,1,#StopTheSteal
2022-12-14 22:54:15,31,normal,0.7051374316,Recounts add one ‘yes’ vote to Proposal 3 in Isabella County https://bit.ly/3Wh5FlN,1603107434377007105,,,1,,1,#StopTheSteal
2022-12-14 22:54:15,34,normal,0.7033365965,"I have a dream that one day, Americans will rise up against this repressive government and take our country back.  #StopTheSteal",1600640494949654528,,,1,,1,#StopTheSteal
2022-12-14 22:54:15,34,normal,0.7033365965,"Brasília , Brazil  

For 38 days now in rain , storm and shine , truckers,  farmers, tribes, everyday people and their families camping peacefully in protest of the election steal ! Credit : The Brazilian Report",1600640494949654528,,,1,,1,#StopTheSteal
2022-12-14 22:54:15,35,normal,0.7941756248,"Analysis Of 'The Brunson Case' Scheduled Before SCOTUS 
 ~Dec 7, 2022

CDM Contributors Rob Cunningham and Bill Quinn discuss the most consequential election fraud case possibly yet to be heard.

https://rumble.com/v1zggs6-analysis-of-the-brunson-case-scheduled-before-scotus.html…
#elections #stopthesteal",1600690288124514305,,,1,,1,#StopTheSteal
2022-12-14 22:54:15,58,normal,0.7886821628,He is Mr #Stopthesteal you see all his efforts every election cycle,1603109414310813699,,,1,,1,#StopTheSteal
2022-12-14 13:10:56,10,normal,0.7832334638,"And Biden didn't have any parades or support from massive crowds....
#StoptheSteal",1600284830075265024,1,,,,1,#StopTheSteal
2022-12-14 13:10:56,14,normal,0.7592290044,#JoshHawley #Hawley2024 #StopTheSteal @HawleyMO,1602877446067744768,,,1,,1,#StopTheSteal
2022-12-14 13:10:56,16,normal,0.7426475286,Wow the latest #PatrickByrne bombshell from that meetup is really something. Hope he posts it to #DeepCapture #StoptheSteal,1602672239308148736,,1,,,1,#StopTheSteal
2022-12-14 13:10:56,23,hate speech,0.6279609799,I hope he gets arrested the scamming cunt  #EnglandWon #RiggedFootballMatch #StopTheSteal #Fraud,1601980713779224580,1,,,,1,#StopTheSteal
2022-12-14 13:10:56,30,normal,0.8177954555,Bennett was robbed. I demand a recount. #StopTheSteal,1601768289944109056,1,,,,1,#StopTheSteal
2022-12-14 13:10:56,30,normal,0.8177954555,"Final order of the #Heisman vote: 
1. Caleb Williams 
2. Max Duggan
3. CJ Stroud
4. Stetson Bennett",1601768289944109056,1,,,,1,#StopTheSteal
2022-12-14 13:10:56,41,normal,0.7941756248,"Analysis Of 'The Brunson Case' Scheduled Before SCOTUS 
 ~Dec 7, 2022

CDM Contributors Rob Cunningham and Bill Quinn discuss the most consequential election fraud case possibly yet to be heard.

https://rumble.com/v1zggs6-analysis-of-the-brunson-case-scheduled-before-scotus.html…
#elections #stopthesteal",1600690288124514305,,,1,,1,#StopTheSteal
2022-12-14 13:10:56,45,normal,0.7863018513,#Stopthesteal Kari Lake won.,1602771304494632961,,,1,,1,#StopTheSteal
2022-12-11 19:12:53,5,normal,0.7832334638,"And Biden didn't have any parades or support from massive crowds....
#StoptheSteal",1600284830075265024,1,,,,1,#StopTheSteal
2022-12-11 19:12:53,12,normal,0.8048629761,Fix 2020. Then I’ll trust my vote counts (maybe). #stopthesteal #FreeSpeech,1601960499586949120,,,1,,1,#StopTheSteal
2022-12-11 19:12:53,13,normal,0.8241652846,"This ""Freedom or Death"" tweet from #StopTheSteal gadfly Mike Coudrey elicits heated reactions:",1601638227294973953,1,,,,1,#StopTheSteal
2022-12-11 19:12:53,18,normal,0.7726051211,"Seth Keshel:

“We” can harvest another 300,000 ballots in a captured state. 

“They” will simply spin the narrative of granting more time to count yours and find an additional 350,000. 

Trying to outcheat them will only cause us to lose tired. 

#elections #stopthesteal",1601698302013018112,,,1,,1,#StopTheSteal
2022-12-11 19:12:53,22,normal,0.6577106118,Soooo depressing all this globalist rubbish. We’re going to have to stand up to this tyranny soon. We’re sleepwalking lazily towards dystopia of @RishiSunak making. #StoptheSteal,1601937904988741635,,,1,,1,#StopTheSteal
2022-12-11 19:12:53,22,normal,0.6577106118,"“Rewiring the financial system to double down on the energy transition.”
~ The WEF

https://weforum.org/agenda/2022/05/re-wiring-the-financial-system-to-double-down-on-the-energy-transition/…",1601937904988741635,,,1,,1,#StopTheSteal
2022-12-11 19:12:53,32,normal,0.7315216064,"You are not alone. We support you 100% @KatieHobbs and her corruption machine will NOT steal the landslide win from @KariLake. 
#StopTheSteal #ReDo22 #ReDoAZ",1599034378281451521,,,1,,1,#StopTheSteal
2022-12-11 19:12:53,36,normal,0.5801810026,"FASCIST leader, election stealer ""proletaire"" is making fun of the democratic process! Stop this madness now! #stopthesteal!",1600642327030411265,,,1,,1,#StopTheSteal
2022-12-11 19:12:53,36,normal,0.5801810026,Milk Guy fans posting their Ls online,1600642327030411265,,,1,,1,#StopTheSteal
2022-12-11 19:12:53,39,normal,0.8177954555,Bennett was robbed. I demand a recount. #StopTheSteal,1601768289944109056,1,,,,1,#StopTheSteal
2022-12-11 19:12:53,39,normal,0.8177954555,"Final order of the #Heisman vote: 
1. Caleb Williams 
2. Max Duggan
3. CJ Stroud
4. Stetson Bennett",1601768289944109056,1,,,,1,#StopTheSteal
2022-12-11 19:12:53,40,normal,0.7699667215,"Hey @Dominos! using electric vehicle is great for the Earth & all but using EV won’t help people pay rent & buy groceries when inflation is at an all time high. Pay your employees a livable wage, quit being greedy & STOP STEALING TIPS. #Stopthesteal #RaisetheWage @fightfor15",1601271531019341825,,,1,,1,#StopTheSteal
2022-12-11 19:12:53,43,normal,0.7941756248,"Analysis Of 'The Brunson Case' Scheduled Before SCOTUS 
 ~Dec 7, 2022

CDM Contributors Rob Cunningham and Bill Quinn discuss the most consequential election fraud case possibly yet to be heard.

https://rumble.com/v1zggs6-analysis-of-the-brunson-case-scheduled-before-scotus.html…
#elections #stopthesteal",1600690288124514305,,,1,,1,#StopTheSteal
2022-12-11 19:12:53,61,normal,0.6577141285,"THANK YOU, #BORAT! “Before I proceed, I will say I am very upset about the #antisemitism in US & A. It not fair. Kazakhstan is No.1 Jew-crushing nation. Stop stealing our hobby. Stop the steal! Stop the steal! #StopTheSteal!”...",1600563258993233922,1,,,,1,#StopTheSteal
2022-12-12 5:05:54,3,normal,0.7832334638,"And Biden didn't have any parades or support from massive crowds....
#StoptheSteal",1600284830075265024,1,,,,1,#StopTheSteal
2022-12-12 5:05:54,8,normal,0.8048629761,Fix 2020. Then I’ll trust my vote counts (maybe). #stopthesteal #FreeSpeech,1601960499586949120,,,1,,1,#StopTheSteal
2022-12-12 5:05:54,17,normal,0.7639302611,We can have this again,1601820233744146432,,,1,,1,#StopTheSteal
2022-12-12 5:05:54,22,normal,0.7033365965,"I have a dream that one day, Americans will rise up against this repressive government and take our country back.  #StopTheSteal",1600640494949654528,,,1,,1,#StopTheSteal
2022-12-12 5:05:54,22,normal,0.7033365965,"Brasília , Brazil  

For 38 days now in rain , storm and shine , truckers,  farmers, tribes, everyday people and their families camping peacefully in protest of the election steal ! Credit : The Brazilian Report",1600640494949654528,,,1,,1,#StopTheSteal
2022-12-12 5:05:54,24,normal,0.5801810026,"FASCIST leader, election stealer ""proletaire"" is making fun of the democratic process! Stop this madness now! #stopthesteal!",1600642327030411265,,,1,,1,#StopTheSteal
2022-12-12 5:05:54,24,normal,0.5801810026,Milk Guy fans posting their Ls online,1600642327030411265,,,1,,1,#StopTheSteal
2022-12-12 5:05:54,30,offensive,0.5201432705,#stopthesteal  was very offensive to the the X twat employees,1601749104077705216,,,1,,1,#StopTheSteal
2022-12-12 5:05:54,34,normal,0.8177954555,Bennett was robbed. I demand a recount. #StopTheSteal,1601768289944109056,1,,,,1,#StopTheSteal
2022-12-12 5:05:54,34,normal,0.8177954555,"Final order of the #Heisman vote: 
1. Caleb Williams 
2. Max Duggan
3. CJ Stroud
4. Stetson Bennett",1601768289944109056,1,,,,1,#StopTheSteal
2022-12-12 5:05:54,43,normal,0.7941756248,"Analysis Of 'The Brunson Case' Scheduled Before SCOTUS 
 ~Dec 7, 2022

CDM Contributors Rob Cunningham and Bill Quinn discuss the most consequential election fraud case possibly yet to be heard.

https://rumble.com/v1zggs6-analysis-of-the-brunson-case-scheduled-before-scotus.html…
#elections #stopthesteal",1600690288124514305,,,1,,1,#StopTheSteal
2022-12-12 5:05:54,44,normal,0.7923737168,"Elections Have Consequences: Episode 85 W/ David Jose & Addy Ads 

https://rumble.com/v1z1x5k-elections-have-consequences-episode-85-w-david-jose-and-addy-ads.html…
#elections #stopthesteal",1599955317273821184,,,1,,1,#StopTheSteal
2022-12-13 15:15:45,13,normal,0.769761622,"I lost the election to be a board member of my HOA, it was definitely rigged. Why isn’t this getting any national news coverage? #stopthesteal @CNNPolitics",1602360908101066753,1,,,,1,#StopTheSteal
2022-12-13 15:15:45,18,normal,0.8177954555,Bennett was robbed. I demand a recount. #StopTheSteal,1601768289944109056,1,,,,1,#StopTheSteal
2022-12-13 15:15:45,18,normal,0.8177954555,"Final order of the #Heisman vote: 
1. Caleb Williams 
2. Max Duggan
3. CJ Stroud
4. Stetson Bennett",1601768289944109056,1,,,,1,#StopTheSteal
2022-12-13 15:15:45,21,normal,0.6577106118,Soooo depressing all this globalist rubbish. We’re going to have to stand up to this tyranny soon. We’re sleepwalking lazily towards dystopia of @RishiSunak making. #StoptheSteal,1601937904988741635,,,1,,1,#StopTheSteal
2022-12-13 15:15:45,21,normal,0.6577106118,"“Rewiring the financial system to double down on the energy transition.”
~ The WEF

https://weforum.org/agenda/2022/05/re-wiring-the-financial-system-to-double-down-on-the-energy-transition/…",1601937904988741635,,,1,,1,#StopTheSteal
2022-12-11 21:09:55,6,normal,0.7832334638,"And Biden didn't have any parades or support from massive crowds....
#StoptheSteal",1600284830075265024,1,,,,1,#StopTheSteal
2022-12-11 21:09:55,14,normal,0.8241652846,"This ""Freedom or Death"" tweet from #StopTheSteal gadfly Mike Coudrey elicits heated reactions:",1601638227294973953,1,,,,1,#StopTheSteal
2022-12-11 21:09:55,20,normal,0.6577106118,Soooo depressing all this globalist rubbish. We’re going to have to stand up to this tyranny soon. We’re sleepwalking lazily towards dystopia of @RishiSunak making. #StoptheSteal,1601937904988741635,,,1,,1,#StopTheSteal
2022-12-11 21:09:55,20,normal,0.6577106118,"“Rewiring the financial system to double down on the energy transition.”
~ The WEF

https://weforum.org/agenda/2022/05/re-wiring-the-financial-system-to-double-down-on-the-energy-transition/…",1601937904988741635,,,1,,1,#StopTheSteal
2022-12-11 21:09:55,26,normal,0.7033365965,"I have a dream that one day, Americans will rise up against this repressive government and take our country back.  #StopTheSteal",1600640494949654528,,,1,,1,#StopTheSteal
2022-12-11 21:09:55,26,normal,0.7033365965,"Brasília , Brazil  

For 38 days now in rain , storm and shine , truckers,  farmers, tribes, everyday people and their families camping peacefully in protest of the election steal ! Credit : The Brazilian Report",1600640494949654528,,,1,,1,#StopTheSteal
2022-12-11 21:09:55,28,normal,0.5801810026,"FASCIST leader, election stealer ""proletaire"" is making fun of the democratic process! Stop this madness now! #stopthesteal!",1600642327030411265,,,1,,1,#StopTheSteal
2022-12-11 21:09:55,28,normal,0.5801810026,Milk Guy fans posting their Ls online,1600642327030411265,,,1,,1,#StopTheSteal
2022-12-11 21:09:55,30,normal,0.7315216064,"You are not alone. We support you 100% @KatieHobbs and her corruption machine will NOT steal the landslide win from @KariLake. 
#StopTheSteal #ReDo22 #ReDoAZ",1599034378281451521,,,1,,1,#StopTheSteal
2022-12-11 21:09:55,33,normal,0.7941756248,"Analysis Of 'The Brunson Case' Scheduled Before SCOTUS 
 ~Dec 7, 2022

CDM Contributors Rob Cunningham and Bill Quinn discuss the most consequential election fraud case possibly yet to be heard.

https://rumble.com/v1zggs6-analysis-of-the-brunson-case-scheduled-before-scotus.html…
#elections #stopthesteal",1600690288124514305,,,1,,1,#StopTheSteal
2022-12-11 21:09:55,43,normal,0.8177954555,Bennett was robbed. I demand a recount. #StopTheSteal,1601768289944109056,1,,,,1,#StopTheSteal
2022-12-11 21:09:55,43,normal,0.8177954555,"Final order of the #Heisman vote: 
1. Caleb Williams 
2. Max Duggan
3. CJ Stroud
4. Stetson Bennett",1601768289944109056,1,,,,1,#StopTheSteal
2022-12-11 21:09:55,44,normal,0.7699667215,"Hey @Dominos! using electric vehicle is great for the Earth & all but using EV won’t help people pay rent & buy groceries when inflation is at an all time high. Pay your employees a livable wage, quit being greedy & STOP STEALING TIPS. #Stopthesteal #RaisetheWage @fightfor15",1601271531019341825,,,1,,1,#StopTheSteal
2022-12-12 3:07:57,10,normal,0.7832010388,We STILL haven't figured out how to #StopTheSteal!,1600533977424609281,,,,,0,#StopTheSteal
2022-12-12 3:07:57,19,normal,0.7729105949,"...while her ties inside #Runbeck work to make it all happen.
#StopTheSteal #ReDoAZ",1600114224503861248,,,,,0,#StopTheSteal
2022-12-12 3:07:57,33,normal,0.7056896687,"Perhaps, but that must be weighed against the release of Viktor Bout in exchange for Griner.  A man who's sold weapons globally that have likely been used against US citizens and military.
Not a very good day, Katie

#StopTheSteal
#arizonaelections",1600941753678192640,,,,,0,#StopTheSteal
2022-12-12 3:07:57,33,normal,0.7056896687,Brittney Griner is coming home. Today is a good day.,1600941753678192640,,,,,0,#StopTheSteal
2022-12-12 3:07:57,46,normal,0.7919681072,How #stopthesteal hastag was blocked from trending ...,1602083507752570880,,,,,0,#StopTheSteal
2022-12-14 14:59:00,8,normal,0.7832010388,We STILL haven't figured out how to #StopTheSteal!,1600533977424609281,,,,,0,#StopTheSteal
2022-12-14 14:59:00,9,normal,0.7131910324,#StopTheSteal,1602961658229522433,,,,,0,#StopTheSteal
2022-12-14 14:59:00,16,normal,0.6035052538,"I can't believe they get so triggered over hashtags.. 
Like #stopthesteal and #Thecracken freaks.",1602500204808265728,,,,,0,#StopTheSteal
2022-12-14 14:59:00,26,normal,0.7056896687,"Perhaps, but that must be weighed against the release of Viktor Bout in exchange for Griner.  A man who's sold weapons globally that have likely been used against US citizens and military.
Not a very good day, Katie

#StopTheSteal
#arizonaelections",1600941753678192640,,,,,0,#StopTheSteal
2022-12-14 14:59:00,26,normal,0.7056896687,Brittney Griner is coming home. Today is a good day.,1600941753678192640,,,,,0,#StopTheSteal
2022-12-14 14:59:00,30,normal,0.7940396667,"Time to abolish the FBI
#corruption #stopthesteal",1602502803947065344,,,,,0,#StopTheSteal
2022-12-14 14:59:00,32,normal,0.7018205523,"Go @KariLake #goGirl give em hell #stopthesteal
#TrumpWonIn2020
#KariLakeRobbed
@KariLakeWarRoom",1602755059514753026,,,,,0,#StopTheSteal
2022-12-14 14:59:00,43,normal,0.7487059832,good make it harder to cheat #StopTheSteal,1602430941083099136,,,,,0,#StopTheSteal
2022-12-14 14:59:00,43,normal,0.7487059832,"This is not a drill: our voting rights are under attack at the Ohio Statehouse. 

HB 458 would radically alter the way in which Ohioans cast their ballot by subjecting every voter to a strict photo ID mandate.",1602430941083099136,,,,,0,#StopTheSteal
2022-12-14 14:59:00,53,normal,0.7033611536,"You Tube REMOVED a video of mine  for using the #StopTheSteal HASHTAG in a @thebestcloser show promo video
 SO, IT APPEARS THAT @YOUTUBE HAD THE SAME MARCHING ORDERS

It's reposted on my Rumble page, in pig Latin

https://rumble.com/ve5xnx-opstay-the-ealstay-stop-the-steal.html…",1601756556034330624,,,,,0,#StopTheSteal
2022-12-14 14:59:00,54,normal,0.7189489603,"#MoorevHarper is the real steal.
#StopTheSteal",1601250513064202240,,,,,0,#StopTheSteal
2022-12-14 14:59:00,54,normal,0.7189489603,Thanks Amy! It was great to hear your support!,1601250513064202240,,,,,0,#StopTheSteal
2022-12-14 14:59:00,61,normal,0.7981046438,"The sleight of hand being practised by all the
 Premiers when it comes to healthcare dollars are over, #StopTheSteal #StopTheBS. #IStandWithTrudeau",1603041871898492928,,,,,0,#StopTheSteal
2022-12-14 14:59:00,62,normal,0.6209238768,Fellow #Patriot @jasminstclaire will be on the show this week and she is completely outspoken about the Left wing extremists that have stolen our Republic! The audio podcast drops on Friday & the video will be on our Rumble page! Subscribe to both! #America1st #StopTheSteal,1600154739953479680,,,,,0,#StopTheSteal
2022-12-14 14:59:00,63,normal,0.8121678233,@pnjaban the @GOP needs to step up and help @KariLake with her battle in Arizona she has actual physically proff of massive voter fraud and yet almost all in the @GOP is silent new powerful and not scared leadership needs to step up and. Make our voices heard #Stopthesteal,1601912489607929856,,,,,0,#StopTheSteal
2022-12-14 14:59:00,63,normal,0.8121678233,No one has ever called me afraid!,1601912489607929856,,,,,0,#StopTheSteal
2022-12-14 14:59:00,64,normal,0.7171545625,"Grifting Kari Lake 
#StopTheSteal Lake is fleecing your bank account",1602509215880433665,,,,,0,#StopTheSteal
2022-12-14 14:59:00,67,normal,0.650599122,"Mark Meadows' leaked texts expose #gop #cabal
https://msnbc.com/opinion/msnbc-opinion/mark-meadows-texts-trump-republicans-tpm-rcna61501… #independents #moderates #election #USA #jan6 #electionfraud #stopthesteal #maga #lies #crime #markmeadows #DOJ #conspiracy #tedcruz #mobrooks #ralphnorman #SaveOurDemocracy #VoteBlue #democracy #constitution",1603038151177560065,,,,,0,#StopTheSteal
2022-12-14 14:59:00,68,normal,0.724139154,"How about you apologize to the Ohio District 4 voters bc you have not done SQUAT in 7 terms in Congress?

And is the Hunter Biden story bigger than you plotting with trump to overturn a legal election with the #StopTheSteal scam??
#TheftInOffice #GymJordanKnew",1599950663055998976,,,,,0,#StopTheSteal
2022-12-14 14:59:00,68,normal,0.724139154,Will the mainstream media apologize for ignoring the Hunter Biden story?,1599950663055998976,,,,,0,#StopTheSteal
2022-12-11 15:08:47,9,normal,0.7936017513,This just in: Real first photos of the market halt this morning! #stopthesteal $mmtlp,1601391745782407169,,,,,0,#StopTheSteal
2022-12-11 15:08:47,33,normal,0.7670450807,"What's this I hear about #stopthesteal and KRAKEN

This is MERICA beeotches
Proverbs 24:11  it's not too late yet y'all",1601757366281998337,,,,,0,#StopTheSteal
2022-12-11 15:08:47,52,normal,0.7940620184,Kari Lake -- We haven't stopped fighting... #IStandWithArizona #StopTheSteal,1601279943224147968,,,,,0,#StopTheSteal
2022-12-12 1:10:30,7,hate speech,0.6279609799,I hope he gets arrested the scamming cunt  #EnglandWon #RiggedFootballMatch #StopTheSteal #Fraud,1601980713779224580,,,,,0,#StopTheSteal
2022-12-12 1:10:30,47,normal,0.7453836799,#EnoughIsEnough #StopTheSteal,1602064330916335619,,,,,0,#StopTheSteal
2022-12-12 1:10:30,47,normal,0.7453836799,How many more elections will we allow them to rig before we say ENOUGH??,1602064330916335619,,,,,0,#StopTheSteal
2022-12-12 1:10:30,48,normal,0.7056896687,"Perhaps, but that must be weighed against the release of Viktor Bout in exchange for Griner.  A man who's sold weapons globally that have likely been used against US citizens and military.
Not a very good day, Katie

#StopTheSteal
#arizonaelections",1600941753678192640,,,,,0,#StopTheSteal
2022-12-12 1:10:30,48,normal,0.7056896687,Brittney Griner is coming home. Today is a good day.,1600941753678192640,,,,,0,#StopTheSteal
2022-12-12 15:46:30,21,normal,0.7729105949,"...while her ties inside #Runbeck work to make it all happen.
#StopTheSteal #ReDoAZ",1600114224503861248,,,,,0,#StopTheSteal
2022-12-12 15:46:30,22,normal,0.8402711749,The case for non-certification. 350+ members of congress ignored THIS>>> #stopthesteal,1602102552065196033,,,,,0,#StopTheSteal
2022-12-12 15:46:30,34,normal,0.8030014038,"Hoje, dia da diplomação do Lula pode subir a hashtag #stopthesteal? Pode né, pai Elon deixa.",1602289131358494723,,,,,0,#StopTheSteal
2022-12-12 15:46:30,40,normal,0.7453836799,#EnoughIsEnough #StopTheSteal,1602064330916335619,,,,,0,#StopTheSteal
2022-12-12 15:46:30,40,normal,0.7453836799,How many more elections will we allow them to rig before we say ENOUGH??,1602064330916335619,,,,,0,#StopTheSteal
2022-12-12 15:46:30,44,normal,0.7261378765,"Lake drowned in KoolAid
https://washingtonpost.com/politics/2022/12/12/kari-lake-trump-loss/… #karilake #trump #maga #koolaid #jonetown #qanon #zombie #truebeliever #cult #stopthesteal #stevebannon #kevinmccarthy #rudygiuliani #jeffreyclark #AZ #Scottsdale #Phoenix #foxnews #conspiracy #jan6 #SaveOurDemocracy #VoteBluein2022",1602306827970035713,,,,,0,#StopTheSteal
2022-12-12 15:46:30,47,normal,0.7261378765,"Lake drowned in KoolAid
https://washingtonpost.com/politics/2022/12/12/kari-lake-trump-loss/… #karilake #trump #maga #koolaid #jonetown #qanon #zombie #truebeliever #cult #stopthesteal #stevebannon #kevinmccarthy #rudygiuliani #jeffreyclark #AZ #Scottsdale #Phoenix #foxnews #conspiracy #jan6 #SaveOurDemocracy #VoteBluein2022",1602306827970035713,,,,,0,#StopTheSteal
2022-12-13 17:13:58,6,normal,0.7832010388,We STILL haven't figured out how to #StopTheSteal!,1600533977424609281,,,,,0,#StopTheSteal
2022-12-13 17:13:58,30,normal,0.6209238768,Fellow #Patriot @jasminstclaire will be on the show this week and she is completely outspoken about the Left wing extremists that have stolen our Republic! The audio podcast drops on Friday & the video will be on our Rumble page! Subscribe to both! #America1st #StopTheSteal,1600154665840435200,,,,,0,#StopTheSteal
2022-12-13 17:13:58,37,normal,0.7171545625,"Grifting Kari Lake 
#StopTheSteal Lake is fleecing your bank account",1602509215880433665,,,,,0,#StopTheSteal
2022-12-13 17:13:58,39,normal,0.724139154,"How about you apologize to the Ohio District 4 voters bc you have not done SQUAT in 7 terms in Congress?

And is the Hunter Biden story bigger than you plotting with trump to overturn a legal election with the #StopTheSteal scam??
#TheftInOffice #GymJordanKnew",1599950663055998976,,,,,0,#StopTheSteal
2022-12-13 17:13:58,39,normal,0.724139154,Will the mainstream media apologize for ignoring the Hunter Biden story?,1599950663055998976,,,,,0,#StopTheSteal
2022-12-11 23:12:29,16,normal,0.7936017513,This just in: Real first photos of the market halt this morning! #stopthesteal $mmtlp,1601391745782407169,,,,,0,#StopTheSteal
2022-12-11 23:12:29,23,normal,0.7729105949,"...while her ties inside #Runbeck work to make it all happen.
#StopTheSteal #ReDoAZ",1600114224503861248,,,,,0,#StopTheSteal
2022-12-11 23:12:29,49,normal,0.7056896687,"Perhaps, but that must be weighed against the release of Viktor Bout in exchange for Griner.  A man who's sold weapons globally that have likely been used against US citizens and military.
Not a very good day, Katie

#StopTheSteal
#arizonaelections",1600941753678192640,,,,,0,#StopTheSteal
2022-12-11 23:12:29,49,normal,0.7056896687,Brittney Griner is coming home. Today is a good day.,1600941753678192640,,,,,0,#StopTheSteal
2022-12-13 10:53:06,3,normal,0.793818891,Two years ago. #stopthesteal #freedomofassembly #freedomofspeech,1602514677820432385,,,,,0,#StopTheSteal
2022-12-13 10:53:06,8,normal,0.7832010388,We STILL haven't figured out how to #StopTheSteal!,1600533977424609281,,,,,0,#StopTheSteal
2022-12-13 10:53:06,26,normal,0.7431775928,No cap on Trump #America #stolenelection #electioninterferance #stopthesteal #trump2024,1602379632266747909,,,,,0,#StopTheSteal
2022-12-13 10:53:06,26,normal,0.7431775928,Can I post this video now?,1602379632266747909,,,,,0,#StopTheSteal
2022-12-13 10:53:06,34,normal,0.7056896687,"Perhaps, but that must be weighed against the release of Viktor Bout in exchange for Griner.  A man who's sold weapons globally that have likely been used against US citizens and military.
Not a very good day, Katie

#StopTheSteal
#arizonaelections",1600941753678192640,,,,,0,#StopTheSteal
2022-12-13 10:53:06,34,normal,0.7056896687,Brittney Griner is coming home. Today is a good day.,1600941753678192640,,,,,0,#StopTheSteal
2022-12-13 10:53:06,36,normal,0.7171545625,"Grifting Kari Lake 
#StopTheSteal Lake is fleecing your bank account",1602509215880433665,,,,,0,#StopTheSteal
2022-12-13 10:53:06,38,normal,0.7189489603,"#MoorevHarper is the real steal.
#StopTheSteal",1601250513064202240,,,,,0,#StopTheSteal
2022-12-13 10:53:06,38,normal,0.7189489603,Thanks Amy! It was great to hear your support!,1601250513064202240,,,,,0,#StopTheSteal
2022-12-13 10:53:06,39,normal,0.7171545625,"Grifting Kari Lake 
#StopTheSteal Lake is fleecing your bank account",1602509215880433665,,,,,0,#StopTheSteal
2022-12-13 10:53:06,41,normal,0.7189489603,"#MoorevHarper is the real steal.
#StopTheSteal",1601250513064202240,,,,,0,#StopTheSteal
2022-12-13 10:53:06,41,normal,0.7189489603,Thanks Amy! It was great to hear your support!,1601250513064202240,,,,,0,#StopTheSteal
2022-12-13 10:53:06,46,normal,0.7088406086,"Yes. @MarioNawfal, have @ali alexander on since he’s the founder of #stopthesteal.",1602397615358103552,,,,,0,#StopTheSteal
2022-12-13 10:53:06,48,normal,0.724139154,"How about you apologize to the Ohio District 4 voters bc you have not done SQUAT in 7 terms in Congress?

And is the Hunter Biden story bigger than you plotting with trump to overturn a legal election with the #StopTheSteal scam??
#TheftInOffice #GymJordanKnew",1599950663055998976,,,,,0,#StopTheSteal
2022-12-13 10:53:06,48,normal,0.724139154,Will the mainstream media apologize for ignoring the Hunter Biden story?,1599950663055998976,,,,,0,#StopTheSteal
2022-12-11 13:03:52,22,normal,0.7538044453,#stopthesteal,1599472143837941764,,,,,0,#StopTheSteal
2022-12-11 13:03:52,33,normal,0.7670450807,"What's this I hear about #stopthesteal and KRAKEN

This is MERICA beeotches
Proverbs 24:11  it's not too late yet y'all",1601757366281998337,,,,,0,#StopTheSteal
2022-12-11 13:03:52,36,normal,0.7056896687,"Perhaps, but that must be weighed against the release of Viktor Bout in exchange for Griner.  A man who's sold weapons globally that have likely been used against US citizens and military.
Not a very good day, Katie

#StopTheSteal
#arizonaelections",1600941753678192640,,,,,0,#StopTheSteal
2022-12-11 13:03:52,36,normal,0.7056896687,Brittney Griner is coming home. Today is a good day.,1600941753678192640,,,,,0,#StopTheSteal
2022-12-11 13:03:52,50,normal,0.7940620184,Kari Lake -- We haven't stopped fighting... #IStandWithArizona #StopTheSteal,1601279943224147968,,,,,0,#StopTheSteal
2022-12-11 13:03:52,51,normal,0.8599452972,"Confirmed: They control type-ahead in search boxes.
(Known, but now confirmed)

This can be used also to inject a type-ahead that is a corruption of the most popular hash-tag, which limits reach. Ex: #StopTheSteal is trending. So change the suggested tag to #StopTheSteel.",1601820339964727297,,,,,0,#StopTheSteal
2022-12-11 13:03:52,53,normal,0.7701579928,#stopthesteal #kraken,1601781781073924096,,,,,0,#StopTheSteal
2022-12-11 13:03:52,54,normal,0.7983517647,I’m not bitter but my friend and I both submitted identical names to two of the winners. #stopthesteal,1601614353966370816,,,,,0,#StopTheSteal
2022-12-11 13:03:52,54,normal,0.7983517647,"The Ohio Turnpike Commission has announced winners for their name a snowplow contest. 
They are:

Ctrl-Salt-Delete                                                     
Plow Chicka Plow Wow                   
You’re Killin’ Me Squalls                  
The Big LePlowski

(cont'd)",1601614353966370816,,,,,0,#StopTheSteal
2022-12-12 9:01:18,4,normal,0.7832010388,We STILL haven't figured out how to #StopTheSteal!,1600533977424609281,,,,,0,#StopTheSteal
2022-12-12 9:01:18,21,normal,0.7729105949,"...while her ties inside #Runbeck work to make it all happen.
#StopTheSteal #ReDoAZ",1600114224503861248,,,,,0,#StopTheSteal
2022-12-12 9:01:18,28,normal,0.8402711749,The case for non-certification. 350+ members of congress ignored THIS>>> #stopthesteal,1602102552065196033,,,,,0,#StopTheSteal
2022-12-12 9:01:18,52,normal,0.7983517647,I’m not bitter but my friend and I both submitted identical names to two of the winners. #stopthesteal,1601614353966370816,,,,,0,#StopTheSteal
2022-12-12 9:01:18,52,normal,0.7983517647,"The Ohio Turnpike Commission has announced winners for their name a snowplow contest. 
They are:

Ctrl-Salt-Delete                                                     
Plow Chicka Plow Wow                   
You’re Killin’ Me Squalls                  
The Big LePlowski

(cont'd)",1601614353966370816,,,,,0,#StopTheSteal
2022-12-12 9:01:18,56,normal,0.7670450807,"What's this I hear about #stopthesteal and KRAKEN

This is MERICA beeotches
Proverbs 24:11  it's not too late yet y'all",1601757366281998337,,,,,0,#StopTheSteal
2022-12-15 0:48:43,8,normal,0.7310566902,#katiehobbsisafraud #stopthesteal #KariLakeWonAZ,1603078964775452674,,,,,0,#StopTheSteal
2022-12-15 0:48:43,25,normal,0.7487059832,good make it harder to cheat #StopTheSteal,1602430941083099136,,,,,0,#StopTheSteal
2022-12-15 0:48:43,25,normal,0.7487059832,"This is not a drill: our voting rights are under attack at the Ohio Statehouse. 

HB 458 would radically alter the way in which Ohioans cast their ballot by subjecting every voter to a strict photo ID mandate.",1602430941083099136,,,,,0,#StopTheSteal
2022-12-15 0:48:43,27,normal,0.8353539705,"Don't allow changes to the "" Vote Count Act "" in the Omnibus Bill . #StopTheSteal",1603065621394096133,,,,,0,#StopTheSteal
2022-12-15 0:48:43,33,normal,0.6209238768,Fellow #Patriot @jasminstclaire will be on the show this week and she is completely outspoken about the Left wing extremists that have stolen our Republic! The audio podcast drops on Friday & the video will be on our Rumble page! Subscribe to both! #America1st #StopTheSteal,1600154665840435200,,,,,0,#StopTheSteal
2022-12-15 0:48:43,38,normal,0.7940396667,"Time to abolish the FBI
#corruption #stopthesteal",1602502803947065344,,,,,0,#StopTheSteal
2022-12-15 0:48:43,45,normal,0.724139154,"How about you apologize to the Ohio District 4 voters bc you have not done SQUAT in 7 terms in Congress?

And is the Hunter Biden story bigger than you plotting with trump to overturn a legal election with the #StopTheSteal scam??
#TheftInOffice #GymJordanKnew",1599950663055998976,,,,,0,#StopTheSteal
2022-12-15 0:48:43,45,normal,0.724139154,Will the mainstream media apologize for ignoring the Hunter Biden story?,1599950663055998976,,,,,0,#StopTheSteal
2022-12-15 0:48:43,46,normal,0.7617630363,Drop boxes were essential for gathering the unprecedented ocean of mail-in ballots generated in the 2020 election. They were also illegal... #StopTheSteal,1602387171373113344,,,,,0,#StopTheSteal
2022-12-15 0:48:43,50,normal,0.6209238768,Fellow #Patriot @jasminstclaire will be on the show this week and she is completely outspoken about the Left wing extremists that have stolen our Republic! The audio podcast drops on Friday & the video will be on our Rumble page! Subscribe to both! #America1st #StopTheSteal,1600154739953479680,,,,,0,#StopTheSteal
2022-12-15 0:48:43,61,normal,0.7171545625,"Grifting Kari Lake 
#StopTheSteal Lake is fleecing your bank account",1602509215880433665,,,,,0,#StopTheSteal
2022-12-15 0:48:43,66,normal,0.8121678233,@pnjaban the @GOP needs to step up and help @KariLake with her battle in Arizona she has actual physically proff of massive voter fraud and yet almost all in the @GOP is silent new powerful and not scared leadership needs to step up and. Make our voices heard #Stopthesteal,1601912489607929856,,,,,0,#StopTheSteal
2022-12-15 0:48:43,66,normal,0.8121678233,No one has ever called me afraid!,1601912489607929856,,,,,0,#StopTheSteal
2022-12-14 21:01:12,5,normal,0.7310566902,#katiehobbsisafraud #stopthesteal #KariLakeWonAZ,1603078964775452674,,,,,0,#StopTheSteal
2022-12-14 21:01:12,7,normal,0.7832010388,We STILL haven't figured out how to #StopTheSteal!,1600533977424609281,,,,,0,#StopTheSteal
2022-12-14 21:01:12,20,normal,0.7056896687,"Perhaps, but that must be weighed against the release of Viktor Bout in exchange for Griner.  A man who's sold weapons globally that have likely been used against US citizens and military.
Not a very good day, Katie

#StopTheSteal
#arizonaelections",1600941753678192640,,,,,0,#StopTheSteal
2022-12-14 21:01:12,20,normal,0.7056896687,Brittney Griner is coming home. Today is a good day.,1600941753678192640,,,,,0,#StopTheSteal
2022-12-14 21:01:12,42,normal,0.8040530086,"Everyone has an ID. Some want integrity in voting, others such as you like to win by cheating. #stopthesteal",1603055471639814154,,,,,0,#StopTheSteal
2022-12-14 21:01:12,43,normal,0.7200887203,Oh plz. The greed is with you. Please tell us again how much in taxes is collected per year?  Originally all you needed was a 1% tax to fix everything. #stopthesteal,1602520392190525442,,,,,0,#StopTheSteal
2022-12-14 21:01:12,54,normal,0.7171545625,"Grifting Kari Lake 
#StopTheSteal Lake is fleecing your bank account",1602509215880433665,,,,,0,#StopTheSteal
2022-12-14 21:01:12,55,normal,0.6035052538,"I can't believe they get so triggered over hashtags.. 
Like #stopthesteal and #Thecracken freaks.",1602500204808265728,,,,,0,#StopTheSteal
2022-12-12 7:05:18,18,normal,0.7729105949,"...while her ties inside #Runbeck work to make it all happen.
#StopTheSteal #ReDoAZ",1600114224503861248,,,,,0,#StopTheSteal
2022-12-12 7:05:18,42,normal,0.7056896687,"Perhaps, but that must be weighed against the release of Viktor Bout in exchange for Griner.  A man who's sold weapons globally that have likely been used against US citizens and military.
Not a very good day, Katie

#StopTheSteal
#arizonaelections",1600941753678192640,,,,,0,#StopTheSteal
2022-12-12 7:05:18,42,normal,0.7056896687,Brittney Griner is coming home. Today is a good day.,1600941753678192640,,,,,0,#StopTheSteal
2022-12-12 7:05:18,47,normal,0.7453836799,#EnoughIsEnough #StopTheSteal,1602064330916335619,,,,,0,#StopTheSteal
2022-12-12 7:05:18,47,normal,0.7453836799,How many more elections will we allow them to rig before we say ENOUGH??,1602064330916335619,,,,,0,#StopTheSteal
2022-12-12 7:05:18,50,normal,0.7131910324,#StopTheSteal,1601934381895008256,,,,,0,#StopTheSteal
2022-12-12 17:44:40,25,normal,0.8402711749,The case for non-certification. 350+ members of congress ignored THIS>>> #stopthesteal,1602102552065196033,,,,,0,#StopTheSteal
2022-12-12 17:44:40,33,normal,0.7056896687,"Perhaps, but that must be weighed against the release of Viktor Bout in exchange for Griner.  A man who's sold weapons globally that have likely been used against US citizens and military.
Not a very good day, Katie

#StopTheSteal
#arizonaelections",1600941753678192640,,,,,0,#StopTheSteal
2022-12-12 17:44:40,33,normal,0.7056896687,Brittney Griner is coming home. Today is a good day.,1600941753678192640,,,,,0,#StopTheSteal
2022-12-12 17:44:40,42,normal,0.7453836799,#EnoughIsEnough #StopTheSteal,1602064330916335619,,,,,0,#StopTheSteal
2022-12-12 17:44:40,42,normal,0.7453836799,How many more elections will we allow them to rig before we say ENOUGH??,1602064330916335619,,,,,0,#StopTheSteal
2022-12-12 17:44:40,45,normal,0.7131910324,#StopTheSteal,1601934381895008256,,,,,0,#StopTheSteal
2022-12-12 17:44:40,53,normal,0.7989618182,"Did Trump's team write this for you?? All you're missing is the #stopthesteal BS , friend",1602320993195900931,,,,,0,#StopTheSteal
2022-12-12 17:44:40,54,normal,0.7848322392,"I know how you feel Kari, I recently lost the election to become a board member at my HOA and I’m sure it was rigged. #stopthesteal",1602364065027952660,,,,,0,#StopTheSteal
2022-12-12 17:44:40,55,normal,0.7189489603,"#MoorevHarper is the real steal.
#StopTheSteal",1601250513064202240,,,,,0,#StopTheSteal
2022-12-12 17:44:40,55,normal,0.7189489603,Thanks Amy! It was great to hear your support!,1601250513064202240,,,,,0,#StopTheSteal
2022-12-12 17:44:40,56,normal,0.5874072313,"We Will NEVER Except @ReverendWarnock Won Georgia, WE NEED AN AUDIT ASAP @GaSecofState @BrianKempGA @burtjonesforga @HerschelWalker @RepMTG #RiggedRunoff Georgia & Arizona ELECTIONS ARE TANTED #StopTheSteal",1600814963529945090,,,,,0,#StopTheSteal
2022-12-12 17:44:40,57,normal,0.7957903743,"Let's see if this gets through...

#StopTheSteal
#MAGA
#FauciLiedMillionsDied #SocialismSucks
#FreePepe
#StolenElection
#PelosiGayHammertime
#EpsteinCoverup
#ReleaseTheKraken",1602037123632467968,,,,,0,#StopTheSteal
2022-12-12 17:44:40,60,normal,0.6757797599,"Repo!  What repo? You're not having my wheels!! Ilford repo protest!
Fast Phil shared a photo with you from the Flickr app. Check it out:
https://flickr.com/gp/fastphil/4TJ8Jf0974… @CarReporters #Repost #ilfordrecorder @Archant @Redbridge #stopthesteal @jeanletaxe #notyours #EastEnders",1601513940772474880,,,,,0,#StopTheSteal
2022-12-11 17:13:53,11,normal,0.7936017513,This just in: Real first photos of the market halt this morning! #stopthesteal $mmtlp,1601391745782407169,,,,,0,#StopTheSteal
2022-12-11 17:13:53,35,normal,0.7056896687,"Perhaps, but that must be weighed against the release of Viktor Bout in exchange for Griner.  A man who's sold weapons globally that have likely been used against US citizens and military.
Not a very good day, Katie

#StopTheSteal
#arizonaelections",1600941753678192640,,,,,0,#StopTheSteal
2022-12-11 17:13:53,35,normal,0.7056896687,Brittney Griner is coming home. Today is a good day.,1600941753678192640,,,,,0,#StopTheSteal
2022-12-11 17:13:53,37,normal,0.7131910324,#StopTheSteal,1601934381895008256,,,,,0,#StopTheSteal
2022-12-11 17:13:53,38,normal,0.7670450807,"What's this I hear about #stopthesteal and KRAKEN

This is MERICA beeotches
Proverbs 24:11  it's not too late yet y'all",1601757366281998337,,,,,0,#StopTheSteal
2022-12-11 17:13:53,40,normal,0.6476570964,#StopTheSteal  Nothing will happen. We have a rogue government.,1601755535149215744,,,,,0,#StopTheSteal
2022-12-11 17:13:53,44,normal,0.7940620184,Kari Lake -- We haven't stopped fighting... #IStandWithArizona #StopTheSteal,1601279943224147968,,,,,0,#StopTheSteal
2022-12-14 19:07:31,8,normal,0.7832010388,We STILL haven't figured out how to #StopTheSteal!,1600533977424609281,,,,,0,#StopTheSteal
2022-12-14 19:07:31,13,normal,0.6035052538,"I can't believe they get so triggered over hashtags.. 
Like #stopthesteal and #Thecracken freaks.",1602500204808265728,,,,,0,#StopTheSteal
2022-12-14 19:07:31,21,normal,0.7056896687,"Perhaps, but that must be weighed against the release of Viktor Bout in exchange for Griner.  A man who's sold weapons globally that have likely been used against US citizens and military.
Not a very good day, Katie

#StopTheSteal
#arizonaelections",1600941753678192640,,,,,0,#StopTheSteal
2022-12-14 19:07:31,21,normal,0.7056896687,Brittney Griner is coming home. Today is a good day.,1600941753678192640,,,,,0,#StopTheSteal
2022-12-14 19:07:31,34,normal,0.8402711749,The case for non-certification. 350+ members of congress ignored THIS>>> #stopthesteal,1602102552065196033,,,,,0,#StopTheSteal
2022-12-14 19:07:31,46,normal,0.7487059832,good make it harder to cheat #StopTheSteal,1602430941083099136,,,,,0,#StopTheSteal
2022-12-14 19:07:31,46,normal,0.7487059832,"This is not a drill: our voting rights are under attack at the Ohio Statehouse. 

HB 458 would radically alter the way in which Ohioans cast their ballot by subjecting every voter to a strict photo ID mandate.",1602430941083099136,,,,,0,#StopTheSteal
2022-12-14 19:07:31,64,normal,0.7206953168,"@YahooFantasy Jeff Driskel has not played a snap at TE this year. Remove his eligibility. Don’t ruin the fantasy playoffs, thx.

@ballsagna_69 you are a fraud.
#stopthesteal #fraud #FantasyFootball",1603091179221942272,,,,,0,#StopTheSteal
2022-12-14 19:07:31,68,normal,0.7033611536,"You Tube REMOVED a video of mine  for using the #StopTheSteal HASHTAG in a @thebestcloser show promo video
 SO, IT APPEARS THAT @YOUTUBE HAD THE SAME MARCHING ORDERS

It's reposted on my Rumble page, in pig Latin

https://rumble.com/ve5xnx-opstay-the-ealstay-stop-the-steal.html…",1601756556034330624,,,,,0,#StopTheSteal
2022-12-14 19:07:31,74,normal,0.6209238768,Fellow #Patriot @jasminstclaire will be on the show this week and she is completely outspoken about the Left wing extremists that have stolen our Republic! The audio podcast drops on Friday & the video will be on our Rumble page! Subscribe to both! #America1st #StopTheSteal,1600154739953479680,,,,,0,#StopTheSteal
2022-12-14 19:07:31,75,normal,0.7310566902,#katiehobbsisafraud #stopthesteal #KariLakeWonAZ,1603078964775452674,,,,,0,#StopTheSteal
2022-12-14 19:07:31,76,normal,0.8121678233,@pnjaban the @GOP needs to step up and help @KariLake with her battle in Arizona she has actual physically proff of massive voter fraud and yet almost all in the @GOP is silent new powerful and not scared leadership needs to step up and. Make our voices heard #Stopthesteal,1601912489607929856,,,,,0,#StopTheSteal
2022-12-14 19:07:31,76,normal,0.8121678233,No one has ever called me afraid!,1601912489607929856,,,,,0,#StopTheSteal
2022-12-14 19:07:31,77,normal,0.7171545625,"Grifting Kari Lake 
#StopTheSteal Lake is fleecing your bank account",1602509215880433665,,,,,0,#StopTheSteal
2022-12-13 19:10:20,8,normal,0.7832010388,We STILL haven't figured out how to #StopTheSteal!,1600533977424609281,,,,,0,#StopTheSteal
2022-12-13 19:10:20,29,normal,0.6209238768,Fellow #Patriot @jasminstclaire will be on the show this week and she is completely outspoken about the Left wing extremists that have stolen our Republic! The audio podcast drops on Friday & the video will be on our Rumble page! Subscribe to both! #America1st #StopTheSteal,1600154665840435200,,,,,0,#StopTheSteal
2022-12-13 19:10:20,37,normal,0.7171545625,"Grifting Kari Lake 
#StopTheSteal Lake is fleecing your bank account",1602509215880433665,,,,,0,#StopTheSteal
2022-12-13 19:10:20,39,normal,0.724139154,"How about you apologize to the Ohio District 4 voters bc you have not done SQUAT in 7 terms in Congress?

And is the Hunter Biden story bigger than you plotting with trump to overturn a legal election with the #StopTheSteal scam??
#TheftInOffice #GymJordanKnew",1599950663055998976,,,,,0,#StopTheSteal
2022-12-13 19:10:20,39,normal,0.724139154,Will the mainstream media apologize for ignoring the Hunter Biden story?,1599950663055998976,,,,,0,#StopTheSteal
2022-12-13 19:10:20,45,normal,0.7200887203,Oh plz. The greed is with you. Please tell us again how much in taxes is collected per year?  Originally all you needed was a 1% tax to fix everything. #stopthesteal,1602520392190525442,,,,,0,#StopTheSteal
2022-12-13 19:10:20,50,normal,0.7670450807,"What's this I hear about #stopthesteal and KRAKEN

This is MERICA beeotches
Proverbs 24:11  it's not too late yet y'all",1601757366281998337,,,,,0,#StopTheSteal
2022-12-13 12:49:17,3,normal,0.793818891,Two years ago. #stopthesteal #freedomofassembly #freedomofspeech,1602514677820432385,,,,,0,#StopTheSteal
2022-12-13 12:49:17,4,normal,0.7832010388,We STILL haven't figured out how to #StopTheSteal!,1600533977424609281,,,,,0,#StopTheSteal
2022-12-13 12:49:17,24,normal,0.7431775928,No cap on Trump #America #stolenelection #electioninterferance #stopthesteal #trump2024,1602379632266747909,,,,,0,#StopTheSteal
2022-12-13 12:49:17,24,normal,0.7431775928,Can I post this video now?,1602379632266747909,,,,,0,#StopTheSteal
2022-12-13 12:49:17,36,normal,0.7189489603,"#MoorevHarper is the real steal.
#StopTheSteal",1601250513064202240,,,,,0,#StopTheSteal
2022-12-13 12:49:17,36,normal,0.7189489603,Thanks Amy! It was great to hear your support!,1601250513064202240,,,,,0,#StopTheSteal
2022-12-13 12:49:17,39,normal,0.7189489603,"#MoorevHarper is the real steal.
#StopTheSteal",1601250513064202240,,,,,0,#StopTheSteal
2022-12-13 12:49:17,39,normal,0.7189489603,Thanks Amy! It was great to hear your support!,1601250513064202240,,,,,0,#StopTheSteal
2022-12-13 12:49:17,43,normal,0.7171545625,"Grifting Kari Lake 
#StopTheSteal Lake is fleecing your bank account",1602509215880433665,,,,,0,#StopTheSteal
2022-12-13 12:49:17,44,normal,0.724139154,"How about you apologize to the Ohio District 4 voters bc you have not done SQUAT in 7 terms in Congress?

And is the Hunter Biden story bigger than you plotting with trump to overturn a legal election with the #StopTheSteal scam??
#TheftInOffice #GymJordanKnew",1599950663055998976,,,,,0,#StopTheSteal
2022-12-13 12:49:17,44,normal,0.724139154,Will the mainstream media apologize for ignoring the Hunter Biden story?,1599950663055998976,,,,,0,#StopTheSteal
2022-12-13 12:49:17,46,normal,0.7088406086,"Yes. @MarioNawfal, have @ali alexander on since he’s the founder of #stopthesteal.",1602397615358103552,,,,,0,#StopTheSteal
2022-12-13 12:49:17,50,normal,0.6476570964,#StopTheSteal  Nothing will happen. We have a rogue government.,1601755535149215744,,,,,0,#StopTheSteal
2022-12-14 17:09:56,23,normal,0.7056896687,"Perhaps, but that must be weighed against the release of Viktor Bout in exchange for Griner.  A man who's sold weapons globally that have likely been used against US citizens and military.
Not a very good day, Katie

#StopTheSteal
#arizonaelections",1600941753678192640,,,,,0,#StopTheSteal
2022-12-14 17:09:56,23,normal,0.7056896687,Brittney Griner is coming home. Today is a good day.,1600941753678192640,,,,,0,#StopTheSteal
2022-12-14 17:09:56,24,normal,0.650599122,"Mark Meadows' leaked texts expose #gop #cabal
https://msnbc.com/opinion/msnbc-opinion/mark-meadows-texts-trump-republicans-tpm-rcna61501… #independents #moderates #election #USA #jan6 #electionfraud #stopthesteal #maga #lies #crime #markmeadows #DOJ #conspiracy #tedcruz #mobrooks #ralphnorman #SaveOurDemocracy #VoteBlue #democracy #constitution",1603038151177560065,,,,,0,#StopTheSteal
2022-12-14 17:09:56,37,normal,0.7981046438,"The sleight of hand being practised by all the
 Premiers when it comes to healthcare dollars are over, #StopTheSteal #StopTheBS. #IStandWithTrudeau",1603041871898492928,,,,,0,#StopTheSteal
2022-12-14 17:09:56,38,normal,0.8402711749,The case for non-certification. 350+ members of congress ignored THIS>>> #stopthesteal,1602102552065196033,,,,,0,#StopTheSteal
2022-12-14 17:09:56,45,normal,0.7587302923,Haz types are appropriating Jehuism #StopTheSteal,1603071824853704707,,,,,0,#StopTheSteal
2022-12-14 17:09:56,47,normal,0.7487059832,good make it harder to cheat #StopTheSteal,1602430941083099136,,,,,0,#StopTheSteal
2022-12-14 17:09:56,47,normal,0.7487059832,"This is not a drill: our voting rights are under attack at the Ohio Statehouse. 

HB 458 would radically alter the way in which Ohioans cast their ballot by subjecting every voter to a strict photo ID mandate.",1602430941083099136,,,,,0,#StopTheSteal
2022-12-14 17:09:56,53,normal,0.724139154,"How about you apologize to the Ohio District 4 voters bc you have not done SQUAT in 7 terms in Congress?

And is the Hunter Biden story bigger than you plotting with trump to overturn a legal election with the #StopTheSteal scam??
#TheftInOffice #GymJordanKnew",1599950663055998976,,,,,0,#StopTheSteal
2022-12-14 17:09:56,53,normal,0.724139154,Will the mainstream media apologize for ignoring the Hunter Biden story?,1599950663055998976,,,,,0,#StopTheSteal
2022-12-14 17:09:56,56,normal,0.8066058159,YOU FORGOT THE CHAIN OF CUSTODY HAS BEEN BROKEN! ...and the people standing in line for 5 hours LEFT because machines in Republican districts mysteriously failed... and YOU told people to go to another polling place where they were turned away. #ElectionIntegrity #stopthesteal,1602871284857176069,,,,,0,#StopTheSteal
2022-12-14 17:09:56,63,normal,0.7033611536,"You Tube REMOVED a video of mine  for using the #StopTheSteal HASHTAG in a @thebestcloser show promo video
 SO, IT APPEARS THAT @YOUTUBE HAD THE SAME MARCHING ORDERS

It's reposted on my Rumble page, in pig Latin

https://rumble.com/ve5xnx-opstay-the-ealstay-stop-the-steal.html…",1601756556034330624,,,,,0,#StopTheSteal
2022-12-14 17:09:56,67,normal,0.7171545625,"Grifting Kari Lake 
#StopTheSteal Lake is fleecing your bank account",1602509215880433665,,,,,0,#StopTheSteal
2022-12-14 17:09:56,68,normal,0.8121678233,@pnjaban the @GOP needs to step up and help @KariLake with her battle in Arizona she has actual physically proff of massive voter fraud and yet almost all in the @GOP is silent new powerful and not scared leadership needs to step up and. Make our voices heard #Stopthesteal,1601912489607929856,,,,,0,#StopTheSteal
2022-12-14 17:09:56,68,normal,0.8121678233,No one has ever called me afraid!,1601912489607929856,,,,,0,#StopTheSteal
2022-12-14 17:09:56,69,normal,0.8121678233,@pnjaban the @GOP needs to step up and help @KariLake with her battle in Arizona she has actual physically proff of massive voter fraud and yet almost all in the @GOP is silent new powerful and not scared leadership needs to step up and. Make our voices heard #Stopthesteal,1601912489607929856,,,,,0,#StopTheSteal
2022-12-14 17:09:56,69,normal,0.8121678233,No one has ever called me afraid!,1601912489607929856,,,,,0,#StopTheSteal
2022-12-14 17:09:56,70,normal,0.8353539705,"Don't allow changes to the "" Vote Count Act "" in the Omnibus Bill . #StopTheSteal",1603065621394096133,,,,,0,#StopTheSteal
2022-12-14 17:09:56,71,normal,0.6209238768,Fellow #Patriot @jasminstclaire will be on the show this week and she is completely outspoken about the Left wing extremists that have stolen our Republic! The audio podcast drops on Friday & the video will be on our Rumble page! Subscribe to both! #America1st #StopTheSteal,1600154739953479680,,,,,0,#StopTheSteal
2022-12-14 22:54:15,10,normal,0.7832010388,We STILL haven't figured out how to #StopTheSteal!,1600533977424609281,,,,,0,#StopTheSteal
2022-12-14 22:54:15,29,normal,0.8353539705,"Don't allow changes to the "" Vote Count Act "" in the Omnibus Bill . #StopTheSteal",1603065621394096133,,,,,0,#StopTheSteal
2022-12-14 22:54:15,36,normal,0.7940396667,"Time to abolish the FBI
#corruption #stopthesteal",1602502803947065344,,,,,0,#StopTheSteal
2022-12-14 22:54:15,42,normal,0.724139154,"How about you apologize to the Ohio District 4 voters bc you have not done SQUAT in 7 terms in Congress?

And is the Hunter Biden story bigger than you plotting with trump to overturn a legal election with the #StopTheSteal scam??
#TheftInOffice #GymJordanKnew",1599950663055998976,,,,,0,#StopTheSteal
2022-12-14 22:54:15,42,normal,0.724139154,Will the mainstream media apologize for ignoring the Hunter Biden story?,1599950663055998976,,,,,0,#StopTheSteal
2022-12-14 22:54:15,45,normal,0.7056896687,"Perhaps, but that must be weighed against the release of Viktor Bout in exchange for Griner.  A man who's sold weapons globally that have likely been used against US citizens and military.
Not a very good day, Katie

#StopTheSteal
#arizonaelections",1600941753678192640,,,,,0,#StopTheSteal
2022-12-14 22:54:15,45,normal,0.7056896687,Brittney Griner is coming home. Today is a good day.,1600941753678192640,,,,,0,#StopTheSteal
2022-12-14 22:54:15,50,normal,0.7487059832,good make it harder to cheat #StopTheSteal,1602430941083099136,,,,,0,#StopTheSteal
2022-12-14 22:54:15,50,normal,0.7487059832,"This is not a drill: our voting rights are under attack at the Ohio Statehouse. 

HB 458 would radically alter the way in which Ohioans cast their ballot by subjecting every voter to a strict photo ID mandate.",1602430941083099136,,,,,0,#StopTheSteal
2022-12-14 22:54:15,51,normal,0.6209238768,Fellow #Patriot @jasminstclaire will be on the show this week and she is completely outspoken about the Left wing extremists that have stolen our Republic! The audio podcast drops on Friday & the video will be on our Rumble page! Subscribe to both! #America1st #StopTheSteal,1600154739953479680,,,,,0,#StopTheSteal
2022-12-14 22:54:15,62,normal,0.7469556928,"LET QUEER PEOPLE DO CRIMES, BENNY!

#stopthesteal

Or I will include more triple entendres!",1603158659457957888,,,,,0,#StopTheSteal
2022-12-14 22:54:15,63,normal,0.8121678233,@pnjaban the @GOP needs to step up and help @KariLake with her battle in Arizona she has actual physically proff of massive voter fraud and yet almost all in the @GOP is silent new powerful and not scared leadership needs to step up and. Make our voices heard #Stopthesteal,1601912489607929856,,,,,0,#StopTheSteal
2022-12-14 22:54:15,63,normal,0.8121678233,No one has ever called me afraid!,1601912489607929856,,,,,0,#StopTheSteal
2022-12-14 22:54:15,64,normal,0.7538044453,#stopthesteal,1603122325008027648,,,,,0,#StopTheSteal
2022-12-14 13:10:56,34,normal,0.7617630363,Drop boxes were essential for gathering the unprecedented ocean of mail-in ballots generated in the 2020 election. They were also illegal... #StopTheSteal,1602387171373113344,,,,,0,#StopTheSteal
2022-12-14 13:10:56,36,normal,0.724139154,"How about you apologize to the Ohio District 4 voters bc you have not done SQUAT in 7 terms in Congress?

And is the Hunter Biden story bigger than you plotting with trump to overturn a legal election with the #StopTheSteal scam??
#TheftInOffice #GymJordanKnew",1599950663055998976,,,,,0,#StopTheSteal
2022-12-14 13:10:56,36,normal,0.724139154,Will the mainstream media apologize for ignoring the Hunter Biden story?,1599950663055998976,,,,,0,#StopTheSteal
2022-12-14 13:10:56,51,normal,0.7033611536,"You Tube REMOVED a video of mine  for using the #StopTheSteal HASHTAG in a @thebestcloser show promo video
 SO, IT APPEARS THAT @YOUTUBE HAD THE SAME MARCHING ORDERS

It's reposted on my Rumble page, in pig Latin

https://rumble.com/ve5xnx-opstay-the-ealstay-stop-the-steal.html…",1601756556034330624,,,,,0,#StopTheSteal
2022-12-14 13:10:56,54,normal,0.7033611536,"You Tube REMOVED a video of mine  for using the #StopTheSteal HASHTAG in a @thebestcloser show promo video
 SO, IT APPEARS THAT @YOUTUBE HAD THE SAME MARCHING ORDERS

It's reposted on my Rumble page, in pig Latin

https://rumble.com/ve5xnx-opstay-the-ealstay-stop-the-steal.html…",1601756556034330624,,,,,0,#StopTheSteal
2022-12-14 13:10:56,61,normal,0.6209238768,Fellow #Patriot @jasminstclaire will be on the show this week and she is completely outspoken about the Left wing extremists that have stolen our Republic! The audio podcast drops on Friday & the video will be on our Rumble page! Subscribe to both! #America1st #StopTheSteal,1600154739953479680,,,,,0,#StopTheSteal
2022-12-14 13:10:56,62,normal,0.8121678233,@pnjaban the @GOP needs to step up and help @KariLake with her battle in Arizona she has actual physically proff of massive voter fraud and yet almost all in the @GOP is silent new powerful and not scared leadership needs to step up and. Make our voices heard #Stopthesteal,1601912489607929856,,,,,0,#StopTheSteal
2022-12-14 13:10:56,62,normal,0.8121678233,No one has ever called me afraid!,1601912489607929856,,,,,0,#StopTheSteal
2022-12-14 13:10:56,63,normal,0.7171545625,"Grifting Kari Lake 
#StopTheSteal Lake is fleecing your bank account",1602509215880433665,,,,,0,#StopTheSteal
2022-12-14 13:10:56,64,normal,0.822494626,#stopthesteal #keepthepeoplestupid. #Fortheebutnotforme Just checking?,1602256928385761281,,,,,0,#StopTheSteal
2022-12-11 19:12:53,11,normal,0.7832010388,We STILL haven't figured out how to #StopTheSteal!,1600533977424609281,,,,,0,#StopTheSteal
2022-12-11 19:12:53,14,normal,0.7936017513,This just in: Real first photos of the market halt this morning! #stopthesteal $mmtlp,1601391745782407169,,,,,0,#StopTheSteal
2022-12-11 19:12:53,41,normal,0.7056896687,"Perhaps, but that must be weighed against the release of Viktor Bout in exchange for Griner.  A man who's sold weapons globally that have likely been used against US citizens and military.
Not a very good day, Katie

#StopTheSteal
#arizonaelections",1600941753678192640,,,,,0,#StopTheSteal
2022-12-11 19:12:53,41,normal,0.7056896687,Brittney Griner is coming home. Today is a good day.,1600941753678192640,,,,,0,#StopTheSteal
2022-12-11 19:12:53,53,normal,0.7131910324,#StopTheSteal,1601934381895008256,,,,,0,#StopTheSteal
2022-12-11 19:12:53,54,normal,0.7131910324,#StopTheSteal,1601934381895008256,,,,,0,#StopTheSteal
2022-12-11 19:12:53,56,normal,0.6476570964,#StopTheSteal  Nothing will happen. We have a rogue government.,1601755535149215744,,,,,0,#StopTheSteal
2022-12-11 19:12:53,57,normal,0.7983517647,I’m not bitter but my friend and I both submitted identical names to two of the winners. #stopthesteal,1601614353966370816,,,,,0,#StopTheSteal
2022-12-11 19:12:53,57,normal,0.7983517647,"The Ohio Turnpike Commission has announced winners for their name a snowplow contest. 
They are:

Ctrl-Salt-Delete                                                     
Plow Chicka Plow Wow                   
You’re Killin’ Me Squalls                  
The Big LePlowski

(cont'd)",1601614353966370816,,,,,0,#StopTheSteal
2022-12-11 19:12:53,60,normal,0.7670450807,"What's this I hear about #stopthesteal and KRAKEN

This is MERICA beeotches
Proverbs 24:11  it's not too late yet y'all",1601757366281998337,,,,,0,#StopTheSteal
2022-12-12 5:05:54,21,normal,0.7729105949,"...while her ties inside #Runbeck work to make it all happen.
#StopTheSteal #ReDoAZ",1600114224503861248,,,,,0,#StopTheSteal
2022-12-12 5:05:54,42,normal,0.7056896687,"Perhaps, but that must be weighed against the release of Viktor Bout in exchange for Griner.  A man who's sold weapons globally that have likely been used against US citizens and military.
Not a very good day, Katie

#StopTheSteal
#arizonaelections",1600941753678192640,,,,,0,#StopTheSteal
2022-12-12 5:05:54,42,normal,0.7056896687,Brittney Griner is coming home. Today is a good day.,1600941753678192640,,,,,0,#StopTheSteal
2022-12-12 5:05:54,48,normal,0.7453836799,#EnoughIsEnough #StopTheSteal,1602064330916335619,,,,,0,#StopTheSteal
2022-12-12 5:05:54,48,normal,0.7453836799,How many more elections will we allow them to rig before we say ENOUGH??,1602064330916335619,,,,,0,#StopTheSteal
2022-12-12 5:05:54,49,normal,0.7131910324,#StopTheSteal,1601934381895008256,,,,,0,#StopTheSteal
2022-12-13 15:15:45,6,normal,0.7832010388,We STILL haven't figured out how to #StopTheSteal!,1600533977424609281,,,,,0,#StopTheSteal
2022-12-13 15:15:45,28,normal,0.7431775928,No cap on Trump #America #stolenelection #electioninterferance #stopthesteal #trump2024,1602379632266747909,,,,,0,#StopTheSteal
2022-12-13 15:15:45,28,normal,0.7431775928,Can I post this video now?,1602379632266747909,,,,,0,#StopTheSteal
2022-12-13 15:15:45,30,normal,0.8126267195,"#Hope #USA #RedStates #FA #TX leading not ironic both governors aspire to presidential runs #EndVoterSuppression irony ""#StopTheSteal"" #SaveAmerica #TFG #insurrection cheer post #Jan6th attack-Election's Over~Now Comes the Battle for #VotingRights now 2024",1602435293767925760,,,,,0,#StopTheSteal
2022-12-13 15:15:45,31,normal,0.7487059832,good make it harder to cheat #StopTheSteal,1602430941083099136,,,,,0,#StopTheSteal
2022-12-13 15:15:45,31,normal,0.7487059832,"This is not a drill: our voting rights are under attack at the Ohio Statehouse. 

HB 458 would radically alter the way in which Ohioans cast their ballot by subjecting every voter to a strict photo ID mandate.",1602430941083099136,,,,,0,#StopTheSteal
2022-12-13 15:15:45,34,normal,0.7189489603,"#MoorevHarper is the real steal.
#StopTheSteal",1601250513064202240,,,,,0,#StopTheSteal
2022-12-13 15:15:45,34,normal,0.7189489603,Thanks Amy! It was great to hear your support!,1601250513064202240,,,,,0,#StopTheSteal
2022-12-13 15:15:45,37,normal,0.7171545625,"Grifting Kari Lake 
#StopTheSteal Lake is fleecing your bank account",1602509215880433665,,,,,0,#StopTheSteal
2022-12-13 15:15:45,41,normal,0.7171545625,"Grifting Kari Lake 
#StopTheSteal Lake is fleecing your bank account",1602509215880433665,,,,,0,#StopTheSteal
2022-12-13 15:15:45,43,normal,0.724139154,"How about you apologize to the Ohio District 4 voters bc you have not done SQUAT in 7 terms in Congress?

And is the Hunter Biden story bigger than you plotting with trump to overturn a legal election with the #StopTheSteal scam??
#TheftInOffice #GymJordanKnew",1599950663055998976,,,,,0,#StopTheSteal
2022-12-13 15:15:45,43,normal,0.724139154,Will the mainstream media apologize for ignoring the Hunter Biden story?,1599950663055998976,,,,,0,#StopTheSteal
2022-12-13 15:15:45,48,normal,0.6476570964,#StopTheSteal  Nothing will happen. We have a rogue government.,1601755535149215744,,,,,0,#StopTheSteal
2022-12-11 21:09:55,10,normal,0.7832010388,We STILL haven't figured out how to #StopTheSteal!,1600533977424609281,,,,,0,#StopTheSteal
2022-12-11 21:09:55,16,normal,0.7936017513,This just in: Real first photos of the market halt this morning! #stopthesteal $mmtlp,1601391745782407169,,,,,0,#StopTheSteal
2022-12-11 21:09:55,34,hate speech,0.6279609799,I hope he gets arrested the scamming cunt  #EnglandWon #RiggedFootballMatch #StopTheSteal #Fraud,1601980713779224580,,,,,0,#StopTheSteal
2022-12-11 21:09:55,38,normal,0.7056896687,"Perhaps, but that must be weighed against the release of Viktor Bout in exchange for Griner.  A man who's sold weapons globally that have likely been used against US citizens and military.
Not a very good day, Katie

#StopTheSteal
#arizonaelections",1600941753678192640,,,,,0,#StopTheSteal
2022-12-11 21:09:55,38,normal,0.7056896687,Brittney Griner is coming home. Today is a good day.,1600941753678192640,,,,,0,#StopTheSteal
2022-12-11 21:09:55,49,normal,0.7670450807,"What's this I hear about #stopthesteal and KRAKEN

This is MERICA beeotches
Proverbs 24:11  it's not too late yet y'all",1601757366281998337,,,,,0,#StopTheSteal