id,created_at,total engagement Jan 2021,status as of Jan 2021,summarised status as of Jan 2021,status as of Jan 2022,status as of Dec 2023
1243275747382431747,2020-03-26,1161,This Tweet is from a suspended account,This Tweet is from a suspended account,Online,Online
1243275667191533577,2020-03-26,1966,This Tweet is from a suspended account,This Tweet is from a suspended account,Online,Online
1242864760040968192,2020-03-25,3981,Online,Online,Online,This Tweet is from a suspended account
1242864764084248576,2020-03-25,21110,Online,Online,Online,Online
1242864764084248576,2020-03-25,21110,Online,Online,Online,Online
1242864764084248576,2020-03-25,21110,Online,Online,Online,Online
1242864785080766464,2020-03-25,16,Online,Online,Online,Online
1242864818761195526,2020-03-25,2036,Online,Online,Online,Online
1242864844304453634,2020-03-25,0,Online,Online,Online,Online
1242864860267835394,2020-03-25,670,Online,Online,Online,Online
1242864860267835394,2020-03-25,670,Online,Online,Online,Online
1242864863858360323,2020-03-25,37,Online,Online,Online,Online
1242864965423431680,2020-03-25,17168,Online,Online,Online,Online
1242864965545070592,2020-03-25,21151,Online,Online,Online,Online
1242864974294376454,2020-03-25,46552,Online,Online,Online,Online
1242877388393938945,2020-03-25,8147,Online,Online,Online,Online
1242877401983524869,2020-03-25,5705,Online,Online,Online,Online
1242877414289494016,2020-03-25,5165,Online,Online,Online,Online
1242877430756331520,2020-03-25,285,Online,Online,Online,Online
1242877452126490625,2020-03-25,4,Online,Online,Online,Online
1242877488956608512,2020-03-25,6876,Online,Online,Online,This Tweet is from a suspended account
1242877488956608512,2020-03-25,6876,Online,Online,Online,This Tweet is from a suspended account
1242877494144966656,2020-03-25,37647,Online,Online,Online,This Tweet is from a suspended account
1242877523253395462,2020-03-25,63833,Online,Online,Online,Online
1242877573291479043,2020-03-25,6190,Online,Online,Online,Online
1242877586411307013,2020-03-25,4456,Online,Online,Online,Online
1242877615301636096,2020-03-25,1613,Online,Online,Online,Online
1242877627800657927,2020-03-25,33,Online,Online,Online,Online
1242904274671210496,2020-03-25,7036,Online,Online,Online,Online
1242904274671210496,2020-03-25,7036,Online,Online,Online,Online
1242904274826227712,2020-03-25,5394,Online,Online,Online,Online
1242904299723788290,2020-03-25,96,Online,Online,Online,Online
1242904299723788290,2020-03-25,96,Online,Online,Online,Online
1242904320275877905,2020-03-25,78,Online,Online,Online,Online
1242904321907441666,2020-03-25,0,Online,Online,Online,Online
1242904354471936001,2020-03-25,6364,Online,Online,Online,Online
1242904375359467520,2020-03-25,237309,Online,Online,Online,Online
1242904379360935943,2020-03-25,2828,Online,Online,Online,You’re unable to view this Tweet because this account owner limits who can view their Tweets
1242904379360935943,2020-03-25,2828,Online,Online,Online,You’re unable to view this Tweet because this account owner limits who can view their Tweets
1242904379360935943,2020-03-25,2828,Online,Online,Online,You’re unable to view this Tweet because this account owner limits who can view their Tweets
1242904421585113089,2020-03-25,27284,Online,Online,Online,This Tweet is from a suspended account
1242904426118955008,2020-03-25,11097,Online,Online,Online,Online
1242904446918692867,2020-03-25,27000,Online,Online,Online,Online
1242904446918692867,2020-03-25,27000,Online,Online,Online,Online
1242904450865532928,2020-03-25,295,Online,Online,Online,Online
1242904450865532928,2020-03-25,295,Online,Online,Online,Online
1242904450882289665,2020-03-25,18517,Online,Online,Online,Online
1242904471459336199,2020-03-25,26019,Online,Online,Online,Online
1242959673533358082,2020-03-25,75050,Online,Online,Online,Online
1242959681477177345,2020-03-25,941,Online,Online,Online,You’re unable to view this Tweet because this account owner limits who can view their Tweets
1242959685268856833,2020-03-25,11082,Online,Online,Online,Online
1242959685268856833,2020-03-25,11082,Online,Online,Online,Online
1242959717770674176,2020-03-25,5748,Online,Online,Online,Online
1242959731809009665,2020-03-25,19420,Online,Online,Online,Online
1242959752960720896,2020-03-25,15823,Online,Online,Online,Online
1242959752960720896,2020-03-25,15823,Online,Online,Online,Online
1242959756463128576,2020-03-25,179124,Online,Online,Online,You’re unable to view this Tweet because this account owner limits who can view their Tweets
1242959756463128576,2020-03-25,179124,Online,Online,Online,You’re unable to view this Tweet because this account owner limits who can view their Tweets
1242959773647147013,2020-03-25,604,Online,Online,Online,Online
1242959841116729347,2020-03-25,110003,Online,Online,Online,Online
1242959873924427776,2020-03-25,19840,Online,Online,Online,Online
1242959895386705920,2020-03-25,7121,Online,Online,Online,Online
1242959925049012234,2020-03-25,7719,Online,Online,Online,Online
1242997245273931776,2020-03-26,12356,Online,Online,Online,Online
1242997266626932736,2020-03-26,0,Online,Online,Online,Online
1242997278970744832,2020-03-26,4195,Online,Online,Online,Online
1242997287271518216,2020-03-26,49070,Online,Online,Online,Online
1242997287271518216,2020-03-26,49070,Online,Online,Online,Online
1242997287913246720,2020-03-26,107551,Online,Online,Online,Online
1242997321098571776,2020-03-26,1898,Online,Online,Online,Online
1242997371174191104,2020-03-26,22103,Online,Online,Online,Online
1242997396868460546,2020-03-26,1262,Online,Online,Online,Online
1242997413264097280,2020-03-26,27005,Online,Online,Online,Online
1242997425951911937,2020-03-26,9696,Online,Online,Online,Online
1243052925485629442,2020-03-26,75009,Online,Online,Online,Online
1243052925661974528,2020-03-26,66714,Online,Online,Online,Online
1243052950898999296,2020-03-26,2895,Online,Online,Online,Online
1243052954074132481,2020-03-26,16,Online,Online,Online,Online
1243052954074132481,2020-03-26,16,Online,Online,Online,Online
1243052954074132481,2020-03-26,16,Online,Online,Online,Online
1243053018679070720,2020-03-26,20308,Online,Online,Online,Online
1243053021623234560,2020-03-26,21388,Online,Online,Online,Online
1243053056482324480,2020-03-26,115522,Online,Online,Online,Online
1243053076203913216,2020-03-26,423,Online,Online,Online,Online
1243053110563467265,2020-03-26,178,Online,Online,Online,Online
1243053118801272832,2020-03-26,58005,Online,Online,Online,Online
1243053126078410754,2020-03-26,72422,Online,Online,Online,Online
1243053139797987329,2020-03-26,75336,Online,Online,Online,This Tweet is from a suspended account
1243053168998653952,2020-03-26,9076,Online,Online,Online,Online
1243064333271044096,2020-03-26,79105,Online,Online,Online,Online
1243064333271044096,2020-03-26,79105,Online,Online,Online,Online
1243064341622071296,2020-03-26,2123,Online,Online,Online,Online
1243064341622071296,2020-03-26,2123,Online,Online,Online,Online
1243064341622071296,2020-03-26,2123,Online,Online,Online,Online
1243064355295350784,2020-03-26,36919,Online,Online,Online,Online
1243064374937432064,2020-03-26,853,Online,Online,Online,Online
1243064387969089536,2020-03-26,47154,Online,Online,Online,This Tweet is from a suspended account
1243064387969089536,2020-03-26,47154,Online,Online,Online,This Tweet is from a suspended account
1243064393170124800,2020-03-26,173,Online,Online,Online,Online
1243064433729064960,2020-03-26,423,Online,Online,Online,Online
1243064433729064960,2020-03-26,423,Online,Online,Online,Online
1243064433729064960,2020-03-26,423,Online,Online,Online,Online
1243064433729064960,2020-03-26,423,Online,Online,Online,Online
1243064455082237954,2020-03-26,431,Online,Online,Online,Online
1243064460488486912,2020-03-26,14404,Online,Online,Online,Online
1243064460488486912,2020-03-26,14404,Online,Online,Online,Online
1243064544060043266,2020-03-26,6468,Online,Online,Online,Online
1243064555401437184,2020-03-26,7309,Online,Online,Online,Online
1243064572061175808,2020-03-26,23501,Online,Online,Online,Online
1243087313627951104,2020-03-26,4828,Online,Online,Online,Online
1243087384805171201,2020-03-26,221,Online,Online,Online,Online
1243087415235010561,2020-03-26,84498,Online,Online,Online,Online
1243087415235010561,2020-03-26,84498,Online,Online,Online,Online
1243087424156295168,2020-03-26,6,Online,Online,Online,This Tweet is from a suspended account
1243087457240973312,2020-03-26,19480,Online,Online,Online,Online
1243087489876852737,2020-03-26,7215,Online,Online,Online,Online
1243087499100139523,2020-03-26,1146,Online,Online,Online,Online
1243087499100139523,2020-03-26,1146,Online,Online,Online,Online
1243087510324105216,2020-03-26,1962,Online,Online,Online,Online
1243087510324105216,2020-03-26,1962,Online,Online,Online,Online
1243087510324105216,2020-03-26,1962,Online,Online,Online,Online
1243087511494242304,2020-03-26,1579,Online,Online,Online,Online
1243087519836758017,2020-03-26,2,Online,Online,Online,Online
1243087519836758017,2020-03-26,2,Online,Online,Online,Online
1243087519836758017,2020-03-26,2,Online,Online,Online,Online
1243087549834330112,2020-03-26,1585,Online,Online,Online,Online
1243090384819048448,2020-03-26,1383,Online,Online,Online,Online
1243090389138980865,2020-03-26,6982,Online,Online,Online,Online
1243090405119406081,2020-03-26,7557,Online,Online,Online,Online
1243090405119406081,2020-03-26,7557,Online,Online,Online,Online
1243090413289947137,2020-03-26,64782,Online,Online,Online,Online
1243090413289947137,2020-03-26,64782,Online,Online,Online,Online
1243090459158646789,2020-03-26,124,Online,Online,Online,You’re unable to view this Tweet because this account owner limits who can view their Tweets
1243090523562422272,2020-03-26,339,Online,Online,Online,Online
1243090623248445441,2020-03-26,110,Online,Online,Online,Online
1243090623248445441,2020-03-26,110,Online,Online,Online,Online
1243143664743993346,2020-03-26,1278,Online,Online,Online,Online
1243143664743993346,2020-03-26,1278,Online,Online,Online,Online
1243143769463160832,2020-03-26,262,Online,Online,Online,Online
1243143820214181888,2020-03-26,1051,Online,Online,Online,Online
1243143820306513921,2020-03-26,1603,Online,Online,Online,Online
1243143844457148417,2020-03-26,6013,Online,Online,Online,Online
1243143849460920321,2020-03-26,7088,Online,Online,Online,Online
1243143849460920321,2020-03-26,7088,Online,Online,Online,Online
1243147267684646915,2020-03-26,53257,Online,Online,Online,Online
1243147292913201158,2020-03-26,4772,Online,Online,Online,Online
1243147313369006081,2020-03-26,60876,Online,Online,Online,Online
1243147410068721664,2020-03-26,20073,Online,Online,Online,Online
1243147431321014274,2020-03-26,14439,Online,Online,Online,Online
1243147451256561666,2020-03-26,2604,Online,Online,Online,Online
1243147452141764608,2020-03-26,5885,Online,Online,Online,Online
1243147464628146176,2020-03-26,67911,Online,Online,Online,This Tweet is from an account that no longer exists
1243147464628146176,2020-03-26,67911,Online,Online,Online,This Tweet is from an account that no longer exists
1243147472773529600,2020-03-26,7434,Online,Online,Online,Online
1243147481921224705,2020-03-26,59699,Online,Online,Online,Online
1243159619578576903,2020-03-26,32543,Online,Online,Online,Online
1243159623781224453,2020-03-26,351660,Online,Online,Online,Online
1243159640642387969,2020-03-26,87264,Online,Online,Online,Online
1243159644886925319,2020-03-26,32,Online,Online,Online,Online
1243159644886925319,2020-03-26,32,Online,Online,Online,Online
1243159665619468288,2020-03-26,1059,Online,Online,Online,Online
1243159682564456450,2020-03-26,48574,Online,Online,Online,Online
1243159682564456450,2020-03-26,48574,Online,Online,Online,Online
1243159774906081282,2020-03-26,183,Online,Online,Online,Online
1243159787573051399,2020-03-26,947,Online,Online,Online,Online
1243159791851241473,2020-03-26,33271,Online,Online,Online,Online
1243159808217247744,2020-03-26,51313,Online,Online,Online,Online
1243159858649731073,2020-03-26,682,Online,Online,Online,Online
1243159863137624065,2020-03-26,353558,Online,Online,Online,Online
1243159879579287557,2020-03-26,5602,Online,Online,Online,Online
1243159879579287557,2020-03-26,5602,Online,Online,Online,Online
1243193727134416902,2020-03-26,37016,Online,Online,Online,Online
1243193748697133056,2020-03-26,4292,Online,Online,Online,Online
1243193765541474304,2020-03-26,3593,Online,Online,Online,Online
1243193778204299264,2020-03-26,8800,Online,Online,Online,Online
1243193778204299264,2020-03-26,8800,Online,Online,Online,Online
1243193778204299264,2020-03-26,8800,Online,Online,Online,Online
1243193807467958274,2020-03-26,4526,Online,Online,Online,Online
1243193807467958274,2020-03-26,4526,Online,Online,Online,Online
1243193845023727621,2020-03-26,65529,Online,Online,Online,Online
1243193848953597954,2020-03-26,227931,Online,Online,Online,Online
1243193853634469890,2020-03-26,579,Online,Online,Online,Online
1243193865747566597,2020-03-26,816,Online,Online,Online,Online
1243193899373539328,2020-03-26,28965,Online,Online,Online,Online
1243193916603547648,2020-03-26,39493,Online,Online,Online,Online
1243193936870625283,2020-03-26,75,Online,Online,Online,Online
1243193936996253696,2020-03-26,32667,Online,Online,Online,Online
1243193945951064069,2020-03-26,23566,Online,Online,Online,Online
1243193978721370112,2020-03-26,1805,Online,Online,Online,Online
1243193989119033344,2020-03-26,134,Online,Online,Online,Online
1243211557523329026,2020-03-26,5605,Online,Online,Online,Online
1243211587403411457,2020-03-26,161501,Online,Online,Online,Online
1243211603861843968,2020-03-26,8291,Online,Online,Online,Online
1243211603861843968,2020-03-26,8291,Online,Online,Online,Online
1243211637194031104,2020-03-26,897,Online,Online,Online,Online
1243211641522491394,2020-03-26,9388,Online,Online,Online,Online
1243211649470869504,2020-03-26,302,Online,Online,Online,Online
1243211653589549057,2020-03-26,6735,Online,Online,Online,Online
1243211653589549057,2020-03-26,6735,Online,Online,Online,Online
1243211653862305793,2020-03-26,11339,Online,Online,Online,Online
1243211653862305793,2020-03-26,11339,Online,Online,Online,Online
1243211691510423553,2020-03-26,2886,Online,Online,Online,Online
1243211691657134081,2020-03-26,20,Online,Online,Online,Online
1243211696409198592,2020-03-26,5225,Online,Online,Online,Online
1243211704001069056,2020-03-26,154850,Online,Online,Online,Online
1243211704068079617,2020-03-26,23372,Online,Online,Online,Online
1243211704965586944,2020-03-26,1936,Online,Online,Online,Online
1243211708723650560,2020-03-26,126622,Online,Online,Online,Online
1243211708870660096,2020-03-26,96268,Online,Online,Online,Online
1243211742617808902,2020-03-26,2434,Online,Online,Online,Online
1243211750704627714,2020-03-26,624,Online,Online,Online,Online
1243211750704627714,2020-03-26,624,Online,Online,Online,Online
1243214934370123776,2020-03-26,2751,Online,Online,Online,Online
1243214946219036674,2020-03-26,1665,Online,Online,Online,Online
1243214959602876416,2020-03-26,48533,Online,Online,Online,Online
1243214959602876416,2020-03-26,48533,Online,Online,Online,Online
1243214993006432263,2020-03-26,17829,Online,Online,Online,Online
1243215043443019778,2020-03-26,28,Online,Online,Online,Online
1243215043443019778,2020-03-26,28,Online,Online,Online,Online
1243215052024381441,2020-03-26,18276,Online,Online,Online,Online
1243215088779132928,2020-03-26,100625,Online,Online,Online,Online
1243215088779132928,2020-03-26,100625,Online,Online,Online,Online
1243215088779132928,2020-03-26,100625,Online,Online,Online,Online
1243215105887789056,2020-03-26,76923,Online,Online,Online,Online
1243215110493126658,2020-03-26,139,Online,Online,Online,Online
1243275685034110978,2020-03-26,895,Online,Online,Online,Online
1243376448892624898,2020-03-27,4688,Online,Online,Online,Online
1243406105717309450,2020-03-27,211568,Online,Online,Online,Online
1243406113900343299,2020-03-27,19277,Online,Online,Online,Online
1243406113900343299,2020-03-27,19277,Online,Online,Online,Online
1243406319345782785,2020-03-27,1206,Online,Online,Online,Online
1243478881023275010,2020-03-27,4039,Online,Online,Online,Online
1243484787500711936,2020-03-27,434468,Online,Online,Online,Online
1243530551111364608,2020-03-27,1316,Online,Online,Online,Online
1243530551111364608,2020-03-27,1316,Online,Online,Online,Online
1243530551111364608,2020-03-27,1316,Online,Online,Online,Online
1243532681897332736,2020-03-27,573885,Online,Online,Online,You’re unable to view this Tweet because this account owner limits who can view their Tweets
1243532790664232961,2020-03-27,15572,Online,Online,Online,You’re unable to view this Tweet because this account owner limits who can view their Tweets
1243532803377070081,2020-03-27,5674,Online,Online,Online,Online
1243536326667972618,2020-03-27,23505,Online,Online,Online,Online
1243536415478239233,2020-03-27,82106,Online,Online,Online,Online
1243550243163168769,2020-03-27,1664,Online,Online,Online,Online
1243550389863137289,2020-03-27,7,Online,Online,Online,Online
1243605587583262721,2020-03-27,261922,Online,Online,Online,Online
1243605587922952199,2020-03-27,4541,Online,Online,Online,Online
1243638311501148163,2020-03-27,1840,Online,Online,Online,Online
1243638332212510721,2020-03-27,1960,Online,Online,Online,Online
1243638336440287232,2020-03-27,58492,Online,Online,Online,Online
1243638336440287232,2020-03-27,58492,Online,Online,Online,Online
1243638336625020928,2020-03-27,68224,Online,Online,Online,Online
1243638340605358084,2020-03-27,47426,Online,Online,Online,Online
1243638340605358084,2020-03-27,47426,Online,Online,Online,Online
1243638370691100672,2020-03-27,1805,Online,Online,Online,Online
1243638373992013838,2020-03-27,2957,Online,Online,Online,Online
1243638378240839681,2020-03-27,42178,Online,Online,Online,Online
1243638411937714176,2020-03-27,53153,Online,Online,Online,Online
1243638412198006784,2020-03-27,13229,Online,Online,Online,Online
1243638429172117504,2020-03-27,92014,Online,Online,Online,Online
1243638449736802304,2020-03-27,2506,Online,Online,Online,Online
1243638449736802304,2020-03-27,2506,Online,Online,Online,Online
1243638449736802304,2020-03-27,2506,Online,Online,Online,Online
1243638478925172736,2020-03-27,4904,Online,Online,Online,Online
1243638478925172736,2020-03-27,4904,Online,Online,Online,Online
1243638525578350594,2020-03-27,3244,Online,Online,Online,Online
1243695307558445062,2020-03-28,107,Online,Online,Online,Online
1243695311589179394,2020-03-28,322769,Online,Online,Online,Online
1243695328941027334,2020-03-28,3121,Online,Online,Online,Online
1243695329188462592,2020-03-28,3383,Online,Online,Online,Online
1243695329188462592,2020-03-28,3383,Online,Online,Online,Online
1243695340886294528,2020-03-28,89713,Online,Online,Online,Online
1243695362679988225,2020-03-28,291,Online,Online,Online,Online
1243695384062504962,2020-03-28,15314,Online,Online,Online,Online
1243695509895819266,2020-03-28,10491,Online,Online,Online,Online
1243695509895819266,2020-03-28,10491,Online,Online,Online,Online
1243695509895819266,2020-03-28,10491,Online,Online,Online,Online
1243695509895819266,2020-03-28,10491,Online,Online,Online,Online
1284227931074703362,2020-07-17,83843,Online,Online,Online,Online
1284227931074703362,2020-07-17,83843,Online,Online,Online,Online
1284227968022216704,2020-07-17,16640,Online,Online,Online,Online
1284227968022216704,2020-07-17,16640,Online,Online,Online,Online
1243053130520186880,2020-03-26,59352,This Tweet is from a suspended account,This Tweet is from a suspended account,Online,Online
1243064569167216641,2020-03-26,35470,This Tweet is from a suspended account,This Tweet is from a suspended account,Online,Online
1243052933618548736,2020-03-26,165754,This Tweet is from a suspended account,This Tweet is from a suspended account,Online,Online
1242904337459929088,2020-03-25,117594,This Tweet is from a suspended account,This Tweet is from a suspended account,Online,Online
1243087380900466689,2020-03-26,4253,This Tweet is from a suspended account,This Tweet is from a suspended account,Online,Online
1243159863322185730,2020-03-26,981,This Tweet is from a suspended account,This Tweet is from a suspended account,Online,Online
1243159863322185730,2020-03-26,981,This Tweet is from a suspended account,This Tweet is from a suspended account,Online,Online
1243159863322185730,2020-03-26,981,This Tweet is from a suspended account,This Tweet is from a suspended account,Online,Online
1243064381048569856,2020-03-26,8292,This Tweet is from a suspended account,This Tweet is from a suspended account,Online,Online
1243143849222057984,2020-03-26,168,Online,Online,"Sorry, that page doesn't exist!",Online
1243147526917754883,2020-03-26,31335,Online,Online,"Sorry, that page doesn't exist!",Online
1242864768358195202,2020-03-25,76325,Online,Online,"Sorry, that page doesn't exist!",Online
1242864768358195202,2020-03-25,76325,Online,Online,"Sorry, that page doesn't exist!",Online
1242864768358195202,2020-03-25,76325,Online,Online,"Sorry, that page doesn't exist!",Online
1242877494144966656,2020-03-25,37647,Online,Online,"Sorry, that page doesn't exist!",This Tweet is from a suspended account
1242959689694023683,2020-03-25,180363,Online,Online,"Sorry, that page doesn't exist!",Online
1242959806731878400,2020-03-25,665,Online,Online,"Sorry, that page doesn't exist!",This Tweet is from a suspended account
1242959806731878400,2020-03-25,665,Online,Online,"Sorry, that page doesn't exist!",This Tweet is from a suspended account
1242959806731878400,2020-03-25,665,Online,Online,"Sorry, that page doesn't exist!",This Tweet is from a suspended account
1262572363557646336,2020-05-19,64129,"Sorry, that page doesn't exist!","Sorry, that page doesn't exist!","Sorry, that page doesn't exist!",Online
1243064425273270274,2020-03-26,33459,"Sorry, that page doesn't exist!","Sorry, that page doesn't exist!","Sorry, that page doesn't exist!",You’re unable to view this Tweet because this account owner limits who can view their Tweets
1243143681470861313,2020-03-26,2955,"Sorry, that page doesn't exist!","Sorry, that page doesn't exist!","Sorry, that page doesn't exist!",Online
1243211566255763456,2020-03-26,12095,"Sorry, that page doesn't exist!","Sorry, that page doesn't exist!","Sorry, that page doesn't exist!",Online
1243064321267073024,2020-03-26,21824,"Sorry, that page doesn't exist!","Sorry, that page doesn't exist!","Sorry, that page doesn't exist!",Online
1243064321267073024,2020-03-26,21824,"Sorry, that page doesn't exist!","Sorry, that page doesn't exist!","Sorry, that page doesn't exist!",Online
1290769224219217921,2020-08-04,28030,"Sorry, that page doesn't exist!","Sorry, that page doesn't exist!","Sorry, that page doesn't exist!",Online
1243064413957079040,2020-03-26,46069,Online,Online,The following media includes potentially sensitive content.,Online
1242864982167105536,2020-03-25,520,Online,Online,This account owner limits who can view their Tweets.,You’re unable to view this Tweet because this account owner limits who can view their Tweets
1242877552240312321,2020-03-25,4420,Online,Online,This account owner limits who can view their Tweets.,You’re unable to view this Tweet because this account owner limits who can view their Tweets
1242877552240312321,2020-03-25,4420,Online,Online,This account owner limits who can view their Tweets.,You’re unable to view this Tweet because this account owner limits who can view their Tweets
1242959781486374915,2020-03-25,28898,Online,Online,This account owner limits who can view their Tweets.,You’re unable to view this Tweet because this account owner limits who can view their Tweets
1243090619817316354,2020-03-26,34269,Online,Online,This account owner limits who can view their Tweets.,Online
1243159712331444224,2020-03-26,8606,Online,Online,This account owner limits who can view their Tweets.,You’re unable to view this Tweet because this account owner limits who can view their Tweets
1243193983934894080,2020-03-26,77705,Online,Online,This account owner limits who can view their Tweets.,Online
1243211574065549312,2020-03-26,959,Online,Online,This account owner limits who can view their Tweets.,You’re unable to view this Tweet because this account owner limits who can view their Tweets
1243211709084549121,2020-03-26,3178,Online,Online,This account owner limits who can view their Tweets.,Online
1243638386361077761,2020-03-27,19057,Online,Online,This account owner limits who can view their Tweets.,Online
1243695354312196096,2020-03-28,54,Online,Online,This account owner limits who can view their Tweets.,You’re unable to view this Tweet because this account owner limits who can view their Tweets
1243695354312196096,2020-03-28,54,Online,Online,This account owner limits who can view their Tweets.,You’re unable to view this Tweet because this account owner limits who can view their Tweets
1253591858510528512,2020-04-24,3623,Online,Online,This account owner limits who can view their Tweets.,You’re unable to view this Tweet because this account owner limits who can view their Tweets
1253708433305620480,2020-04-24,87568,Online,Online,This account owner limits who can view their Tweets.,Online
1253708433305620480,2020-04-24,87568,Online,Online,This account owner limits who can view their Tweets.,Online
1253708433305620480,2020-04-24,87568,Online,Online,This account owner limits who can view their Tweets.,Online
1253708433305620480,2020-04-24,87568,Online,Online,This account owner limits who can view their Tweets.,Online
1253893005867704320,2020-04-25,208194,Online,Online,This account owner limits who can view their Tweets.,Online
1274519930566774785,2020-06-21,12471,Online,Online,This account owner limits who can view their Tweets.,This Tweet is from an account that no longer exists
1290835375720525824,2020-08-05,48283,"Sorry, that page doesn't exist!","Sorry, that page doesn't exist!",This account owner limits who can view their Tweets.,This Tweet is from an account that no longer exists
1242877410384719879,2020-03-25,13281,This Tweet is from a suspended account,This Tweet is from a suspended account,This account owner limits who can view their Tweets.,This Tweet is from a suspended account
1243143655722037249,2020-03-26,5215,Online,Online,This Tweet is from a suspended account,This Tweet is from a suspended account
1243090576737738754,2020-03-26,89247,Online,Online,This Tweet is from a suspended account,Online
1242864776595767316,2020-03-25,3132,Online,Online,This Tweet is from a suspended account,This Tweet is from a suspended account
1242864776595767316,2020-03-25,3132,Online,Online,This Tweet is from a suspended account,This Tweet is from a suspended account
1242864785215164417,2020-03-25,57267,Online,Online,This Tweet is from a suspended account,This Tweet is from a suspended account
1242864785215164417,2020-03-25,57267,Online,Online,This Tweet is from a suspended account,This Tweet is from a suspended account
1242864785215164417,2020-03-25,57267,Online,Online,This Tweet is from a suspended account,This Tweet is from a suspended account
1242864785215164417,2020-03-25,57267,Online,Online,This Tweet is from a suspended account,This Tweet is from a suspended account
1242877565632573441,2020-03-25,31199,Online,Online,This Tweet is from a suspended account,This Tweet is from a suspended account
1242877565632573441,2020-03-25,31199,Online,Online,This Tweet is from a suspended account,This Tweet is from a suspended account
1242904509086662659,2020-03-25,207354,Online,Online,This Tweet is from a suspended account,This Tweet is from a suspended account
1242904509086662659,2020-03-25,207354,Online,Online,This Tweet is from a suspended account,This Tweet is from a suspended account
1243052925938778113,2020-03-26,687,Online,Online,This Tweet is from a suspended account,This Tweet is from a suspended account
1243052925938778113,2020-03-26,687,Online,Online,This Tweet is from a suspended account,This Tweet is from a suspended account
1243052925938778113,2020-03-26,687,Online,Online,This Tweet is from a suspended account,This Tweet is from a suspended account
1243053009673818121,2020-03-26,9824,Online,Online,This Tweet is from a suspended account,This Tweet is from a suspended account
1243053009673818121,2020-03-26,9824,Online,Online,This Tweet is from a suspended account,This Tweet is from a suspended account
1243053009673818121,2020-03-26,9824,Online,Online,This Tweet is from a suspended account,This Tweet is from a suspended account
1243053122790010887,2020-03-26,15913,Online,Online,This Tweet is from a suspended account,This Tweet is from a suspended account
1243053122790010887,2020-03-26,15913,Online,Online,This Tweet is from a suspended account,This Tweet is from a suspended account
1243376469746880513,2020-03-27,18075,Online,Online,This Tweet is from a suspended account,This Tweet is from a suspended account
1243404522346516487,2020-03-27,7,Online,Online,This Tweet is from a suspended account,Online
1243484737064390656,2020-03-27,7914,Online,Online,This Tweet is from a suspended account,This Tweet is from a suspended account
1243536427708755968,2020-03-27,5836,Online,Online,This Tweet is from a suspended account,This Tweet is from a suspended account
1243536427708755968,2020-03-27,5836,Online,Online,This Tweet is from a suspended account,This Tweet is from a suspended account
1243695282140975111,2020-03-28,36845,Online,Online,This Tweet is from a suspended account,This Tweet is from a suspended account
1242864906434723841,2020-03-25,66937,Online,Online,This Tweet is from a suspended account,This Tweet is from a suspended account
1242864906434723841,2020-03-25,66937,Online,Online,This Tweet is from a suspended account,This Tweet is from a suspended account
1242864919399325697,2020-03-25,22,Online,Online,This Tweet is from a suspended account,Online
1242877405519323137,2020-03-25,2235,Online,Online,This Tweet is from a suspended account,This Tweet is from a suspended account
1242904475628691456,2020-03-25,78028,Online,Online,This Tweet is from a suspended account,Online
1242959686032384002,2020-03-25,401839,Online,Online,This Tweet is from a suspended account,This Tweet is from a suspended account
1243064468164300807,2020-03-26,257,Online,Online,This Tweet is from a suspended account,This Tweet is from a suspended account
1243064468164300807,2020-03-26,257,Online,Online,This Tweet is from a suspended account,This Tweet is from a suspended account
1243064468164300807,2020-03-26,257,Online,Online,This Tweet is from a suspended account,This Tweet is from a suspended account
1243087314856947712,2020-03-26,738,Online,Online,This Tweet is from a suspended account,This Tweet is from a suspended account
1243087360004435971,2020-03-26,1,Online,Online,This Tweet is from a suspended account,This Tweet is from a suspended account
1243087461485621249,2020-03-26,1383,Online,Online,This Tweet is from a suspended account,This Tweet is from a suspended account
1243087461485621249,2020-03-26,1383,Online,Online,This Tweet is from a suspended account,This Tweet is from a suspended account
1243087461485621249,2020-03-26,1383,Online,Online,This Tweet is from a suspended account,This Tweet is from a suspended account
1243087495069401088,2020-03-26,65096,Online,Online,This Tweet is from a suspended account,This Tweet is from a suspended account
1243087495069401088,2020-03-26,65096,Online,Online,This Tweet is from a suspended account,This Tweet is from a suspended account
1243090564746285056,2020-03-26,3380,Online,Online,This Tweet is from a suspended account,This Tweet is from a suspended account
1243147338572533760,2020-03-26,34339,Online,Online,This Tweet is from a suspended account,This Tweet is from a suspended account
1243147372219293698,2020-03-26,95177,Online,Online,This Tweet is from a suspended account,This Tweet is from a suspended account
1243147417962373120,2020-03-26,43740,Online,Online,This Tweet is from a suspended account,This Tweet is from a suspended account
1243147426640400384,2020-03-26,114091,Online,Online,This Tweet is from a suspended account,This Tweet is from a suspended account
1243159632740257793,2020-03-26,413,Online,Online,This Tweet is from a suspended account,This Tweet is from a suspended account
1243193849083826178,2020-03-26,301926,Online,Online,This Tweet is from a suspended account,This Tweet is from a suspended account
1243211633314467841,2020-03-26,17788,Online,Online,This Tweet is from a suspended account,This Tweet is from a suspended account
1243211633314467841,2020-03-26,17788,Online,Online,This Tweet is from a suspended account,This Tweet is from a suspended account
1243211775203512322,2020-03-26,99999,Online,Online,This Tweet is from a suspended account,This Tweet is from a suspended account
1243211775203512322,2020-03-26,99999,Online,Online,This Tweet is from a suspended account,This Tweet is from a suspended account
1243211775203512322,2020-03-26,99999,Online,Online,This Tweet is from a suspended account,This Tweet is from a suspended account
1243214976271163394,2020-03-26,7749,Online,Online,This Tweet is from a suspended account,This Tweet is from a suspended account
1243214976271163394,2020-03-26,7749,Online,Online,This Tweet is from a suspended account,This Tweet is from a suspended account
1243215122404913162,2020-03-26,15583,Online,Online,This Tweet is from a suspended account,This Tweet is from a suspended account
1243215122404913162,2020-03-26,15583,Online,Online,This Tweet is from a suspended account,This Tweet is from a suspended account
1243638424868806656,2020-03-27,102423,Online,Online,This Tweet is from a suspended account,This Tweet is from a suspended account
1243695286691790848,2020-03-28,300,Online,Online,This Tweet is from a suspended account,This Tweet is from a suspended account
1243695340978606081,2020-03-28,108843,Online,Online,This Tweet is from a suspended account,This Tweet is from a suspended account
1253892878138556416,2020-04-25,28576,Online,Online,This Tweet is from a suspended account,This Tweet is from a suspended account
1253895262067740673,2020-04-25,27769,Online,Online,This Tweet is from a suspended account,This Tweet is from a suspended account
1253895416141303808,2020-04-25,27916,Online,Online,This Tweet is from a suspended account,This Tweet is from a suspended account
1254121950819102721,2020-04-25,27233,Online,Online,This Tweet is from a suspended account,This Tweet is from a suspended account
1254540487567892481,2020-04-26,2313,Online,Online,This Tweet is from a suspended account,This Tweet is from a suspended account
1261955965202558977,2020-05-17,22889,Online,Online,This Tweet is from a suspended account,This Tweet is from a suspended account
1262114144058175488,2020-05-17,15358,Online,Online,This Tweet is from a suspended account,This Tweet is from a suspended account
1262114312342077441,2020-05-17,73053,Online,Online,This Tweet is from a suspended account,This Tweet is from a suspended account
1262335165340307461,2020-05-18,26446,Online,Online,This Tweet is from a suspended account,This Tweet is from a suspended account
1262459540265713665,2020-05-18,23954,Online,Online,This Tweet is from a suspended account,You’re unable to view this Tweet because this account owner limits who can view their Tweets
1262459592673497090,2020-05-18,7469,Online,Online,This Tweet is from a suspended account,This Tweet is from a suspended account
1262668166930534402,2020-05-19,52622,Online,Online,This Tweet is from a suspended account,This Tweet is from a suspended account
1291855420538212356,2020-08-07,21154,Online,Online,This Tweet is from a suspended account,This Tweet is from a suspended account
1253356916660531201,2020-04-23,266,"Sorry, that page doesn't exist!","Sorry, that page doesn't exist!",This Tweet is from a suspended account,This Tweet is from a suspended account
1262090376942419973,2020-05-17,9670,"Sorry, that page doesn't exist!","Sorry, that page doesn't exist!",This Tweet is from a suspended account,Online
1242864818496745473,2020-03-25,90685,This Tweet is from a suspended account,This Tweet is from a suspended account,This Tweet is from a suspended account,This Tweet is from a suspended account
1242864818496745473,2020-03-25,90685,This Tweet is from a suspended account,This Tweet is from a suspended account,This Tweet is from a suspended account,This Tweet is from a suspended account
1242864818496745473,2020-03-25,90685,This Tweet is from a suspended account,This Tweet is from a suspended account,This Tweet is from a suspended account,This Tweet is from a suspended account
1242864923467755521,2020-03-25,35676,This Tweet is from a suspended account,This Tweet is from a suspended account,This Tweet is from a suspended account,This Tweet is from a suspended account
1242864923467755521,2020-03-25,35676,This Tweet is from a suspended account,This Tweet is from a suspended account,This Tweet is from a suspended account,This Tweet is from a suspended account
1242864931831255040,2020-03-25,6681,This Tweet is from a suspended account,This Tweet is from a suspended account,This Tweet is from a suspended account,This Tweet is from a suspended account
1242864931831255040,2020-03-25,6681,This Tweet is from a suspended account,This Tweet is from a suspended account,This Tweet is from a suspended account,This Tweet is from a suspended account
1242877397080461313,2020-03-25,3701,This Tweet is from a suspended account,This Tweet is from a suspended account,This Tweet is from a suspended account,This Tweet is from a suspended account
1242877455905546240,2020-03-25,37620,This Tweet is from a suspended account,This Tweet is from a suspended account,This Tweet is from a suspended account,This Tweet is from a suspended account
1242877473265606656,2020-03-25,73450,This Tweet is from a suspended account,This Tweet is from a suspended account,This Tweet is from a suspended account,This Tweet is from a suspended account
1242877527653322755,2020-03-25,8674,This Tweet is from a suspended account,This Tweet is from a suspended account,This Tweet is from a suspended account,This Tweet is from a suspended account
1242877589875830786,2020-03-25,112487,This Tweet is from a suspended account,This Tweet is from a suspended account,This Tweet is from a suspended account,This Tweet is from a suspended account
1242877589875830786,2020-03-25,112487,This Tweet is from a suspended account,This Tweet is from a suspended account,This Tweet is from a suspended account,This Tweet is from a suspended account
1242877589875830786,2020-03-25,112487,This Tweet is from a suspended account,This Tweet is from a suspended account,This Tweet is from a suspended account,This Tweet is from a suspended account
1242877589875830786,2020-03-25,112487,This Tweet is from a suspended account,This Tweet is from a suspended account,This Tweet is from a suspended account,This Tweet is from a suspended account
1242877589875830786,2020-03-25,112487,This Tweet is from a suspended account,This Tweet is from a suspended account,This Tweet is from a suspended account,This Tweet is from a suspended account
1242877589875830786,2020-03-25,112487,This Tweet is from a suspended account,This Tweet is from a suspended account,This Tweet is from a suspended account,This Tweet is from a suspended account
1242904261832433665,2020-03-25,244482,This Tweet is from a suspended account,This Tweet is from a suspended account,This Tweet is from a suspended account,This Tweet is from a suspended account
1242904274255953922,2020-03-25,63191,This Tweet is from a suspended account,This Tweet is from a suspended account,This Tweet is from a suspended account,This Tweet is from a suspended account
1242904304056283136,2020-03-25,4484,This Tweet is from a suspended account,This Tweet is from a suspended account,This Tweet is from a suspended account,This Tweet is from a suspended account
1242904308234047488,2020-03-25,13351,This Tweet is from a suspended account,This Tweet is from a suspended account,This Tweet is from a suspended account,This Tweet is from a suspended account
1242904328706428929,2020-03-25,11790,This Tweet is from a suspended account,This Tweet is from a suspended account,This Tweet is from a suspended account,This Tweet is from a suspended account
1242904328706428929,2020-03-25,11790,This Tweet is from a suspended account,This Tweet is from a suspended account,This Tweet is from a suspended account,This Tweet is from a suspended account
1242904346200809472,2020-03-25,29494,This Tweet is from a suspended account,This Tweet is from a suspended account,This Tweet is from a suspended account,This Tweet is from a suspended account
1242904446381830147,2020-03-25,11935,This Tweet is from a suspended account,This Tweet is from a suspended account,This Tweet is from a suspended account,This Tweet is from a suspended account
1242904500702076928,2020-03-25,134,This Tweet is from a suspended account,This Tweet is from a suspended account,This Tweet is from a suspended account,This Tweet is from a suspended account
1242959722904465410,2020-03-25,16,This Tweet is from a suspended account,This Tweet is from a suspended account,This Tweet is from a suspended account,This Tweet is from a suspended account
1242959806979354625,2020-03-25,85149,This Tweet is from a suspended account,This Tweet is from a suspended account,This Tweet is from a suspended account,This Tweet is from a suspended account
1242959845663346691,2020-03-25,449,This Tweet is from a suspended account,This Tweet is from a suspended account,This Tweet is from a suspended account,This Tweet is from a suspended account
1242959882325721088,2020-03-25,9521,This Tweet is from a suspended account,This Tweet is from a suspended account,This Tweet is from a suspended account,This Tweet is from a suspended account
1242959912017235969,2020-03-25,8444,This Tweet is from a suspended account,This Tweet is from a suspended account,This Tweet is from a suspended account,This Tweet is from a suspended account
1242997165691043841,2020-03-26,67165,This Tweet is from a suspended account,This Tweet is from a suspended account,This Tweet is from a suspended account,This Tweet is from a suspended account
1242997199795032066,2020-03-26,142,This Tweet is from a suspended account,This Tweet is from a suspended account,This Tweet is from a suspended account,This Tweet is from a suspended account
1242997199795032066,2020-03-26,142,This Tweet is from a suspended account,This Tweet is from a suspended account,This Tweet is from a suspended account,This Tweet is from a suspended account
1242997228899368961,2020-03-26,25540,This Tweet is from a suspended account,This Tweet is from a suspended account,This Tweet is from a suspended account,This Tweet is from a suspended account
1242997250382614528,2020-03-26,5022,This Tweet is from a suspended account,This Tweet is from a suspended account,This Tweet is from a suspended account,This Tweet is from a suspended account
1242997283299512322,2020-03-26,9590,This Tweet is from a suspended account,This Tweet is from a suspended account,This Tweet is from a suspended account,This Tweet is from a suspended account
1242997304682045442,2020-03-26,18430,This Tweet is from a suspended account,This Tweet is from a suspended account,This Tweet is from a suspended account,This Tweet is from a suspended account
1242997329738825729,2020-03-26,9467,This Tweet is from a suspended account,This Tweet is from a suspended account,This Tweet is from a suspended account,This Tweet is from a suspended account
1242997362550808576,2020-03-26,119853,This Tweet is from a suspended account,This Tweet is from a suspended account,This Tweet is from a suspended account,This Tweet is from a suspended account
1242997362810933250,2020-03-26,15999,This Tweet is from a suspended account,This Tweet is from a suspended account,This Tweet is from a suspended account,This Tweet is from a suspended account
1242997367516905473,2020-03-26,687,This Tweet is from a suspended account,This Tweet is from a suspended account,This Tweet is from a suspended account,This Tweet is from a suspended account
1242997396180623361,2020-03-26,5069,This Tweet is from a suspended account,This Tweet is from a suspended account,This Tweet is from a suspended account,This Tweet is from a suspended account
1242997396671471616,2020-03-26,16536,This Tweet is from a suspended account,This Tweet is from a suspended account,This Tweet is from a suspended account,This Tweet is from a suspended account
1242997405609385984,2020-03-26,39110,This Tweet is from a suspended account,This Tweet is from a suspended account,This Tweet is from a suspended account,This Tweet is from a suspended account
1243052926458679298,2020-03-26,28098,This Tweet is from a suspended account,This Tweet is from a suspended account,This Tweet is from a suspended account,This Tweet is from a suspended account
1243052937275826177,2020-03-26,46829,This Tweet is from a suspended account,This Tweet is from a suspended account,This Tweet is from a suspended account,This Tweet is from a suspended account
1243053001377337344,2020-03-26,2280,This Tweet is from a suspended account,This Tweet is from a suspended account,This Tweet is from a suspended account,This Tweet is from a suspended account
1243053001377337344,2020-03-26,2280,This Tweet is from a suspended account,This Tweet is from a suspended account,This Tweet is from a suspended account,This Tweet is from a suspended account
1243053185994022914,2020-03-26,56105,This Tweet is from a suspended account,This Tweet is from a suspended account,This Tweet is from a suspended account,This Tweet is from a suspended account
1243064485981511680,2020-03-26,6768,This Tweet is from a suspended account,This Tweet is from a suspended account,This Tweet is from a suspended account,This Tweet is from a suspended account
1243064506458214400,2020-03-26,3386,This Tweet is from a suspended account,This Tweet is from a suspended account,This Tweet is from a suspended account,This Tweet is from a suspended account
1243064510845538304,2020-03-26,138018,This Tweet is from a suspended account,This Tweet is from a suspended account,This Tweet is from a suspended account,This Tweet is from a suspended account
1243087364681076741,2020-03-26,48290,This Tweet is from a suspended account,This Tweet is from a suspended account,This Tweet is from a suspended account,This Tweet is from a suspended account
1243087377205276672,2020-03-26,18730,This Tweet is from a suspended account,This Tweet is from a suspended account,This Tweet is from a suspended account,This Tweet is from a suspended account
1243090550028451840,2020-03-26,357,This Tweet is from a suspended account,This Tweet is from a suspended account,This Tweet is from a suspended account,This Tweet is from a suspended account
1243090598321475584,2020-03-26,214219,This Tweet is from a suspended account,This Tweet is from a suspended account,This Tweet is from a suspended account,This Tweet is from a suspended account
1243090619976818689,2020-03-26,139113,This Tweet is from a suspended account,This Tweet is from a suspended account,This Tweet is from a suspended account,This Tweet is from a suspended account
1243143676647391236,2020-03-26,696,This Tweet is from a suspended account,This Tweet is from a suspended account,This Tweet is from a suspended account,This Tweet is from a suspended account
1243147283794923520,2020-03-26,1770,This Tweet is from a suspended account,This Tweet is from a suspended account,This Tweet is from a suspended account,This Tweet is from a suspended account
1243147296491126784,2020-03-26,64841,This Tweet is from a suspended account,This Tweet is from a suspended account,This Tweet is from a suspended account,This Tweet is from a suspended account
1243147519045009409,2020-03-26,65783,This Tweet is from a suspended account,This Tweet is from a suspended account,This Tweet is from a suspended account,This Tweet is from a suspended account
1243159636791918598,2020-03-26,1514,This Tweet is from a suspended account,This Tweet is from a suspended account,This Tweet is from a suspended account,This Tweet is from a suspended account
1243159733298769920,2020-03-26,15498,This Tweet is from a suspended account,This Tweet is from a suspended account,This Tweet is from a suspended account,This Tweet is from a suspended account
1243159867088461825,2020-03-26,1220,This Tweet is from a suspended account,This Tweet is from a suspended account,This Tweet is from a suspended account,This Tweet is from a suspended account
1243159888160673792,2020-03-26,4763,This Tweet is from a suspended account,This Tweet is from a suspended account,This Tweet is from a suspended account,This Tweet is from a suspended account
1243193744838590469,2020-03-26,1667,This Tweet is from a suspended account,This Tweet is from a suspended account,This Tweet is from a suspended account,This Tweet is from a suspended account
1243193807157571585,2020-03-26,659,This Tweet is from a suspended account,This Tweet is from a suspended account,This Tweet is from a suspended account,This Tweet is from a suspended account
1243193924451270658,2020-03-26,4552,This Tweet is from a suspended account,This Tweet is from a suspended account,This Tweet is from a suspended account,This Tweet is from a suspended account
1243214958931759110,2020-03-26,35687,This Tweet is from a suspended account,This Tweet is from a suspended account,This Tweet is from a suspended account,This Tweet is from a suspended account
1243215151714762761,2020-03-26,52817,This Tweet is from a suspended account,This Tweet is from a suspended account,This Tweet is from a suspended account,This Tweet is from a suspended account
1243275588279898125,2020-03-26,77332,This Tweet is from a suspended account,This Tweet is from a suspended account,This Tweet is from a suspended account,This Tweet is from a suspended account
1243275588279898125,2020-03-26,77332,This Tweet is from a suspended account,This Tweet is from a suspended account,This Tweet is from a suspended account,This Tweet is from a suspended account
1243275588279898125,2020-03-26,77332,This Tweet is from a suspended account,This Tweet is from a suspended account,This Tweet is from a suspended account,This Tweet is from a suspended account
1243275654675693568,2020-03-26,81613,This Tweet is from a suspended account,This Tweet is from a suspended account,This Tweet is from a suspended account,This Tweet is from a suspended account
1243275654675693568,2020-03-26,81613,This Tweet is from a suspended account,This Tweet is from a suspended account,This Tweet is from a suspended account,This Tweet is from a suspended account
1243310149328089095,2020-03-26,40533,This Tweet is from a suspended account,This Tweet is from a suspended account,This Tweet is from a suspended account,This Tweet is from a suspended account
1243370136385568775,2020-03-27,17979,This Tweet is from a suspended account,This Tweet is from a suspended account,This Tweet is from a suspended account,This Tweet is from a suspended account
1243370177980510209,2020-03-27,17369,This Tweet is from a suspended account,This Tweet is from a suspended account,This Tweet is from a suspended account,This Tweet is from a suspended account
1243370250206236672,2020-03-27,610061,This Tweet is from a suspended account,This Tweet is from a suspended account,This Tweet is from a suspended account,This Tweet is from a suspended account
1243370250206236672,2020-03-27,610061,This Tweet is from a suspended account,This Tweet is from a suspended account,This Tweet is from a suspended account,This Tweet is from a suspended account
1243370250206236672,2020-03-27,610061,This Tweet is from a suspended account,This Tweet is from a suspended account,This Tweet is from a suspended account,This Tweet is from a suspended account
1243370257982488577,2020-03-27,38740,This Tweet is from a suspended account,This Tweet is from a suspended account,This Tweet is from a suspended account,This Tweet is from a suspended account
1243484708140240896,2020-03-27,10287,This Tweet is from a suspended account,This Tweet is from a suspended account,This Tweet is from a suspended account,This Tweet is from a suspended account
1243532853780066313,2020-03-27,12035,This Tweet is from a suspended account,This Tweet is from a suspended account,This Tweet is from a suspended account,This Tweet is from a suspended account
1243638461904625665,2020-03-27,62460,This Tweet is from a suspended account,This Tweet is from a suspended account,This Tweet is from a suspended account,This Tweet is from a suspended account
1243638461904625665,2020-03-27,62460,This Tweet is from a suspended account,This Tweet is from a suspended account,This Tweet is from a suspended account,This Tweet is from a suspended account
1243753194167164928,2020-03-28,1867,This Tweet is from a suspended account,This Tweet is from a suspended account,This Tweet is from a suspended account,This Tweet is from a suspended account
1243753194167164928,2020-03-28,1867,This Tweet is from a suspended account,This Tweet is from a suspended account,This Tweet is from a suspended account,This Tweet is from a suspended account
1243753194167164928,2020-03-28,1867,This Tweet is from a suspended account,This Tweet is from a suspended account,This Tweet is from a suspended account,This Tweet is from a suspended account
1243753194167164928,2020-03-28,1867,This Tweet is from a suspended account,This Tweet is from a suspended account,This Tweet is from a suspended account,This Tweet is from a suspended account
1243753257547202560,2020-03-28,126693,This Tweet is from a suspended account,This Tweet is from a suspended account,This Tweet is from a suspended account,This Tweet is from a suspended account
1243784580487876613,2020-03-28,42943,This Tweet is from a suspended account,This Tweet is from a suspended account,This Tweet is from a suspended account,This Tweet is from a suspended account
1243792434913579008,2020-03-28,55555,This Tweet is from a suspended account,This Tweet is from a suspended account,This Tweet is from a suspended account,This Tweet is from a suspended account
1243792491402407936,2020-03-28,10206,This Tweet is from a suspended account,This Tweet is from a suspended account,This Tweet is from a suspended account,This Tweet is from a suspended account
1243792511472218112,2020-03-28,13696,This Tweet is from a suspended account,This Tweet is from a suspended account,This Tweet is from a suspended account,This Tweet is from a suspended account
1243792557093588993,2020-03-28,648,This Tweet is from a suspended account,This Tweet is from a suspended account,This Tweet is from a suspended account,This Tweet is from a suspended account
1243821031611129856,2020-03-28,2260,This Tweet is from a suspended account,This Tweet is from a suspended account,This Tweet is from a suspended account,This Tweet is from a suspended account
1243821040377217024,2020-03-28,52750,This Tweet is from a suspended account,This Tweet is from a suspended account,This Tweet is from a suspended account,This Tweet is from a suspended account
1284228008945963008,2020-07-17,32937,This Tweet is from a suspended account,This Tweet is from a suspended account,This Tweet is from a suspended account,This Tweet is from a suspended account
1284228008945963008,2020-07-17,32937,This Tweet is from a suspended account,This Tweet is from a suspended account,This Tweet is from a suspended account,This Tweet is from a suspended account
1284228008945963008,2020-07-17,32937,This Tweet is from a suspended account,This Tweet is from a suspended account,This Tweet is from a suspended account,This Tweet is from a suspended account
1284228008945963008,2020-07-17,32937,This Tweet is from a suspended account,This Tweet is from a suspended account,This Tweet is from a suspended account,This Tweet is from a suspended account
1243211700649656320,2020-03-26,25,This Tweet is from a suspended account,This Tweet is from a suspended account,Online,Online
1226295073182244864,2020-02-09,0,About government and state-affiliated media account labels on Twitter,Labelled (state-affiliated),Unknown,Online
1241672566185644032,2020-03-22,0,About government and state-affiliated media account labels on Twitter,Labelled (state-affiliated),Unknown,Online
1242535387349778432,2020-03-24,0,About government and state-affiliated media account labels on Twitter,Labelled (state-affiliated),Unknown,Online
1252844490043256835,2020-04-22,150,About government and state-affiliated media account labels on Twitter,Labelled (state-affiliated),Unknown,Online
1252844490043256835,2020-04-22,150,About government and state-affiliated media account labels on Twitter,Labelled (state-affiliated),Unknown,Online
1253895431794409473,2020-04-25,77108,About government and state-affiliated media account labels on Twitter,Labelled (state-affiliated),Unknown,Online
1254090002058838021,2020-04-25,83762,About government and state-affiliated media account labels on Twitter,Labelled (state-affiliated),Unknown,Online
1254090019314249729,2020-04-25,4404,About government and state-affiliated media account labels on Twitter,Labelled (state-affiliated),Unknown,Online
1254090073139798017,2020-04-25,24250,About government and state-affiliated media account labels on Twitter,Labelled (state-affiliated),Unknown,Online
1254090077376065538,2020-04-25,320233,About government and state-affiliated media account labels on Twitter,Labelled (state-affiliated),Unknown,Online
1254099599675056128,2020-04-25,28480,About government and state-affiliated media account labels on Twitter,Labelled (state-affiliated),Unknown,Online
1254099645636022272,2020-04-25,60865,About government and state-affiliated media account labels on Twitter,Labelled (state-affiliated),Unknown,This Tweet is from a suspended account
1254099798837334018,2020-04-25,29213,About government and state-affiliated media account labels on Twitter,Labelled (state-affiliated),Unknown,Online
1254234722898718721,2020-04-26,57356,About government and state-affiliated media account labels on Twitter,Labelled (state-affiliated),Unknown,Online
1254369776593403904,2020-04-26,1424,About government and state-affiliated media account labels on Twitter,Labelled (state-affiliated),Unknown,Online
1254418475944046598,2020-04-26,364,About government and state-affiliated media account labels on Twitter,Labelled (state-affiliated),Unknown,Online
1254540378247704576,2020-04-26,84333,About government and state-affiliated media account labels on Twitter,Labelled (state-affiliated),Unknown,Online
1257850156000698369,2020-05-06,0,About government and state-affiliated media account labels on Twitter,Labelled (state-affiliated),Unknown,Online
1259967560180740097,2020-05-11,0,About government and state-affiliated media account labels on Twitter,Labelled (state-affiliated),Unknown,Online
1259967587334664203,2020-05-11,0,About government and state-affiliated media account labels on Twitter,Labelled (state-affiliated),Unknown,Online
1259998028070629381,2020-05-12,0,About government and state-affiliated media account labels on Twitter,Labelled (state-affiliated),Unknown,Online
1261100707286941696,2020-05-15,14351,About government and state-affiliated media account labels on Twitter,Labelled (state-affiliated),Unknown,Online
1262666301560012801,2020-05-19,402133,About government and state-affiliated media account labels on Twitter,Labelled (state-affiliated),Unknown,Online
1262666467859931136,2020-05-19,40054,About government and state-affiliated media account labels on Twitter,Labelled (state-affiliated),Unknown,Online
1262666592611172352,2020-05-19,3364,About government and state-affiliated media account labels on Twitter,Labelled (state-affiliated),Unknown,Online
1262668105505013761,2020-05-19,29317,About government and state-affiliated media account labels on Twitter,Labelled (state-affiliated),Unknown,This Tweet is from a suspended account
1262668271427268608,2020-05-19,12,About government and state-affiliated media account labels on Twitter,Labelled (state-affiliated),Unknown,Online
1262668348426465287,2020-05-19,196,About government and state-affiliated media account labels on Twitter,Labelled (state-affiliated),Unknown,Online
1262668371247710208,2020-05-19,49170,About government and state-affiliated media account labels on Twitter,Labelled (state-affiliated),Unknown,Online
1265379792100220929,2020-05-26,0,About government and state-affiliated media account labels on Twitter,Labelled (state-affiliated),Unknown,Online
1266113961704984590,2020-05-28,0,About government and state-affiliated media account labels on Twitter,Labelled (state-affiliated),Unknown,Online
1267666822117109760,2020-06-02,0,About government and state-affiliated media account labels on Twitter,Labelled (state-affiliated),Unknown,Online
1273391944924831748,2020-06-17,0,About government and state-affiliated media account labels on Twitter,Labelled (state-affiliated),Unknown,Online
1276260682397372416,2020-06-25,0,About government and state-affiliated media account labels on Twitter,Labelled (state-affiliated),Unknown,Online
1278835847077322753,2020-07-02,1223,About government and state-affiliated media account labels on Twitter,Labelled (state-affiliated),Unknown,Online
1278835938748178438,2020-07-02,1197,About government and state-affiliated media account labels on Twitter,Labelled (state-affiliated),Unknown,Online
1278836035397521409,2020-07-02,5515,About government and state-affiliated media account labels on Twitter,Labelled (state-affiliated),Unknown,Online
1278836042595028993,2020-07-02,1004,About government and state-affiliated media account labels on Twitter,Labelled (state-affiliated),Unknown,This Tweet is from a suspended account
1278836061628588032,2020-07-02,12,About government and state-affiliated media account labels on Twitter,Labelled (state-affiliated),Unknown,Online
1281680267703459846,2020-07-10,0,About government and state-affiliated media account labels on Twitter,Labelled (state-affiliated),Unknown,Online
1283457975689117702,2020-07-15,0,About government and state-affiliated media account labels on Twitter,Labelled (state-affiliated),Unknown,Online
1283858128912687120,2020-07-16,0,About government and state-affiliated media account labels on Twitter,Labelled (state-affiliated),Unknown,Online
1287842778874085381,2020-07-27,0,About government and state-affiliated media account labels on Twitter,Labelled (state-affiliated),Unknown,Online
1291855398400659456,2020-08-07,572,About government and state-affiliated media account labels on Twitter,Labelled (state-affiliated),Unknown,Online
1291928378312990720,2020-08-08,351,About government and state-affiliated media account labels on Twitter,Labelled (state-affiliated),Unknown,Online
1291928412236505089,2020-08-08,21508,About government and state-affiliated media account labels on Twitter,Labelled (state-affiliated),Unknown,Online
1317134130447081472,2020-10-16,0,About government and state-affiliated media account labels on Twitter,Labelled (state-affiliated),Unknown,Online
1326577291254788097,2020-11-11,0,About government and state-affiliated media account labels on Twitter,Labelled (state-affiliated),Unknown,Online
1333495178070536198,2020-11-30,0,About government and state-affiliated media account labels on Twitter,Labelled (state-affiliated),Unknown,Online
1336010761261420549,2020-12-07,0,About government and state-affiliated media account labels on Twitter,Labelled (state-affiliated),Unknown,Online
1346913244816896000,2021-01-06,0,About government and state-affiliated media account labels on Twitter,Labelled (state-affiliated),Unknown,Online
1253352744628428800,2020-04-23,6052,About government and state-affiliated media account labels on Twitter: China,Labelled (state-affiliated),Unknown,Online
1253980950876295168,2020-04-25,4649,About government and state-affiliated media account labels on Twitter: China,Labelled (state-affiliated),Unknown,Online
1254164794451476480,2020-04-25,216,About government and state-affiliated media account labels on Twitter: China,Labelled (state-affiliated),Unknown,Online
1261934354407854081,2020-05-17,1890,About government and state-affiliated media account labels on Twitter: China,Labelled (state-affiliated),Unknown,Online
1262569621657354242,2020-05-19,1723,About government and state-affiliated media account labels on Twitter: China,Labelled (state-affiliated),Unknown,Online
1262569732538056707,2020-05-19,3836,About government and state-affiliated media account labels on Twitter: China,Labelled (state-affiliated),Unknown,Online
1278739787797499905,2020-07-02,29110,About government and state-affiliated media account labels on Twitter: China,Labelled (state-affiliated),Unknown,Online
1278740061471662080,2020-07-02,19724,About government and state-affiliated media account labels on Twitter: China,Labelled (state-affiliated),Unknown,Online
1278740109970505729,2020-07-02,78709,About government and state-affiliated media account labels on Twitter: China,Labelled (state-affiliated),Unknown,Online
1278836177789841408,2020-07-02,1707,About government and state-affiliated media account labels on Twitter: China,Labelled (state-affiliated),Unknown,Online
1291281525112287232,2020-08-06,32336,About government and state-affiliated media account labels on Twitter: China,Labelled (state-affiliated),Unknown,Online
1291661296618754052,2020-08-07,6366,About government and state-affiliated media account labels on Twitter: China,Labelled (state-affiliated),Unknown,Online
1291661410598924289,2020-08-07,3018,About government and state-affiliated media account labels on Twitter: China,Labelled (state-affiliated),Unknown,Online
1291661556560744448,2020-08-07,12239,About government and state-affiliated media account labels on Twitter: China,Labelled (state-affiliated),Unknown,This Tweet is from a suspended account
1292083552557776896,2020-08-08,9,About government and state-affiliated media account labels on Twitter: China,Labelled (state-affiliated),Unknown,Online
1339552039181955075,2020-12-17,0,"An error in the unofficial results from a Michigan county was caused by accidental human error, Michigan Department of State reports",Context,Unknown,Online
1323960626713165825,2020-11-04,0,"Ballots counted after Election Day are legitimate as long as they were cast on or before November 3, as per state-by-state rules",Context,Unknown,This Tweet is from a suspended account
1324101785070587906,2020-11-04,0,Civic Integrity Policy,Labelled,Unknown,Online
1324558117049425920,2020-11-06,0,Civic Integrity Policy,Labelled,Unknown,This Tweet is from a suspended account
1324609092573421570,2020-11-06,0,Civic Integrity Policy,Labelled,Unknown,This Tweet is from a suspended account
1324667816067387393,2020-11-06,0,Civic Integrity Policy,Labelled,Unknown,This Tweet is from a suspended account
1324387037340905474,2020-11-05,0,Civic Integrity Policy,Labelled,Unknown,Online
1324431877571162113,2020-11-05,0,Civic Integrity Policy,Labelled,Unknown,Online
1324596537607872518,2020-11-06,0,Civic Integrity Policy,Labelled,Unknown,Online
1324613530201456640,2020-11-06,0,Civic Integrity Policy,Labelled,Unknown,Online
1324681576152764416,2020-11-06,0,Civic Integrity Policy,Labelled,Unknown,Online
1324698710694088705,2020-11-06,0,Civic Integrity Policy,Labelled,Unknown,Online
1325042619118841861,2020-11-07,0,Civic Integrity Policy,Labelled,Unknown,Online
1325065546342264834,2020-11-07,0,Civic Integrity Policy,Labelled,Unknown,Online
1324033983882166272,2020-11-04,0,"Civic Integrity Policy; Ballots counted after Election Day are legitimate as long as they were cast on or before November 3, as per state-by-state rules",Labelled + Context,Unknown,Online
1324640832142495745,2020-11-06,0,"Civic Integrity Policy; There is no evidence of widespread voter fraud in the 2020 US presidential election, government officials and election experts confirm",Labelled + Context,Unknown,This Tweet is from a suspended account
1323430341512622080,2020-11-03,0,"Civic Integrity Policy; Voting by mail is legal and safe, experts and data confirm",Labelled + Context,Unknown,Online
1324154258539892737,2020-11-05,0,"Civic Integrity Policy; Voting by mail is legal and safe, experts and data confirm",Labelled + Context,Unknown,This Tweet is from a suspended account
1325102788586639360,2020-11-07,0,Congress affirmed President Joe Biden’s victory in the 2020 presidential election,Context,Unknown,This Tweet is from a suspended account
1325102934015827970,2020-11-07,0,Congress affirmed President Joe Biden’s victory in the 2020 presidential election,Context,Unknown,This Tweet is from a suspended account
1325548928188768256,2020-11-08,0,Congress affirmed President Joe Biden’s victory in the 2020 presidential election,Context,Unknown,This Tweet is from a suspended account
1327380665197875201,2020-11-13,0,Congress affirmed President Joe Biden’s victory in the 2020 presidential election,Context,Unknown,Online
1327407964404260870,2020-11-14,416181,Congress affirmed President Joe Biden’s victory in the 2020 presidential election,Context,Unknown,Online
1327417404939411456,2020-11-14,0,Congress affirmed President Joe Biden’s victory in the 2020 presidential election,Context,Unknown,Online
1330737141794676736,2020-11-23,173989,Congress affirmed President Joe Biden’s victory in the 2020 presidential election,Context,Unknown,Online
1333598759784128512,2020-12-01,0,Congress affirmed President Joe Biden’s victory in the 2020 presidential election,Context,Unknown,This Tweet is from a suspended account
1333598828944105472,2020-12-01,0,Congress affirmed President Joe Biden’s victory in the 2020 presidential election,Context,Unknown,This Tweet is from a suspended account
1333598910615486464,2020-12-01,0,Congress affirmed President Joe Biden’s victory in the 2020 presidential election,Context,Unknown,This Tweet is from a suspended account
1333612152226189312,2020-12-01,0,Congress affirmed President Joe Biden’s victory in the 2020 presidential election,Context,Unknown,This Tweet is from a suspended account
1333615530658426880,2020-12-01,0,Congress affirmed President Joe Biden’s victory in the 2020 presidential election,Context,Unknown,This Tweet is from a suspended account
1333622380367908864,2020-12-01,0,Congress affirmed President Joe Biden’s victory in the 2020 presidential election,Context,Unknown,This Tweet is from a suspended account
1333633973906452481,2020-12-01,0,Congress affirmed President Joe Biden’s victory in the 2020 presidential election,Context,Unknown,This Tweet is from a suspended account
1333635941609603075,2020-12-01,0,Congress affirmed President Joe Biden’s victory in the 2020 presidential election,Context,Unknown,This Tweet is from a suspended account
1333662403595182082,2020-12-01,0,Congress affirmed President Joe Biden’s victory in the 2020 presidential election,Context,Unknown,This Tweet is from a suspended account
1333665086435684353,2020-12-01,0,Congress affirmed President Joe Biden’s victory in the 2020 presidential election,Context,Unknown,This Tweet is from a suspended account
1333729035453689858,2020-12-01,0,Congress affirmed President Joe Biden’s victory in the 2020 presidential election,Context,Unknown,This Tweet is from a suspended account
1333741771415760896,2020-12-01,0,Congress affirmed President Joe Biden’s victory in the 2020 presidential election,Context,Unknown,This Tweet is from a suspended account
1333788095859212289,2020-12-01,0,Congress affirmed President Joe Biden’s victory in the 2020 presidential election,Context,Unknown,This Tweet is from a suspended account
1333924730420785153,2020-12-02,0,Congress affirmed President Joe Biden’s victory in the 2020 presidential election,Context,Unknown,This Tweet is from a suspended account
1338876692073426944,2020-12-15,187428,Congress affirmed President Joe Biden’s victory in the 2020 presidential election,Context,Unknown,Online
1338887135152095232,2020-12-15,0,Congress affirmed President Joe Biden’s victory in the 2020 presidential election,Context,Unknown,This Tweet is from a suspended account
1338935724142452744,2020-12-15,0,Congress affirmed President Joe Biden’s victory in the 2020 presidential election,Context,Unknown,This Tweet is from a suspended account
1339955502143422466,2020-12-18,0,Congress affirmed President Joe Biden’s victory in the 2020 presidential election,Context,Unknown,Online
1340440636089135104,2020-12-19,0,Congress affirmed President Joe Biden’s victory in the 2020 presidential election,Context,Unknown,Online
1343663159085834248,2020-12-28,454932,Congress affirmed President Joe Biden’s victory in the 2020 presidential election,Context,Unknown,Online
1346694608877740032,2021-01-06,0,Congress affirmed President Joe Biden’s victory in the 2020 presidential election,Context,Unknown,Online
1332552283553476608,2020-11-28,264054,Congress affirmed President Joe Biden’s victory in the 2020 presidential election,Context,Unknown,Online
1324108200141082624,2020-11-04,354492,Congress affirmed President Joe Biden’s victory in the 2020 presidential election; Civic integrity policy,Labelled + Context,Unknown,Online
1327103335195938817,2020-11-13,190167,"Congress affirmed President Joe Biden’s victory in the 2020 presidential election; DHS committees say there is no evidence that any voting systems deleted, lost or changed votes in the US elections",Context,Unknown,Online
1327409017442988033,2020-11-14,0,"Congress affirmed President Joe Biden’s victory in the 2020 presidential election; DHS committees say there is no evidence that any voting systems deleted, lost or changed votes in the US elections",Context,Unknown,Online
1290630192172535813,2020-08-04,108756,Coronavirus: 24-hour update - Reuters,Context,Unknown,Online
1327414093196763136,2020-11-14,0,"DHS committees say there is no evidence that any voting systems deleted, lost or changed votes in the US elections",Context,Unknown,This Tweet is from a suspended account
1328866387243266049,2020-11-18,0,"DHS committees say there is no evidence that any voting systems deleted, lost or changed votes in the US elections",Context,Unknown,This Tweet is from a suspended account
1330739847179460609,2020-11-23,0,"DHS committees say there is no evidence that any voting systems deleted, lost or changed votes in the US elections",Context,Unknown,This Tweet is from a suspended account
1331145081219256322,2020-11-24,0,"DHS committees say there is no evidence that any voting systems deleted, lost or changed votes in the US elections",Context,Unknown,Online
1331210448444813312,2020-11-24,0,"DHS committees say there is no evidence that any voting systems deleted, lost or changed votes in the US elections",Context,Unknown,This Tweet is from a suspended account
1333618999255560193,2020-12-01,0,"DHS committees say there is no evidence that any voting systems deleted, lost or changed votes in the US elections",Context,Unknown,This Tweet is from a suspended account
1333751248273731584,2020-12-01,0,"DHS committees say there is no evidence that any voting systems deleted, lost or changed votes in the US elections",Context,Unknown,This Tweet is from a suspended account
1333767853384798208,2020-12-01,0,"DHS committees say there is no evidence that any voting systems deleted, lost or changed votes in the US elections",Context,Unknown,This Tweet is from a suspended account
1333801671709786114,2020-12-01,0,"DHS committees say there is no evidence that any voting systems deleted, lost or changed votes in the US elections",Context,Unknown,This Tweet is from a suspended account
1339090279429775363,2020-12-16,229491,"DHS committees say there is no evidence that any voting systems deleted, lost or changed votes in the US elections",Context,Unknown,Online
1247368253367861249,2020-04-07,83699,George W. Bush's 2005 quote about preparing for a pandemic is in the spotlight,Context,Unknown,Online
1326739976269291521,2020-11-12,0,Growing Discomfort at Law Firms Representing Trump's Election Lawsuits - NY Times,Context,Unknown,This Tweet is from a suspended account
1253225262495543296,2020-04-23,107711,Hydroxychloroquine For COVID-19: Miracle Drug or Premature Claims? - The Quint,Context,Unknown,Online
1290831048872472576,2020-08-05,41239,"Hydroxychloroquine is ‘unlikely to be effective’ in treating COVID-19, the FDA says",Context,Unknown,Online
1253980879434678276,2020-04-25,337,"More deaths among those given hydroxychloroquine versus standard care, researchers report",Context,Unknown,Online
1344355768561070080,2020-12-30,0,"No evidence of widespread voter fraud in Georgia during US presidential election, state and federal officials say",Context,Unknown,This Tweet is from a suspended account
1344356587297673216,2020-12-30,0,"No evidence of widespread voter fraud in Georgia during US presidential election, state and federal officials say",Context,Unknown,This Tweet is from a suspended account
1344363273261617153,2020-12-30,0,"No evidence of widespread voter fraud in Georgia during US presidential election, state and federal officials say",Context,Unknown,This Tweet is from a suspended account
1344376021789908999,2020-12-30,0,"No evidence of widespread voter fraud in Georgia during US presidential election, state and federal officials say",Context,Unknown,This Tweet is from a suspended account
1344392694056026113,2020-12-30,0,"No evidence of widespread voter fraud in Georgia during US presidential election, state and federal officials say",Context,Unknown,This Tweet is from a suspended account
1344411230006435840,2020-12-30,0,"No evidence of widespread voter fraud in Georgia during US presidential election, state and federal officials say",Context,Unknown,This Tweet is from a suspended account
1346689480107974657,2021-01-06,0,"No evidence of widespread voter fraud in Georgia during US presidential election, state and federal officials say",Context,Unknown,Online
1260563065768157185,2020-05-13,226,"No, 5G isn't causing coronavirus 🤔",Context,Unknown,Online
1260563527787413504,2020-05-13,16195,"No, 5G isn't causing coronavirus 🤔",Context,Unknown,This Tweet is from a suspended account
1260757191797231616,2020-05-14,6623,"No, 5G isn't causing coronavirus 🤔",Context,Unknown,Online
1262666525141536769,2020-05-19,71,"No, 5G isn't causing coronavirus 🤔",Context,Unknown,This Tweet is from a suspended account
1262666525141536769,2020-05-19,71,"No, 5G isn't causing coronavirus 🤔",Context,Unknown,This Tweet is from a suspended account
1268963566826270726,2020-06-05,7726,"No, 5G isn't causing coronavirus 🤔",Context,Unknown,Online
1292372169918316544,2020-08-09,9898,"No, 5G isn't causing coronavirus 🤔",Context,Unknown,Online
1306615625297485824,2020-09-17,63426,Online,Online,Unknown,Online
1306021111583432705,2020-09-16,160564,Online,Online,Unknown,Online
1254090026515906562,2020-04-25,2906,Online,Online,Unknown,Online
1253893084015804416,2020-04-25,1762,Online,Online,Unknown,Online
1253893103561461760,2020-04-25,29979,Online,Online,Unknown,Online
1253895211962384384,2020-04-25,114501,Online,Online,Unknown,Online
1253913324573556738,2020-04-25,5,Online,Online,Unknown,Online
1253913353497399297,2020-04-25,489683,Online,Online,Unknown,Online
1262092620769222658,2020-05-17,4196,Online,Online,Unknown,You’re unable to view this Tweet because this account owner limits who can view their Tweets
1306692447846699008,2020-09-17,1878,Online,Online,Unknown,Online
1292372694407815171,2020-08-09,45801,Online,Online,Unknown,Online
1291855500141834241,2020-08-07,192587,Online,Online,Unknown,Online
1290629985225580544,2020-08-04,5052,Online,Online,Unknown,Online
1253895460244172800,2020-04-25,43067,Online,Online,Unknown,Online
1253980809360523264,2020-04-25,19266,Online,Online,Unknown,Online
1291631097286021120,2020-08-07,2589,Online,Online,Unknown,Online
1291661625871593474,2020-08-07,75316,Online,Online,Unknown,Online
1292372685696061440,2020-08-09,1342,Online,Online,Unknown,You’re unable to view this Tweet because this account owner limits who can view their Tweets
1261934308605882369,2020-05-17,39347,Online,Online,Unknown,Online
1291630470543872000,2020-08-07,275,Online,Online,Unknown,Online
1291281545135820802,2020-08-06,92691,Online,Online,Unknown,Online
1261715510565183490,2020-05-16,267,Online,Online,Unknown,Online
1254540959423004677,2020-04-26,13262,Online,Online,Unknown,Online
1254121910880829446,2020-04-25,1139,Online,Online,Unknown,Online
1254121932829663234,2020-04-25,97647,Online,Online,Unknown,Online
1253986685861298176,2020-04-25,920,Online,Online,Unknown,Online
1308023594648252417,2020-09-21,11163,Online,Online,Unknown,Online
1291928116852674560,2020-08-08,15703,Online,Online,Unknown,Online
1306685860285472768,2020-09-17,18,Online,Online,Unknown,Online
1253641352916742146,2020-04-24,11294,Online,Online,Unknown,You’re unable to view this Tweet because this account owner limits who can view their Tweets
1306692018878455810,2020-09-17,103,Online,Online,Unknown,Online
1261206269496524800,2020-05-15,29,Online,Online,Unknown,Online
1261751523417247744,2020-05-16,4873,Online,Online,Unknown,Online
1253841792371503105,2020-04-25,41470,Online,Online,Unknown,Online
1262569732827500544,2020-05-19,105385,Online,Online,Unknown,Online
1261963280228274176,2020-05-17,486,Online,Online,Unknown,Online
1261963299937107969,2020-05-17,267,Online,Online,Unknown,Online
1253808818653401090,2020-04-24,1567,Online,Online,Unknown,Online
1262090553128296451,2020-05-17,92104,Online,Online,Unknown,Online
1253892999953575937,2020-04-25,218,Online,Online,Unknown,Online
1291796345221767168,2020-08-07,178343,Online,Online,Unknown,Online
1260271442731520000,2020-05-12,89748,Online,Online,Unknown,Online
1260271442731520000,2020-05-12,89748,Online,Online,Unknown,Online
1260333963043840000,2020-05-12,173,Online,Online,Unknown,Online
1262114276124160000,2020-05-17,101675,Online,Online,Unknown,Online
1243275520957124612,2020-03-26,21301,Online,Online,Unknown,Online
1243275524228681733,2020-03-26,5839,Online,Online,Unknown,This Tweet is from a suspended account
1243275558278115329,2020-03-26,51671,Online,Online,Unknown,Online
1243275567375491072,2020-03-26,5468,Online,Online,Unknown,Online
1243275571208916992,2020-03-26,12449,Online,Online,Unknown,Online
1243275608747999232,2020-03-26,4616,Online,Online,Unknown,Online
1243275612745273355,2020-03-26,87549,Online,Online,Unknown,Online
1243275613462560770,2020-03-26,5879,Online,Online,Unknown,Online
1243275621024882688,2020-03-26,21684,Online,Online,Unknown,Online
1243275646773714946,2020-03-26,37467,Online,Online,Unknown,Online
1243275655531368467,2020-03-26,30437,Online,Online,Unknown,Online
1243275659553771520,2020-03-26,360140,Online,Online,Unknown,Online
1243275676192509959,2020-03-26,43251,Online,Online,Unknown,Online
1243275680248238081,2020-03-26,97602,Online,Online,Unknown,This Tweet is from a suspended account
1243275684769914880,2020-03-26,0,Online,Online,Unknown,Online
1243275684769914880,2020-03-26,0,Online,Online,Unknown,Online
1243275684769914880,2020-03-26,0,Online,Online,Unknown,Online
1243275693133303827,2020-03-26,18330,Online,Online,Unknown,Online
1243275693133303827,2020-03-26,18330,Online,Online,Unknown,Online
1243275693204504576,2020-03-26,191543,Online,Online,Unknown,Online
1243275701173784578,2020-03-26,7188,Online,Online,Unknown,Online
1243275717590253569,2020-03-26,7366,Online,Online,Unknown,This Tweet is from a suspended account
1243275718244675584,2020-03-26,3969,Online,Online,Unknown,Online
1243275718500454404,2020-03-26,23,Online,Online,Unknown,Online
1243275726238953472,2020-03-26,738,Online,Online,Unknown,Online
1243275734593998849,2020-03-26,19215,Online,Online,Unknown,Online
1243275739023228928,2020-03-26,36476,Online,Online,Unknown,This Tweet is from an account that no longer exists
1243275746996629507,2020-03-26,10838,Online,Online,Unknown,Online
1243275751870418944,2020-03-26,70141,Online,Online,Unknown,Online
1243275772887830528,2020-03-26,2493,Online,Online,Unknown,This Tweet is from a suspended account
1243275777040199680,2020-03-26,996,Online,Online,Unknown,Online
1243275780945252354,2020-03-26,110364,Online,Online,Unknown,Online
1243310136485007361,2020-03-26,20245,Online,Online,Unknown,You’re unable to view this Tweet because this account owner limits who can view their Tweets
1243310136845877250,2020-03-26,5659,Online,Online,Unknown,Online
1243310136845877250,2020-03-26,5659,Online,Online,Unknown,Online
1243310157670436865,2020-03-26,52839,Online,Online,Unknown,Online
1243310165224558593,2020-03-26,18596,Online,Online,Unknown,Online
1243310165752868864,2020-03-26,36089,Online,Online,Unknown,Online
1243310169708040192,2020-03-26,3556,Online,Online,Unknown,Online
1243310178704879617,2020-03-26,2286,Online,Online,Unknown,Online
1243310183125835778,2020-03-26,1333,Online,Online,Unknown,You’re unable to view this Tweet because this account owner limits who can view their Tweets
1243310233268686852,2020-03-26,7239,Online,Online,Unknown,Online
1243310291095449601,2020-03-26,459002,Online,Online,Unknown,Online
1243310320950657026,2020-03-26,122,Online,Online,Unknown,This Tweet is from a suspended account
1243370106987692038,2020-03-27,15335,Online,Online,Unknown,Online
1243370169629585408,2020-03-27,7025,Online,Online,Unknown,Online
1243370219801702400,2020-03-27,5638,Online,Online,Unknown,Online
1243370249103323136,2020-03-27,1464,Online,Online,Unknown,Online
1243370257122648067,2020-03-27,11874,Online,Online,Unknown,This Tweet is from a suspended account
1243370269932171264,2020-03-27,739,Online,Online,Unknown,Online
1243370282108227584,2020-03-27,24835,Online,Online,Unknown,Online
1243370282108227584,2020-03-27,24835,Online,Online,Unknown,Online
1243370282598965254,2020-03-27,125042,Online,Online,Unknown,Online
1243370291184537600,2020-03-27,9304,Online,Online,Unknown,Online
1243370291184537600,2020-03-27,9304,Online,Online,Unknown,Online
1243370312462450689,2020-03-27,2627,Online,Online,Unknown,Online
1243370345312055296,2020-03-27,22563,Online,Online,Unknown,Online
1243370349737185281,2020-03-27,11041,Online,Online,Unknown,Online
1243370349737185281,2020-03-27,11041,Online,Online,Unknown,Online
1243370349737185281,2020-03-27,11041,Online,Online,Unknown,Online
1243376368337014790,2020-03-27,20564,Online,Online,Unknown,This Tweet is from a suspended account
1243376399206907904,2020-03-27,923,Online,Online,Unknown,Online
1243376460921835520,2020-03-27,1645,Online,Online,Unknown,Online
1243376486066917376,2020-03-27,1072212,Online,Online,Unknown,Online
1243376498297495552,2020-03-27,19275,Online,Online,Unknown,Online
1243376532141342722,2020-03-27,7914,Online,Online,Unknown,You’re unable to view this Tweet because this account owner limits who can view their Tweets
1243376532141342722,2020-03-27,7914,Online,Online,Unknown,You’re unable to view this Tweet because this account owner limits who can view their Tweets
1243376532141342722,2020-03-27,7914,Online,Online,Unknown,You’re unable to view this Tweet because this account owner limits who can view their Tweets
1243376549551919110,2020-03-27,203,Online,Online,Unknown,Online
1243376592216190976,2020-03-27,22793,Online,Online,Unknown,Online
1243376592409071617,2020-03-27,59,Online,Online,Unknown,You’re unable to view this Tweet because this account owner limits who can view their Tweets
1243382447145807877,2020-03-27,289,Online,Online,Unknown,Online
1243382447145807877,2020-03-27,289,Online,Online,Unknown,Online
1243382501566865409,2020-03-27,1165,Online,Online,Unknown,Online
1243382501566865409,2020-03-27,1165,Online,Online,Unknown,Online
1243382514078699520,2020-03-27,15388,Online,Online,Unknown,Online
1243382521502388224,2020-03-27,23539,Online,Online,Unknown,Online
1243382531010908164,2020-03-27,8762,Online,Online,Unknown,This Tweet is from a suspended account
1243382531010908164,2020-03-27,8762,Online,Online,Unknown,This Tweet is from a suspended account
1243382538300579840,2020-03-27,551,Online,Online,Unknown,Online
1243382538300579840,2020-03-27,551,Online,Online,Unknown,Online
1243382546752106503,2020-03-27,4800,Online,Online,Unknown,This Tweet is from a suspended account
1243382546752106503,2020-03-27,4800,Online,Online,Unknown,This Tweet is from a suspended account
1243382564699508736,2020-03-27,37036,Online,Online,Unknown,Online
1243382577198555136,2020-03-27,10806,Online,Online,Unknown,Online
1243382601668157447,2020-03-27,32815,Online,Online,Unknown,This Tweet is from a suspended account
1243382618067881986,2020-03-27,783,Online,Online,Unknown,Online
1243382618067881986,2020-03-27,783,Online,Online,Unknown,Online
1243382618067881986,2020-03-27,783,Online,Online,Unknown,Online
1243382634689921025,2020-03-27,784,Online,Online,Unknown,Online
1243382660107395074,2020-03-27,3481,Online,Online,Unknown,Online
1243382660157730816,2020-03-27,138542,Online,Online,Unknown,This Tweet is from a suspended account
1243382685625507842,2020-03-27,96294,Online,Online,Unknown,Online
1243402280872763399,2020-03-27,89732,Online,Online,Unknown,Online
1243402314284552192,2020-03-27,69,Online,Online,Unknown,Online
1243402314284552192,2020-03-27,69,Online,Online,Unknown,Online
1243402319842013184,2020-03-27,12947,Online,Online,Unknown,Online
1243402339748175872,2020-03-27,134738,Online,Online,Unknown,Online
1243402378692268032,2020-03-27,184956,Online,Online,Unknown,Online
1243402382077116417,2020-03-27,47858,Online,Online,Unknown,This Tweet is from a suspended account
1243402382077116417,2020-03-27,47858,Online,Online,Unknown,This Tweet is from a suspended account
1243402382077116417,2020-03-27,47858,Online,Online,Unknown,This Tweet is from a suspended account
1243402382077116417,2020-03-27,47858,Online,Online,Unknown,This Tweet is from a suspended account
1243402411105865728,2020-03-27,20113,Online,Online,Unknown,Online
1243402419037302784,2020-03-27,3269,Online,Online,Unknown,Online
1243402445318795271,2020-03-27,3107,Online,Online,Unknown,Online
1243402445780160512,2020-03-27,76163,Online,Online,Unknown,Online
1243402453879422977,2020-03-27,9658,Online,Online,Unknown,You’re unable to view this Tweet because this account owner limits who can view their Tweets
1243402457671065605,2020-03-27,2124,Online,Online,Unknown,You’re unable to view this Tweet because this account owner limits who can view their Tweets
1243404304033038336,2020-03-27,74568,Online,Online,Unknown,Online
1243404340754124800,2020-03-27,4085,Online,Online,Unknown,Online
1243404354285010948,2020-03-27,54,Online,Online,Unknown,Online
1243404420206850054,2020-03-27,142599,Online,Online,Unknown,Online
1243404428620619779,2020-03-27,6541,Online,Online,Unknown,Online
1243404429195227140,2020-03-27,351,Online,Online,Unknown,Online
1243404432575885314,2020-03-27,7906,Online,Online,Unknown,Online
1243404450150006785,2020-03-27,101181,Online,Online,Unknown,Online
1243404450150006785,2020-03-27,101181,Online,Online,Unknown,Online
1243404458228248576,2020-03-27,29513,Online,Online,Unknown,Online
1243404458228248576,2020-03-27,29513,Online,Online,Unknown,Online
1243404458228248576,2020-03-27,29513,Online,Online,Unknown,Online
1243404466155483136,2020-03-27,881,Online,Online,Unknown,Online
1243404479908593664,2020-03-27,332,Online,Online,Unknown,Online
1243404479908593664,2020-03-27,332,Online,Online,Unknown,Online
1243404484442599424,2020-03-27,7223,Online,Online,Unknown,You’re unable to view this Tweet because this account owner limits who can view their Tweets
1243404487869337608,2020-03-27,8142,Online,Online,Unknown,Online
1243404490792783880,2020-03-27,59877,Online,Online,Unknown,Online
1243404533021077506,2020-03-27,35254,Online,Online,Unknown,Online
1243404533021077506,2020-03-27,35254,Online,Online,Unknown,Online
1243404534136725504,2020-03-27,2070,Online,Online,Unknown,Online
1243406073324695553,2020-03-27,20070,Online,Online,Unknown,Online
1243406073324695553,2020-03-27,20070,Online,Online,Unknown,Online
1243406086373117952,2020-03-27,1201,Online,Online,Unknown,Online
1243406106224766978,2020-03-27,53876,Online,Online,Unknown,Online
1243406122649702403,2020-03-27,144,Online,Online,Unknown,Online
1243406144187465736,2020-03-27,2720,Online,Online,Unknown,Online
1243406144187465736,2020-03-27,2720,Online,Online,Unknown,Online
1243406145152102401,2020-03-27,280898,Online,Online,Unknown,Online
1243406152378925056,2020-03-27,42632,Online,Online,Unknown,Online
1243406157307187201,2020-03-27,13529,Online,Online,Unknown,Online
1243406161094705154,2020-03-27,4668,Online,Online,Unknown,Online
1243406210902003712,2020-03-27,21899,Online,Online,Unknown,Online
1243406220720869378,2020-03-27,25082,Online,Online,Unknown,This Tweet is from a suspended account
1243406220720869378,2020-03-27,25082,Online,Online,Unknown,This Tweet is from a suspended account
1243406220720869378,2020-03-27,25082,Online,Online,Unknown,This Tweet is from a suspended account
1243406228073541634,2020-03-27,41455,Online,Online,Unknown,Online
1243406274982588416,2020-03-27,10977,Online,Online,Unknown,Online
1243406308285407233,2020-03-27,10,Online,Online,Unknown,Online
1243406308285407233,2020-03-27,10,Online,Online,Unknown,Online
1243406312018345990,2020-03-27,2986,Online,Online,Unknown,Online
1243406312018345990,2020-03-27,2986,Online,Online,Unknown,Online
1243478718191767553,2020-03-27,2613,Online,Online,Unknown,This Tweet is from a suspended account
1243478718191767553,2020-03-27,2613,Online,Online,Unknown,This Tweet is from a suspended account
1243478718191767553,2020-03-27,2613,Online,Online,Unknown,This Tweet is from a suspended account
1243478718191767553,2020-03-27,2613,Online,Online,Unknown,This Tweet is from a suspended account
1243478743873552385,2020-03-27,269236,Online,Online,Unknown,This Tweet is from a suspended account
1243478743873552385,2020-03-27,269236,Online,Online,Unknown,This Tweet is from a suspended account
1243478743873552385,2020-03-27,269236,Online,Online,Unknown,This Tweet is from a suspended account
1243478747107348482,2020-03-27,6,Online,Online,Unknown,Online
1243478747208011776,2020-03-27,4663,Online,Online,Unknown,Online
1243478769010180106,2020-03-27,992,Online,Online,Unknown,Online
1243478794511532032,2020-03-27,54896,Online,Online,Unknown,Online
1243478794511532032,2020-03-27,54896,Online,Online,Unknown,Online
1243478801587339264,2020-03-27,7401,Online,Online,Unknown,Online
1243478870071947264,2020-03-27,15,Online,Online,Unknown,Online
1243478870071947264,2020-03-27,15,Online,Online,Unknown,Online
1243478889852264448,2020-03-27,60853,Online,Online,Unknown,Online
1243478893992071169,2020-03-27,15252,Online,Online,Unknown,Online
1243478903185764353,2020-03-27,11209,Online,Online,Unknown,Online
1243478910634950657,2020-03-27,134720,Online,Online,Unknown,This Tweet is from a suspended account
1243478910634950657,2020-03-27,134720,Online,Online,Unknown,This Tweet is from a suspended account
1243478945065992198,2020-03-27,7046,Online,Online,Unknown,Online
1243484645267779585,2020-03-27,4882,Online,Online,Unknown,Online
1243484645267779585,2020-03-27,4882,Online,Online,Unknown,Online
1243484652876283904,2020-03-27,17199,Online,Online,Unknown,Online
1243484656189743105,2020-03-27,411,Online,Online,Unknown,Online
1243484656189743105,2020-03-27,411,Online,Online,Unknown,Online
1243484656189743105,2020-03-27,411,Online,Online,Unknown,Online
1243484656189743105,2020-03-27,411,Online,Online,Unknown,Online
1243484683222032384,2020-03-27,32969,Online,Online,Unknown,This Tweet is from a suspended account
1243484698808143873,2020-03-27,24680,Online,Online,Unknown,Online
1243484704801796097,2020-03-27,12276,Online,Online,Unknown,Online
1243484732429684736,2020-03-27,7,Online,Online,Unknown,Online
1243484732429684736,2020-03-27,7,Online,Online,Unknown,Online
1243484796443074560,2020-03-27,225,Online,Online,Unknown,Online
1243496519095005186,2020-03-27,1212,Online,Online,Unknown,Online
1243496547712733185,2020-03-27,2738,Online,Online,Unknown,This Tweet is from a suspended account
1243496547712733185,2020-03-27,2738,Online,Online,Unknown,This Tweet is from a suspended account
1243496547712733185,2020-03-27,2738,Online,Online,Unknown,This Tweet is from a suspended account
1243496556239761408,2020-03-27,10862,Online,Online,Unknown,Online
1243496560903716870,2020-03-27,68896,Online,Online,Unknown,Online
1243496586245746688,2020-03-27,2814,Online,Online,Unknown,Online
1243496598342172672,2020-03-27,14090,Online,Online,Unknown,This Tweet is from a suspended account
1243496598342172672,2020-03-27,14090,Online,Online,Unknown,This Tweet is from a suspended account
1243496624200069121,2020-03-27,294,Online,Online,Unknown,Online
1243496624200069121,2020-03-27,294,Online,Online,Unknown,Online
1243496624200069121,2020-03-27,294,Online,Online,Unknown,Online
1243496624200069121,2020-03-27,294,Online,Online,Unknown,Online
1243496628209823746,2020-03-27,182171,Online,Online,Unknown,Online
1243496687051640832,2020-03-27,5467,Online,Online,Unknown,Online
1243496695205265413,2020-03-27,26711,Online,Online,Unknown,This Tweet is from a suspended account
1243496703661166593,2020-03-27,2445,Online,Online,Unknown,This Tweet is from a suspended account
1243496732866068481,2020-03-27,22796,Online,Online,Unknown,Online
1243530395796324352,2020-03-27,2210,Online,Online,Unknown,Online
1243530467422302213,2020-03-27,132278,Online,Online,Unknown,Online
1243530476138225666,2020-03-27,7268,Online,Online,Unknown,Online
1243530476138225666,2020-03-27,7268,Online,Online,Unknown,Online
1243530483914416136,2020-03-27,137,Online,Online,Unknown,Online
1243530488742137856,2020-03-27,81135,Online,Online,Unknown,Online
1243530521889648646,2020-03-27,2225,Online,Online,Unknown,Online
1243530530517331971,2020-03-27,61299,Online,Online,Unknown,This Tweet is from a suspended account
1243530534162059264,2020-03-27,1378,Online,Online,Unknown,Online
1243530534162059264,2020-03-27,1378,Online,Online,Unknown,Online
1243530576432373761,2020-03-27,41348,Online,Online,Unknown,Online
1243530576432373761,2020-03-27,41348,Online,Online,Unknown,Online
1243530576432373761,2020-03-27,41348,Online,Online,Unknown,Online
1243530614499733511,2020-03-27,55162,Online,Online,Unknown,Online
1243532644031303680,2020-03-27,24,Online,Online,Unknown,Online
1243532660745568257,2020-03-27,1399,Online,Online,Unknown,Online
1243532660745568257,2020-03-27,1399,Online,Online,Unknown,Online
1243532660745568257,2020-03-27,1399,Online,Online,Unknown,Online
1243532660745568257,2020-03-27,1399,Online,Online,Unknown,Online
1243532660745568257,2020-03-27,1399,Online,Online,Unknown,Online
1243532660745568257,2020-03-27,1399,Online,Online,Unknown,Online
1243532664801558529,2020-03-27,208,Online,Online,Unknown,Online
1243532736016584706,2020-03-27,1142,Online,Online,Unknown,Online
1243532765557071872,2020-03-27,40,Online,Online,Unknown,Online
1243532798939615234,2020-03-27,70,Online,Online,Unknown,Online
1243532803909865473,2020-03-27,53519,Online,Online,Unknown,Online
1243532812147458056,2020-03-27,14325,Online,Online,Unknown,Online
1243532812147458056,2020-03-27,14325,Online,Online,Unknown,Online
1243532819873267712,2020-03-27,160789,Online,Online,Unknown,This Tweet is from a suspended account
1243532832850444289,2020-03-27,39479,Online,Online,Unknown,This Tweet is from a suspended account
1243532832850444289,2020-03-27,39479,Online,Online,Unknown,This Tweet is from a suspended account
1243536326840012800,2020-03-27,8125,Online,Online,Unknown,Online
1243536385291640833,2020-03-27,0,Online,Online,Unknown,Online
1243536385291640833,2020-03-27,0,Online,Online,Unknown,Online
1243536385321177095,2020-03-27,2945,Online,Online,Unknown,Online
1243536423266979840,2020-03-27,232,Online,Online,Unknown,Online
1243536448109924355,2020-03-27,6762,Online,Online,Unknown,Online
1243536452530704386,2020-03-27,1871,Online,Online,Unknown,Online
1243536457228333057,2020-03-27,273128,Online,Online,Unknown,Online
1243536473237999619,2020-03-27,137785,Online,Online,Unknown,Online
1243536477801328652,2020-03-27,12412,Online,Online,Unknown,This Tweet is from a suspended account
1243536490782756864,2020-03-27,35358,Online,Online,Unknown,Online
1243536490782756864,2020-03-27,35358,Online,Online,Unknown,Online
1243536490782756864,2020-03-27,35358,Online,Online,Unknown,Online
1243536490782756864,2020-03-27,35358,Online,Online,Unknown,Online
1243536540304891904,2020-03-27,7181,Online,Online,Unknown,You’re unable to view this Tweet because this account owner limits who can view their Tweets
1243536540304891904,2020-03-27,7181,Online,Online,Unknown,You’re unable to view this Tweet because this account owner limits who can view their Tweets
1243536540304891904,2020-03-27,7181,Online,Online,Unknown,You’re unable to view this Tweet because this account owner limits who can view their Tweets
1243536540304891904,2020-03-27,7181,Online,Online,Unknown,You’re unable to view this Tweet because this account owner limits who can view their Tweets
1243536544557862913,2020-03-27,1567,Online,Online,Unknown,Online
1243536557480402944,2020-03-27,2702,Online,Online,Unknown,Online
1243536557480402944,2020-03-27,2702,Online,Online,Unknown,Online
1243536565990756361,2020-03-27,3830,Online,Online,Unknown,Online
1243550209965199360,2020-03-27,4888,Online,Online,Unknown,Online
1243550209965199360,2020-03-27,4888,Online,Online,Unknown,Online
1243550209965199360,2020-03-27,4888,Online,Online,Unknown,Online
1243550209965199360,2020-03-27,4888,Online,Online,Unknown,Online
1243550210250301441,2020-03-27,13521,Online,Online,Unknown,Online
1243550210250301441,2020-03-27,13521,Online,Online,Unknown,Online
1243550238360645632,2020-03-27,239,Online,Online,Unknown,Online
1243550289719787520,2020-03-27,36634,Online,Online,Unknown,Online
1243550318715121666,2020-03-27,218133,Online,Online,Unknown,You’re unable to view this Tweet because this account owner limits who can view their Tweets
1243550382128652289,2020-03-27,12034,Online,Online,Unknown,Online
1243550389863137289,2020-03-27,7,Online,Online,Unknown,Online
1243550389863137289,2020-03-27,7,Online,Online,Unknown,Online
1243550402563518471,2020-03-27,45,Online,Online,Unknown,Online
1243605356284125184,2020-03-27,314,Online,Online,Unknown,Online
1243605356821037057,2020-03-27,47935,Online,Online,Unknown,Online
1243605356821037057,2020-03-27,47935,Online,Online,Unknown,Online
1243605356821037057,2020-03-27,47935,Online,Online,Unknown,Online
1243605356821037057,2020-03-27,47935,Online,Online,Unknown,Online
1243605364827918342,2020-03-27,451,Online,Online,Unknown,You’re unable to view this Tweet because this account owner limits who can view their Tweets
1243605369441718272,2020-03-27,19252,Online,Online,Unknown,Online
1243605377738059776,2020-03-27,13463,Online,Online,Unknown,Online
1243605381848485895,2020-03-27,3087,Online,Online,Unknown,Online
1243605411292418050,2020-03-27,520,Online,Online,Unknown,Online
1243605411443458050,2020-03-27,62447,Online,Online,Unknown,Online
1243605414912102400,2020-03-27,5648,Online,Online,Unknown,Online
1243605414912102400,2020-03-27,5648,Online,Online,Unknown,Online
1243605423262797825,2020-03-27,11052,Online,Online,Unknown,Online
1243605423262797825,2020-03-27,11052,Online,Online,Unknown,Online
1243605423262797825,2020-03-27,11052,Online,Online,Unknown,Online
1243605427801206786,2020-03-27,44848,Online,Online,Unknown,You’re unable to view this Tweet because this account owner limits who can view their Tweets
1243605431697752066,2020-03-27,22216,Online,Online,Unknown,Online
1243605449179570178,2020-03-27,38304,Online,Online,Unknown,Online
1243605482608222209,2020-03-27,29952,Online,Online,Unknown,You’re unable to view this Tweet because this account owner limits who can view their Tweets
1243605486546702339,2020-03-27,65566,Online,Online,Unknown,Online
1243605486546702339,2020-03-27,65566,Online,Online,Unknown,Online
1243605490522783744,2020-03-27,8584,Online,Online,Unknown,Online
1243605490522783744,2020-03-27,8584,Online,Online,Unknown,Online
1243605494947819520,2020-03-27,53147,Online,Online,Unknown,Online
1243605523884277763,2020-03-27,88927,Online,Online,Unknown,Online
1243605541190078464,2020-03-27,1357,Online,Online,Unknown,Online
1243605541190078464,2020-03-27,1357,Online,Online,Unknown,Online
1243605558457860096,2020-03-27,24952,Online,Online,Unknown,Online
1243605591077109760,2020-03-27,254,Online,Online,Unknown,Online
1243638332548136967,2020-03-27,1288,Online,Online,Unknown,This Tweet is from an account that no longer exists
1243638362335920129,2020-03-27,16305,Online,Online,Unknown,Online
1243638424600535041,2020-03-27,66077,Online,Online,Unknown,This Tweet is from a suspended account
1243638424600535041,2020-03-27,66077,Online,Online,Unknown,This Tweet is from a suspended account
1243638424600535041,2020-03-27,66077,Online,Online,Unknown,This Tweet is from a suspended account
1243638441834876930,2020-03-27,21373,Online,Online,Unknown,Online
1243638466249920516,2020-03-27,5026,Online,Online,Unknown,Online
1243638466249920516,2020-03-27,5026,Online,Online,Unknown,Online
1243638479013269510,2020-03-27,7700,Online,Online,Unknown,Online
1243638542695387143,2020-03-27,1288,Online,Online,Unknown,This Tweet is from an account that no longer exists
1243695308132896768,2020-03-28,24,Online,Online,Unknown,Online
1243695362961006593,2020-03-28,49976,Online,Online,Unknown,This Tweet is from an account that no longer exists
1243695378844827648,2020-03-28,7358,Online,Online,Unknown,Online
1243695396637024259,2020-03-28,6768,Online,Online,Unknown,Online
1243695421421244424,2020-03-28,80964,Online,Online,Unknown,Online
1243695441780174848,2020-03-28,121964,Online,Online,Unknown,Online
1243695458830204928,2020-03-28,119988,Online,Online,Unknown,Online
1243695458830204928,2020-03-28,119988,Online,Online,Unknown,Online
1243695458830204928,2020-03-28,119988,Online,Online,Unknown,Online
1243695467151712257,2020-03-28,3081,Online,Online,Unknown,Online
1243695479323492352,2020-03-28,13340,Online,Online,Unknown,Online
1243695492497883136,2020-03-28,0,Online,Online,Unknown,Online
1243695517651132418,2020-03-28,15556,Online,Online,Unknown,Online
1243695530523443202,2020-03-28,3058,Online,Online,Unknown,Online
1243719281969414144,2020-03-28,13335,Online,Online,Unknown,Online
1243719291171557377,2020-03-28,249846,Online,Online,Unknown,Online
1243719299128266752,2020-03-28,42644,Online,Online,Unknown,You’re unable to view this Tweet because this account owner limits who can view their Tweets
1243719307550433288,2020-03-28,56749,Online,Online,Unknown,Online
1243719312654733312,2020-03-28,13940,Online,Online,Unknown,This Tweet is from a suspended account
1243719336466042880,2020-03-28,61398,Online,Online,Unknown,This Tweet is from a suspended account
1243719375074574336,2020-03-28,38646,Online,Online,Unknown,Online
1243719378409082887,2020-03-28,62547,Online,Online,Unknown,Online
1243719378409082887,2020-03-28,62547,Online,Online,Unknown,Online
1243719378409082887,2020-03-28,62547,Online,Online,Unknown,Online
1243719379218362368,2020-03-28,2,Online,Online,Unknown,Online
1243719379218362368,2020-03-28,2,Online,Online,Unknown,Online
1243719412269662210,2020-03-28,61415,Online,Online,Unknown,Online
1243719425468989448,2020-03-28,6521,Online,Online,Unknown,This Tweet is from a suspended account
1243719433748647936,2020-03-28,101500,Online,Online,Unknown,This Tweet is from a suspended account
1243719433748647936,2020-03-28,101500,Online,Online,Unknown,This Tweet is from a suspended account
1243719437326274563,2020-03-28,1216,Online,Online,Unknown,This Tweet is from a suspended account
1243719437833781248,2020-03-28,412,Online,Online,Unknown,Online
1243719455349374979,2020-03-28,7896,Online,Online,Unknown,This Tweet is from a suspended account
1243719458012549120,2020-03-28,2341,Online,Online,Unknown,Online
1243719487465107457,2020-03-28,87049,Online,Online,Unknown,Online
1243719488723390466,2020-03-28,16235,Online,Online,Unknown,Online
1243719496499638272,2020-03-28,2870,Online,Online,Unknown,You’re unable to view this Tweet because this account owner limits who can view their Tweets
1243729859949367296,2020-03-28,30785,Online,Online,Unknown,Online
1243729864231878656,2020-03-28,5644,Online,Online,Unknown,Online
1243729868853874688,2020-03-28,85783,Online,Online,Unknown,Online
1243729868853874688,2020-03-28,85783,Online,Online,Unknown,Online
1243729872846897157,2020-03-28,28445,Online,Online,Unknown,Online
1243729881373925379,2020-03-28,59299,Online,Online,Unknown,Online
1243729885119553536,2020-03-28,5,Online,Online,Unknown,Online
1243729894460149760,2020-03-28,96090,Online,Online,Unknown,Online
1243729915645759489,2020-03-28,54179,Online,Online,Unknown,Online
1243729927343661056,2020-03-28,30315,Online,Online,Unknown,Online
1243729948751335424,2020-03-28,20328,Online,Online,Unknown,Online
1243729956775100417,2020-03-28,1859,Online,Online,Unknown,Online
1243729956775100417,2020-03-28,1859,Online,Online,Unknown,Online
1243729969164910592,2020-03-28,5748,Online,Online,Unknown,Online
1243729969164910592,2020-03-28,5748,Online,Online,Unknown,Online
1243729977968857090,2020-03-28,2459,Online,Online,Unknown,Online
1243730015415447552,2020-03-28,370,Online,Online,Unknown,Online
1243730024966041600,2020-03-28,3796,Online,Online,Unknown,You’re unable to view this Tweet because this account owner limits who can view their Tweets
1243730033027551234,2020-03-28,22176,Online,Online,Unknown,Online
1243730036038848520,2020-03-28,48,Online,Online,Unknown,Online
1243730040489218048,2020-03-28,298,Online,Online,Unknown,Online
1243730048986673153,2020-03-28,106,Online,Online,Unknown,This Tweet is from a suspended account
1243730049305473024,2020-03-28,435,Online,Online,Unknown,Online
1243730073968132097,2020-03-28,84141,Online,Online,Unknown,Online
1243730073968132097,2020-03-28,84141,Online,Online,Unknown,Online
1243730078988554240,2020-03-28,390,Online,Online,Unknown,Online
1243748701186568192,2020-03-28,133871,Online,Online,Unknown,This Tweet is from a suspended account
1243748701186568192,2020-03-28,133871,Online,Online,Unknown,This Tweet is from a suspended account
1243748701186568192,2020-03-28,133871,Online,Online,Unknown,This Tweet is from a suspended account
1243748709789085696,2020-03-28,24170,Online,Online,Unknown,Online
1243748710489550849,2020-03-28,55372,Online,Online,Unknown,You’re unable to view this Tweet because this account owner limits who can view their Tweets
1243748710489550849,2020-03-28,55372,Online,Online,Unknown,You’re unable to view this Tweet because this account owner limits who can view their Tweets
1243748713941499905,2020-03-28,695,Online,Online,Unknown,Online
1243748723013885952,2020-03-28,84,Online,Online,Unknown,Online
1243748735764410368,2020-03-28,23102,Online,Online,Unknown,Online
1243748735764410368,2020-03-28,23102,Online,Online,Unknown,Online
1243748735919607808,2020-03-28,127621,Online,Online,Unknown,Online
1243748748699660290,2020-03-28,3030,Online,Online,Unknown,Online
1243748752457752577,2020-03-28,35688,Online,Online,Unknown,Online
1243748755658203140,2020-03-28,41165,Online,Online,Unknown,Online
1243748772452204544,2020-03-28,16226,Online,Online,Unknown,This Tweet is from a suspended account
1243748785412505600,2020-03-28,40205,Online,Online,Unknown,Online
1243748793906061315,2020-03-28,660,Online,Online,Unknown,Online
1243748802932215808,2020-03-28,13060,Online,Online,Unknown,Online
1243748806182596614,2020-03-28,52324,Online,Online,Unknown,You’re unable to view this Tweet because this account owner limits who can view their Tweets
1243748806182596614,2020-03-28,52324,Online,Online,Unknown,You’re unable to view this Tweet because this account owner limits who can view their Tweets
1243748806182596614,2020-03-28,52324,Online,Online,Unknown,You’re unable to view this Tweet because this account owner limits who can view their Tweets
1243748806182596614,2020-03-28,52324,Online,Online,Unknown,You’re unable to view this Tweet because this account owner limits who can view their Tweets
1243748806182596614,2020-03-28,52324,Online,Online,Unknown,You’re unable to view this Tweet because this account owner limits who can view their Tweets
1243748806182596614,2020-03-28,52324,Online,Online,Unknown,You’re unable to view this Tweet because this account owner limits who can view their Tweets
1243748877473386496,2020-03-28,12201,Online,Online,Unknown,Online
1243748882049314817,2020-03-28,9082,Online,Online,Unknown,This Tweet is from a suspended account
1243748882049314817,2020-03-28,9082,Online,Online,Unknown,This Tweet is from a suspended account
1243748882049314817,2020-03-28,9082,Online,Online,Unknown,This Tweet is from a suspended account
1243748885765320705,2020-03-28,7667,Online,Online,Unknown,Online
1243748885765320705,2020-03-28,7667,Online,Online,Unknown,Online
1243748890731589634,2020-03-28,2851,Online,Online,Unknown,Online
1243748898239328256,2020-03-28,2,Online,Online,Unknown,Online
1243748898704769024,2020-03-28,3870,Online,Online,Unknown,Online
1243748911170433025,2020-03-28,3639,Online,Online,Unknown,Online
1243748924516487172,2020-03-28,71649,Online,Online,Unknown,Online
1243748924516487172,2020-03-28,71649,Online,Online,Unknown,Online
1243748933190352896,2020-03-28,5172,Online,Online,Unknown,You’re unable to view this Tweet because this account owner limits who can view their Tweets
1243753152052109313,2020-03-28,21580,Online,Online,Unknown,Online
1243753152190599169,2020-03-28,777,Online,Online,Unknown,Online
1243753155613151233,2020-03-28,2718,Online,Online,Unknown,Online
1243753189645733891,2020-03-28,10103,Online,Online,Unknown,This Tweet is from a suspended account
1243753189725188096,2020-03-28,1,Online,Online,Unknown,Online
1243753198550204417,2020-03-28,1733,Online,Online,Unknown,Online
1243753198550204417,2020-03-28,1733,Online,Online,Unknown,Online
1243753198550204417,2020-03-28,1733,Online,Online,Unknown,Online
1243753206053666816,2020-03-28,144601,Online,Online,Unknown,This Tweet is from a suspended account
1243753206053666816,2020-03-28,144601,Online,Online,Unknown,This Tweet is from a suspended account
1243753206053666816,2020-03-28,144601,Online,Online,Unknown,This Tweet is from a suspended account
1243753206536114177,2020-03-28,81795,Online,Online,Unknown,Online
1243753248835674112,2020-03-28,3367,Online,Online,Unknown,Online
1243753248835674112,2020-03-28,3367,Online,Online,Unknown,Online
1243753248835674112,2020-03-28,3367,Online,Online,Unknown,Online
1243753249208971264,2020-03-28,34515,Online,Online,Unknown,Online
1243753264845217792,2020-03-28,11747,Online,Online,Unknown,Online
1243753265029881856,2020-03-28,140308,Online,Online,Unknown,This Tweet is from a suspended account
1243753277801607168,2020-03-28,10262,Online,Online,Unknown,Online
1243753319899607041,2020-03-28,12049,Online,Online,Unknown,Online
1243753324110905344,2020-03-28,27147,Online,Online,Unknown,Online
1243753349205446656,2020-03-28,182606,Online,Online,Unknown,Online
1243753374761148417,2020-03-28,407,Online,Online,Unknown,Online
1243753381958746115,2020-03-28,9243,Online,Online,Unknown,Online
1243753394482880519,2020-03-28,21473,Online,Online,Unknown,This Tweet is from an account that no longer exists
1243784445078859777,2020-03-28,17665,Online,Online,Unknown,Online
1243784445078859777,2020-03-28,17665,Online,Online,Unknown,Online
1243784445078859777,2020-03-28,17665,Online,Online,Unknown,Online
1243784446370656256,2020-03-28,2789,Online,Online,Unknown,Online
1243784449202012160,2020-03-28,21339,Online,Online,Unknown,Online
1243784479094661126,2020-03-28,15091,Online,Online,Unknown,This Tweet is from a suspended account
1243784516298256384,2020-03-28,83368,Online,Online,Unknown,Online
1243784525240578048,2020-03-28,230,Online,Online,Unknown,Online
1243784525307686919,2020-03-28,7594,Online,Online,Unknown,Online
1243784542672113667,2020-03-28,109642,Online,Online,Unknown,Online
1243784551102480384,2020-03-28,143104,Online,Online,Unknown,Online
1243784553757642752,2020-03-28,22338,Online,Online,Unknown,Online
1243784553757642752,2020-03-28,22338,Online,Online,Unknown,Online
1243784553757642752,2020-03-28,22338,Online,Online,Unknown,Online
1243784563802828800,2020-03-28,29205,Online,Online,Unknown,Online
1243784596321447938,2020-03-28,2865,Online,Online,Unknown,This Tweet is from a suspended account
1243784629628407808,2020-03-28,20073,Online,Online,Unknown,Online
1243784639392727040,2020-03-28,238740,Online,Online,Unknown,Online
1243784642538291200,2020-03-28,1382,Online,Online,Unknown,Online
1243784659625902081,2020-03-28,9282,Online,Online,Unknown,You’re unable to view this Tweet because this account owner limits who can view their Tweets
1243784659625902081,2020-03-28,9282,Online,Online,Unknown,You’re unable to view this Tweet because this account owner limits who can view their Tweets
1243784659625902081,2020-03-28,9282,Online,Online,Unknown,You’re unable to view this Tweet because this account owner limits who can view their Tweets
1243784659625902081,2020-03-28,9282,Online,Online,Unknown,You’re unable to view this Tweet because this account owner limits who can view their Tweets
1243784659625902081,2020-03-28,9282,Online,Online,Unknown,You’re unable to view this Tweet because this account owner limits who can view their Tweets
1243784659625902081,2020-03-28,9282,Online,Online,Unknown,You’re unable to view this Tweet because this account owner limits who can view their Tweets
1243792431767646209,2020-03-28,53145,Online,Online,Unknown,This Tweet is from a suspended account
1243792437031698432,2020-03-28,73,Online,Online,Unknown,Online
1243792469713510400,2020-03-28,24,Online,Online,Unknown,You’re unable to view this Tweet because this account owner limits who can view their Tweets
1243792469713510400,2020-03-28,24,Online,Online,Unknown,You’re unable to view this Tweet because this account owner limits who can view their Tweets
1243792494262878208,2020-03-28,49,Online,Online,Unknown,Online
1243792494262878208,2020-03-28,49,Online,Online,Unknown,Online
1243792494262878208,2020-03-28,49,Online,Online,Unknown,Online
1243792494262878208,2020-03-28,49,Online,Online,Unknown,Online
1243792507793739781,2020-03-28,9040,Online,Online,Unknown,Online
1243792557886312449,2020-03-28,29990,Online,Online,Unknown,Online
1243792558267850753,2020-03-28,23524,Online,Online,Unknown,Online
1243792577838698496,2020-03-28,78,Online,Online,Unknown,Online
1243792595727331328,2020-03-28,64281,Online,Online,Unknown,Online
1243792595727331328,2020-03-28,64281,Online,Online,Unknown,Online
1243792595727331328,2020-03-28,64281,Online,Online,Unknown,Online
1243792598713630721,2020-03-28,4231,Online,Online,Unknown,Online
1243792616183009280,2020-03-28,3169,Online,Online,Unknown,Online
1243792616183009280,2020-03-28,3169,Online,Online,Unknown,Online
1243792623711580160,2020-03-28,51245,Online,Online,Unknown,Online
1243792629457797122,2020-03-28,22215,Online,Online,Unknown,Online
1243792649087115264,2020-03-28,49,Online,Online,Unknown,Online
1243820994772508673,2020-03-28,47958,Online,Online,Unknown,Online
1243821002775298048,2020-03-28,12337,Online,Online,Unknown,Online
1243821007632093184,2020-03-28,122752,Online,Online,Unknown,Online
1243821020496027648,2020-03-28,7543,Online,Online,Unknown,This Tweet is from an account that no longer exists
1243821061835296768,2020-03-28,4980,Online,Online,Unknown,Online
1243821062447681536,2020-03-28,102030,Online,Online,Unknown,Online
1243821079296122880,2020-03-28,10103,Online,Online,Unknown,Online
1243821086392889344,2020-03-28,7545,Online,Online,Unknown,This Tweet is from a suspended account
1243821087168901125,2020-03-28,3081,Online,Online,Unknown,Online
1243821091891458049,2020-03-28,2989,Online,Online,Unknown,Online
1243821091933519872,2020-03-28,50409,Online,Online,Unknown,Online
1243821104080322565,2020-03-28,24998,Online,Online,Unknown,Online
1243821153279410176,2020-03-28,518,Online,Online,Unknown,Online
1243821166697033728,2020-03-28,575,Online,Online,Unknown,Online
1243821170438197248,2020-03-28,16473,Online,Online,Unknown,Online
1243821171671478272,2020-03-28,2712,Online,Online,Unknown,Online
1243821179879796740,2020-03-28,37891,Online,Online,Unknown,Online
1243821179879796740,2020-03-28,37891,Online,Online,Unknown,Online
1243821179879796740,2020-03-28,37891,Online,Online,Unknown,Online
1243821191321784326,2020-03-28,1745,Online,Online,Unknown,Online
1243821200200982528,2020-03-28,10671,Online,Online,Unknown,You’re unable to view this Tweet because this account owner limits who can view their Tweets
1243821200200982528,2020-03-28,10671,Online,Online,Unknown,You’re unable to view this Tweet because this account owner limits who can view their Tweets
1243821200200982528,2020-03-28,10671,Online,Online,Unknown,You’re unable to view this Tweet because this account owner limits who can view their Tweets
1243821200200982528,2020-03-28,10671,Online,Online,Unknown,You’re unable to view this Tweet because this account owner limits who can view their Tweets
1243821200200982528,2020-03-28,10671,Online,Online,Unknown,You’re unable to view this Tweet because this account owner limits who can view their Tweets
1243821200200982528,2020-03-28,10671,Online,Online,Unknown,You’re unable to view this Tweet because this account owner limits who can view their Tweets
1243821200209588225,2020-03-28,8807,Online,Online,Unknown,Online
1243821203573407745,2020-03-28,971,Online,Online,Unknown,Online
1243821205490204672,2020-03-28,2000,Online,Online,Unknown,Online
1243821225987768320,2020-03-28,18732,Online,Online,Unknown,You’re unable to view this Tweet because this account owner limits who can view their Tweets
1243821233373921280,2020-03-28,773,Online,Online,Unknown,Online
1243821233709424640,2020-03-28,98494,Online,Online,Unknown,Online
1243832268533178370,2020-03-28,182,Online,Online,Unknown,Online
1243832285486514178,2020-03-28,9495,Online,Online,Unknown,Online
1243832290515484672,2020-03-28,52181,Online,Online,Unknown,Online
1243832294042976258,2020-03-28,25273,Online,Online,Unknown,Online
1243832322941648896,2020-03-28,19349,Online,Online,Unknown,Online
1243832335432331265,2020-03-28,21700,Online,Online,Unknown,Online
1243832356638687232,2020-03-28,87364,Online,Online,Unknown,Online
1243832377274662915,2020-03-28,435,Online,Online,Unknown,Online
1243832377723490312,2020-03-28,57316,Online,Online,Unknown,Online
1243832378902089728,2020-03-28,98220,Online,Online,Unknown,Online
1243832381603115009,2020-03-28,1,Online,Online,Unknown,Online
1243832381603115009,2020-03-28,1,Online,Online,Unknown,Online
1243832386485391360,2020-03-28,15121,Online,Online,Unknown,Online
1243832390901997568,2020-03-28,26271,Online,Online,Unknown,Online
1243832394853089282,2020-03-28,35472,Online,Online,Unknown,Online
1243832402830598145,2020-03-28,1523,Online,Online,Unknown,Online
1243832402906054658,2020-03-28,21390,Online,Online,Unknown,Online
1243832432534728704,2020-03-28,23701,Online,Online,Unknown,Online
1243832432920592385,2020-03-28,33832,Online,Online,Unknown,Online
1243832444941467648,2020-03-28,571,Online,Online,Unknown,Online
1243832469540892673,2020-03-28,642,Online,Online,Unknown,Online
1243832508103491584,2020-03-28,30308,Online,Online,Unknown,Online
1243841002080817152,2020-03-28,65407,Online,Online,Unknown,Online
1243841005184520193,2020-03-28,5875,Online,Online,Unknown,Online
1243841005549506561,2020-03-28,75471,Online,Online,Unknown,This Tweet is from an account that no longer exists
1243841014189756422,2020-03-28,8403,Online,Online,Unknown,This Tweet is from a suspended account
1243841018493112320,2020-03-28,10150,Online,Online,Unknown,Online
1243841022066454529,2020-03-28,11,Online,Online,Unknown,Online
1243841022066454529,2020-03-28,11,Online,Online,Unknown,Online
1252654333650522113,2020-04-21,300584,Online,Online,Unknown,Online
1252654337127522304,2020-04-21,12156,Online,Online,Unknown,Online
1252654340768018433,2020-04-21,32989,Online,Online,Unknown,Online
1252654354705682433,2020-04-21,179811,Online,Online,Unknown,Online
1252654358040379392,2020-04-21,62973,Online,Online,Unknown,This Tweet is from a suspended account
1252654358162006016,2020-04-21,4553,Online,Online,Unknown,Online
1252654361588752386,2020-04-21,43157,Online,Online,Unknown,Online
1252654366160535557,2020-04-21,6195,Online,Online,Unknown,Online
1252654367318003712,2020-04-21,2094,Online,Online,Unknown,Online
1252654367343357952,2020-04-21,803,Online,Online,Unknown,Online
1252666122748465152,2020-04-21,11637,Online,Online,Unknown,Online
1252666123889278983,2020-04-21,15094,Online,Online,Unknown,Online
1252666131841724419,2020-04-21,13220,Online,Online,Unknown,Online
1252666145070555136,2020-04-21,374,Online,Online,Unknown,Online
1252666152154812418,2020-04-21,65508,Online,Online,Unknown,Online
1252666152343359488,2020-04-21,20846,Online,Online,Unknown,This Tweet is from an account that no longer exists
1252666160455311360,2020-04-21,67603,Online,Online,Unknown,Online
1252666160547532804,2020-04-21,75,Online,Online,Unknown,Online
1252666160866365440,2020-04-21,197,Online,Online,Unknown,Online
1252666160866365440,2020-04-21,197,Online,Online,Unknown,Online
1252666173642211328,2020-04-21,79493,Online,Online,Unknown,You’re unable to view this Tweet because this account owner limits who can view their Tweets
1252666173642211328,2020-04-21,79493,Online,Online,Unknown,You’re unable to view this Tweet because this account owner limits who can view their Tweets
1252666177962348545,2020-04-21,14169,Online,Online,Unknown,Online
1252666183108739074,2020-04-21,41727,Online,Online,Unknown,Online
1252666190142468097,2020-04-21,16475,Online,Online,Unknown,Online
1252666194953408512,2020-04-21,44379,Online,Online,Unknown,Online
1252666195012202499,2020-04-21,142110,Online,Online,Unknown,This Tweet is from an account that no longer exists
1252666195024785408,2020-04-21,62413,Online,Online,Unknown,Online
1252666199642685448,2020-04-21,384,Online,Online,Unknown,Online
1252666207712526336,2020-04-21,30,Online,Online,Unknown,This Tweet is from a suspended account
1252666207712526336,2020-04-21,30,Online,Online,Unknown,This Tweet is from a suspended account
1252666224531533825,2020-04-21,16027,Online,Online,Unknown,Online
1252666232110829568,2020-04-21,7908,Online,Online,Unknown,Online
1252666232395804672,2020-04-21,214549,Online,Online,Unknown,Online
1252666237060087809,2020-04-21,76935,Online,Online,Unknown,Online
1252666240390356992,2020-04-21,65874,Online,Online,Unknown,Online
1252666241405378560,2020-04-21,4687,Online,Online,Unknown,Online
1252666241405378560,2020-04-21,4687,Online,Online,Unknown,Online
1252666254185377798,2020-04-21,49269,Online,Online,Unknown,This Tweet is from an account that no longer exists
1252666257649872903,2020-04-21,66909,Online,Online,Unknown,Online
1252666265312755712,2020-04-21,28314,Online,Online,Unknown,This Tweet is from an account that no longer exists
1252666265937854465,2020-04-21,104461,Online,Online,Unknown,Online
1252666271235280897,2020-04-21,963,Online,Online,Unknown,Online
1252666279175041026,2020-04-21,20889,Online,Online,Unknown,Online
1252666295725801472,2020-04-21,38638,Online,Online,Unknown,Online
1252666299194449920,2020-04-21,16965,Online,Online,Unknown,Online
1252666307369148417,2020-04-21,168224,Online,Online,Unknown,Online
1252666309055320065,2020-04-21,578,Online,Online,Unknown,Online
1252666311383175168,2020-04-21,26088,Online,Online,Unknown,Online
1252666316202311689,2020-04-21,2866,Online,Online,Unknown,Online
1252666316202311689,2020-04-21,2866,Online,Online,Unknown,Online
1252666324414849026,2020-04-21,429,Online,Online,Unknown,Online
1252666337538846720,2020-04-21,90142,Online,Online,Unknown,Online
1252666345344417792,2020-04-21,2981,Online,Online,Unknown,Online
1252666358594179073,2020-04-21,4080,Online,Online,Unknown,Online
1252666362587017217,2020-04-21,29621,Online,Online,Unknown,Online
1252666374452908033,2020-04-21,46190,Online,Online,Unknown,This Tweet is from an account that no longer exists
1252666375371321344,2020-04-21,3989,Online,Online,Unknown,Online
1252666379796385795,2020-04-21,1602,Online,Online,Unknown,Online
1252666388059164673,2020-04-21,223713,Online,Online,Unknown,Online
1252696561664040962,2020-04-21,44230,Online,Online,Unknown,Online
1252696561752190976,2020-04-21,50938,Online,Online,Unknown,Online
1252696565719990274,2020-04-21,14780,Online,Online,Unknown,Online
1252696566613213184,2020-04-21,16941,Online,Online,Unknown,Online
1252696578130767872,2020-04-21,7,Online,Online,Unknown,Online
1252696581511483392,2020-04-21,25,Online,Online,Unknown,Online
1252696582060941313,2020-04-21,191970,Online,Online,Unknown,This Tweet is from a suspended account
1252696587328827392,2020-04-21,79602,Online,Online,Unknown,Online
1252696595163942913,2020-04-21,16318,Online,Online,Unknown,Online
1252696595163942913,2020-04-21,16318,Online,Online,Unknown,Online
1252696595163942913,2020-04-21,16318,Online,Online,Unknown,Online
1252696595793170434,2020-04-21,201424,Online,Online,Unknown,Online
1252696595793170434,2020-04-21,201424,Online,Online,Unknown,Online
1252696595793170434,2020-04-21,201424,Online,Online,Unknown,Online
1252696607117594624,2020-04-21,443,Online,Online,Unknown,Online
1252696608455700480,2020-04-21,165962,Online,Online,Unknown,Online
1252696608489299971,2020-04-21,425786,Online,Online,Unknown,You’re unable to view this Tweet because this account owner limits who can view their Tweets
1252696611588919296,2020-04-21,53451,Online,Online,Unknown,This Tweet is from a suspended account
1252696619327332355,2020-04-21,6305,Online,Online,Unknown,This Tweet is from a suspended account
1252696621189492737,2020-04-21,20446,Online,Online,Unknown,Online
1252696623618162690,2020-04-21,33457,Online,Online,Unknown,This Tweet is from a suspended account
1252696628512780293,2020-04-21,110428,Online,Online,Unknown,Online
1252696636783902722,2020-04-21,21202,Online,Online,Unknown,Online
1252696636783902722,2020-04-21,21202,Online,Online,Unknown,Online
1252696636783902722,2020-04-21,21202,Online,Online,Unknown,Online
1252696646183518210,2020-04-21,63231,Online,Online,Unknown,Online
1252696646451855362,2020-04-21,17091,Online,Online,Unknown,Online
1252696653011681280,2020-04-21,63329,Online,Online,Unknown,Online
1252696653791887371,2020-04-21,4735,Online,Online,Unknown,Online
1252696682954993667,2020-04-21,23621,Online,Online,Unknown,Online
1252696688650674176,2020-04-21,23822,Online,Online,Unknown,Online
1252696699946106883,2020-04-21,45,Online,Online,Unknown,This Tweet is from a suspended account
1252696719999021056,2020-04-21,267035,Online,Online,Unknown,Online
1252696719999021056,2020-04-21,267035,Online,Online,Unknown,Online
1252696721186045953,2020-04-21,0,Online,Online,Unknown,Online
1252696729117323266,2020-04-21,76631,Online,Online,Unknown,Online
1252696732628025347,2020-04-21,100689,Online,Online,Unknown,Online
1252696733043372033,2020-04-21,56644,Online,Online,Unknown,Online
1252696741507469312,2020-04-21,45,Online,Online,Unknown,This Tweet is from a suspended account
1252696747396100096,2020-04-21,22122,Online,Online,Unknown,Online
1252696749526802433,2020-04-21,65252,Online,Online,Unknown,Online
1252696755235323906,2020-04-21,2061,Online,Online,Unknown,Online
1252696762307002370,2020-04-21,2689,Online,Online,Unknown,Online
1252696762319540230,2020-04-21,127960,Online,Online,Unknown,You’re unable to view this Tweet because this account owner limits who can view their Tweets
1252696762441240580,2020-04-21,560719,Online,Online,Unknown,Online
1252696762541842432,2020-04-21,22,Online,Online,Unknown,Online
1252696770942992387,2020-04-21,45,Online,Online,Unknown,This Tweet is from a suspended account
1252696771068784640,2020-04-21,11894,Online,Online,Unknown,Online
1252696778794827776,2020-04-21,70180,Online,Online,Unknown,Online
1252696800294821890,2020-04-21,1391,Online,Online,Unknown,Online
1252696803993980929,2020-04-21,48826,Online,Online,Unknown,Online
1252696804145184769,2020-04-21,8213,Online,Online,Unknown,Online
1252696805009231874,2020-04-21,60985,Online,Online,Unknown,Online
1252696813892546562,2020-04-21,12978,Online,Online,Unknown,Online
1252696820653928454,2020-04-21,72998,Online,Online,Unknown,Online
1252696824965562369,2020-04-21,200035,Online,Online,Unknown,Online
1252696839368904704,2020-04-21,25634,Online,Online,Unknown,Online
1252746363743264768,2020-04-21,76119,Online,Online,Unknown,Online
1252746364007694336,2020-04-21,2738,Online,Online,Unknown,Online
1252746364007694336,2020-04-21,2738,Online,Online,Unknown,Online
1252746364007694336,2020-04-21,2738,Online,Online,Unknown,Online
1252746374405292033,2020-04-21,8369,Online,Online,Unknown,Online
1252746376468819969,2020-04-21,2949,Online,Online,Unknown,Online
1252746377437892616,2020-04-21,237,Online,Online,Unknown,Online
1252746386958716928,2020-04-21,7,Online,Online,Unknown,This Tweet is from an account that no longer exists
1252746390758993920,2020-04-21,27295,Online,Online,Unknown,This Tweet is from a suspended account
1252746406173052928,2020-04-21,126,Online,Online,Unknown,Online
1252746407280177152,2020-04-21,921,Online,Online,Unknown,Online
1252746419980697600,2020-04-21,11673,Online,Online,Unknown,Online
1252746424032378880,2020-04-21,490,Online,Online,Unknown,Online
1252746426595119104,2020-04-21,1,Online,Online,Unknown,Online
1252746433754775552,2020-04-21,17390,Online,Online,Unknown,Online
1252746436598325248,2020-04-21,86007,Online,Online,Unknown,Online
1252746436745162752,2020-04-21,89,Online,Online,Unknown,Online
1252746441480704006,2020-04-21,6158,Online,Online,Unknown,Online
1252746441480704006,2020-04-21,6158,Online,Online,Unknown,Online
1252746441480704006,2020-04-21,6158,Online,Online,Unknown,Online
1252746446044123138,2020-04-21,4216,Online,Online,Unknown,Online
1252746446044123138,2020-04-21,4216,Online,Online,Unknown,Online
1252746446044123138,2020-04-21,4216,Online,Online,Unknown,Online
1252746447998668800,2020-04-21,50540,Online,Online,Unknown,You’re unable to view this Tweet because this account owner limits who can view their Tweets
1252746447998668800,2020-04-21,50540,Online,Online,Unknown,You’re unable to view this Tweet because this account owner limits who can view their Tweets
1252746447998668800,2020-04-21,50540,Online,Online,Unknown,You’re unable to view this Tweet because this account owner limits who can view their Tweets
1252746452859678720,2020-04-21,59988,Online,Online,Unknown,This Tweet is from a suspended account
1252746470031228933,2020-04-21,145798,Online,Online,Unknown,Online
1252746470031228933,2020-04-21,145798,Online,Online,Unknown,Online
1252746470031228933,2020-04-21,145798,Online,Online,Unknown,Online
1252746470199046145,2020-04-21,587,Online,Online,Unknown,Online
1252746473160282113,2020-04-21,73895,Online,Online,Unknown,Online
1252746474162716672,2020-04-21,3956,Online,Online,Unknown,Online
1252746474162716672,2020-04-21,3956,Online,Online,Unknown,Online
1252746474162716672,2020-04-21,3956,Online,Online,Unknown,Online
1252746482891001856,2020-04-21,78651,Online,Online,Unknown,This Tweet is from a suspended account
1252746489748733955,2020-04-21,15285,Online,Online,Unknown,Online
1252746489748733955,2020-04-21,15285,Online,Online,Unknown,Online
1252746489748733955,2020-04-21,15285,Online,Online,Unknown,Online
1252746495440359425,2020-04-21,6,Online,Online,Unknown,Online
1252746495440359425,2020-04-21,6,Online,Online,Unknown,Online
1252746495440359425,2020-04-21,6,Online,Online,Unknown,Online
1252746503397036032,2020-04-21,3203,Online,Online,Unknown,Online
1252746506802728962,2020-04-21,51698,Online,Online,Unknown,Online
1252746506802728962,2020-04-21,51698,Online,Online,Unknown,Online
1252746506802728962,2020-04-21,51698,Online,Online,Unknown,Online
1252746514796916737,2020-04-21,26858,Online,Online,Unknown,You’re unable to view this Tweet because this account owner limits who can view their Tweets
1252746514796916737,2020-04-21,26858,Online,Online,Unknown,You’re unable to view this Tweet because this account owner limits who can view their Tweets
1252746514796916737,2020-04-21,26858,Online,Online,Unknown,You’re unable to view this Tweet because this account owner limits who can view their Tweets
1252746516071985157,2020-04-21,2737,Online,Online,Unknown,This Tweet is from a suspended account
1252746516071985157,2020-04-21,2737,Online,Online,Unknown,This Tweet is from a suspended account
1252746516071985157,2020-04-21,2737,Online,Online,Unknown,This Tweet is from a suspended account
1252746516718116864,2020-04-21,68813,Online,Online,Unknown,Online
1252746524129398784,2020-04-21,575,Online,Online,Unknown,Online
1252746554781335558,2020-04-21,13987,Online,Online,Unknown,Online
1252746559017684992,2020-04-21,188,Online,Online,Unknown,Online
1252746583851986945,2020-04-21,1320,Online,Online,Unknown,Online
1252746587656331264,2020-04-21,29405,Online,Online,Unknown,Online
1252746591812767744,2020-04-21,179277,Online,Online,Unknown,Online
1252746596120317952,2020-04-21,28330,Online,Online,Unknown,Online
1252746596120317952,2020-04-21,28330,Online,Online,Unknown,Online
1252746596120317952,2020-04-21,28330,Online,Online,Unknown,Online
1252746596497928194,2020-04-21,45364,Online,Online,Unknown,Online
1252748243999559681,2020-04-21,7909,Online,Online,Unknown,Online
1252748244314140672,2020-04-21,75595,Online,Online,Unknown,Online
1252748255890272256,2020-04-21,101630,Online,Online,Unknown,Online
1252748255890272256,2020-04-21,101630,Online,Online,Unknown,Online
1252748255890272256,2020-04-21,101630,Online,Online,Unknown,Online
1252748256418902018,2020-04-21,4913,Online,Online,Unknown,Online
1252748256418902018,2020-04-21,4913,Online,Online,Unknown,Online
1252748256418902018,2020-04-21,4913,Online,Online,Unknown,Online
1252748256519557125,2020-04-21,161343,Online,Online,Unknown,Online
1252748256519557125,2020-04-21,161343,Online,Online,Unknown,Online
1252748256519557125,2020-04-21,161343,Online,Online,Unknown,Online
1252748257047883776,2020-04-21,27758,Online,Online,Unknown,Online
1252748257047883776,2020-04-21,27758,Online,Online,Unknown,Online
1252748257047883776,2020-04-21,27758,Online,Online,Unknown,Online
1252748264912322562,2020-04-21,5,Online,Online,Unknown,Online
1252748269240885251,2020-04-21,10734,Online,Online,Unknown,Online
1252748269240885251,2020-04-21,10734,Online,Online,Unknown,Online
1252748269480017921,2020-04-21,30054,Online,Online,Unknown,Online
1252748281811255297,2020-04-21,38891,Online,Online,Unknown,Online
1252748281811255297,2020-04-21,38891,Online,Online,Unknown,Online
1252748281811255297,2020-04-21,38891,Online,Online,Unknown,Online
1252748281840623618,2020-04-21,2512,Online,Online,Unknown,Online
1252748290568916993,2020-04-21,861,Online,Online,Unknown,Online
1252748290686365696,2020-04-21,58806,Online,Online,Unknown,Online
1252748291470618624,2020-04-21,1160,Online,Online,Unknown,Online
1252748291470618624,2020-04-21,1160,Online,Online,Unknown,Online
1252748291470618624,2020-04-21,1160,Online,Online,Unknown,Online
1252748297472577536,2020-04-21,31663,Online,Online,Unknown,You’re unable to view this Tweet because this account owner limits who can view their Tweets
1252748299054047232,2020-04-21,38692,Online,Online,Unknown,Online
1252748322638401537,2020-04-21,73300,Online,Online,Unknown,You’re unable to view this Tweet because this account owner limits who can view their Tweets
1252748328082833410,2020-04-21,2442,Online,Online,Unknown,You’re unable to view this Tweet because this account owner limits who can view their Tweets
1252748333430513664,2020-04-21,390437,Online,Online,Unknown,Online
1252748335225679872,2020-04-21,45732,Online,Online,Unknown,Online
1252748343408656385,2020-04-21,155334,Online,Online,Unknown,Online
1252748352158142464,2020-04-21,146704,Online,Online,Unknown,Online
1252748352158142464,2020-04-21,146704,Online,Online,Unknown,Online
1252748352158142464,2020-04-21,146704,Online,Online,Unknown,Online
1252748362555830272,2020-04-21,8511,Online,Online,Unknown,Online
1252748362555830272,2020-04-21,8511,Online,Online,Unknown,Online
1252748362555830272,2020-04-21,8511,Online,Online,Unknown,Online
1252748369748992000,2020-04-21,7,Online,Online,Unknown,Online
1252748370663309315,2020-04-21,23511,Online,Online,Unknown,Online
1252748373469409280,2020-04-21,30208,Online,Online,Unknown,Online
1252748373469409280,2020-04-21,30208,Online,Online,Unknown,Online
1252748373469409280,2020-04-21,30208,Online,Online,Unknown,Online
1252748381593706497,2020-04-21,1846,Online,Online,Unknown,Online
1252748390116528128,2020-04-21,105943,Online,Online,Unknown,This Tweet is from a suspended account
1252748390573789185,2020-04-21,45103,Online,Online,Unknown,This Tweet is from a suspended account
1252748399948021760,2020-04-21,23857,Online,Online,Unknown,Online
1252748403056001024,2020-04-21,40,Online,Online,Unknown,Online
1252748403068583936,2020-04-21,319,Online,Online,Unknown,Online
1252748403068583936,2020-04-21,319,Online,Online,Unknown,Online
1252748403068583936,2020-04-21,319,Online,Online,Unknown,Online
1252748403068583936,2020-04-21,319,Online,Online,Unknown,Online
1252748403282530306,2020-04-21,6550,Online,Online,Unknown,Online
1252748403462684673,2020-04-21,178036,Online,Online,Unknown,Online
1252748403462684673,2020-04-21,178036,Online,Online,Unknown,Online
1252748403462684673,2020-04-21,178036,Online,Online,Unknown,Online
1252748419451551747,2020-04-21,313001,Online,Online,Unknown,Online
1252748419451551747,2020-04-21,313001,Online,Online,Unknown,Online
1252748419451551747,2020-04-21,313001,Online,Online,Unknown,Online
1252748420911173632,2020-04-21,213820,Online,Online,Unknown,Online
1252748423490678788,2020-04-21,4515,Online,Online,Unknown,Online
1252748423586959362,2020-04-21,22164,Online,Online,Unknown,Online
1252748424841232384,2020-04-21,79426,Online,Online,Unknown,Online
1252748427936632832,2020-04-21,20162,Online,Online,Unknown,Online
1252748431740682240,2020-04-21,4059,Online,Online,Unknown,Online
1252748431740682240,2020-04-21,4059,Online,Online,Unknown,Online
1252748431740682240,2020-04-21,4059,Online,Online,Unknown,Online
1252748445422702592,2020-04-21,8094,Online,Online,Unknown,You’re unable to view this Tweet because this account owner limits who can view their Tweets
1252748460870287360,2020-04-21,72121,Online,Online,Unknown,Online
1252748473532735488,2020-04-21,14927,Online,Online,Unknown,Online
1252748482558988289,2020-04-21,75600,Online,Online,Unknown,Online
1252748488162578432,2020-04-21,22,Online,Online,Unknown,Online
1252748491417403393,2020-04-21,2715,Online,Online,Unknown,Online
1252802819859427334,2020-04-22,984,Online,Online,Unknown,Online
1252802819859427334,2020-04-22,984,Online,Online,Unknown,Online
1252802819859427334,2020-04-22,984,Online,Online,Unknown,Online
1252802835009474560,2020-04-22,67303,Online,Online,Unknown,Online
1252802847101480960,2020-04-22,24,Online,Online,Unknown,Online
1252802850494705670,2020-04-22,3163,Online,Online,Unknown,Online
1252802891603046404,2020-04-22,21404,Online,Online,Unknown,Online
1252802896036614145,2020-04-22,52,Online,Online,Unknown,This Tweet is from an account that no longer exists
1252802896036614145,2020-04-22,52,Online,Online,Unknown,This Tweet is from an account that no longer exists
1252802905842860032,2020-04-22,41722,Online,Online,Unknown,Online
1252802905842860032,2020-04-22,41722,Online,Online,Unknown,Online
1252802908040691712,2020-04-22,40873,Online,Online,Unknown,Online
1252802908040691712,2020-04-22,40873,Online,Online,Unknown,Online
1252802908040691712,2020-04-22,40873,Online,Online,Unknown,Online
1252802909583978497,2020-04-22,10629,Online,Online,Unknown,Online
1252802922250940416,2020-04-22,4601,Online,Online,Unknown,Online
1252802926826971136,2020-04-22,1141,Online,Online,Unknown,Online
1252802936742313984,2020-04-22,45929,Online,Online,Unknown,Online
1252802938097020934,2020-04-22,3700,Online,Online,Unknown,This Tweet is from a suspended account
1252802964747628544,2020-04-22,52,Online,Online,Unknown,Online
1252802993105154048,2020-04-22,10223,Online,Online,Unknown,Online
1252802993105154048,2020-04-22,10223,Online,Online,Unknown,Online
1252802993419935745,2020-04-22,4204,Online,Online,Unknown,Online
1252802995529453568,2020-04-22,11918,Online,Online,Unknown,This Tweet is from a suspended account
1252803000155828225,2020-04-22,126977,Online,Online,Unknown,Online
1252803016240984065,2020-04-22,20079,Online,Online,Unknown,Online
1252803016240984065,2020-04-22,20079,Online,Online,Unknown,Online
1252803016240984065,2020-04-22,20079,Online,Online,Unknown,Online
1252803017986002945,2020-04-22,366,Online,Online,Unknown,Online
1252803021895094272,2020-04-22,29236,Online,Online,Unknown,Online
1252803029025218566,2020-04-22,25,Online,Online,Unknown,Online
1252803047769718785,2020-04-22,5606,Online,Online,Unknown,Online
1252803047769718785,2020-04-22,5606,Online,Online,Unknown,Online
1252809236779687940,2020-04-22,9083,Online,Online,Unknown,Online
1252809236779687940,2020-04-22,9083,Online,Online,Unknown,Online
1252809236779687940,2020-04-22,9083,Online,Online,Unknown,Online
1252809256589496320,2020-04-22,8713,Online,Online,Unknown,Online
1252809275002380288,2020-04-22,728,Online,Online,Unknown,You’re unable to view this Tweet because this account owner limits who can view their Tweets
1252809275312754690,2020-04-22,983,Online,Online,Unknown,Online
1252809275312754690,2020-04-22,983,Online,Online,Unknown,Online
1252809286058737665,2020-04-22,20040,Online,Online,Unknown,Online
1252809288000638976,2020-04-22,66948,Online,Online,Unknown,You’re unable to view this Tweet because this account owner limits who can view their Tweets
1252809300759597060,2020-04-22,57311,Online,Online,Unknown,This Tweet is from a suspended account
1252809311446634496,2020-04-22,52153,Online,Online,Unknown,Online
1252809311446634496,2020-04-22,52153,Online,Online,Unknown,Online
1252809311446634496,2020-04-22,52153,Online,Online,Unknown,Online
1252809323069112320,2020-04-22,251694,Online,Online,Unknown,Online
1252809323345924096,2020-04-22,11249,Online,Online,Unknown,You’re unable to view this Tweet because this account owner limits who can view their Tweets
1252809323345924096,2020-04-22,11249,Online,Online,Unknown,You’re unable to view this Tweet because this account owner limits who can view their Tweets
1252809325447385090,2020-04-22,8678,Online,Online,Unknown,Online
1252809325854240768,2020-04-22,97737,Online,Online,Unknown,Online
1252809329578848256,2020-04-22,66874,Online,Online,Unknown,Online
1252809335198978048,2020-04-22,36485,Online,Online,Unknown,Online
1252809339397529603,2020-04-22,5037,Online,Online,Unknown,Online
1252809358603251712,2020-04-22,4457,Online,Online,Unknown,Online
1252809358603251712,2020-04-22,4457,Online,Online,Unknown,Online
1252809371345514498,2020-04-22,1,Online,Online,Unknown,Online
1252809372419231745,2020-04-22,528,Online,Online,Unknown,Online
1252809372419231745,2020-04-22,528,Online,Online,Unknown,Online
1252809380807864321,2020-04-22,41819,Online,Online,Unknown,Online
1252809380807864321,2020-04-22,41819,Online,Online,Unknown,Online
1252809380807864321,2020-04-22,41819,Online,Online,Unknown,Online
1252809384570355713,2020-04-22,92715,Online,Online,Unknown,Online
1252809384570355713,2020-04-22,92715,Online,Online,Unknown,Online
1252809384570355713,2020-04-22,92715,Online,Online,Unknown,Online
1252809396062580738,2020-04-22,5900,Online,Online,Unknown,Online
1252809418376228867,2020-04-22,128,Online,Online,Unknown,Online
1252809425733038081,2020-04-22,85091,Online,Online,Unknown,Online
1252809430262935555,2020-04-22,495788,Online,Online,Unknown,This Tweet is from a suspended account
1252809430262935555,2020-04-22,495788,Online,Online,Unknown,This Tweet is from a suspended account
1252809431697387525,2020-04-22,1353,Online,Online,Unknown,Online
1252809433274449921,2020-04-22,260578,Online,Online,Unknown,This Tweet is from a suspended account
1252809433274449921,2020-04-22,260578,Online,Online,Unknown,This Tweet is from a suspended account
1252809433274449921,2020-04-22,260578,Online,Online,Unknown,This Tweet is from a suspended account
1252809438508941312,2020-04-22,7816,Online,Online,Unknown,Online
1252809438508941312,2020-04-22,7816,Online,Online,Unknown,Online
1252809438508941312,2020-04-22,7816,Online,Online,Unknown,Online
1252809438508941312,2020-04-22,7816,Online,Online,Unknown,Online
1252809450991345664,2020-04-22,1760,Online,Online,Unknown,Online
1252809452958314498,2020-04-22,3049,Online,Online,Unknown,Online
1252809454136946691,2020-04-22,22,Online,Online,Unknown,Online
1252809459044282370,2020-04-22,42769,Online,Online,Unknown,Online
1252809462869622791,2020-04-22,40986,Online,Online,Unknown,Online
1252809473690865664,2020-04-22,57088,Online,Online,Unknown,Online
1252809473690865664,2020-04-22,57088,Online,Online,Unknown,Online
1252809481852862464,2020-04-22,2613,Online,Online,Unknown,Online
1252812151837900800,2020-04-22,225571,Online,Online,Unknown,Online
1252812154593357825,2020-04-22,23124,Online,Online,Unknown,Online
1252812166169800704,2020-04-22,83631,Online,Online,Unknown,Online
1252812166169800704,2020-04-22,83631,Online,Online,Unknown,Online
1252812166169800704,2020-04-22,83631,Online,Online,Unknown,Online
1252812183756365824,2020-04-22,2541,Online,Online,Unknown,Online
1252812223082188807,2020-04-22,9590,Online,Online,Unknown,Online
1252812225540210688,2020-04-22,1153,Online,Online,Unknown,Online
1252812233752469504,2020-04-22,17701,Online,Online,Unknown,Online
1252812234604064768,2020-04-22,19,Online,Online,Unknown,Online
1252812258196901889,2020-04-22,28098,Online,Online,Unknown,Online
1252812318104223744,2020-04-22,59102,Online,Online,Unknown,Online
1252812326543097861,2020-04-22,12287,Online,Online,Unknown,Online
1252812326543097861,2020-04-22,12287,Online,Online,Unknown,Online
1252812343362285568,2020-04-22,3801,Online,Online,Unknown,Online
1252812357199253508,2020-04-22,100595,Online,Online,Unknown,Online
1252812367672434691,2020-04-22,86092,Online,Online,Unknown,Online
1252812371501780992,2020-04-22,5,Online,Online,Unknown,Online
1252812371501780992,2020-04-22,5,Online,Online,Unknown,Online
1252812371501780992,2020-04-22,5,Online,Online,Unknown,Online
1252812374479966208,2020-04-22,164737,Online,Online,Unknown,Online
1252812382574788608,2020-04-22,26234,Online,Online,Unknown,Online
1252812382574788608,2020-04-22,26234,Online,Online,Unknown,Online
1252812382574788608,2020-04-22,26234,Online,Online,Unknown,Online
1252812391873740800,2020-04-22,15127,Online,Online,Unknown,Online
1252828815056756738,2020-04-22,34151,Online,Online,Unknown,You’re unable to view this Tweet because this account owner limits who can view their Tweets
1252828815056756738,2020-04-22,34151,Online,Online,Unknown,You’re unable to view this Tweet because this account owner limits who can view their Tweets
1252828815056756738,2020-04-22,34151,Online,Online,Unknown,You’re unable to view this Tweet because this account owner limits who can view their Tweets
1252828843468972039,2020-04-22,449,Online,Online,Unknown,Online
1252828844437852160,2020-04-22,92887,Online,Online,Unknown,This Tweet is from an account that no longer exists
1252828844437852160,2020-04-22,92887,Online,Online,Unknown,This Tweet is from an account that no longer exists
1252828844437852160,2020-04-22,92887,Online,Online,Unknown,This Tweet is from an account that no longer exists
1252828847323492353,2020-04-22,109632,Online,Online,Unknown,Online
1252828860896313344,2020-04-22,14639,Online,Online,Unknown,Online
1252828881515503616,2020-04-22,0,Online,Online,Unknown,Online
1252828891107831809,2020-04-22,25869,Online,Online,Unknown,You’re unable to view this Tweet because this account owner limits who can view their Tweets
1252828901509750785,2020-04-22,306,Online,Online,Unknown,Online
1252828901509750785,2020-04-22,306,Online,Online,Unknown,Online
1252828901509750785,2020-04-22,306,Online,Online,Unknown,Online
1252828901509750785,2020-04-22,306,Online,Online,Unknown,Online
1252828913316712449,2020-04-22,56263,Online,Online,Unknown,You’re unable to view this Tweet because this account owner limits who can view their Tweets
1252828914096857094,2020-04-22,62491,Online,Online,Unknown,Online
1252828915501953024,2020-04-22,25694,Online,Online,Unknown,Online
1252828922917482496,2020-04-22,52991,Online,Online,Unknown,This Tweet is from a suspended account
1252828927048876034,2020-04-22,8592,Online,Online,Unknown,Online
1252828944505532417,2020-04-22,8054,Online,Online,Unknown,Online
1252828955863728134,2020-04-22,3995,Online,Online,Unknown,Online
1252828955863728134,2020-04-22,3995,Online,Online,Unknown,Online
1252828955863728134,2020-04-22,3995,Online,Online,Unknown,Online
1252828974167625728,2020-04-22,35831,Online,Online,Unknown,Online
1252829005838868481,2020-04-22,72444,Online,Online,Unknown,Online
1252829029033324546,2020-04-22,137835,Online,Online,Unknown,Online
1252832792569712646,2020-04-22,20089,Online,Online,Unknown,Online
1252832804313812992,2020-04-22,60,Online,Online,Unknown,Online
1252832825000116229,2020-04-22,338071,Online,Online,Unknown,Online
1252832827055333376,2020-04-22,9884,Online,Online,Unknown,Online
1252832841911525387,2020-04-22,589022,Online,Online,Unknown,You’re unable to view this Tweet because this account owner limits who can view their Tweets
1252832843887042562,2020-04-22,174,Online,Online,Unknown,Online
1252832844612681734,2020-04-22,2361,Online,Online,Unknown,You’re unable to view this Tweet because this account owner limits who can view their Tweets
1252832877324103688,2020-04-22,7759,Online,Online,Unknown,Online
1252832886643781632,2020-04-22,30075,Online,Online,Unknown,Online
1252832893426003969,2020-04-22,12,Online,Online,Unknown,Online
1252832893426003969,2020-04-22,12,Online,Online,Unknown,Online
1252832909011988481,2020-04-22,1015,Online,Online,Unknown,Online
1252832909011988481,2020-04-22,1015,Online,Online,Unknown,Online
1252832915509010432,2020-04-22,209,Online,Online,Unknown,Online
1252832918184980480,2020-04-22,39492,Online,Online,Unknown,This Tweet is from a suspended account
1252832918184980480,2020-04-22,39492,Online,Online,Unknown,This Tweet is from a suspended account
1252832922148540417,2020-04-22,12794,Online,Online,Unknown,You’re unable to view this Tweet because this account owner limits who can view their Tweets
1252832950594318341,2020-04-22,1547,Online,Online,Unknown,Online
1252832952116862977,2020-04-22,13080,Online,Online,Unknown,Online
1252832962422272002,2020-04-22,283,Online,Online,Unknown,Online
1252832989437808643,2020-04-22,41720,Online,Online,Unknown,Online
1252833012921724931,2020-04-22,2943,Online,Online,Unknown,This Tweet is from a suspended account
1252833012921724931,2020-04-22,2943,Online,Online,Unknown,This Tweet is from a suspended account
1252833020123332611,2020-04-22,163906,Online,Online,Unknown,Online
1252838307085475842,2020-04-22,8451,Online,Online,Unknown,Online
1252838316476477447,2020-04-22,483558,Online,Online,Unknown,Online
1252838316476477447,2020-04-22,483558,Online,Online,Unknown,Online
1252838316476477447,2020-04-22,483558,Online,Online,Unknown,Online
1252838319945216005,2020-04-22,1342,Online,Online,Unknown,Online
1252838325196435456,2020-04-22,13147,Online,Online,Unknown,Online
1252838325196435456,2020-04-22,13147,Online,Online,Unknown,Online
1252838325196435456,2020-04-22,13147,Online,Online,Unknown,Online
1252838331345285121,2020-04-22,0,Online,Online,Unknown,Online
1252838357056360450,2020-04-22,428989,Online,Online,Unknown,This Tweet is from a suspended account
1252838357056360450,2020-04-22,428989,Online,Online,Unknown,This Tweet is from a suspended account
1252838361875623937,2020-04-22,22217,Online,Online,Unknown,Online
1252838385355386880,2020-04-22,307661,Online,Online,Unknown,Online
1252838385355386880,2020-04-22,307661,Online,Online,Unknown,Online
1252838385355386880,2020-04-22,307661,Online,Online,Unknown,Online
1252838399624376321,2020-04-22,4148,Online,Online,Unknown,Online
1252838399624376321,2020-04-22,4148,Online,Online,Unknown,Online
1252838399624376321,2020-04-22,4148,Online,Online,Unknown,Online
1252838405479624706,2020-04-22,33622,Online,Online,Unknown,Online
1252838431568179201,2020-04-22,157831,Online,Online,Unknown,Online
1252838431568179201,2020-04-22,157831,Online,Online,Unknown,Online
1252838431568179201,2020-04-22,157831,Online,Online,Unknown,Online
1252838447938547713,2020-04-22,72208,Online,Online,Unknown,Online
1252838470776573953,2020-04-22,81149,Online,Online,Unknown,Online
1252838493107060738,2020-04-22,25278,Online,Online,Unknown,Online
1252838493107060738,2020-04-22,25278,Online,Online,Unknown,Online
1252838496596680705,2020-04-22,4816,Online,Online,Unknown,Online
1252838511859777543,2020-04-22,402,Online,Online,Unknown,Online
1252838518168023040,2020-04-22,81149,Online,Online,Unknown,Online
1252838528452419585,2020-04-22,41443,Online,Online,Unknown,Online
1252838531791085569,2020-04-22,81149,Online,Online,Unknown,Online
1252838535565946882,2020-04-22,6290,Online,Online,Unknown,Online
1252838538275459078,2020-04-22,36703,Online,Online,Unknown,Online
1252844393339351047,2020-04-22,1650,Online,Online,Unknown,Online
1252844393339351047,2020-04-22,1650,Online,Online,Unknown,Online
1252844393339351047,2020-04-22,1650,Online,Online,Unknown,Online
1252844393339351047,2020-04-22,1650,Online,Online,Unknown,Online
1252844393339351047,2020-04-22,1650,Online,Online,Unknown,Online
1252844395176419334,2020-04-22,65477,Online,Online,Unknown,Online
1252844398812917760,2020-04-22,3789,Online,Online,Unknown,Online
1252844413044195328,2020-04-22,1534,Online,Online,Unknown,This Tweet is from a suspended account
1252844414491258882,2020-04-22,1560,Online,Online,Unknown,Online
1252844449329082369,2020-04-22,6304,Online,Online,Unknown,Online
1252844462297894918,2020-04-22,12733,Online,Online,Unknown,Online
1252844464608960513,2020-04-22,105275,Online,Online,Unknown,Online
1252844474989899782,2020-04-22,2824,Online,Online,Unknown,Online
1252844495458062337,2020-04-22,0,Online,Online,Unknown,Online
1252844495458062337,2020-04-22,0,Online,Online,Unknown,Online
1252844495458062337,2020-04-22,0,Online,Online,Unknown,Online
1252844496544382976,2020-04-22,9,Online,Online,Unknown,Online
1252844515842392065,2020-04-22,4646,Online,Online,Unknown,You’re unable to view this Tweet because this account owner limits who can view their Tweets
1252844536570605568,2020-04-22,4025,Online,Online,Unknown,This Tweet is from a suspended account
1252844536570605568,2020-04-22,4025,Online,Online,Unknown,This Tweet is from a suspended account
1252844536570605568,2020-04-22,4025,Online,Online,Unknown,This Tweet is from a suspended account
1252844553087799296,2020-04-22,18209,Online,Online,Unknown,Online
1252844553087799296,2020-04-22,18209,Online,Online,Unknown,Online
1252844572658380803,2020-04-22,97182,Online,Online,Unknown,Online
1252844605407559683,2020-04-22,18171,Online,Online,Unknown,You’re unable to view this Tweet because this account owner limits who can view their Tweets
1252844605407559683,2020-04-22,18171,Online,Online,Unknown,You’re unable to view this Tweet because this account owner limits who can view their Tweets
1252844605407559683,2020-04-22,18171,Online,Online,Unknown,You’re unable to view this Tweet because this account owner limits who can view their Tweets
1252844614437879809,2020-04-22,8701,Online,Online,Unknown,Online
1252844615352246273,2020-04-22,18887,Online,Online,Unknown,Online
1252844633970733056,2020-04-22,17807,Online,Online,Unknown,Online
1252844640492900364,2020-04-22,667,Online,Online,Unknown,Online
1252844640492900364,2020-04-22,667,Online,Online,Unknown,Online
1252861149642514433,2020-04-22,120147,Online,Online,Unknown,Online
1252861152091987968,2020-04-22,20436,Online,Online,Unknown,Online
1252861162078658562,2020-04-22,9333,Online,Online,Unknown,Online
1252861163160735746,2020-04-22,112063,Online,Online,Unknown,Online
1252861180172881920,2020-04-22,312,Online,Online,Unknown,Online
1252861183448608770,2020-04-22,17862,Online,Online,Unknown,Online
1252861206387240961,2020-04-22,89840,Online,Online,Unknown,Online
1252861242592555011,2020-04-22,80280,Online,Online,Unknown,Online
1252861254370091008,2020-04-22,2622,Online,Online,Unknown,Online
1252861310083100675,2020-04-22,6500,Online,Online,Unknown,Online
1252861310519308288,2020-04-22,24466,Online,Online,Unknown,Online
1252861311618183168,2020-04-22,9,Online,Online,Unknown,Online
1252861345210396674,2020-04-22,289,Online,Online,Unknown,Online
1252861346846105601,2020-04-22,48415,Online,Online,Unknown,Online
1252861372460707842,2020-04-22,341,Online,Online,Unknown,This Tweet is from an account that no longer exists
1252883628436029441,2020-04-22,14266,Online,Online,Unknown,Online
1252883629711245313,2020-04-22,532,Online,Online,Unknown,Online
1252883630831153152,2020-04-22,136178,Online,Online,Unknown,Online
1252883643443359744,2020-04-22,1574,Online,Online,Unknown,Online
1252883643443359744,2020-04-22,1574,Online,Online,Unknown,Online
1252883643443359744,2020-04-22,1574,Online,Online,Unknown,Online
1252883644064034819,2020-04-22,66,Online,Online,Unknown,Online
1252883664976801793,2020-04-22,252,Online,Online,Unknown,Online
1252883685914730496,2020-04-22,2120,Online,Online,Unknown,Online
1252883690272763904,2020-04-22,1976,Online,Online,Unknown,Online
1252883690272763904,2020-04-22,1976,Online,Online,Unknown,Online
1252883690272763904,2020-04-22,1976,Online,Online,Unknown,Online
1252883746291716098,2020-04-22,1074,Online,Online,Unknown,Online
1252883746291716098,2020-04-22,1074,Online,Online,Unknown,Online
1252883746291716098,2020-04-22,1074,Online,Online,Unknown,Online
1252883765447163904,2020-04-22,3349,Online,Online,Unknown,Online
1252883768697688065,2020-04-22,1033,Online,Online,Unknown,Online
1252883795864240129,2020-04-22,830,Online,Online,Unknown,Online
1252883795864240129,2020-04-22,830,Online,Online,Unknown,Online
1252883795864240129,2020-04-22,830,Online,Online,Unknown,Online
1252883820984049665,2020-04-22,0,Online,Online,Unknown,Online
1252883820984049665,2020-04-22,0,Online,Online,Unknown,Online
1252883823643197441,2020-04-22,290,Online,Online,Unknown,Online
1252883823643197441,2020-04-22,290,Online,Online,Unknown,Online
1252883829208936453,2020-04-22,11781,Online,Online,Unknown,You’re unable to view this Tweet because this account owner limits who can view their Tweets
1252883830064779264,2020-04-22,20,Online,Online,Unknown,Online
1252883850507587584,2020-04-22,3278,Online,Online,Unknown,Online
1252883871923920896,2020-04-22,1795,Online,Online,Unknown,Online
1252911682998812674,2020-04-22,210525,Online,Online,Unknown,Online
1252911683753832451,2020-04-22,6617,Online,Online,Unknown,Online
1252911691114954753,2020-04-22,7743,Online,Online,Unknown,Online
1252911691114954753,2020-04-22,7743,Online,Online,Unknown,Online
1252911691114954753,2020-04-22,7743,Online,Online,Unknown,Online
1252911692088033283,2020-04-22,28374,Online,Online,Unknown,Online
1252911699339902977,2020-04-22,321,Online,Online,Unknown,Online
1252911707275644929,2020-04-22,1382,Online,Online,Unknown,Online
1252911717119598592,2020-04-22,20584,Online,Online,Unknown,Online
1252911717119598592,2020-04-22,20584,Online,Online,Unknown,Online
1252911717136334848,2020-04-22,8803,Online,Online,Unknown,Online
1252911717136334848,2020-04-22,8803,Online,Online,Unknown,Online
1252911732651175936,2020-04-22,62043,Online,Online,Unknown,Online
1252911746928521216,2020-04-22,46313,Online,Online,Unknown,Online
1252911751303217153,2020-04-22,13831,Online,Online,Unknown,Online
1252911751303217153,2020-04-22,13831,Online,Online,Unknown,Online
1252911754490908674,2020-04-22,17553,Online,Online,Unknown,Online
1252911754490908674,2020-04-22,17553,Online,Online,Unknown,Online
1252911762879516672,2020-04-22,3093,Online,Online,Unknown,Online
1252911762879516672,2020-04-22,3093,Online,Online,Unknown,Online
1252911762879516672,2020-04-22,3093,Online,Online,Unknown,Online
1252911763630305280,2020-04-22,1540,Online,Online,Unknown,Online
1252911774707224576,2020-04-22,210525,Online,Online,Unknown,Online
1252911774707224576,2020-04-22,210525,Online,Online,Unknown,Online
1252911787470737408,2020-04-22,2920,Online,Online,Unknown,Online
1252911792780541953,2020-04-22,14972,Online,Online,Unknown,Online
1252911863588945921,2020-04-22,43198,Online,Online,Unknown,Online
1252911893351673857,2020-04-22,18606,Online,Online,Unknown,Online
1252911893687136259,2020-04-22,102,Online,Online,Unknown,Online
1252911909202014208,2020-04-22,264353,Online,Online,Unknown,This Tweet is from a suspended account
1252911909202014208,2020-04-22,264353,Online,Online,Unknown,This Tweet is from a suspended account
1252911917984813056,2020-04-22,28821,Online,Online,Unknown,Online
1252911917984813056,2020-04-22,28821,Online,Online,Unknown,Online
1252911925941489668,2020-04-22,11424,Online,Online,Unknown,Online
1252911925941489668,2020-04-22,11424,Online,Online,Unknown,Online
1252920236317130753,2020-04-22,1772,Online,Online,Unknown,This Tweet is from a suspended account
1252920236317130753,2020-04-22,1772,Online,Online,Unknown,This Tweet is from a suspended account
1252920236317130753,2020-04-22,1772,Online,Online,Unknown,This Tweet is from a suspended account
1252920256823275520,2020-04-22,13374,Online,Online,Unknown,Online
1252920256823275520,2020-04-22,13374,Online,Online,Unknown,Online
1252920256823275520,2020-04-22,13374,Online,Online,Unknown,Online
1252920269984989184,2020-04-22,7789,Online,Online,Unknown,Online
1252920315254059010,2020-04-22,192947,Online,Online,Unknown,You’re unable to view this Tweet because this account owner limits who can view their Tweets
1252920315254059010,2020-04-22,192947,Online,Online,Unknown,You’re unable to view this Tweet because this account owner limits who can view their Tweets
1252920315254059010,2020-04-22,192947,Online,Online,Unknown,You’re unable to view this Tweet because this account owner limits who can view their Tweets
1252920322690617345,2020-04-22,119273,Online,Online,Unknown,Online
1252920328692682754,2020-04-22,21608,Online,Online,Unknown,Online
1252920328692682754,2020-04-22,21608,Online,Online,Unknown,Online
1252920328692682754,2020-04-22,21608,Online,Online,Unknown,Online
1252920330936598528,2020-04-22,2808,Online,Online,Unknown,Online
1252920330936598528,2020-04-22,2808,Online,Online,Unknown,Online
1252920330936598528,2020-04-22,2808,Online,Online,Unknown,Online
1252920331297345536,2020-04-22,23637,Online,Online,Unknown,Online
1252920339287486464,2020-04-22,44889,Online,Online,Unknown,Online
1252920340453314561,2020-04-22,1165,Online,Online,Unknown,Online
1252920368484036609,2020-04-22,248842,Online,Online,Unknown,Online
1252920370170138624,2020-04-22,72545,Online,Online,Unknown,Online
1252920370170138624,2020-04-22,72545,Online,Online,Unknown,Online
1252920370283200514,2020-04-22,48823,Online,Online,Unknown,Online
1252920379430940675,2020-04-22,12122,Online,Online,Unknown,Online
1252920390571229185,2020-04-22,40667,Online,Online,Unknown,Online
1252920403296751618,2020-04-22,4813,Online,Online,Unknown,Online
1252920403296751618,2020-04-22,4813,Online,Online,Unknown,Online
1252920419750940672,2020-04-22,70976,Online,Online,Unknown,Online
1252920437656485888,2020-04-22,66422,Online,Online,Unknown,You’re unable to view this Tweet because this account owner limits who can view their Tweets
1252920440051257344,2020-04-22,125908,Online,Online,Unknown,Online
1252920445302685696,2020-04-22,3,Online,Online,Unknown,Online
1252920450281283586,2020-04-22,54963,Online,Online,Unknown,Online
1252920450281283586,2020-04-22,54963,Online,Online,Unknown,Online
1252920454458867712,2020-04-22,0,Online,Online,Unknown,Online
1252926481728143361,2020-04-22,105520,Online,Online,Unknown,Online
1252926485649915904,2020-04-22,0,Online,Online,Unknown,Online
1252926506331803648,2020-04-22,1144,Online,Online,Unknown,This Tweet is from a suspended account
1252926506331803648,2020-04-22,1144,Online,Online,Unknown,This Tweet is from a suspended account
1252926534207385601,2020-04-22,138877,Online,Online,Unknown,Online
1252926573034045440,2020-04-22,4203,Online,Online,Unknown,Online
1252926593447669761,2020-04-22,143,Online,Online,Unknown,Online
1252926593447669761,2020-04-22,143,Online,Online,Unknown,Online
1252926595746193409,2020-04-22,88843,Online,Online,Unknown,Online
1252926627664793601,2020-04-22,32725,Online,Online,Unknown,Online
1252926627664793601,2020-04-22,32725,Online,Online,Unknown,Online
1252926627664793601,2020-04-22,32725,Online,Online,Unknown,Online
1252926660334288897,2020-04-22,107226,Online,Online,Unknown,Online
1252926678051020802,2020-04-22,6406,Online,Online,Unknown,Online
1252926702193225728,2020-04-22,51097,Online,Online,Unknown,Online
1252926703673974785,2020-04-22,20947,Online,Online,Unknown,Online
1252941177508245504,2020-04-22,442,Online,Online,Unknown,Online
1252941177508245504,2020-04-22,442,Online,Online,Unknown,Online
1252941177508245504,2020-04-22,442,Online,Online,Unknown,Online
1252941177508245504,2020-04-22,442,Online,Online,Unknown,Online
1252941182168170496,2020-04-22,57852,Online,Online,Unknown,Online
1252941190812643329,2020-04-22,8054,Online,Online,Unknown,Online
1252941195568771073,2020-04-22,4738,Online,Online,Unknown,Online
1252941195568771073,2020-04-22,4738,Online,Online,Unknown,Online
1252941211708592129,2020-04-22,5872,Online,Online,Unknown,Online
1252941211708592129,2020-04-22,5872,Online,Online,Unknown,Online
1252941232000708608,2020-04-22,4823,Online,Online,Unknown,Online
1252941248622735360,2020-04-22,221,Online,Online,Unknown,Online
1252941265022472192,2020-04-22,16041,Online,Online,Unknown,Online
1252941282244210688,2020-04-22,9013,Online,Online,Unknown,Online
1252941287151538176,2020-04-22,80198,Online,Online,Unknown,Online
1252941290414710784,2020-04-22,491,Online,Online,Unknown,Online
1252941295372419072,2020-04-22,69660,Online,Online,Unknown,Online
1252941299101155328,2020-04-22,62799,Online,Online,Unknown,Online
1252941299101155328,2020-04-22,62799,Online,Online,Unknown,Online
1252941299101155328,2020-04-22,62799,Online,Online,Unknown,Online
1252941420773756928,2020-04-22,43376,Online,Online,Unknown,Online
1252941424942813184,2020-04-22,16177,Online,Online,Unknown,Online
1252963126527635457,2020-04-22,441,Online,Online,Unknown,Online
1252963126527635457,2020-04-22,441,Online,Online,Unknown,Online
1252963130067619842,2020-04-22,2134,Online,Online,Unknown,Online
1252963130734448640,2020-04-22,84712,Online,Online,Unknown,Online
1252963147981479936,2020-04-22,75739,Online,Online,Unknown,Online
1252963226159063041,2020-04-22,850,Online,Online,Unknown,Online
1252963260304961536,2020-04-22,505,Online,Online,Unknown,Online
1252963260304961536,2020-04-22,505,Online,Online,Unknown,Online
1252963324125425664,2020-04-22,105575,Online,Online,Unknown,Online
1252963360628490240,2020-04-22,111504,Online,Online,Unknown,Online
1252963361278525440,2020-04-22,4393,Online,Online,Unknown,Online
1252963364650848256,2020-04-22,16669,Online,Online,Unknown,Online
1252963364873125888,2020-04-22,1607,Online,Online,Unknown,Online
1252995041582182400,2020-04-22,67061,Online,Online,Unknown,Online
1252995099786653696,2020-04-22,49421,Online,Online,Unknown,Online
1252995099786653696,2020-04-22,49421,Online,Online,Unknown,Online
1252995103045545984,2020-04-22,43725,Online,Online,Unknown,Online
1252995112553963521,2020-04-22,19,Online,Online,Unknown,Online
1252995140752486401,2020-04-22,12357,Online,Online,Unknown,Online
1252995141276561410,2020-04-22,7966,Online,Online,Unknown,Online
1252995196188422144,2020-04-22,24961,Online,Online,Unknown,Online
1252995196188422144,2020-04-22,24961,Online,Online,Unknown,Online
1252995196188422144,2020-04-22,24961,Online,Online,Unknown,Online
1252995196415086603,2020-04-22,48188,Online,Online,Unknown,Online
1252995245740089346,2020-04-22,407,Online,Online,Unknown,Online
1252995250806816769,2020-04-22,908,Online,Online,Unknown,Online
1252995250806816769,2020-04-22,908,Online,Online,Unknown,Online
1253021897656340480,2020-04-22,16194,Online,Online,Unknown,You’re unable to view this Tweet because this account owner limits who can view their Tweets
1253021925368045569,2020-04-22,19067,Online,Online,Unknown,Online
1253021938135465988,2020-04-22,5940,Online,Online,Unknown,Online
1253021947262271489,2020-04-22,18326,Online,Online,Unknown,Online
1253022007295389697,2020-04-22,508,Online,Online,Unknown,Online
1253022039386054657,2020-04-22,4826,Online,Online,Unknown,Online
1253022052581117954,2020-04-22,2370,Online,Online,Unknown,Online
1253022084864684032,2020-04-22,22416,Online,Online,Unknown,Online
1253022102912983040,2020-04-22,6000,Online,Online,Unknown,Online
1253022105941114883,2020-04-22,1079,Online,Online,Unknown,Online
1253022118608023553,2020-04-22,10,Online,Online,Unknown,Online
1253022132742864897,2020-04-22,1358,Online,Online,Unknown,Online
1253045691716427776,2020-04-22,1794,Online,Online,Unknown,Online
1253045695231266817,2020-04-22,75,Online,Online,Unknown,Online
1253045716420878340,2020-04-22,67544,Online,Online,Unknown,You’re unable to view this Tweet because this account owner limits who can view their Tweets
1253045720564805640,2020-04-22,162,Online,Online,Unknown,Online
1253045725375668229,2020-04-22,39271,Online,Online,Unknown,Online
1253045725375668229,2020-04-22,39271,Online,Online,Unknown,Online
1253045728861184000,2020-04-22,18,Online,Online,Unknown,Online
1253045732942233601,2020-04-22,39286,Online,Online,Unknown,Online
1253045732942233601,2020-04-22,39286,Online,Online,Unknown,Online
1253045740953202688,2020-04-22,4379,Online,Online,Unknown,Online
1253045744749219841,2020-04-22,98612,Online,Online,Unknown,This Tweet is from a suspended account
1253045762654691328,2020-04-22,5670,Online,Online,Unknown,Online
1253045786511839234,2020-04-22,159,Online,Online,Unknown,Online
1253045792266477569,2020-04-22,698,Online,Online,Unknown,Online
1253045801577783297,2020-04-22,133101,Online,Online,Unknown,Online
1253045801577783297,2020-04-22,133101,Online,Online,Unknown,Online
1253045804656472066,2020-04-22,3120,Online,Online,Unknown,Online
1253045813821026304,2020-04-22,9338,Online,Online,Unknown,Online
1253045813821026304,2020-04-22,9338,Online,Online,Unknown,Online
1253045829981687809,2020-04-22,51208,Online,Online,Unknown,Online
1253045863758196741,2020-04-22,1160,Online,Online,Unknown,Online
1253045863758196741,2020-04-22,1160,Online,Online,Unknown,Online
1253045891784728576,2020-04-22,7161,Online,Online,Unknown,Online
1253045891784728576,2020-04-22,7161,Online,Online,Unknown,Online
1253045901209284610,2020-04-22,3302,Online,Online,Unknown,Online
1253045901209284610,2020-04-22,3302,Online,Online,Unknown,Online
1253045901494550528,2020-04-22,166842,Online,Online,Unknown,This Tweet is from a suspended account
1253045901494550528,2020-04-22,166842,Online,Online,Unknown,This Tweet is from a suspended account
1253076918640861184,2020-04-22,74776,Online,Online,Unknown,Online
1253076922210430977,2020-04-22,41935,Online,Online,Unknown,Online
1253076938651865088,2020-04-22,4676,Online,Online,Unknown,Online
1253076963289378817,2020-04-22,3264,Online,Online,Unknown,Online
1253076967156523009,2020-04-22,26847,Online,Online,Unknown,Online
1253076967554977793,2020-04-22,65006,Online,Online,Unknown,Online
1253076973582266369,2020-04-22,4038,Online,Online,Unknown,This Tweet is from a suspended account
1253076973582266369,2020-04-22,4038,Online,Online,Unknown,This Tweet is from a suspended account
1253076988853698560,2020-04-22,1490,Online,Online,Unknown,This Tweet is from a suspended account
1253076993731526656,2020-04-22,185204,Online,Online,Unknown,Online
1253076998626344963,2020-04-22,43808,Online,Online,Unknown,Online
1253077001260404736,2020-04-22,4710,Online,Online,Unknown,Online
1253077014514466819,2020-04-22,2016,Online,Online,Unknown,Online
1253077018675040256,2020-04-22,37729,Online,Online,Unknown,Online
1253077019547574274,2020-04-22,13913,Online,Online,Unknown,Online
1253077019648294914,2020-04-22,10407,Online,Online,Unknown,Online
1253077038782713863,2020-04-22,26135,Online,Online,Unknown,Online
1253077040242229253,2020-04-22,54,Online,Online,Unknown,You’re unable to view this Tweet because this account owner limits who can view their Tweets
1253077056998555648,2020-04-22,15994,Online,Online,Unknown,Online
1253077057472327680,2020-04-22,50144,Online,Online,Unknown,Online
1253077059598839808,2020-04-22,18720,Online,Online,Unknown,Online
1253077072160923648,2020-04-22,1840,Online,Online,Unknown,Online
1253077103240572928,2020-04-22,20260,Online,Online,Unknown,Online
1253077122794565632,2020-04-22,5682,Online,Online,Unknown,Online
1253077123604111361,2020-04-22,23289,Online,Online,Unknown,This Tweet is from an account that no longer exists
1253077143376068611,2020-04-22,2019,Online,Online,Unknown,Online
1253077148564414469,2020-04-22,14547,Online,Online,Unknown,Online
1253077153350127616,2020-04-22,31,Online,Online,Unknown,Online
1253077155933827072,2020-04-22,4912,Online,Online,Unknown,Online
1253077156277694466,2020-04-22,9970,Online,Online,Unknown,Online
1253077174791204864,2020-04-22,1626,Online,Online,Unknown,Online
1253077182244503552,2020-04-22,150616,Online,Online,Unknown,Online
1253077190683607041,2020-04-22,24321,Online,Online,Unknown,Online
1253077190910017544,2020-04-22,5796,Online,Online,Unknown,Online
1253077199646633984,2020-04-22,30718,Online,Online,Unknown,Online
1253077227924840449,2020-04-22,59,Online,Online,Unknown,Online
1253077228021317632,2020-04-22,187483,Online,Online,Unknown,Online
1253077236300877824,2020-04-22,11318,Online,Online,Unknown,Online
1253077248971661312,2020-04-22,9723,Online,Online,Unknown,Online
1253077257117216769,2020-04-22,132,Online,Online,Unknown,Online
1253077278679920640,2020-04-22,49649,Online,Online,Unknown,Online
1253077282165571590,2020-04-22,54678,Online,Online,Unknown,Online
1253077290788900865,2020-04-22,47676,Online,Online,Unknown,Online
1253077291103551489,2020-04-22,32942,Online,Online,Unknown,Online
1253077299924254721,2020-04-22,3,Online,Online,Unknown,Online
1253077303325650944,2020-04-22,38888,Online,Online,Unknown,You’re unable to view this Tweet because this account owner limits who can view their Tweets
1253077303632035840,2020-04-22,162765,Online,Online,Unknown,Online
1253077306119262208,2020-04-22,20601,Online,Online,Unknown,Online
1253077307792687104,2020-04-22,4906,Online,Online,Unknown,Online
1253077309340311553,2020-04-22,61088,Online,Online,Unknown,Online
1253077316122537984,2020-04-22,78946,Online,Online,Unknown,Online
1253077316621578240,2020-04-22,2067,Online,Online,Unknown,Online
1253077316621578240,2020-04-22,2067,Online,Online,Unknown,Online
1253077316621578240,2020-04-22,2067,Online,Online,Unknown,Online
1253077320329543688,2020-04-22,44,Online,Online,Unknown,Online
1253077320329543688,2020-04-22,44,Online,Online,Unknown,Online
1253077325693870081,2020-04-22,20005,Online,Online,Unknown,Online
1253077332690186241,2020-04-22,51986,Online,Online,Unknown,Online
1253077346292203524,2020-04-22,8938,Online,Online,Unknown,Online
1253077357310676993,2020-04-22,42085,Online,Online,Unknown,Online
1253077357784530944,2020-04-22,701,Online,Online,Unknown,Online
1253077362259959808,2020-04-22,18620,Online,Online,Unknown,This Tweet is from an account that no longer exists
1253077366194257920,2020-04-22,2258,Online,Online,Unknown,Online
1253077383030214656,2020-04-22,1448,Online,Online,Unknown,Online
1253077387383902216,2020-04-22,214008,Online,Online,Unknown,Online
1253077399144738818,2020-04-22,25035,Online,Online,Unknown,This Tweet is from a suspended account
1253077399463440394,2020-04-22,41460,Online,Online,Unknown,Online
1253077404542795779,2020-04-22,1469,Online,Online,Unknown,You’re unable to view this Tweet because this account owner limits who can view their Tweets
1253077413451399168,2020-04-22,1879,Online,Online,Unknown,Online
1253077420053315584,2020-04-22,197443,Online,Online,Unknown,Online
1253077425694572546,2020-04-22,1768,Online,Online,Unknown,Online
1253077433076510720,2020-04-22,467,Online,Online,Unknown,Online
1253077437920849920,2020-04-22,105893,Online,Online,Unknown,Online
1253087758924513282,2020-04-22,2940,Online,Online,Unknown,Online
1253087759906021378,2020-04-22,10870,Online,Online,Unknown,Online
1253087759906021378,2020-04-22,10870,Online,Online,Unknown,Online
1253087767627694085,2020-04-22,147,Online,Online,Unknown,Online
1253087768776970241,2020-04-22,3925,Online,Online,Unknown,Online
1253087793334628353,2020-04-22,3666,Online,Online,Unknown,Online
1253087797679919104,2020-04-22,9899,Online,Online,Unknown,Online
1253087797679919104,2020-04-22,9899,Online,Online,Unknown,Online
1253087797679919104,2020-04-22,9899,Online,Online,Unknown,Online
1253087826540998656,2020-04-22,9099,Online,Online,Unknown,Online
1253087827950071808,2020-04-22,464,Online,Online,Unknown,This Tweet is from a suspended account
1253087843272065024,2020-04-22,14,Online,Online,Unknown,This Tweet is from a suspended account
1253087852574855169,2020-04-22,43957,Online,Online,Unknown,This Tweet is from a suspended account
1253087864767893511,2020-04-22,7,Online,Online,Unknown,Online
1253087864767893511,2020-04-22,7,Online,Online,Unknown,Online
1253087885932154885,2020-04-22,29722,Online,Online,Unknown,This Tweet is from a suspended account
1253087903804252167,2020-04-22,39689,Online,Online,Unknown,Online
1253087910762512386,2020-04-22,95364,Online,Online,Unknown,Online
1253087948305764353,2020-04-22,780,Online,Online,Unknown,Online
1253087970468511749,2020-04-22,63953,Online,Online,Unknown,Online
1253096682146971649,2020-04-22,20931,Online,Online,Unknown,Online
1253096689688248325,2020-04-22,6137,Online,Online,Unknown,Online
1253096689688248325,2020-04-22,6137,Online,Online,Unknown,Online
1253096699888840705,2020-04-22,217380,Online,Online,Unknown,Online
1253096719132381190,2020-04-22,95758,Online,Online,Unknown,Online
1253096722324127745,2020-04-22,10875,Online,Online,Unknown,Online
1253096722345144320,2020-04-22,192364,Online,Online,Unknown,This Tweet is from a suspended account
1253096831535497217,2020-04-22,306706,Online,Online,Unknown,This Tweet is from a suspended account
1253096849323458561,2020-04-22,140863,Online,Online,Unknown,Online
1253096868726427649,2020-04-22,7,Online,Online,Unknown,Online
1253096869967867904,2020-04-22,78363,Online,Online,Unknown,This Tweet is from a suspended account
1253096882026373121,2020-04-22,30202,Online,Online,Unknown,Online
1253096882026373121,2020-04-22,30202,Online,Online,Unknown,Online
1253096915769663489,2020-04-22,31942,Online,Online,Unknown,Online
1253096924489662468,2020-04-22,32070,Online,Online,Unknown,Online
1253096928369352707,2020-04-22,11482,Online,Online,Unknown,Online
1253096928369352707,2020-04-22,11482,Online,Online,Unknown,Online
1253131032863191042,2020-04-23,69510,Online,Online,Unknown,Online
1253131070406623233,2020-04-23,3017,Online,Online,Unknown,You’re unable to view this Tweet because this account owner limits who can view their Tweets
1253131080175161346,2020-04-23,635,Online,Online,Unknown,Online
1253131130787725315,2020-04-23,269864,Online,Online,Unknown,Online
1253131146248019968,2020-04-23,65083,Online,Online,Unknown,Online
1253131154955423745,2020-04-23,2014,Online,Online,Unknown,Online
1253131172441358336,2020-04-23,1094,Online,Online,Unknown,Online
1253131215806357506,2020-04-23,7317,Online,Online,Unknown,Online
1253131218465329154,2020-04-23,267442,Online,Online,Unknown,Online
1253131221305098242,2020-04-23,41815,Online,Online,Unknown,This Tweet is from a suspended account
1253131226795274241,2020-04-23,17921,Online,Online,Unknown,This Tweet is from a suspended account
1253131246407999490,2020-04-23,249851,Online,Online,Unknown,This Tweet is from a suspended account
1253131260966449154,2020-04-23,80487,Online,Online,Unknown,Online
1253131270860746753,2020-04-23,358,Online,Online,Unknown,Online
1253141699402051584,2020-04-23,45545,Online,Online,Unknown,Online
1253141718859464707,2020-04-23,1906,Online,Online,Unknown,Online
1253141719404605442,2020-04-23,6092,Online,Online,Unknown,Online
1253141736198635521,2020-04-23,25508,Online,Online,Unknown,Online
1253141740162289666,2020-04-23,3932,Online,Online,Unknown,Online
1253141741806538752,2020-04-23,215072,Online,Online,Unknown,Online
1253141742754422785,2020-04-23,32,Online,Online,Unknown,Online
1253141748492251137,2020-04-23,41104,Online,Online,Unknown,This Tweet is from a suspended account
1253141762001866753,2020-04-23,37256,Online,Online,Unknown,Online
1253141765772554240,2020-04-23,88554,Online,Online,Unknown,This Tweet is from a suspended account
1253141790875623424,2020-04-23,2803,Online,Online,Unknown,Online
1253141804402094082,2020-04-23,49,Online,Online,Unknown,Online
1253141807862439938,2020-04-23,95461,Online,Online,Unknown,This Tweet is from an account that no longer exists
1253141820894097408,2020-04-23,38837,Online,Online,Unknown,This Tweet is from a suspended account
1253141824442494976,2020-04-23,2652,Online,Online,Unknown,Online
1253141833846226945,2020-04-23,124639,Online,Online,Unknown,Online
1253141840791924737,2020-04-23,52570,Online,Online,Unknown,Online
1253141853018435587,2020-04-23,40606,Online,Online,Unknown,This Tweet is from a suspended account
1253141867128131586,2020-04-23,258450,Online,Online,Unknown,Online
1253141912426442752,2020-04-23,26129,Online,Online,Unknown,Online
1253141915995738113,2020-04-23,3801,Online,Online,Unknown,This Tweet is from an account that no longer exists
1253141925353459714,2020-04-23,126122,Online,Online,Unknown,This Tweet is from a suspended account
1253141926506889226,2020-04-23,37141,Online,Online,Unknown,Online
1253141944252788736,2020-04-23,53797,Online,Online,Unknown,This Tweet is from a suspended account
1253141944252788736,2020-04-23,53797,Online,Online,Unknown,This Tweet is from a suspended account
1253141966721671168,2020-04-23,79322,Online,Online,Unknown,You’re unable to view this Tweet because this account owner limits who can view their Tweets
1253141967355039744,2020-04-23,227,Online,Online,Unknown,Online
1253163019762200578,2020-04-23,123263,Online,Online,Unknown,Online
1253163026225811456,2020-04-23,4907,Online,Online,Unknown,Online
1253163026737360896,2020-04-23,783,Online,Online,Unknown,Online
1253163036396777477,2020-04-23,29737,Online,Online,Unknown,Online
1253163059415265280,2020-04-23,11395,Online,Online,Unknown,Online
1253163082542694402,2020-04-23,68583,Online,Online,Unknown,Online
1253163087902867468,2020-04-23,783,Online,Online,Unknown,Online
1253163090599968768,2020-04-23,11109,Online,Online,Unknown,Online
1253163093061963782,2020-04-23,18375,Online,Online,Unknown,This Tweet is from a suspended account
1253163101555392513,2020-04-23,2931,Online,Online,Unknown,Online
1253163105582043137,2020-04-23,252346,Online,Online,Unknown,Online
1253163123722334209,2020-04-23,86015,Online,Online,Unknown,Online
1253163136800210944,2020-04-23,30674,Online,Online,Unknown,This Tweet is from a suspended account
1253163170149150727,2020-04-23,225129,Online,Online,Unknown,This Tweet is from an account that no longer exists
1253163178491510785,2020-04-23,121171,Online,Online,Unknown,Online
1253163190248226816,2020-04-23,152398,Online,Online,Unknown,Online
1253163190461980672,2020-04-23,17933,Online,Online,Unknown,Online
1253163197713899520,2020-04-23,71,Online,Online,Unknown,Online
1253163197713899520,2020-04-23,71,Online,Online,Unknown,Online
1253163217272082433,2020-04-23,37321,Online,Online,Unknown,Online
1253163232447074305,2020-04-23,4287,Online,Online,Unknown,Online
1253163244744847361,2020-04-23,68958,Online,Online,Unknown,Online
1253163249278779395,2020-04-23,82,Online,Online,Unknown,Online
1253215444745494529,2020-04-23,2159,Online,Online,Unknown,Online
1253215463082991617,2020-04-23,105259,Online,Online,Unknown,Online
1253215502345871365,2020-04-23,349,Online,Online,Unknown,Online
1253215515574763520,2020-04-23,11549,Online,Online,Unknown,Online
1253215531991212032,2020-04-23,16698,Online,Online,Unknown,Online
1253215536743354370,2020-04-23,12,Online,Online,Unknown,Online
1253215540254040064,2020-04-23,12835,Online,Online,Unknown,Online
1253215601645850625,2020-04-23,12870,Online,Online,Unknown,Online
1253215604753879040,2020-04-23,1554,Online,Online,Unknown,Online
1253215628871286786,2020-04-23,91974,Online,Online,Unknown,Online
1253215629219205122,2020-04-23,82141,Online,Online,Unknown,Online
1253215629542375425,2020-04-23,76729,Online,Online,Unknown,Online
1253215631907807232,2020-04-23,14023,Online,Online,Unknown,Online
1253215636005613568,2020-04-23,56198,Online,Online,Unknown,Online
1253215658529247232,2020-04-23,40588,Online,Online,Unknown,Online
1253215665281851392,2020-04-23,9385,Online,Online,Unknown,Online
1253215667370803205,2020-04-23,38,Online,Online,Unknown,Online
1253215675088359424,2020-04-23,17560,Online,Online,Unknown,Online
1253225198540648451,2020-04-23,122289,Online,Online,Unknown,This Tweet is from a suspended account
1253225198540648451,2020-04-23,122289,Online,Online,Unknown,This Tweet is from a suspended account
1253225228798496768,2020-04-23,13232,Online,Online,Unknown,You’re unable to view this Tweet because this account owner limits who can view their Tweets
1253225229343690759,2020-04-23,635,Online,Online,Unknown,Online
1253225229343690759,2020-04-23,635,Online,Online,Unknown,Online
1253225233349312512,2020-04-23,18052,Online,Online,Unknown,Online
1253225245940596736,2020-04-23,59435,Online,Online,Unknown,Online
1253225265267949568,2020-04-23,593,Online,Online,Unknown,Online
1253225267423776773,2020-04-23,6059,Online,Online,Unknown,You’re unable to view this Tweet because this account owner limits who can view their Tweets
1253225272847093760,2020-04-23,1792,Online,Online,Unknown,Online
1253225274969190400,2020-04-23,16890,Online,Online,Unknown,Online
1253225274969190400,2020-04-23,16890,Online,Online,Unknown,Online
1253225274969190400,2020-04-23,16890,Online,Online,Unknown,Online
1253225295164985346,2020-04-23,68321,Online,Online,Unknown,This Tweet is from a suspended account
1253225330191609858,2020-04-23,14715,Online,Online,Unknown,Online
1253225333777747969,2020-04-23,2359,Online,Online,Unknown,Online
1253225350374416384,2020-04-23,757,Online,Online,Unknown,Online
1253225350596718592,2020-04-23,99073,Online,Online,Unknown,This Tweet is from a suspended account
1253225380623912960,2020-04-23,135,Online,Online,Unknown,Online
1253225387842248704,2020-04-23,418,Online,Online,Unknown,You’re unable to view this Tweet because this account owner limits who can view their Tweets
1253225387842248704,2020-04-23,418,Online,Online,Unknown,You’re unable to view this Tweet because this account owner limits who can view their Tweets
1253225395601715200,2020-04-23,4457,Online,Online,Unknown,Online
1253225413612052480,2020-04-23,1908,Online,Online,Unknown,Online
1253225413612052480,2020-04-23,1908,Online,Online,Unknown,Online
1253225435418161153,2020-04-23,6939,Online,Online,Unknown,You’re unable to view this Tweet because this account owner limits who can view their Tweets
1253225438538797058,2020-04-23,1046,Online,Online,Unknown,Online
1253308074934370306,2020-04-23,122404,Online,Online,Unknown,Online
1253308120585187328,2020-04-23,109666,Online,Online,Unknown,Online
1253308125312167942,2020-04-23,85950,Online,Online,Unknown,Online
1253308162381209600,2020-04-23,5,Online,Online,Unknown,Online
1253308166797791242,2020-04-23,1304,Online,Online,Unknown,Online
1253308166797791242,2020-04-23,1304,Online,Online,Unknown,Online
1253308166797791242,2020-04-23,1304,Online,Online,Unknown,Online
1253308166797791242,2020-04-23,1304,Online,Online,Unknown,Online
1253308166797791242,2020-04-23,1304,Online,Online,Unknown,Online
1253308194929115138,2020-04-23,86964,Online,Online,Unknown,Online
1253308225195257857,2020-04-23,6246,Online,Online,Unknown,Online
1253308225195257857,2020-04-23,6246,Online,Online,Unknown,Online
1253308228487852032,2020-04-23,21881,Online,Online,Unknown,Online
1253308267763249152,2020-04-23,79147,Online,Online,Unknown,Online
1253308267763249152,2020-04-23,79147,Online,Online,Unknown,Online
1253308267763249152,2020-04-23,79147,Online,Online,Unknown,Online
1253308272309870593,2020-04-23,256,Online,Online,Unknown,This Tweet is from a suspended account
1253308296196509697,2020-04-23,27,Online,Online,Unknown,Online
1253308321399836677,2020-04-23,20415,Online,Online,Unknown,Online
1253308325573259264,2020-04-23,58457,Online,Online,Unknown,Online
1253308343797583873,2020-04-23,1617,Online,Online,Unknown,Online
1253322157926514689,2020-04-23,258198,Online,Online,Unknown,Online
1253322157926514689,2020-04-23,258198,Online,Online,Unknown,Online
1253322157926514689,2020-04-23,258198,Online,Online,Unknown,Online
1253322162418544641,2020-04-23,1300,Online,Online,Unknown,Online
1253322170748395521,2020-04-23,11804,Online,Online,Unknown,Online
1253322184396808192,2020-04-23,16369,Online,Online,Unknown,This Tweet is from a suspended account
1253322197407424515,2020-04-23,258200,Online,Online,Unknown,Online
1253322203812134921,2020-04-23,234199,Online,Online,Unknown,Online
1253322222367731714,2020-04-23,206694,Online,Online,Unknown,You’re unable to view this Tweet because this account owner limits who can view their Tweets
1253322237936930821,2020-04-23,8683,Online,Online,Unknown,Online
1253322241682444291,2020-04-23,14197,Online,Online,Unknown,Online
1253322247785201664,2020-04-23,27923,Online,Online,Unknown,Online
1253322268043853824,2020-04-23,60566,Online,Online,Unknown,Online
1253322275882844163,2020-04-23,4933,Online,Online,Unknown,Online
1253322275882844163,2020-04-23,4933,Online,Online,Unknown,Online
1253322288788697089,2020-04-23,62170,Online,Online,Unknown,Online
1253322317880365057,2020-04-23,2329,Online,Online,Unknown,Online
1253322317880365057,2020-04-23,2329,Online,Online,Unknown,Online
1253322322737541120,2020-04-23,115007,Online,Online,Unknown,This Tweet is from a suspended account
1253322322737541120,2020-04-23,115007,Online,Online,Unknown,This Tweet is from a suspended account
1253322402089455617,2020-04-23,21713,Online,Online,Unknown,Online
1253322403158962182,2020-04-23,27270,Online,Online,Unknown,Online
1253322409458819074,2020-04-23,13333,Online,Online,Unknown,Online
1253322423346192385,2020-04-23,10455,Online,Online,Unknown,Online
1253343809691357184,2020-04-23,6,Online,Online,Unknown,Online
1253343809691357184,2020-04-23,6,Online,Online,Unknown,Online
1253343809691357184,2020-04-23,6,Online,Online,Unknown,Online
1253343809691357184,2020-04-23,6,Online,Online,Unknown,Online
1253343855157657602,2020-04-23,40,Online,Online,Unknown,Online
1253343864582213635,2020-04-23,41720,Online,Online,Unknown,This Tweet is from a suspended account
1253343974196228098,2020-04-23,2030,Online,Online,Unknown,Online
1253344011202543618,2020-04-23,165,Online,Online,Unknown,Online
1253344018936676352,2020-04-23,52160,Online,Online,Unknown,This Tweet is from a suspended account
1253352516651188225,2020-04-23,31334,Online,Online,Unknown,Online
1253352516651188225,2020-04-23,31334,Online,Online,Unknown,Online
1253352546351157248,2020-04-23,1183,Online,Online,Unknown,Online
1253352563031842822,2020-04-23,86149,Online,Online,Unknown,Online
1253352580920590337,2020-04-23,120499,Online,Online,Unknown,Online
1253352638843957249,2020-04-23,39,Online,Online,Unknown,Online
1253352638843957249,2020-04-23,39,Online,Online,Unknown,Online
1253352684096303104,2020-04-23,4864,Online,Online,Unknown,Online
1253352701599068163,2020-04-23,954,Online,Online,Unknown,Online
1253352718044971010,2020-04-23,121,Online,Online,Unknown,Online
1253352743290494979,2020-04-23,7,Online,Online,Unknown,Online
1253352743290494979,2020-04-23,7,Online,Online,Unknown,Online
1253352751574265857,2020-04-23,223,Online,Online,Unknown,Online
1253352751574265857,2020-04-23,223,Online,Online,Unknown,Online
1253356732312702977,2020-04-23,12648,Online,Online,Unknown,Online
1253356744367132672,2020-04-23,47300,Online,Online,Unknown,Online
1253356744367132672,2020-04-23,47300,Online,Online,Unknown,Online
1253356773811068933,2020-04-23,14948,Online,Online,Unknown,Online
1253356803829751813,2020-04-23,20406,Online,Online,Unknown,You’re unable to view this Tweet because this account owner limits who can view their Tweets
1253356829050011651,2020-04-23,51955,Online,Online,Unknown,Online
1253356845718212608,2020-04-23,543,Online,Online,Unknown,Online
1253356845718212608,2020-04-23,543,Online,Online,Unknown,Online
1253356845718212608,2020-04-23,543,Online,Online,Unknown,Online
1253356848553562120,2020-04-23,7038,Online,Online,Unknown,Online
1253356848553562120,2020-04-23,7038,Online,Online,Unknown,Online
1253356879125905413,2020-04-23,7166,Online,Online,Unknown,You’re unable to view this Tweet because this account owner limits who can view their Tweets
1253356896733532160,2020-04-23,5651,Online,Online,Unknown,Online
1253356900646871040,2020-04-23,5712,Online,Online,Unknown,This Tweet is from a suspended account
1253436519685259264,2020-04-23,139664,Online,Online,Unknown,This Tweet is from a suspended account
1253436529034162177,2020-04-23,37190,Online,Online,Unknown,This Tweet is from a suspended account
1253436587230269441,2020-04-23,10,Online,Online,Unknown,Online
1253436664099176448,2020-04-23,64542,Online,Online,Unknown,This Tweet is from a suspended account
1253436680570318849,2020-04-23,3923,Online,Online,Unknown,This Tweet is from a suspended account
1253436705794736128,2020-04-23,51,Online,Online,Unknown,Online
1253436705794736128,2020-04-23,51,Online,Online,Unknown,Online
1253436721208803328,2020-04-23,11,Online,Online,Unknown,Online
1253436738501935105,2020-04-23,221424,Online,Online,Unknown,Online
1253436747351904256,2020-04-23,1637,Online,Online,Unknown,Online
1253489129154842626,2020-04-24,18182,Online,Online,Unknown,Online
1253489129154842626,2020-04-24,18182,Online,Online,Unknown,Online
1253489133164560386,2020-04-24,16,Online,Online,Unknown,Online
1253489139535810560,2020-04-24,124649,Online,Online,Unknown,Online
1253489149866278913,2020-04-24,6405,Online,Online,Unknown,Online
1253489155016884225,2020-04-24,96881,Online,Online,Unknown,You’re unable to view this Tweet because this account owner limits who can view their Tweets
1253489155016884225,2020-04-24,96881,Online,Online,Unknown,You’re unable to view this Tweet because this account owner limits who can view their Tweets
1253489155016884225,2020-04-24,96881,Online,Online,Unknown,You’re unable to view this Tweet because this account owner limits who can view their Tweets
1253489155855671297,2020-04-24,154652,Online,Online,Unknown,Online
1253489155855671297,2020-04-24,154652,Online,Online,Unknown,Online
1253489184448425984,2020-04-24,595,Online,Online,Unknown,Online
1253489194376273923,2020-04-24,262,Online,Online,Unknown,This Tweet is from a suspended account
1253489205902290945,2020-04-24,9044,Online,Online,Unknown,You’re unable to view this Tweet because this account owner limits who can view their Tweets
1253489205902290945,2020-04-24,9044,Online,Online,Unknown,You’re unable to view this Tweet because this account owner limits who can view their Tweets
1253489205902290945,2020-04-24,9044,Online,Online,Unknown,You’re unable to view this Tweet because this account owner limits who can view their Tweets
1253489222851473408,2020-04-24,27,Online,Online,Unknown,You’re unable to view this Tweet because this account owner limits who can view their Tweets
1253489222851473408,2020-04-24,27,Online,Online,Unknown,You’re unable to view this Tweet because this account owner limits who can view their Tweets
1253489222851473408,2020-04-24,27,Online,Online,Unknown,You’re unable to view this Tweet because this account owner limits who can view their Tweets
1253489238168834049,2020-04-24,832,Online,Online,Unknown,Online
1253489256963559429,2020-04-24,857,Online,Online,Unknown,You’re unable to view this Tweet because this account owner limits who can view their Tweets
1253489256963559429,2020-04-24,857,Online,Online,Unknown,You’re unable to view this Tweet because this account owner limits who can view their Tweets
1253489256963559429,2020-04-24,857,Online,Online,Unknown,You’re unable to view this Tweet because this account owner limits who can view their Tweets
1253489317588209667,2020-04-24,29992,Online,Online,Unknown,You’re unable to view this Tweet because this account owner limits who can view their Tweets
1253489317588209667,2020-04-24,29992,Online,Online,Unknown,You’re unable to view this Tweet because this account owner limits who can view their Tweets
1253489317588209667,2020-04-24,29992,Online,Online,Unknown,You’re unable to view this Tweet because this account owner limits who can view their Tweets
1253489319794401280,2020-04-24,21635,Online,Online,Unknown,You’re unable to view this Tweet because this account owner limits who can view their Tweets
1253489319794401280,2020-04-24,21635,Online,Online,Unknown,You’re unable to view this Tweet because this account owner limits who can view their Tweets
1253489319794401280,2020-04-24,21635,Online,Online,Unknown,You’re unable to view this Tweet because this account owner limits who can view their Tweets
1253489328052940803,2020-04-24,87097,Online,Online,Unknown,Online
1253489328052940803,2020-04-24,87097,Online,Online,Unknown,Online
1253489357635440646,2020-04-24,12277,Online,Online,Unknown,Online
1253489357635440646,2020-04-24,12277,Online,Online,Unknown,Online
1253489361301180423,2020-04-24,94891,Online,Online,Unknown,Online
1253489361301180423,2020-04-24,94891,Online,Online,Unknown,Online
1253489369714810881,2020-04-24,10574,Online,Online,Unknown,Online
1253489373485699074,2020-04-24,15208,Online,Online,Unknown,You’re unable to view this Tweet because this account owner limits who can view their Tweets
1253489373485699074,2020-04-24,15208,Online,Online,Unknown,You’re unable to view this Tweet because this account owner limits who can view their Tweets
1253489373485699074,2020-04-24,15208,Online,Online,Unknown,You’re unable to view this Tweet because this account owner limits who can view their Tweets
1253489389633785861,2020-04-24,1949,Online,Online,Unknown,Online
1253489393094086659,2020-04-24,15899,Online,Online,Unknown,This Tweet is from an account that no longer exists
1253489397338705920,2020-04-24,6884,Online,Online,Unknown,Online
1253489397338705920,2020-04-24,6884,Online,Online,Unknown,Online
1253496813144940548,2020-04-24,20476,Online,Online,Unknown,Online
1253496813144940548,2020-04-24,20476,Online,Online,Unknown,Online
1253496820115931138,2020-04-24,46789,Online,Online,Unknown,Online
1253496820115931138,2020-04-24,46789,Online,Online,Unknown,Online
1253496831943815170,2020-04-24,9035,Online,Online,Unknown,You’re unable to view this Tweet because this account owner limits who can view their Tweets
1253496831943815170,2020-04-24,9035,Online,Online,Unknown,You’re unable to view this Tweet because this account owner limits who can view their Tweets
1253496831943815170,2020-04-24,9035,Online,Online,Unknown,You’re unable to view this Tweet because this account owner limits who can view their Tweets
1253496838658961409,2020-04-24,13271,Online,Online,Unknown,Online
1253496838658961409,2020-04-24,13271,Online,Online,Unknown,Online
1253496843889029121,2020-04-24,2460,Online,Online,Unknown,Online
1253496843889029121,2020-04-24,2460,Online,Online,Unknown,Online
1253496843889029121,2020-04-24,2460,Online,Online,Unknown,Online
1253496854928666624,2020-04-24,4938,Online,Online,Unknown,Online
1253496854928666624,2020-04-24,4938,Online,Online,Unknown,Online
1253496884859031552,2020-04-24,35399,Online,Online,Unknown,You’re unable to view this Tweet because this account owner limits who can view their Tweets
1253496897442119683,2020-04-24,36965,Online,Online,Unknown,Online
1253496897442119683,2020-04-24,36965,Online,Online,Unknown,Online
1253496919982247937,2020-04-24,0,Online,Online,Unknown,This Tweet is from a suspended account
1253496936478326786,2020-04-24,72594,Online,Online,Unknown,You’re unable to view this Tweet because this account owner limits who can view their Tweets
1253496936478326786,2020-04-24,72594,Online,Online,Unknown,You’re unable to view this Tweet because this account owner limits who can view their Tweets
1253496936478326786,2020-04-24,72594,Online,Online,Unknown,You’re unable to view this Tweet because this account owner limits who can view their Tweets
1253496940664406018,2020-04-24,176314,Online,Online,Unknown,Online
1253496940664406018,2020-04-24,176314,Online,Online,Unknown,Online
1253496948449042435,2020-04-24,12998,Online,Online,Unknown,This Tweet is from a suspended account
1253496952500748291,2020-04-24,90433,Online,Online,Unknown,Online
1253496952500748291,2020-04-24,90433,Online,Online,Unknown,Online
1253496960872443904,2020-04-24,20406,Online,Online,Unknown,Online
1253496972268507137,2020-04-24,49573,Online,Online,Unknown,Online
1253496972268507137,2020-04-24,49573,Online,Online,Unknown,Online
1253496995119013889,2020-04-24,5866,Online,Online,Unknown,Online
1253496995119013889,2020-04-24,5866,Online,Online,Unknown,Online
1253497006112284674,2020-04-24,8164,Online,Online,Unknown,You’re unable to view this Tweet because this account owner limits who can view their Tweets
1253497006112284674,2020-04-24,8164,Online,Online,Unknown,You’re unable to view this Tweet because this account owner limits who can view their Tweets
1253497010726060032,2020-04-24,5673,Online,Online,Unknown,Online
1253497020205150210,2020-04-24,40965,Online,Online,Unknown,You’re unable to view this Tweet because this account owner limits who can view their Tweets
1253497020205150210,2020-04-24,40965,Online,Online,Unknown,You’re unable to view this Tweet because this account owner limits who can view their Tweets
1253497020205150210,2020-04-24,40965,Online,Online,Unknown,You’re unable to view this Tweet because this account owner limits who can view their Tweets
1253497023577427969,2020-04-24,8572,Online,Online,Unknown,This Tweet is from a suspended account
1253497024462258176,2020-04-24,2206,Online,Online,Unknown,Online
1253497024995102722,2020-04-24,2539,Online,Online,Unknown,You’re unable to view this Tweet because this account owner limits who can view their Tweets
1253497024995102722,2020-04-24,2539,Online,Online,Unknown,You’re unable to view this Tweet because this account owner limits who can view their Tweets
1253497024995102722,2020-04-24,2539,Online,Online,Unknown,You’re unable to view this Tweet because this account owner limits who can view their Tweets
1253581062740955137,2020-04-24,223534,Online,Online,Unknown,You’re unable to view this Tweet because this account owner limits who can view their Tweets
1253581062740955137,2020-04-24,223534,Online,Online,Unknown,You’re unable to view this Tweet because this account owner limits who can view their Tweets
1253581064414658560,2020-04-24,9377,Online,Online,Unknown,Online
1253581073621057536,2020-04-24,372,Online,Online,Unknown,Online
1253581102570225664,2020-04-24,1534,Online,Online,Unknown,Online
1253581102570225664,2020-04-24,1534,Online,Online,Unknown,Online
1253581110816182272,2020-04-24,1449,Online,Online,Unknown,Online
1253581116398804992,2020-04-24,16248,Online,Online,Unknown,Online
1253581149743599616,2020-04-24,7564,Online,Online,Unknown,Online
1253581154289979394,2020-04-24,47940,Online,Online,Unknown,You’re unable to view this Tweet because this account owner limits who can view their Tweets
1253581154289979394,2020-04-24,47940,Online,Online,Unknown,You’re unable to view this Tweet because this account owner limits who can view their Tweets
1253581154289979394,2020-04-24,47940,Online,Online,Unknown,You’re unable to view this Tweet because this account owner limits who can view their Tweets
1253581215430410240,2020-04-24,47223,Online,Online,Unknown,Online
1253581261639241728,2020-04-24,9239,Online,Online,Unknown,Online
1253581261639241728,2020-04-24,9239,Online,Online,Unknown,Online
1253581271147610112,2020-04-24,3529,Online,Online,Unknown,Online
1253581278814879744,2020-04-24,22806,Online,Online,Unknown,Online
1253581282916872192,2020-04-24,2194,Online,Online,Unknown,Online
1253591830995677185,2020-04-24,80,Online,Online,Unknown,Online
1253591843482337280,2020-04-24,3717,Online,Online,Unknown,Online
1253591848037363712,2020-04-24,21079,Online,Online,Unknown,Online
1253591848037363712,2020-04-24,21079,Online,Online,Unknown,Online
1253591854320193536,2020-04-24,2948,Online,Online,Unknown,This Tweet is from an account that no longer exists
1253591858510528512,2020-04-24,3623,Online,Online,Unknown,You’re unable to view this Tweet because this account owner limits who can view their Tweets
1253591861123592192,2020-04-24,567,Online,Online,Unknown,Online
1253591868815835136,2020-04-24,6844,Online,Online,Unknown,Online
1253591885928493057,2020-04-24,744,Online,Online,Unknown,Online
1253591885928493057,2020-04-24,744,Online,Online,Unknown,Online
1253591904907857920,2020-04-24,5523,Online,Online,Unknown,Online
1253591931793227777,2020-04-24,9319,Online,Online,Unknown,This Tweet is from a suspended account
1253591933269794817,2020-04-24,92155,Online,Online,Unknown,You’re unable to view this Tweet because this account owner limits who can view their Tweets
1253591933269794817,2020-04-24,92155,Online,Online,Unknown,You’re unable to view this Tweet because this account owner limits who can view their Tweets
1253591933269794817,2020-04-24,92155,Online,Online,Unknown,You’re unable to view this Tweet because this account owner limits who can view their Tweets
1253591933290758144,2020-04-24,2173,Online,Online,Unknown,Online
1253591935765196800,2020-04-24,145,Online,Online,Unknown,Online
1253591940358115328,2020-04-24,44,Online,Online,Unknown,Online
1253591948704825346,2020-04-24,7807,Online,Online,Unknown,Online
1253591948704825346,2020-04-24,7807,Online,Online,Unknown,Online
1253591957504495618,2020-04-24,40103,Online,Online,Unknown,Online
1253591970544566273,2020-04-24,23134,Online,Online,Unknown,Online
1253592016312651776,2020-04-24,70320,Online,Online,Unknown,This Tweet is from a suspended account
1253592041893888001,2020-04-24,12953,Online,Online,Unknown,Online
1253592045580664832,2020-04-24,7331,Online,Online,Unknown,Online
1253592052954099714,2020-04-24,5448,Online,Online,Unknown,Online
1253592078078050305,2020-04-24,96757,Online,Online,Unknown,This Tweet is from a suspended account
1253592079890034690,2020-04-24,6792,Online,Online,Unknown,Online
1253592079890034690,2020-04-24,6792,Online,Online,Unknown,Online
1253592105068269568,2020-04-24,4180,Online,Online,Unknown,Online
1253592109501878273,2020-04-24,19,Online,Online,Unknown,Online
1253592109501878273,2020-04-24,19,Online,Online,Unknown,Online
1253641314937253889,2020-04-24,60728,Online,Online,Unknown,Online
1253641337989001216,2020-04-24,9417,Online,Online,Unknown,Online
1253641341910867975,2020-04-24,16456,Online,Online,Unknown,Online
1253641341910867975,2020-04-24,16456,Online,Online,Unknown,Online
1253641352916742146,2020-04-24,11294,Online,Online,Unknown,You’re unable to view this Tweet because this account owner limits who can view their Tweets
1253641352916742146,2020-04-24,11294,Online,Online,Unknown,You’re unable to view this Tweet because this account owner limits who can view their Tweets
1253641366405611520,2020-04-24,1997,Online,Online,Unknown,Online
1253641366405611520,2020-04-24,1997,Online,Online,Unknown,Online
1253641376350306307,2020-04-24,635,Online,Online,Unknown,Online
1253641382700306435,2020-04-24,24513,Online,Online,Unknown,Online
1253641400366874625,2020-04-24,1790,Online,Online,Unknown,Online
1253641445422116866,2020-04-24,15492,Online,Online,Unknown,This Tweet is from a suspended account
1253641503907426304,2020-04-24,1195,Online,Online,Unknown,Online
1253641518621036545,2020-04-24,152328,Online,Online,Unknown,Online
1253641518621036545,2020-04-24,152328,Online,Online,Unknown,Online
1253641528909709312,2020-04-24,53463,Online,Online,Unknown,Online
1253641533565267970,2020-04-24,168079,Online,Online,Unknown,Online
1253641534794317824,2020-04-24,154,Online,Online,Unknown,Online
1253641541693984768,2020-04-24,17141,Online,Online,Unknown,Online
1253641541693984768,2020-04-24,17141,Online,Online,Unknown,Online
1253641562619351041,2020-04-24,5071,Online,Online,Unknown,Online
1253641568080166913,2020-04-24,16658,Online,Online,Unknown,Online
1253643339766870016,2020-04-24,25291,Online,Online,Unknown,Online
1253643339766870016,2020-04-24,25291,Online,Online,Unknown,Online
1253643341650186241,2020-04-24,32062,Online,Online,Unknown,Online
1253643341650186241,2020-04-24,32062,Online,Online,Unknown,Online
1253643346482008066,2020-04-24,6141,Online,Online,Unknown,Online
1253643372516032514,2020-04-24,298544,Online,Online,Unknown,Online
1253643403964841985,2020-04-24,9903,Online,Online,Unknown,Online
1253643443341070348,2020-04-24,9736,Online,Online,Unknown,Online
1253643464421638149,2020-04-24,15085,Online,Online,Unknown,Online
1253643476752834560,2020-04-24,38459,Online,Online,Unknown,Online
1253643476752834560,2020-04-24,38459,Online,Online,Unknown,Online
1253643485766463488,2020-04-24,26711,Online,Online,Unknown,Online
1253643487582412808,2020-04-24,37247,Online,Online,Unknown,Online
1253643489662951424,2020-04-24,91,Online,Online,Unknown,Online
1253643492707926017,2020-04-24,3848,Online,Online,Unknown,Online
1253643497149792257,2020-04-24,14538,Online,Online,Unknown,Online
1253643497799856139,2020-04-24,13558,Online,Online,Unknown,Online
1253643517450125314,2020-04-24,53496,Online,Online,Unknown,Online
1253643517450125314,2020-04-24,53496,Online,Online,Unknown,Online
1253643524383191048,2020-04-24,70294,Online,Online,Unknown,Online
1253643524383191048,2020-04-24,70294,Online,Online,Unknown,Online
1253643530570010625,2020-04-24,108482,Online,Online,Unknown,Online
1253643554385285122,2020-04-24,4,Online,Online,Unknown,Online
1253643572005535744,2020-04-24,53152,Online,Online,Unknown,You’re unable to view this Tweet because this account owner limits who can view their Tweets
1253643572005535744,2020-04-24,53152,Online,Online,Unknown,You’re unable to view this Tweet because this account owner limits who can view their Tweets
1253643572005535744,2020-04-24,53152,Online,Online,Unknown,You’re unable to view this Tweet because this account owner limits who can view their Tweets
1253643572114423809,2020-04-24,60158,Online,Online,Unknown,Online
1253643613835313152,2020-04-24,669,Online,Online,Unknown,Online
1253643613835313152,2020-04-24,669,Online,Online,Unknown,Online
1253643613835313152,2020-04-24,669,Online,Online,Unknown,Online
1253643614078545920,2020-04-24,403553,Online,Online,Unknown,Online
1253643614078545920,2020-04-24,403553,Online,Online,Unknown,Online
1253643618457444354,2020-04-24,327,Online,Online,Unknown,Online
1253657958082281473,2020-04-24,304,Online,Online,Unknown,Online
1253657963073585158,2020-04-24,65625,Online,Online,Unknown,Online
1253657963073585158,2020-04-24,65625,Online,Online,Unknown,Online
1253657989103456256,2020-04-24,1020,Online,Online,Unknown,Online
1253658005893152768,2020-04-24,5169,Online,Online,Unknown,You’re unable to view this Tweet because this account owner limits who can view their Tweets
1253658005893152768,2020-04-24,5169,Online,Online,Unknown,You’re unable to view this Tweet because this account owner limits who can view their Tweets
1253658012729765889,2020-04-24,39006,Online,Online,Unknown,Online
1253658012729765889,2020-04-24,39006,Online,Online,Unknown,Online
1253658025740644353,2020-04-24,9029,Online,Online,Unknown,This Tweet is from a suspended account
1253658027149987841,2020-04-24,126692,Online,Online,Unknown,This Tweet is from a suspended account
1253658027149987841,2020-04-24,126692,Online,Online,Unknown,This Tweet is from a suspended account
1253658027149987841,2020-04-24,126692,Online,Online,Unknown,This Tweet is from a suspended account
1253658027149987841,2020-04-24,126692,Online,Online,Unknown,This Tweet is from a suspended account
1253658027149987841,2020-04-24,126692,Online,Online,Unknown,This Tweet is from a suspended account
1253658043566428160,2020-04-24,5091,Online,Online,Unknown,Online
1253658043566428160,2020-04-24,5091,Online,Online,Unknown,Online
1253658048217911297,2020-04-24,741,Online,Online,Unknown,Online
1253658048217911297,2020-04-24,741,Online,Online,Unknown,Online
1253658048217911297,2020-04-24,741,Online,Online,Unknown,Online
1253658088126758912,2020-04-24,10,Online,Online,Unknown,Online
1253658089489825800,2020-04-24,856,Online,Online,Unknown,Online
1253658125720260608,2020-04-24,30926,Online,Online,Unknown,Online
1253658125720260608,2020-04-24,30926,Online,Online,Unknown,Online
1253658131214852096,2020-04-24,2061,Online,Online,Unknown,Online
1253658142820511744,2020-04-24,14956,Online,Online,Unknown,Online
1253658180946706434,2020-04-24,2635,Online,Online,Unknown,Online
1253658180946706434,2020-04-24,2635,Online,Online,Unknown,Online
1253658186072145920,2020-04-24,1253,Online,Online,Unknown,Online
1253658186072145920,2020-04-24,1253,Online,Online,Unknown,Online
1253675444924223488,2020-04-24,3790,Online,Online,Unknown,Online
1253675444924223488,2020-04-24,3790,Online,Online,Unknown,Online
1253675461391060992,2020-04-24,458,Online,Online,Unknown,Online
1253675477937434624,2020-04-24,5137,Online,Online,Unknown,Online
1253675491913072640,2020-04-24,9090,Online,Online,Unknown,Online
1253675521105428480,2020-04-24,0,Online,Online,Unknown,Online
1253675558510133248,2020-04-24,1355,Online,Online,Unknown,Online
1253675599090143233,2020-04-24,793,Online,Online,Unknown,Online
1253675626822852609,2020-04-24,5025,Online,Online,Unknown,Online
1253675651682328576,2020-04-24,11969,Online,Online,Unknown,Online
1253675655088267265,2020-04-24,1932,Online,Online,Unknown,Online
1253675659383144448,2020-04-24,55077,Online,Online,Unknown,Online
1253675659383144448,2020-04-24,55077,Online,Online,Unknown,Online
1253675675007016960,2020-04-24,73907,Online,Online,Unknown,Online
1253675696687325184,2020-04-24,17005,Online,Online,Unknown,Online
1253675700617465856,2020-04-24,270607,Online,Online,Unknown,Online
1253675700617465856,2020-04-24,270607,Online,Online,Unknown,Online
1253692725276401664,2020-04-24,2726,Online,Online,Unknown,Online
1253692734180917248,2020-04-24,96774,Online,Online,Unknown,Online
1253692759418028037,2020-04-24,35080,Online,Online,Unknown,Online
1253692784353124353,2020-04-24,303,Online,Online,Unknown,Online
1253692788501331968,2020-04-24,61704,Online,Online,Unknown,Online
1253692814145335297,2020-04-24,15235,Online,Online,Unknown,Online
1253692814145335297,2020-04-24,15235,Online,Online,Unknown,Online
1253692821128822784,2020-04-24,182,Online,Online,Unknown,Online
1253692821128822784,2020-04-24,182,Online,Online,Unknown,Online
1253692821128822784,2020-04-24,182,Online,Online,Unknown,Online
1253692839524958209,2020-04-24,2055,Online,Online,Unknown,Online
1253692871754080258,2020-04-24,168940,Online,Online,Unknown,Online
1253692885519794177,2020-04-24,30349,Online,Online,Unknown,Online
1253692885519794177,2020-04-24,30349,Online,Online,Unknown,Online
1253692885519794177,2020-04-24,30349,Online,Online,Unknown,Online
1253692885519794177,2020-04-24,30349,Online,Online,Unknown,Online
1253692885519794177,2020-04-24,30349,Online,Online,Unknown,Online
1253692893258113024,2020-04-24,5207,Online,Online,Unknown,Online
1253692893258113024,2020-04-24,5207,Online,Online,Unknown,Online
1253692905937604610,2020-04-24,31447,Online,Online,Unknown,Online
1253692927345192960,2020-04-24,17566,Online,Online,Unknown,Online
1253692930331566081,2020-04-24,46813,Online,Online,Unknown,This Tweet is from an account that no longer exists
1253692930331566081,2020-04-24,46813,Online,Online,Unknown,This Tweet is from an account that no longer exists
1253692942629449730,2020-04-24,5,Online,Online,Unknown,Online
1253692964922155010,2020-04-24,5418,Online,Online,Unknown,Online
1253692964922155010,2020-04-24,5418,Online,Online,Unknown,Online
1253692965161259020,2020-04-24,3429,Online,Online,Unknown,Online
1253692965161259020,2020-04-24,3429,Online,Online,Unknown,Online
1253692965161259020,2020-04-24,3429,Online,Online,Unknown,Online
1253708189637492743,2020-04-24,21674,Online,Online,Unknown,This Tweet is from a suspended account
1253708189637492743,2020-04-24,21674,Online,Online,Unknown,This Tweet is from a suspended account
1253708198374187008,2020-04-24,92404,Online,Online,Unknown,Online
1253708198567084033,2020-04-24,100115,Online,Online,Unknown,Online
1253708198567084033,2020-04-24,100115,Online,Online,Unknown,Online
1253708198567084033,2020-04-24,100115,Online,Online,Unknown,Online
1253708202283335680,2020-04-24,6352,Online,Online,Unknown,Online
1253708202350383104,2020-04-24,195330,Online,Online,Unknown,Online
1253708219228098560,2020-04-24,178269,Online,Online,Unknown,You’re unable to view this Tweet because this account owner limits who can view their Tweets
1253708219228098560,2020-04-24,178269,Online,Online,Unknown,You’re unable to view this Tweet because this account owner limits who can view their Tweets
1253708231593115651,2020-04-24,16903,Online,Online,Unknown,Online
1253708231593115651,2020-04-24,16903,Online,Online,Unknown,Online
1253708231593115651,2020-04-24,16903,Online,Online,Unknown,Online
1253708231593115651,2020-04-24,16903,Online,Online,Unknown,Online
1253708248122830848,2020-04-24,567,Online,Online,Unknown,Online
1253708269715152896,2020-04-24,16030,Online,Online,Unknown,Online
1253708269715152896,2020-04-24,16030,Online,Online,Unknown,Online
1253708269715152896,2020-04-24,16030,Online,Online,Unknown,Online
1253708269715152896,2020-04-24,16030,Online,Online,Unknown,Online
1253708277206179840,2020-04-24,3715,Online,Online,Unknown,Online
1253708277206179840,2020-04-24,3715,Online,Online,Unknown,Online
1253708277206179840,2020-04-24,3715,Online,Online,Unknown,Online
1253708328745570309,2020-04-24,5838,Online,Online,Unknown,Online
1253708328745570309,2020-04-24,5838,Online,Online,Unknown,Online
1253708328745570309,2020-04-24,5838,Online,Online,Unknown,Online
1253708340594487298,2020-04-24,320541,Online,Online,Unknown,Online
1253708340594487298,2020-04-24,320541,Online,Online,Unknown,Online
1253708345300656128,2020-04-24,6100,Online,Online,Unknown,Online
1253708353525575680,2020-04-24,29381,Online,Online,Unknown,Online
1253708427983020033,2020-04-24,62415,Online,Online,Unknown,Online
1253708428943523843,2020-04-24,26335,Online,Online,Unknown,This Tweet is from a suspended account
1253724036300976128,2020-04-24,95,Online,Online,Unknown,Online
1253724036300976128,2020-04-24,95,Online,Online,Unknown,Online
1253724053338275851,2020-04-24,2037,Online,Online,Unknown,Online
1253724057322881024,2020-04-24,2780,Online,Online,Unknown,Online
1253724090310914048,2020-04-24,32403,Online,Online,Unknown,Online
1253724135634558977,2020-04-24,27672,Online,Online,Unknown,Online
1253724148653871106,2020-04-24,38398,Online,Online,Unknown,Online
1253724169704964096,2020-04-24,28724,Online,Online,Unknown,Online
1253724194506002432,2020-04-24,92174,Online,Online,Unknown,This Tweet is from a suspended account
1253724202860863489,2020-04-24,188842,Online,Online,Unknown,Online
1253724220233854976,2020-04-24,0,Online,Online,Unknown,Online
1253724246175551489,2020-04-24,1086,Online,Online,Unknown,Online
1253724246175551489,2020-04-24,1086,Online,Online,Unknown,Online
1253724291272597505,2020-04-24,3379,Online,Online,Unknown,Online
1253724300835721218,2020-04-24,1776,Online,Online,Unknown,Online
1253724300835721218,2020-04-24,1776,Online,Online,Unknown,Online
1253748643129110530,2020-04-24,83325,Online,Online,Unknown,Online
1253748673126645760,2020-04-24,18,Online,Online,Unknown,Online
1253748681196679176,2020-04-24,3163,Online,Online,Unknown,Online
1253748727610834945,2020-04-24,11609,Online,Online,Unknown,This Tweet is from an account that no longer exists
1253748727610834945,2020-04-24,11609,Online,Online,Unknown,This Tweet is from an account that no longer exists
1253748786729369600,2020-04-24,2917,Online,Online,Unknown,Online
1253748786729369600,2020-04-24,2917,Online,Online,Unknown,Online
1253748786729369600,2020-04-24,2917,Online,Online,Unknown,Online
1253748804035252230,2020-04-24,1,Online,Online,Unknown,Online
1253748869428588544,2020-04-24,587,Online,Online,Unknown,Online
1253748879326982145,2020-04-24,6981,Online,Online,Unknown,Online
1253748879326982145,2020-04-24,6981,Online,Online,Unknown,Online
1253777660674785286,2020-04-24,95143,Online,Online,Unknown,Online
1253777660674785286,2020-04-24,95143,Online,Online,Unknown,Online
1253777681390292994,2020-04-24,325,Online,Online,Unknown,You’re unable to view this Tweet because this account owner limits who can view their Tweets
1253777743344353280,2020-04-24,806,Online,Online,Unknown,Online
1253777751456309250,2020-04-24,45119,Online,Online,Unknown,Online
1253777751456309250,2020-04-24,45119,Online,Online,Unknown,Online
1253777755713368065,2020-04-24,33870,Online,Online,Unknown,This Tweet is from a suspended account
1253777761929441281,2020-04-24,35023,Online,Online,Unknown,Online
1253777785958662146,2020-04-24,6978,Online,Online,Unknown,Online
1253777789280571392,2020-04-24,1295,Online,Online,Unknown,Online
1253777836856365056,2020-04-24,32471,Online,Online,Unknown,Online
1253808614151602176,2020-04-24,35261,Online,Online,Unknown,This Tweet is from a suspended account
1253808617641435142,2020-04-24,25195,Online,Online,Unknown,Online
1253808630517821440,2020-04-24,1517,Online,Online,Unknown,This Tweet is from a suspended account
1253808651090964480,2020-04-24,643,Online,Online,Unknown,This Tweet is from a suspended account
1253808651090964480,2020-04-24,643,Online,Online,Unknown,This Tweet is from a suspended account
1253808652672135168,2020-04-24,360,Online,Online,Unknown,Online
1253808656505765888,2020-04-24,399,Online,Online,Unknown,This Tweet is from a suspended account
1253808656912723971,2020-04-24,1215,Online,Online,Unknown,Online
1253808685496877059,2020-04-24,23024,Online,Online,Unknown,Online
1253808689363980288,2020-04-24,83945,Online,Online,Unknown,This Tweet is from a suspended account
1253808693776388096,2020-04-24,3000,Online,Online,Unknown,This Tweet is from a suspended account
1253808707625840640,2020-04-24,8772,Online,Online,Unknown,This Tweet is from a suspended account
1253808722616475654,2020-04-24,585,Online,Online,Unknown,Online
1253808748612784131,2020-04-24,110,Online,Online,Unknown,Online
1253808752270233603,2020-04-24,25613,Online,Online,Unknown,Online
1253808759907876865,2020-04-24,8761,Online,Online,Unknown,Online
1253808779100971008,2020-04-24,68969,Online,Online,Unknown,Online
1253808779100971008,2020-04-24,68969,Online,Online,Unknown,Online
1253808818653401090,2020-04-24,1567,Online,Online,Unknown,Online
1253808818653401090,2020-04-24,1567,Online,Online,Unknown,Online
1253808818653401090,2020-04-24,1567,Online,Online,Unknown,Online
1253808818653401090,2020-04-24,1567,Online,Online,Unknown,Online
1253808818653401090,2020-04-24,1567,Online,Online,Unknown,Online
1253808818653401090,2020-04-24,1567,Online,Online,Unknown,Online
1253808818653401090,2020-04-24,1567,Online,Online,Unknown,Online
1253808819655839745,2020-04-24,107,Online,Online,Unknown,Online
1253808828212056065,2020-04-24,559,Online,Online,Unknown,Online
1253808832419151872,2020-04-24,12079,Online,Online,Unknown,Online
1253841582584815616,2020-04-25,103533,Online,Online,Unknown,Online
1253841604621680642,2020-04-25,189036,Online,Online,Unknown,Online
1253841604621680642,2020-04-25,189036,Online,Online,Unknown,Online
1253841628046843905,2020-04-25,15918,Online,Online,Unknown,This Tweet is from a suspended account
1253841672884170758,2020-04-25,133363,Online,Online,Unknown,Online
1253841672884170758,2020-04-25,133363,Online,Online,Unknown,Online
1253841672884170758,2020-04-25,133363,Online,Online,Unknown,Online
1253892917082521604,2020-04-25,9,Online,Online,Unknown,Online
1253892928570785795,2020-04-25,213729,Online,Online,Unknown,This Tweet is from a suspended account
1253892929552293889,2020-04-25,3962,Online,Online,Unknown,Online
1253893005867704320,2020-04-25,208194,Online,Online,Unknown,Online
1253893005867704320,2020-04-25,208194,Online,Online,Unknown,Online
1253893110423158784,2020-04-25,191829,Online,Online,Unknown,This Tweet is from a suspended account
1253893134481633281,2020-04-25,31835,Online,Online,Unknown,Online
1253893134481633281,2020-04-25,31835,Online,Online,Unknown,Online
1253893134481633281,2020-04-25,31835,Online,Online,Unknown,Online
1253893134481633281,2020-04-25,31835,Online,Online,Unknown,Online
1253893153192660992,2020-04-25,40739,Online,Online,Unknown,This Tweet is from a suspended account
1253895220594388994,2020-04-25,4629,Online,Online,Unknown,Online
1253895220594388994,2020-04-25,4629,Online,Online,Unknown,Online
1253895402211823616,2020-04-25,74,Online,Online,Unknown,Online
1253895402211823616,2020-04-25,74,Online,Online,Unknown,Online
1253895416141303808,2020-04-25,27916,Online,Online,Unknown,This Tweet is from a suspended account
1253895416908660736,2020-04-25,114566,Online,Online,Unknown,This Tweet is from a suspended account
1253913154599497730,2020-04-25,276,Online,Online,Unknown,Online
1253913198891347970,2020-04-25,22608,Online,Online,Unknown,Online
1253913198891347970,2020-04-25,22608,Online,Online,Unknown,Online
1253913219661303808,2020-04-25,21230,Online,Online,Unknown,Online
1253913219661303808,2020-04-25,21230,Online,Online,Unknown,Online
1253913238384803842,2020-04-25,17062,Online,Online,Unknown,Online
1253913238384803842,2020-04-25,17062,Online,Online,Unknown,Online
1253913296656203776,2020-04-25,429471,Online,Online,Unknown,Online
1253913307741904902,2020-04-25,18646,Online,Online,Unknown,This Tweet is from a suspended account
1253913353497399297,2020-04-25,489683,Online,Online,Unknown,Online
1253913364499173376,2020-04-25,12795,Online,Online,Unknown,This Tweet is from a suspended account
1253913371549802501,2020-04-25,0,Online,Online,Unknown,Online
1253913371549802501,2020-04-25,0,Online,Online,Unknown,Online
1253980632511918080,2020-04-25,26484,Online,Online,Unknown,Online
1253980706914664449,2020-04-25,472,Online,Online,Unknown,Online
1253980792658825216,2020-04-25,7029,Online,Online,Unknown,Online
1253980806407692290,2020-04-25,39660,Online,Online,Unknown,Online
1253980806407692290,2020-04-25,39660,Online,Online,Unknown,Online
1253986605632798721,2020-04-25,3500,Online,Online,Unknown,This Tweet is from a suspended account
1254089977929125898,2020-04-25,577,Online,Online,Unknown,Online
1254089989345800193,2020-04-25,64495,Online,Online,Unknown,Online
1254089993217290240,2020-04-25,47177,Online,Online,Unknown,Online
1254090092853039105,2020-04-25,30673,Online,Online,Unknown,Online
1254099671221493760,2020-04-25,957,Online,Online,Unknown,Online
1254099778469650433,2020-04-25,39989,Online,Online,Unknown,Online
1254099778469650433,2020-04-25,39989,Online,Online,Unknown,Online
1254099778469650433,2020-04-25,39989,Online,Online,Unknown,Online
1254099778469650433,2020-04-25,39989,Online,Online,Unknown,Online
1254121908297064449,2020-04-25,1110,Online,Online,Unknown,Online
1254122130050080768,2020-04-25,568,Online,Online,Unknown,Online
1254122130050080768,2020-04-25,568,Online,Online,Unknown,Online
1254122130050080768,2020-04-25,568,Online,Online,Unknown,Online
1254122130050080768,2020-04-25,568,Online,Online,Unknown,Online
1254164747928375298,2020-04-25,30188,Online,Online,Unknown,Online
1254234747775135747,2020-04-26,146161,Online,Online,Unknown,This Tweet is from a suspended account
1254234767869927424,2020-04-26,17146,Online,Online,Unknown,Online
1254315598550650880,2020-04-26,4793,Online,Online,Unknown,This Tweet is from a suspended account
1254369791768322048,2020-04-26,74,Online,Online,Unknown,Online
1254430676935487496,2020-04-26,81690,Online,Online,Unknown,Online
1254430696883527680,2020-04-26,1210,Online,Online,Unknown,Online
1254454221774172163,2020-04-26,6304,Online,Online,Unknown,Online
1254497418684493825,2020-04-26,1146,Online,Online,Unknown,Online
1254576013134172161,2020-04-27,29090,Online,Online,Unknown,Online
1254576013134172161,2020-04-27,29090,Online,Online,Unknown,Online
1254576013134172161,2020-04-27,29090,Online,Online,Unknown,Online
1254576013134172161,2020-04-27,29090,Online,Online,Unknown,Online
1260044489210683392,2020-05-12,21099,Online,Online,Unknown,Online
1260044489210683392,2020-05-12,21099,Online,Online,Unknown,Online
1260044515274080256,2020-05-12,96871,Online,Online,Unknown,Online
1260044602137927681,2020-05-12,40885,Online,Online,Unknown,Online
1260044634190868480,2020-05-12,26,Online,Online,Unknown,Online
1260109710218452992,2020-05-12,6849,Online,Online,Unknown,Online
1260109710218452992,2020-05-12,6849,Online,Online,Unknown,Online
1260109738110484480,2020-05-12,22918,Online,Online,Unknown,Online
1260109765444845568,2020-05-12,13,Online,Online,Unknown,Online
1260109772520652800,2020-05-12,7634,Online,Online,Unknown,Online
1260109772520652800,2020-05-12,7634,Online,Online,Unknown,Online
1260109815604445184,2020-05-12,75532,Online,Online,Unknown,This Tweet is from a suspended account
1260109821141024774,2020-05-12,5759,Online,Online,Unknown,Online
1260109821141024774,2020-05-12,5759,Online,Online,Unknown,Online
1260109836148068352,2020-05-12,17,Online,Online,Unknown,Online
1260109858168332288,2020-05-12,2593,Online,Online,Unknown,Online
1260109858168332288,2020-05-12,2593,Online,Online,Unknown,Online
1260109873787932672,2020-05-12,7952,Online,Online,Unknown,Online
1260109873787932672,2020-05-12,7952,Online,Online,Unknown,Online
1260109891265593344,2020-05-12,22032,Online,Online,Unknown,This Tweet is from a suspended account
1260109905265999872,2020-05-12,362,Online,Online,Unknown,Online
1260109905265999872,2020-05-12,362,Online,Online,Unknown,Online
1260109905329086466,2020-05-12,2049,Online,Online,Unknown,Online
1260145612353241096,2020-05-12,23880,Online,Online,Unknown,Online
1260145621740204033,2020-05-12,9705,Online,Online,Unknown,Online
1260145621740204033,2020-05-12,9705,Online,Online,Unknown,Online
1260145636286050304,2020-05-12,923,Online,Online,Unknown,Online
1260145653155598345,2020-05-12,1134,Online,Online,Unknown,Online
1260145701385842690,2020-05-12,3112,Online,Online,Unknown,This Tweet is from a suspended account
1260145710281953280,2020-05-12,121292,Online,Online,Unknown,Online
1260145710281953280,2020-05-12,121292,Online,Online,Unknown,Online
1260145745388134402,2020-05-12,3993,Online,Online,Unknown,Online
1260145774173679621,2020-05-12,714,Online,Online,Unknown,Online
1260145793413058562,2020-05-12,376,Online,Online,Unknown,Online
1260145836186615808,2020-05-12,4056,Online,Online,Unknown,You’re unable to view this Tweet because this account owner limits who can view their Tweets
1260145867152973826,2020-05-12,27233,Online,Online,Unknown,Online
1260145895179509760,2020-05-12,809,Online,Online,Unknown,Online
1260145904868192256,2020-05-12,1257,Online,Online,Unknown,Online
1260145904868192256,2020-05-12,1257,Online,Online,Unknown,Online
1260145914477449219,2020-05-12,964,Online,Online,Unknown,Online
1260145920512888832,2020-05-12,25137,Online,Online,Unknown,Online
1260186204974219266,2020-05-12,749,Online,Online,Unknown,You’re unable to view this Tweet because this account owner limits who can view their Tweets
1260186230471512066,2020-05-12,24972,Online,Online,Unknown,Online
1260186231054520320,2020-05-12,23912,Online,Online,Unknown,This Tweet is from a suspended account
1260186241884139520,2020-05-12,69795,Online,Online,Unknown,Online
1260186262046195714,2020-05-12,106932,Online,Online,Unknown,Online
1260186264525037568,2020-05-12,2336,Online,Online,Unknown,Online
1260186300927410176,2020-05-12,2442,Online,Online,Unknown,Online
1260186301195845633,2020-05-12,18517,Online,Online,Unknown,Online
1260186303959891968,2020-05-12,5880,Online,Online,Unknown,Online
1260186304836521986,2020-05-12,2812,Online,Online,Unknown,Online
1260186304836521986,2020-05-12,2812,Online,Online,Unknown,Online
1260186304836521986,2020-05-12,2812,Online,Online,Unknown,Online
1260186321571786754,2020-05-12,230808,Online,Online,Unknown,Online
1260186321571786754,2020-05-12,230808,Online,Online,Unknown,Online
1260186350600499201,2020-05-12,19494,Online,Online,Unknown,Online
1260186356724248576,2020-05-12,2161,Online,Online,Unknown,Online
1260186356724248576,2020-05-12,2161,Online,Online,Unknown,Online
1260186384708636674,2020-05-12,15187,Online,Online,Unknown,Online
1260186393105453056,2020-05-12,16926,Online,Online,Unknown,Online
1260186402131591169,2020-05-12,14654,Online,Online,Unknown,Online
1260186445647679488,2020-05-12,32521,Online,Online,Unknown,Online
1260186451649708032,2020-05-12,66,Online,Online,Unknown,Online
1260227082707181571,2020-05-12,60088,Online,Online,Unknown,Online
1260227149929361409,2020-05-12,348817,Online,Online,Unknown,Online
1260227179947929600,2020-05-12,16590,Online,Online,Unknown,Online
1260227198767726594,2020-05-12,4205,Online,Online,Unknown,Online
1260227205071695873,2020-05-12,6556,Online,Online,Unknown,Online
1260227221358284800,2020-05-12,1087,Online,Online,Unknown,Online
1260227292292419585,2020-05-12,16486,Online,Online,Unknown,Online
1260227292292419585,2020-05-12,16486,Online,Online,Unknown,Online
1260227300643295232,2020-05-12,1855,Online,Online,Unknown,Online
1260227321149169664,2020-05-12,0,Online,Online,Unknown,Online
1260227332696129538,2020-05-12,12366,Online,Online,Unknown,This Tweet is from a suspended account
1260232010364260352,2020-05-12,20115,Online,Online,Unknown,Online
1260232018761310211,2020-05-12,50130,Online,Online,Unknown,Online
1260232057835401216,2020-05-12,70655,Online,Online,Unknown,Online
1260232061715206144,2020-05-12,10,Online,Online,Unknown,Online
1260232061715206144,2020-05-12,10,Online,Online,Unknown,Online
1260232074977574914,2020-05-12,103989,Online,Online,Unknown,Online
1260232082262904832,2020-05-12,30,Online,Online,Unknown,Online
1260232082262904832,2020-05-12,30,Online,Online,Unknown,Online
1260232085488402434,2020-05-12,40701,Online,Online,Unknown,Online
1260232088894218240,2020-05-12,4054,Online,Online,Unknown,Online
1260232090999754756,2020-05-12,21,Online,Online,Unknown,Online
1260232129058934792,2020-05-12,3639,Online,Online,Unknown,This Tweet is from a suspended account
1260232129058934792,2020-05-12,3639,Online,Online,Unknown,This Tweet is from a suspended account
1260232140131831808,2020-05-12,1546,Online,Online,Unknown,Online
1260232143776681992,2020-05-12,4690,Online,Online,Unknown,Online
1260232175451963400,2020-05-12,25438,Online,Online,Unknown,Online
1260232203063177221,2020-05-12,1061,Online,Online,Unknown,Online
1260232204140986368,2020-05-12,4464,Online,Online,Unknown,You’re unable to view this Tweet because this account owner limits who can view their Tweets
1260232221543133185,2020-05-12,52,Online,Online,Unknown,Online
1260232242149896194,2020-05-12,28036,Online,Online,Unknown,Online
1260232244762824704,2020-05-12,1277,Online,Online,Unknown,Online
1260232250077085699,2020-05-12,964,Online,Online,Unknown,Online
1260232250077085699,2020-05-12,964,Online,Online,Unknown,Online
1260232274382970880,2020-05-12,7807,Online,Online,Unknown,Online
1260232280032903170,2020-05-12,82,Online,Online,Unknown,Online
1260232280032903170,2020-05-12,82,Online,Online,Unknown,Online
1260232280032903170,2020-05-12,82,Online,Online,Unknown,Online
1260239505505816576,2020-05-12,11,Online,Online,Unknown,Online
1260239505505816576,2020-05-12,11,Online,Online,Unknown,Online
1260239513504317441,2020-05-12,7822,Online,Online,Unknown,This Tweet is from a suspended account
1260239540117098496,2020-05-12,6057,Online,Online,Unknown,Online
1260239552230424578,2020-05-12,123536,Online,Online,Unknown,Online
1260239554000216064,2020-05-12,53,Online,Online,Unknown,Online
1260239581833654273,2020-05-12,2630,Online,Online,Unknown,You’re unable to view this Tweet because this account owner limits who can view their Tweets
1260239610732376064,2020-05-12,24108,Online,Online,Unknown,Online
1260239614553489408,2020-05-12,53003,Online,Online,Unknown,This Tweet is from a suspended account
1260239618135465992,2020-05-12,3667,Online,Online,Unknown,Online
1260239618601103362,2020-05-12,83859,Online,Online,Unknown,This Tweet is from a suspended account
1260239628268965896,2020-05-12,90282,Online,Online,Unknown,Online
1260239636296843264,2020-05-12,39038,Online,Online,Unknown,Online
1260239636296843264,2020-05-12,39038,Online,Online,Unknown,Online
1260239636296843264,2020-05-12,39038,Online,Online,Unknown,Online
1260239677996613637,2020-05-12,20873,Online,Online,Unknown,Online
1260239735294918658,2020-05-12,10479,Online,Online,Unknown,Online
1260239743796854794,2020-05-12,442,Online,Online,Unknown,Online
1260239743796854794,2020-05-12,442,Online,Online,Unknown,Online
1260239743796854794,2020-05-12,442,Online,Online,Unknown,Online
1260239769470144514,2020-05-12,1886,Online,Online,Unknown,Online
1260239769470144514,2020-05-12,1886,Online,Online,Unknown,Online
1260239769470144514,2020-05-12,1886,Online,Online,Unknown,Online
1260239773987491842,2020-05-12,31196,Online,Online,Unknown,Online
1260239773987491842,2020-05-12,31196,Online,Online,Unknown,Online
1260271260002594822,2020-05-12,1296,Online,Online,Unknown,Online
1260271270035415040,2020-05-12,1,Online,Online,Unknown,This Tweet is from a suspended account
1260271328344657921,2020-05-12,3450,Online,Online,Unknown,Online
1260271344307957760,2020-05-12,637652,Online,Online,Unknown,Online
1260271353602510848,2020-05-12,1235,Online,Online,Unknown,Online
1260271410871558144,2020-05-12,116857,Online,Online,Unknown,Online
1260271410871558144,2020-05-12,116857,Online,Online,Unknown,Online
1260271437060939777,2020-05-12,95255,Online,Online,Unknown,Online
1260271449266425857,2020-05-12,0,Online,Online,Unknown,Online
1260271449266425857,2020-05-12,0,Online,Online,Unknown,Online
1260271454349910018,2020-05-12,14475,Online,Online,Unknown,Online
1260271478211317760,2020-05-12,896,Online,Online,Unknown,Online
1260271549216677889,2020-05-12,27190,Online,Online,Unknown,Online
1260276542917222400,2020-05-12,123385,Online,Online,Unknown,Online
1260276542917222400,2020-05-12,123385,Online,Online,Unknown,Online
1260276600165335046,2020-05-12,28225,Online,Online,Unknown,This Tweet is from a suspended account
1260276651809746944,2020-05-12,4055,Online,Online,Unknown,Online
1260276651809746944,2020-05-12,4055,Online,Online,Unknown,Online
1260276660030418944,2020-05-12,166927,Online,Online,Unknown,Online
1260276746143793153,2020-05-12,3472,Online,Online,Unknown,Online
1260276790662098944,2020-05-12,185160,Online,Online,Unknown,This Tweet is from a suspended account
1260276790662098944,2020-05-12,185160,Online,Online,Unknown,This Tweet is from a suspended account
1260311714068746240,2020-05-12,18620,Online,Online,Unknown,Online
1260311714068746240,2020-05-12,18620,Online,Online,Unknown,Online
1260311715499044864,2020-05-12,68305,Online,Online,Unknown,Online
1260311782985363456,2020-05-12,416708,Online,Online,Unknown,Online
1260311790820474880,2020-05-12,70909,Online,Online,Unknown,This Tweet is from a suspended account
1260311799066492928,2020-05-12,2637,Online,Online,Unknown,Online
1260311839499485186,2020-05-12,40625,Online,Online,Unknown,Online
1260311874459111425,2020-05-12,20738,Online,Online,Unknown,This Tweet is from a suspended account
1260311882717638663,2020-05-12,848313,Online,Online,Unknown,Online
1260311904393674752,2020-05-12,1661,Online,Online,Unknown,Online
1260311936735907840,2020-05-12,119194,Online,Online,Unknown,Online
1260311945288318985,2020-05-12,104579,Online,Online,Unknown,Online
1260333772366508032,2020-05-12,16027,Online,Online,Unknown,Online
1260333772995792896,2020-05-12,16748,Online,Online,Unknown,Online
1260333772995792896,2020-05-12,16748,Online,Online,Unknown,Online
1260333772995792896,2020-05-12,16748,Online,Online,Unknown,Online
1260333824518631431,2020-05-12,13730,Online,Online,Unknown,Online
1260333844932198400,2020-05-12,0,Online,Online,Unknown,Online
1260333898199961601,2020-05-12,28143,Online,Online,Unknown,Online
1260333898199961601,2020-05-12,28143,Online,Online,Unknown,Online
1260333917334384640,2020-05-12,114729,Online,Online,Unknown,This Tweet is from a suspended account
1260333987874119680,2020-05-12,7846,Online,Online,Unknown,Online
1260334021403426816,2020-05-12,158277,Online,Online,Unknown,Online
1260334021403426816,2020-05-12,158277,Online,Online,Unknown,Online
1260334021403426816,2020-05-12,158277,Online,Online,Unknown,Online
1260334040541995008,2020-05-12,18882,Online,Online,Unknown,This Tweet is from a suspended account
1260334040541995008,2020-05-12,18882,Online,Online,Unknown,This Tweet is from a suspended account
1260364777554993152,2020-05-13,52078,Online,Online,Unknown,Online
1260364777554993152,2020-05-13,52078,Online,Online,Unknown,Online
1260364777554993152,2020-05-13,52078,Online,Online,Unknown,Online
1260364813219311618,2020-05-13,208794,Online,Online,Unknown,This Tweet is from a suspended account
1260364835738595329,2020-05-13,76,Online,Online,Unknown,Online
1260364864741994496,2020-05-13,2817,Online,Online,Unknown,This Tweet is from a suspended account
1260364877186695168,2020-05-13,85738,Online,Online,Unknown,Online
1260364926989684736,2020-05-13,24160,Online,Online,Unknown,Online
1260364926989684736,2020-05-13,24160,Online,Online,Unknown,Online
1260364961097883648,2020-05-13,164482,Online,Online,Unknown,Online
1260364961097883648,2020-05-13,164482,Online,Online,Unknown,Online
1260364961986969601,2020-05-13,47427,Online,Online,Unknown,This Tweet is from a suspended account
1260364969482153985,2020-05-13,5823,Online,Online,Unknown,Online
1260364981784023040,2020-05-13,341,Online,Online,Unknown,Online
1260365018081574912,2020-05-13,139947,Online,Online,Unknown,Online
1260365018081574912,2020-05-13,139947,Online,Online,Unknown,Online
1260365018081574912,2020-05-13,139947,Online,Online,Unknown,Online
1260365052030390280,2020-05-13,12345,Online,Online,Unknown,Online
1260365072930652163,2020-05-13,1585,Online,Online,Unknown,Online
1260368206297849856,2020-05-13,56,Online,Online,Unknown,Online
1260368207334047745,2020-05-13,656,Online,Online,Unknown,Online
1260368215944785920,2020-05-13,157,Online,Online,Unknown,Online
1260368219526713344,2020-05-13,16086,Online,Online,Unknown,Online
1260368219526713344,2020-05-13,16086,Online,Online,Unknown,Online
1260368222504747011,2020-05-13,1021,Online,Online,Unknown,This Tweet is from a suspended account
1260368251168739330,2020-05-13,384,Online,Online,Unknown,Online
1260368295309357056,2020-05-13,87104,Online,Online,Unknown,Online
1260368331585892358,2020-05-13,22903,Online,Online,Unknown,This Tweet is from a suspended account
1260368331585892358,2020-05-13,22903,Online,Online,Unknown,This Tweet is from a suspended account
1260368360832786433,2020-05-13,40411,Online,Online,Unknown,Online
1260368417040654336,2020-05-13,42573,Online,Online,Unknown,Online
1260368417040654336,2020-05-13,42573,Online,Online,Unknown,Online
1260368425362358277,2020-05-13,85995,Online,Online,Unknown,Online
1260368425362358277,2020-05-13,85995,Online,Online,Unknown,Online
1260368425362358277,2020-05-13,85995,Online,Online,Unknown,Online
1260368429468524545,2020-05-13,32543,Online,Online,Unknown,Online
1260368429468524545,2020-05-13,32543,Online,Online,Unknown,Online
1260368429468524545,2020-05-13,32543,Online,Online,Unknown,Online
1260368441653055495,2020-05-13,283,Online,Online,Unknown,Online
1260368441653055495,2020-05-13,283,Online,Online,Unknown,Online
1260368441653055495,2020-05-13,283,Online,Online,Unknown,Online
1260368450133929984,2020-05-13,18199,Online,Online,Unknown,This Tweet is from a suspended account
1260368499022745600,2020-05-13,120,Online,Online,Unknown,Online
1260429114755907585,2020-05-13,15287,Online,Online,Unknown,Online
1260429141368856577,2020-05-13,52240,Online,Online,Unknown,This Tweet is from a suspended account
1260429144648753152,2020-05-13,188897,Online,Online,Unknown,Online
1260429209568251904,2020-05-13,15996,Online,Online,Unknown,Online
1260429209568251904,2020-05-13,15996,Online,Online,Unknown,Online
1260429226219581440,2020-05-13,135911,Online,Online,Unknown,This Tweet is from a suspended account
1260429235736510464,2020-05-13,4247,Online,Online,Unknown,Online
1260429235736510464,2020-05-13,4247,Online,Online,Unknown,Online
1260429253151252481,2020-05-13,5,Online,Online,Unknown,Online
1260429256993234958,2020-05-13,193,Online,Online,Unknown,Online
1260429256993234958,2020-05-13,193,Online,Online,Unknown,Online
1260429328451612672,2020-05-13,102043,Online,Online,Unknown,Online
1260429348101853184,2020-05-13,56,Online,Online,Unknown,Online
1260429348101853184,2020-05-13,56,Online,Online,Unknown,Online
1260436990463561728,2020-05-13,3182,Online,Online,Unknown,Online
1260436990463561728,2020-05-13,3182,Online,Online,Unknown,Online
1260436994724954112,2020-05-13,1209,Online,Online,Unknown,Online
1260436994724954112,2020-05-13,1209,Online,Online,Unknown,Online
1260436995186311171,2020-05-13,41725,Online,Online,Unknown,Online
1260437016233349121,2020-05-13,1835,Online,Online,Unknown,Online
1260437043097882627,2020-05-13,495,Online,Online,Unknown,Online
1260437088874487813,2020-05-13,5305,Online,Online,Unknown,Online
1260437111339188234,2020-05-13,6276,Online,Online,Unknown,Online
1260437119216103440,2020-05-13,6859,Online,Online,Unknown,Online
1260437119216103440,2020-05-13,6859,Online,Online,Unknown,Online
1260437157275217920,2020-05-13,5509,Online,Online,Unknown,Online
1260437168054509568,2020-05-13,20894,Online,Online,Unknown,Online
1260437168054509568,2020-05-13,20894,Online,Online,Unknown,Online
1260437191941029899,2020-05-13,223,Online,Online,Unknown,Online
1260437221540278273,2020-05-13,5840,Online,Online,Unknown,Online
1260437229496909826,2020-05-13,42903,Online,Online,Unknown,Online
1260437229496909826,2020-05-13,42903,Online,Online,Unknown,Online
1260437247188504578,2020-05-13,197722,Online,Online,Unknown,This Tweet is from a suspended account
1260437298736480262,2020-05-13,3214,Online,Online,Unknown,Online
1260437344840298504,2020-05-13,1252,Online,Online,Unknown,You’re unable to view this Tweet because this account owner limits who can view their Tweets
1260494858558615552,2020-05-13,10068,Online,Online,Unknown,Online
1260494858558615552,2020-05-13,10068,Online,Online,Unknown,Online
1260494858558615552,2020-05-13,10068,Online,Online,Unknown,Online
1260494858558615552,2020-05-13,10068,Online,Online,Unknown,Online
1260494864451592203,2020-05-13,3557,Online,Online,Unknown,Online
1260494868725538816,2020-05-13,1048,Online,Online,Unknown,Online
1260494868725538816,2020-05-13,1048,Online,Online,Unknown,Online
1260494891676811265,2020-05-13,3558,Online,Online,Unknown,Online
1260494891886546950,2020-05-13,13,Online,Online,Unknown,Online
1260494921099808771,2020-05-13,172,Online,Online,Unknown,Online
1260494934165028864,2020-05-13,3274,Online,Online,Unknown,This Tweet is from a suspended account
1260494960375332865,2020-05-13,6001,Online,Online,Unknown,Online
1260494970236088321,2020-05-13,2753,Online,Online,Unknown,This Tweet is from a suspended account
1260494976972095488,2020-05-13,1545,Online,Online,Unknown,Online
1260494976972095488,2020-05-13,1545,Online,Online,Unknown,Online
1260494976972095488,2020-05-13,1545,Online,Online,Unknown,Online
1260494994462261248,2020-05-13,732,Online,Online,Unknown,Online
1260494994462261248,2020-05-13,732,Online,Online,Unknown,Online
1260494994470666240,2020-05-13,512,Online,Online,Unknown,Online
1260495028813791233,2020-05-13,71095,Online,Online,Unknown,Online
1260495028813791233,2020-05-13,71095,Online,Online,Unknown,Online
1260495028813791233,2020-05-13,71095,Online,Online,Unknown,Online
1260495028813791233,2020-05-13,71095,Online,Online,Unknown,Online
1260495034157236226,2020-05-13,21747,Online,Online,Unknown,This Tweet is from a suspended account
1260495049927938048,2020-05-13,7016,Online,Online,Unknown,Online
1260495065560035334,2020-05-13,3558,Online,Online,Unknown,Online
1260495074770726917,2020-05-13,867,Online,Online,Unknown,Online
1260495074770726917,2020-05-13,867,Online,Online,Unknown,Online
1260495078142943235,2020-05-13,396,Online,Online,Unknown,This Tweet is from an account that no longer exists
1260495110866980865,2020-05-13,31923,Online,Online,Unknown,This Tweet is from a suspended account
1260495131108683777,2020-05-13,49506,Online,Online,Unknown,This Tweet is from a suspended account
1260495134224977920,2020-05-13,3558,Online,Online,Unknown,Online
1260495162075222016,2020-05-13,721,Online,Online,Unknown,Online
1260495165355184132,2020-05-13,12,Online,Online,Unknown,Online
1260495165355184132,2020-05-13,12,Online,Online,Unknown,Online
1260563090984353795,2020-05-13,12,Online,Online,Unknown,Online
1260563121313325056,2020-05-13,1818,Online,Online,Unknown,Online
1260563130263891968,2020-05-13,11,Online,Online,Unknown,Online
1260563166670487556,2020-05-13,69325,Online,Online,Unknown,Online
1260563166670487556,2020-05-13,69325,Online,Online,Unknown,Online
1260563205740474368,2020-05-13,1815,Online,Online,Unknown,You’re unable to view this Tweet because this account owner limits who can view their Tweets
1260563205740474368,2020-05-13,1815,Online,Online,Unknown,You’re unable to view this Tweet because this account owner limits who can view their Tweets
1260563281145729026,2020-05-13,214,Online,Online,Unknown,Online
1260563281145729026,2020-05-13,214,Online,Online,Unknown,Online
1260563334266589185,2020-05-13,5733,Online,Online,Unknown,Online
1260563339983323137,2020-05-13,3,Online,Online,Unknown,Online
1260563363882569728,2020-05-13,37171,Online,Online,Unknown,Online
1260563363882569728,2020-05-13,37171,Online,Online,Unknown,Online
1260563386410119168,2020-05-13,12,Online,Online,Unknown,Online
1260563415883546624,2020-05-13,12,Online,Online,Unknown,Online
1260563489715826696,2020-05-13,3514,Online,Online,Unknown,This Tweet is from a suspended account
1260563489715826696,2020-05-13,3514,Online,Online,Unknown,This Tweet is from a suspended account
1260563495038464000,2020-05-13,98,Online,Online,Unknown,Online
1260563524734066688,2020-05-13,60019,Online,Online,Unknown,This Tweet is from a suspended account
1260563553049698304,2020-05-13,285,Online,Online,Unknown,You’re unable to view this Tweet because this account owner limits who can view their Tweets
1260563561459470337,2020-05-13,89236,Online,Online,Unknown,This Tweet is from a suspended account
1260563562680004609,2020-05-13,19673,Online,Online,Unknown,Online
1260563571114676224,2020-05-13,24488,Online,Online,Unknown,Online
1260563571114676224,2020-05-13,24488,Online,Online,Unknown,Online
1260563612462170114,2020-05-13,1593,Online,Online,Unknown,Online
1260585178029850625,2020-05-13,8076,Online,Online,Unknown,Online
1260585213710630912,2020-05-13,17129,Online,Online,Unknown,Online
1260585225459044353,2020-05-13,1,Online,Online,Unknown,Online
1260585237228204032,2020-05-13,12,Online,Online,Unknown,Online
1260585264700940294,2020-05-13,12,Online,Online,Unknown,Online
1260585279838195714,2020-05-13,815,Online,Online,Unknown,Online
1260585316676767748,2020-05-13,12,Online,Online,Unknown,Online
1260585322519449601,2020-05-13,33529,Online,Online,Unknown,Online
1260585329314205699,2020-05-13,54,Online,Online,Unknown,Online
1260585335538487298,2020-05-13,64859,Online,Online,Unknown,Online
1260585363837530112,2020-05-13,12,Online,Online,Unknown,Online
1260585387992461321,2020-05-13,241323,Online,Online,Unknown,This Tweet is from a suspended account
1260585444179185665,2020-05-13,298,Online,Online,Unknown,Online
1260590040985382912,2020-05-13,16601,Online,Online,Unknown,Online
1260590049357422599,2020-05-13,1068,Online,Online,Unknown,Online
1260590058517692422,2020-05-13,24178,Online,Online,Unknown,Online
1260590074439307264,2020-05-13,1,Online,Online,Unknown,This Tweet is from an account that no longer exists
1260590074439307264,2020-05-13,1,Online,Online,Unknown,This Tweet is from an account that no longer exists
1260590078931460097,2020-05-13,2716,Online,Online,Unknown,Online
1260590092068032514,2020-05-13,117,Online,Online,Unknown,Online
1260590098472730625,2020-05-13,1077,Online,Online,Unknown,Online
1260590108312469504,2020-05-13,3669,Online,Online,Unknown,Online
1260590108312469504,2020-05-13,3669,Online,Online,Unknown,Online
1260590108312469504,2020-05-13,3669,Online,Online,Unknown,Online
1260590108312469504,2020-05-13,3669,Online,Online,Unknown,Online
1260590136422805512,2020-05-13,11540,Online,Online,Unknown,Online
1260590140214308864,2020-05-13,2974,Online,Online,Unknown,Online
1260590155406032897,2020-05-13,383,Online,Online,Unknown,Online
1260590157490647040,2020-05-13,567,Online,Online,Unknown,Online
1260590175509413889,2020-05-13,4134,Online,Online,Unknown,Online
1260590211504971778,2020-05-13,2691,Online,Online,Unknown,Online
1260590230706536448,2020-05-13,15899,Online,Online,Unknown,Online
1260590230706536448,2020-05-13,15899,Online,Online,Unknown,Online
1260590254408568832,2020-05-13,85,Online,Online,Unknown,Online
1260590257856147456,2020-05-13,14383,Online,Online,Unknown,Online
1260597141736693760,2020-05-13,242,Online,Online,Unknown,You’re unable to view this Tweet because this account owner limits who can view their Tweets
1260597155779293184,2020-05-13,587,Online,Online,Unknown,Online
1260597159109332993,2020-05-13,7953,Online,Online,Unknown,Online
1260597171734315008,2020-05-13,36179,Online,Online,Unknown,Online
1260597186494173192,2020-05-13,28856,Online,Online,Unknown,Online
1260597229762551812,2020-05-13,2646,Online,Online,Unknown,Online
1260597242051784708,2020-05-13,1547,Online,Online,Unknown,Online
1260597242051784708,2020-05-13,1547,Online,Online,Unknown,Online
1260597309001302016,2020-05-13,13,Online,Online,Unknown,Online
1260597334653665283,2020-05-13,4385,Online,Online,Unknown,Online
1260629790454722562,2020-05-13,24905,Online,Online,Unknown,Online
1260629794145763328,2020-05-13,0,Online,Online,Unknown,Online
1260629805898350593,2020-05-13,95,Online,Online,Unknown,Online
1260629814299541504,2020-05-13,1546,Online,Online,Unknown,Online
1260629899775262727,2020-05-13,112628,Online,Online,Unknown,Online
1260629899775262727,2020-05-13,112628,Online,Online,Unknown,Online
1260629911636774917,2020-05-13,58497,Online,Online,Unknown,Online
1260629944197165057,2020-05-13,83730,Online,Online,Unknown,Online
1260629995442958336,2020-05-13,12136,Online,Online,Unknown,Online
1260630051642437632,2020-05-13,30505,Online,Online,Unknown,Online
1260633422621315074,2020-05-13,3402,Online,Online,Unknown,Online
1260633422621315074,2020-05-13,3402,Online,Online,Unknown,Online
1260633423233900544,2020-05-13,3500,Online,Online,Unknown,Online
1260633442598838272,2020-05-13,50586,Online,Online,Unknown,Online
1260633442598838272,2020-05-13,50586,Online,Online,Unknown,Online
1260633459829194755,2020-05-13,2449,Online,Online,Unknown,Online
1260633556251893760,2020-05-13,12,Online,Online,Unknown,Online
1260633557250174977,2020-05-13,19811,Online,Online,Unknown,Online
1260633557250174977,2020-05-13,19811,Online,Online,Unknown,Online
1260633577760460800,2020-05-13,89,Online,Online,Unknown,Online
1260633610899652608,2020-05-13,251,Online,Online,Unknown,Online
1260633664423030784,2020-05-13,182,Online,Online,Unknown,Online
1260633664423030784,2020-05-13,182,Online,Online,Unknown,Online
1260702225422151680,2020-05-13,31,Online,Online,Unknown,You’re unable to view this Tweet because this account owner limits who can view their Tweets
1260702254891282433,2020-05-13,784,Online,Online,Unknown,Online
1260702283328880640,2020-05-13,192,Online,Online,Unknown,Online
1260702296272502784,2020-05-13,316416,Online,Online,Unknown,Online
1260702360986402817,2020-05-13,2308,Online,Online,Unknown,Online
1260702375456587776,2020-05-13,694,Online,Online,Unknown,Online
1260702375456587776,2020-05-13,694,Online,Online,Unknown,Online
1260702396101115905,2020-05-13,288,Online,Online,Unknown,This Tweet is from a suspended account
1260702410407849984,2020-05-13,1357,Online,Online,Unknown,Online
1260702465881714689,2020-05-13,289,Online,Online,Unknown,This Tweet is from a suspended account
1260718511170523138,2020-05-13,3569,Online,Online,Unknown,Online
1260718525720612865,2020-05-13,3569,Online,Online,Unknown,Online
1260718536055382016,2020-05-13,3569,Online,Online,Unknown,Online
1260718545408626694,2020-05-13,3569,Online,Online,Unknown,Online
1260718617576030208,2020-05-13,143,Online,Online,Unknown,Online
1260718617576030208,2020-05-13,143,Online,Online,Unknown,Online
1260718617576030208,2020-05-13,143,Online,Online,Unknown,Online
1260718621459804160,2020-05-13,3569,Online,Online,Unknown,Online
1260718625092182016,2020-05-13,0,Online,Online,Unknown,Online
1260718625545056261,2020-05-13,5122,Online,Online,Unknown,Online
1260718642158698496,2020-05-13,3569,Online,Online,Unknown,Online
1260718664409473024,2020-05-13,176068,Online,Online,Unknown,Online
1260718667026726912,2020-05-13,3569,Online,Online,Unknown,Online
1260718675042004992,2020-05-13,3569,Online,Online,Unknown,Online
1260718698198962181,2020-05-13,2070,Online,Online,Unknown,Online
1260718709150085121,2020-05-13,327,Online,Online,Unknown,Online
1260718722089578498,2020-05-13,3569,Online,Online,Unknown,Online
1260718733669982208,2020-05-13,3569,Online,Online,Unknown,Online
1260718746303250432,2020-05-13,3569,Online,Online,Unknown,Online
1260718752514969600,2020-05-13,24793,Online,Online,Unknown,Online
1260718754855608322,2020-05-13,95865,Online,Online,Unknown,Online
1260718763348910080,2020-05-13,3569,Online,Online,Unknown,Online
1260718772580577280,2020-05-13,3569,Online,Online,Unknown,Online
1260718786539208704,2020-05-13,3569,Online,Online,Unknown,Online
1260718794122518528,2020-05-13,3569,Online,Online,Unknown,Online
1260737051588087810,2020-05-14,43,Online,Online,Unknown,Online
1260737202969030656,2020-05-14,327,Online,Online,Unknown,Online
1260737214851551235,2020-05-14,89604,Online,Online,Unknown,This Tweet is from a suspended account
1260737230764756994,2020-05-14,34011,Online,Online,Unknown,Online
1260737249085476864,2020-05-14,4353,Online,Online,Unknown,Online
1260737358753759233,2020-05-14,7,Online,Online,Unknown,Online
1260737463573610496,2020-05-14,25742,Online,Online,Unknown,Online
1260737520809230336,2020-05-14,552,Online,Online,Unknown,This Tweet is from a suspended account
1260737530883801089,2020-05-14,85079,Online,Online,Unknown,Online
1260757074117570560,2020-05-14,108,Online,Online,Unknown,Online
1260757130526810112,2020-05-14,9014,Online,Online,Unknown,Online
1260757143441018881,2020-05-14,65189,Online,Online,Unknown,Online
1260757143847911424,2020-05-14,44236,Online,Online,Unknown,Online
1260757148130107392,2020-05-14,112597,Online,Online,Unknown,This Tweet is from a suspended account
1260757148130107392,2020-05-14,112597,Online,Online,Unknown,This Tweet is from a suspended account
1260757153356398592,2020-05-14,199,Online,Online,Unknown,Online
1260757169751732224,2020-05-14,52649,Online,Online,Unknown,Online
1260757169751732224,2020-05-14,52649,Online,Online,Unknown,Online
1260757197392424963,2020-05-14,1163,Online,Online,Unknown,This Tweet is from an account that no longer exists
1260757198008913931,2020-05-14,1016,Online,Online,Unknown,Online
1260757242049114112,2020-05-14,81508,Online,Online,Unknown,This Tweet is from a suspended account
1260757323724787717,2020-05-14,4966,Online,Online,Unknown,Online
1260772953664471041,2020-05-14,20601,Online,Online,Unknown,Online
1260772953664471041,2020-05-14,20601,Online,Online,Unknown,Online
1260773051416879104,2020-05-14,119233,Online,Online,Unknown,Online
1260773112557326336,2020-05-14,95,Online,Online,Unknown,Online
1260841427472433152,2020-05-14,187649,Online,Online,Unknown,Online
1260841466055716864,2020-05-14,474,Online,Online,Unknown,Online
1260841496334524423,2020-05-14,6947,Online,Online,Unknown,Online
1260841496334524423,2020-05-14,6947,Online,Online,Unknown,Online
1260841514424467456,2020-05-14,60274,Online,Online,Unknown,Online
1260841573983457282,2020-05-14,514,Online,Online,Unknown,Online
1260841650655580160,2020-05-14,2094,Online,Online,Unknown,Online
1260841659048198145,2020-05-14,2414,Online,Online,Unknown,Online
1260841726215892992,2020-05-14,2876,Online,Online,Unknown,Online
1260841735976034306,2020-05-14,147111,Online,Online,Unknown,Online
1260874008381108225,2020-05-14,317,Online,Online,Unknown,Online
1260874049691017218,2020-05-14,21295,Online,Online,Unknown,Online
1260874065222545408,2020-05-14,1822,Online,Online,Unknown,This Tweet is from a suspended account
1260874113276616705,2020-05-14,11928,Online,Online,Unknown,Online
1260874113276616705,2020-05-14,11928,Online,Online,Unknown,Online
1260874113276616705,2020-05-14,11928,Online,Online,Unknown,Online
1260874113276616705,2020-05-14,11928,Online,Online,Unknown,Online
1260874199335350272,2020-05-14,981,Online,Online,Unknown,Online
1260874263147556864,2020-05-14,4766,Online,Online,Unknown,Online
1260874281203961856,2020-05-14,17705,Online,Online,Unknown,Online
1260876498782826505,2020-05-14,466,Online,Online,Unknown,Online
1260876516742901760,2020-05-14,113468,Online,Online,Unknown,This Tweet is from a suspended account
1260876520329039872,2020-05-14,70,Online,Online,Unknown,Online
1260876529669677058,2020-05-14,28,Online,Online,Unknown,Online
1260876573550542849,2020-05-14,480,Online,Online,Unknown,Online
1260876574087413760,2020-05-14,480,Online,Online,Unknown,Online
1260876588331216897,2020-05-14,33,Online,Online,Unknown,Online
1260876621491380224,2020-05-14,5013,Online,Online,Unknown,Online
1260885829724958721,2020-05-14,3487,Online,Online,Unknown,Online
1260885870376345600,2020-05-14,655,Online,Online,Unknown,Online
1260885870376345600,2020-05-14,655,Online,Online,Unknown,Online
1260885870376345600,2020-05-14,655,Online,Online,Unknown,Online
1260885914068361216,2020-05-14,38417,Online,Online,Unknown,Online
1260885984176214016,2020-05-14,6621,Online,Online,Unknown,Online
1260885984176214016,2020-05-14,6621,Online,Online,Unknown,Online
1260885994620026880,2020-05-14,604,Online,Online,Unknown,You’re unable to view this Tweet because this account owner limits who can view their Tweets
1260885994620026880,2020-05-14,604,Online,Online,Unknown,You’re unable to view this Tweet because this account owner limits who can view their Tweets
1260886002522116096,2020-05-14,685,Online,Online,Unknown,Online
1260902067524325376,2020-05-14,2869,Online,Online,Unknown,This Tweet is from a suspended account
1260902071907344384,2020-05-14,12955,Online,Online,Unknown,Online
1260902112298438658,2020-05-14,33384,Online,Online,Unknown,This Tweet is from a suspended account
1260902113372241920,2020-05-14,1324,Online,Online,Unknown,Online
1260902152811266048,2020-05-14,20673,Online,Online,Unknown,Online
1260902168145657856,2020-05-14,2099,Online,Online,Unknown,This Tweet is from a suspended account
1260902219173507073,2020-05-14,5,Online,Online,Unknown,Online
1260902219173507073,2020-05-14,5,Online,Online,Unknown,Online
1260902219173507073,2020-05-14,5,Online,Online,Unknown,Online
1260902219173507073,2020-05-14,5,Online,Online,Unknown,Online
1260902277935759360,2020-05-14,656,Online,Online,Unknown,Online
1260902278053203968,2020-05-14,17001,Online,Online,Unknown,You’re unable to view this Tweet because this account owner limits who can view their Tweets
1260902319031496710,2020-05-14,11179,Online,Online,Unknown,Online
1260914647001153536,2020-05-14,146761,Online,Online,Unknown,Online
1260914653464457216,2020-05-14,28107,Online,Online,Unknown,Online
1260914654802374658,2020-05-14,31,Online,Online,Unknown,Online
1260914697177567234,2020-05-14,6145,Online,Online,Unknown,Online
1260914726109929472,2020-05-14,17805,Online,Online,Unknown,Online
1260914730924781568,2020-05-14,97554,Online,Online,Unknown,This Tweet is from a suspended account
1260914741914095616,2020-05-14,4614,Online,Online,Unknown,You’re unable to view this Tweet because this account owner limits who can view their Tweets
1260914741914095616,2020-05-14,4614,Online,Online,Unknown,You’re unable to view this Tweet because this account owner limits who can view their Tweets
1260914772498878466,2020-05-14,74636,Online,Online,Unknown,Online
1260914787216764928,2020-05-14,6527,Online,Online,Unknown,This Tweet is from a suspended account
1260914793201926145,2020-05-14,4615,Online,Online,Unknown,You’re unable to view this Tweet because this account owner limits who can view their Tweets
1260914793201926145,2020-05-14,4615,Online,Online,Unknown,You’re unable to view this Tweet because this account owner limits who can view their Tweets
1260914793201926145,2020-05-14,4615,Online,Online,Unknown,You’re unable to view this Tweet because this account owner limits who can view their Tweets
1260914819336753152,2020-05-14,3516,Online,Online,Unknown,Online
1260914821081464832,2020-05-14,19867,Online,Online,Unknown,Online
1260914868619743234,2020-05-14,10576,Online,Online,Unknown,Online
1260914902040018945,2020-05-14,330458,Online,Online,Unknown,Online
1260914903378014209,2020-05-14,5638,Online,Online,Unknown,Online
1260933699731730432,2020-05-14,5001,Online,Online,Unknown,Online
1260933699731730432,2020-05-14,5001,Online,Online,Unknown,Online
1260933725660934145,2020-05-14,2089,Online,Online,Unknown,Online
1260933738008965120,2020-05-14,126,Online,Online,Unknown,Online
1260933840840744971,2020-05-14,1710,Online,Online,Unknown,Online
1260933876865576960,2020-05-14,7570,Online,Online,Unknown,Online
1260933902769647617,2020-05-14,1621,Online,Online,Unknown,Online
1260933919626498051,2020-05-14,2870,Online,Online,Unknown,Online
1260933922709364738,2020-05-14,142550,Online,Online,Unknown,Online
1260933939692097539,2020-05-14,2314,Online,Online,Unknown,This Tweet is from an account that no longer exists
1260933964128120833,2020-05-14,571,Online,Online,Unknown,Online
1260941337085566978,2020-05-14,10939,Online,Online,Unknown,Online
1260941488520867847,2020-05-14,1019,Online,Online,Unknown,You’re unable to view this Tweet because this account owner limits who can view their Tweets
1260941488520867847,2020-05-14,1019,Online,Online,Unknown,You’re unable to view this Tweet because this account owner limits who can view their Tweets
1260941488520867847,2020-05-14,1019,Online,Online,Unknown,You’re unable to view this Tweet because this account owner limits who can view their Tweets
1260941491385630722,2020-05-14,232087,Online,Online,Unknown,Online
1260941491385630722,2020-05-14,232087,Online,Online,Unknown,Online
1260941491385630722,2020-05-14,232087,Online,Online,Unknown,Online
1260941493512134660,2020-05-14,697,Online,Online,Unknown,This Tweet is from a suspended account
1260941501779116032,2020-05-14,6516,Online,Online,Unknown,Online
1260941506883379200,2020-05-14,89477,Online,Online,Unknown,This Tweet is from a suspended account
1260941532561059840,2020-05-14,329,Online,Online,Unknown,Online
1260941535077597187,2020-05-14,1724,Online,Online,Unknown,Online
1260941535077597187,2020-05-14,1724,Online,Online,Unknown,Online
1260941535077597187,2020-05-14,1724,Online,Online,Unknown,Online
1260941535077597187,2020-05-14,1724,Online,Online,Unknown,Online
1260941536927285251,2020-05-14,95292,Online,Online,Unknown,Online
1260941536927285251,2020-05-14,95292,Online,Online,Unknown,Online
1260941536927285251,2020-05-14,95292,Online,Online,Unknown,Online
1260941557106163715,2020-05-14,0,Online,Online,Unknown,Online
1260941557106163715,2020-05-14,0,Online,Online,Unknown,Online
1260941559899529217,2020-05-14,134515,Online,Online,Unknown,This Tweet is from a suspended account
1261006202823041024,2020-05-14,14,Online,Online,Unknown,Online
1261006212545409024,2020-05-14,20571,Online,Online,Unknown,Online
1261006223626862593,2020-05-14,39085,Online,Online,Unknown,Online
1261006237438586881,2020-05-14,14,Online,Online,Unknown,Online
1261006237723959297,2020-05-14,1726,Online,Online,Unknown,Online
1261006240957808641,2020-05-14,13650,Online,Online,Unknown,Online
1261006240957808641,2020-05-14,13650,Online,Online,Unknown,Online
1261006263934160898,2020-05-14,8379,Online,Online,Unknown,Online
1261006263934160898,2020-05-14,8379,Online,Online,Unknown,Online
1261006263934160898,2020-05-14,8379,Online,Online,Unknown,Online
1261006284221894656,2020-05-14,1772,Online,Online,Unknown,Online
1261006284221894656,2020-05-14,1772,Online,Online,Unknown,Online
1261006287053225985,2020-05-14,1090,Online,Online,Unknown,Online
1261006309702287360,2020-05-14,105845,Online,Online,Unknown,Online
1261006354082193408,2020-05-14,4501,Online,Online,Unknown,Online
1261006366056972289,2020-05-14,18285,Online,Online,Unknown,Online
1261006366056972289,2020-05-14,18285,Online,Online,Unknown,Online
1261006366056972289,2020-05-14,18285,Online,Online,Unknown,Online
1261006375439777795,2020-05-14,74,Online,Online,Unknown,Online
1261006414199304192,2020-05-14,170322,Online,Online,Unknown,Online
1261006433736245248,2020-05-14,14,Online,Online,Unknown,Online
1261006434331955200,2020-05-14,1173,Online,Online,Unknown,Online
1261006442930323456,2020-05-14,22629,Online,Online,Unknown,Online
1261006447430811652,2020-05-14,23,Online,Online,Unknown,Online
1261006447430811652,2020-05-14,23,Online,Online,Unknown,Online
1261011123555442696,2020-05-14,44319,Online,Online,Unknown,Online
1261011144656838658,2020-05-14,265984,Online,Online,Unknown,Online
1261011187828813825,2020-05-14,35,Online,Online,Unknown,Online
1261011199921131521,2020-05-14,4872,Online,Online,Unknown,Online
1261011240765272064,2020-05-14,47,Online,Online,Unknown,Online
1261011313125253120,2020-05-14,8869,Online,Online,Unknown,Online
1261011336693047296,2020-05-14,139182,Online,Online,Unknown,Online
1261011338517778433,2020-05-14,4561,Online,Online,Unknown,Online
1261011362467151874,2020-05-14,28445,Online,Online,Unknown,This Tweet is from a suspended account
1261011370650157056,2020-05-14,19529,Online,Online,Unknown,This Tweet is from a suspended account
1261011371573075970,2020-05-14,3057,Online,Online,Unknown,Online
1261011377529016321,2020-05-14,0,Online,Online,Unknown,Online
1261099265226682374,2020-05-15,271116,Online,Online,Unknown,This Tweet is from a suspended account
1261099265226682374,2020-05-15,271116,Online,Online,Unknown,This Tweet is from a suspended account
1261099281404084225,2020-05-15,125657,Online,Online,Unknown,This Tweet is from a suspended account
1261099501173030914,2020-05-15,477,Online,Online,Unknown,Online
1261099516616474624,2020-05-15,7700,Online,Online,Unknown,Online
1261099552247087107,2020-05-15,99779,Online,Online,Unknown,This Tweet is from a suspended account
1261099552247087107,2020-05-15,99779,Online,Online,Unknown,This Tweet is from a suspended account
1261100525233139712,2020-05-15,4398,Online,Online,Unknown,Online
1261100525233139712,2020-05-15,4398,Online,Online,Unknown,Online
1261100530702725121,2020-05-15,0,Online,Online,Unknown,Online
1261100530702725121,2020-05-15,0,Online,Online,Unknown,Online
1261100588600705024,2020-05-15,3441,Online,Online,Unknown,This Tweet is from a suspended account
1261100610767646720,2020-05-15,69474,Online,Online,Unknown,Online
1261100625636601856,2020-05-15,33871,Online,Online,Unknown,Online
1261100675276079107,2020-05-15,23609,Online,Online,Unknown,You’re unable to view this Tweet because this account owner limits who can view their Tweets
1261100675985006592,2020-05-15,40964,Online,Online,Unknown,This Tweet is from a suspended account
1261100706246782976,2020-05-15,15823,Online,Online,Unknown,This Tweet is from a suspended account
1261100706246782976,2020-05-15,15823,Online,Online,Unknown,This Tweet is from a suspended account
1261100708478271492,2020-05-15,86663,Online,Online,Unknown,This Tweet is from a suspended account
1261100708478271492,2020-05-15,86663,Online,Online,Unknown,This Tweet is from a suspended account
1261100740648546306,2020-05-15,1466,Online,Online,Unknown,Online
1261100786181947394,2020-05-15,85218,Online,Online,Unknown,Online
1261123427085287432,2020-05-15,10746,Online,Online,Unknown,Online
1261123441425412096,2020-05-15,4073,Online,Online,Unknown,Online
1261123457611251713,2020-05-15,48316,Online,Online,Unknown,This Tweet is from a suspended account
1261123468546002945,2020-05-15,34731,Online,Online,Unknown,Online
1261123468546002945,2020-05-15,34731,Online,Online,Unknown,Online
1261123532823465987,2020-05-15,79,Online,Online,Unknown,This Tweet is from a suspended account
1261123538255327232,2020-05-15,57169,Online,Online,Unknown,Online
1261123552150986752,2020-05-15,11964,Online,Online,Unknown,Online
1261123571746668544,2020-05-15,7007,Online,Online,Unknown,Online
1261123574431199232,2020-05-15,98609,Online,Online,Unknown,Online
1261123574431199232,2020-05-15,98609,Online,Online,Unknown,Online
1261123627870646272,2020-05-15,1669,Online,Online,Unknown,Online
1261123628717858817,2020-05-15,147282,Online,Online,Unknown,This Tweet is from a suspended account
1261123631129690112,2020-05-15,555,Online,Online,Unknown,Online
1261123631607930881,2020-05-15,159509,Online,Online,Unknown,Online
1261123631607930881,2020-05-15,159509,Online,Online,Unknown,Online
1261123638067150849,2020-05-15,40541,Online,Online,Unknown,This Tweet is from a suspended account
1261123642529918976,2020-05-15,104660,Online,Online,Unknown,You’re unable to view this Tweet because this account owner limits who can view their Tweets
1261123642529918976,2020-05-15,104660,Online,Online,Unknown,You’re unable to view this Tweet because this account owner limits who can view their Tweets
1261123649957965825,2020-05-15,153250,Online,Online,Unknown,Online
1261123649957965825,2020-05-15,153250,Online,Online,Unknown,Online
1261123652705300481,2020-05-15,31957,Online,Online,Unknown,Online
1261123652705300481,2020-05-15,31957,Online,Online,Unknown,Online
1261123672040861697,2020-05-15,1166,Online,Online,Unknown,Online
1261123672040861697,2020-05-15,1166,Online,Online,Unknown,Online
1261161367354126342,2020-05-15,23,Online,Online,Unknown,Online
1261161418931482624,2020-05-15,24,Online,Online,Unknown,Online
1261161418931482624,2020-05-15,24,Online,Online,Unknown,Online
1261161418931482624,2020-05-15,24,Online,Online,Unknown,Online
1261161484349878278,2020-05-15,0,Online,Online,Unknown,Online
1261161501337038848,2020-05-15,179,Online,Online,Unknown,Online
1261161638599655425,2020-05-15,132,Online,Online,Unknown,Online
1261161650746527746,2020-05-15,48483,Online,Online,Unknown,Online
1261193674043592707,2020-05-15,35890,Online,Online,Unknown,Online
1261193674043592707,2020-05-15,35890,Online,Online,Unknown,Online
1261193695992393729,2020-05-15,2981,Online,Online,Unknown,This Tweet is from a suspended account
1261193742985375749,2020-05-15,165,Online,Online,Unknown,Online
1261193763931787264,2020-05-15,33662,Online,Online,Unknown,Online
1261193776569163776,2020-05-15,86666,Online,Online,Unknown,Online
1261193782680268802,2020-05-15,7932,Online,Online,Unknown,Online
1261193806810099712,2020-05-15,71733,Online,Online,Unknown,You’re unable to view this Tweet because this account owner limits who can view their Tweets
1261193840372916225,2020-05-15,114,Online,Online,Unknown,Online
1261193840372916225,2020-05-15,114,Online,Online,Unknown,Online
1261193874426470402,2020-05-15,2281,Online,Online,Unknown,Online
1261193903320883201,2020-05-15,7153,Online,Online,Unknown,Online
1261193964092223488,2020-05-15,553,Online,Online,Unknown,Online
1261205803857440770,2020-05-15,3933,Online,Online,Unknown,Online
1261205866998493184,2020-05-15,130,Online,Online,Unknown,Online
1261205882706096128,2020-05-15,33922,Online,Online,Unknown,You’re unable to view this Tweet because this account owner limits who can view their Tweets
1261205887387152385,2020-05-15,14444,Online,Online,Unknown,Online
1261205908555616257,2020-05-15,106126,Online,Online,Unknown,Online
1261205908555616257,2020-05-15,106126,Online,Online,Unknown,Online
1261205925131517954,2020-05-15,4745,Online,Online,Unknown,You’re unable to view this Tweet because this account owner limits who can view their Tweets
1261205953418072065,2020-05-15,1566,Online,Online,Unknown,Online
1261205964352557057,2020-05-15,13697,Online,Online,Unknown,Online
1261205989795270656,2020-05-15,11769,Online,Online,Unknown,Online
1261206028445782017,2020-05-15,1909,Online,Online,Unknown,Online
1261206088608886785,2020-05-15,471,Online,Online,Unknown,Online
1261206088608886785,2020-05-15,471,Online,Online,Unknown,Online
1261206166845218816,2020-05-15,143,Online,Online,Unknown,Online
1261206181621780481,2020-05-15,2789,Online,Online,Unknown,Online
1261206181621780481,2020-05-15,2789,Online,Online,Unknown,Online
1261206204036059137,2020-05-15,28352,Online,Online,Unknown,Online
1261206240501301248,2020-05-15,2043,Online,Online,Unknown,Online
1261206297074118663,2020-05-15,134721,Online,Online,Unknown,This Tweet is from a suspended account
1261206319719047171,2020-05-15,19,Online,Online,Unknown,Online
1261206319719047171,2020-05-15,19,Online,Online,Unknown,Online
1261206326472048640,2020-05-15,18428,Online,Online,Unknown,Online
1261206327604531200,2020-05-15,566,Online,Online,Unknown,This Tweet is from a suspended account
1261206381345902592,2020-05-15,103378,Online,Online,Unknown,This Tweet is from a suspended account
1261206386253365248,2020-05-15,16,Online,Online,Unknown,Online
1261206432495603714,2020-05-15,11954,Online,Online,Unknown,Online
1261206484391800832,2020-05-15,12582,Online,Online,Unknown,Online
1261206484391800832,2020-05-15,12582,Online,Online,Unknown,Online
1261206484391800832,2020-05-15,12582,Online,Online,Unknown,Online
1261206504474136576,2020-05-15,2,Online,Online,Unknown,Online
1261209176975585281,2020-05-15,41551,Online,Online,Unknown,You’re unable to view this Tweet because this account owner limits who can view their Tweets
1261209190707625984,2020-05-15,787,Online,Online,Unknown,Online
1261209202225274885,2020-05-15,87384,Online,Online,Unknown,Online
1261209221749706753,2020-05-15,138247,Online,Online,Unknown,Online
1261209339840221185,2020-05-15,20928,Online,Online,Unknown,Online
1261209361877274624,2020-05-15,188276,Online,Online,Unknown,Online
1261209364599312385,2020-05-15,229195,Online,Online,Unknown,Online
1261209388791894020,2020-05-15,4859,Online,Online,Unknown,Online
1261209415941750784,2020-05-15,2386,Online,Online,Unknown,Online
1261209430542159872,2020-05-15,347,Online,Online,Unknown,Online
1261209492236251136,2020-05-15,33480,Online,Online,Unknown,Online
1261209516412219395,2020-05-15,346,Online,Online,Unknown,Online
1261291513201508354,2020-05-15,3152,Online,Online,Unknown,Online
1261291517592784897,2020-05-15,0,Online,Online,Unknown,This Tweet is from a suspended account
1261291601768349697,2020-05-15,0,Online,Online,Unknown,Online
1261291601768349697,2020-05-15,0,Online,Online,Unknown,Online
1261291618537218049,2020-05-15,3991,Online,Online,Unknown,This Tweet is from a suspended account
1261291637810102273,2020-05-15,2907,Online,Online,Unknown,Online
1261291664846528512,2020-05-15,4408,Online,Online,Unknown,Online
1261291667241533444,2020-05-15,2345,Online,Online,Unknown,Online
1261291688829517825,2020-05-15,6,Online,Online,Unknown,Online
1261291711046639619,2020-05-15,48377,Online,Online,Unknown,This Tweet is from a suspended account
1261291747646287873,2020-05-15,2622,Online,Online,Unknown,Online
1261309496904814594,2020-05-15,41784,Online,Online,Unknown,This Tweet is from an account that no longer exists
1261309502927732744,2020-05-15,6556,Online,Online,Unknown,Online
1261309628698238976,2020-05-15,921,Online,Online,Unknown,Online
1261309628698238976,2020-05-15,921,Online,Online,Unknown,Online
1261309635572744192,2020-05-15,4987,Online,Online,Unknown,Online
1261309686055342085,2020-05-15,6,Online,Online,Unknown,Online
1261363099040387072,2020-05-15,5928,Online,Online,Unknown,Online
1261363141054627841,2020-05-15,690,Online,Online,Unknown,Online
1261363141117607936,2020-05-15,748,Online,Online,Unknown,Online
1261363153247625217,2020-05-15,51878,Online,Online,Unknown,Online
1261363209744683008,2020-05-15,21978,Online,Online,Unknown,Online
1261363242720526340,2020-05-15,163,Online,Online,Unknown,Online
1261363252321087488,2020-05-15,1394,Online,Online,Unknown,Online
1261363252321087488,2020-05-15,1394,Online,Online,Unknown,Online
1261363268083482625,2020-05-15,147,Online,Online,Unknown,Online
1261363301969084417,2020-05-15,7410,Online,Online,Unknown,Online
1261363343996018691,2020-05-15,115391,Online,Online,Unknown,Online
1261363343996018691,2020-05-15,115391,Online,Online,Unknown,Online
1261436358796562433,2020-05-15,82822,Online,Online,Unknown,Online
1261436363188178944,2020-05-15,8133,Online,Online,Unknown,Online
1261436386214727680,2020-05-15,39053,Online,Online,Unknown,Online
1261436489214291968,2020-05-15,77234,Online,Online,Unknown,Online
1261436518498893824,2020-05-15,258363,Online,Online,Unknown,This Tweet is from a suspended account
1261436533179125763,2020-05-15,3306,Online,Online,Unknown,Online
1261436533879472128,2020-05-15,2924,Online,Online,Unknown,Online
1261436539365732355,2020-05-15,21189,Online,Online,Unknown,This Tweet is from a suspended account
1261436583997108225,2020-05-15,4263,Online,Online,Unknown,Online
1261436601122480128,2020-05-15,82157,Online,Online,Unknown,Online
1261436625864716290,2020-05-15,39402,Online,Online,Unknown,This Tweet is from a suspended account
1261439035144192000,2020-05-15,306411,Online,Online,Unknown,This Tweet is from a suspended account
1261439035144192000,2020-05-15,306411,Online,Online,Unknown,This Tweet is from a suspended account
1261439035144192000,2020-05-15,306411,Online,Online,Unknown,This Tweet is from a suspended account
1261439059701854208,2020-05-15,103863,Online,Online,Unknown,Online
1261439059701854208,2020-05-15,103863,Online,Online,Unknown,Online
1261439069248057344,2020-05-15,75167,Online,Online,Unknown,Online
1261439074470150146,2020-05-15,58545,Online,Online,Unknown,This Tweet is from a suspended account
1261439075086553090,2020-05-15,1684,Online,Online,Unknown,This Tweet is from a suspended account
1261439127859281920,2020-05-15,12685,Online,Online,Unknown,Online
1261439163691196417,2020-05-15,38231,Online,Online,Unknown,Online
1261439193906999297,2020-05-15,26533,Online,Online,Unknown,Online
1261439202786410505,2020-05-15,20185,Online,Online,Unknown,Online
1261439282515853313,2020-05-15,6165,Online,Online,Unknown,Online
1261439301226827786,2020-05-15,6616,Online,Online,Unknown,Online
1261439316624113664,2020-05-15,11991,Online,Online,Unknown,Online
1261454749439688704,2020-05-16,142173,Online,Online,Unknown,You’re unable to view this Tweet because this account owner limits who can view their Tweets
1261454858395070464,2020-05-16,25821,Online,Online,Unknown,Online
1261454910039535616,2020-05-16,1,Online,Online,Unknown,Online
1261659874347237382,2020-05-16,169425,Online,Online,Unknown,Online
1261659891497926657,2020-05-16,2095,Online,Online,Unknown,Online
1261659891497926657,2020-05-16,2095,Online,Online,Unknown,Online
1261659914671288320,2020-05-16,43142,Online,Online,Unknown,Online
1261659948431351820,2020-05-16,70,Online,Online,Unknown,Online
1261659977715986432,2020-05-16,93961,Online,Online,Unknown,Online
1261659999966814209,2020-05-16,3604,Online,Online,Unknown,Online
1261660013061275649,2020-05-16,4309,Online,Online,Unknown,Online
1261660050117935104,2020-05-16,103136,Online,Online,Unknown,This Tweet is from a suspended account
1261660072402436103,2020-05-16,6622,Online,Online,Unknown,This Tweet is from a suspended account
1261660072402436103,2020-05-16,6622,Online,Online,Unknown,This Tweet is from a suspended account
1261660072402436103,2020-05-16,6622,Online,Online,Unknown,This Tweet is from a suspended account
1261660082514866177,2020-05-16,21379,Online,Online,Unknown,Online
1261660107508760579,2020-05-16,36845,Online,Online,Unknown,Online
1261660111447212032,2020-05-16,23856,Online,Online,Unknown,Online
1261660147581177858,2020-05-16,3881,Online,Online,Unknown,This Tweet is from a suspended account
1261704344249884672,2020-05-16,51526,Online,Online,Unknown,This Tweet is from an account that no longer exists
1261704346699550722,2020-05-16,82836,Online,Online,Unknown,Online
1261704407277883392,2020-05-16,10397,Online,Online,Unknown,This Tweet is from a suspended account
1261704499804033025,2020-05-16,12713,Online,Online,Unknown,Online
1261704523778793472,2020-05-16,1669,Online,Online,Unknown,Online
1261704529294352384,2020-05-16,47773,Online,Online,Unknown,This Tweet is from a suspended account
1261704580943040512,2020-05-16,134106,Online,Online,Unknown,Online
1261715409541173258,2020-05-16,4733,Online,Online,Unknown,Online
1261715467900784642,2020-05-16,6039,Online,Online,Unknown,Online
1261715506014195712,2020-05-16,2585,Online,Online,Unknown,Online
1261715510565183490,2020-05-16,267,Online,Online,Unknown,Online
1261715512557547522,2020-05-16,144,Online,Online,Unknown,Online
1261715514793041920,2020-05-16,3631,Online,Online,Unknown,Online
1261715561244958720,2020-05-16,31472,Online,Online,Unknown,Online
1261715607587782668,2020-05-16,195651,Online,Online,Unknown,You’re unable to view this Tweet because this account owner limits who can view their Tweets
1261715617209606146,2020-05-16,6996,Online,Online,Unknown,Online
1261715617209606146,2020-05-16,6996,Online,Online,Unknown,Online
1261715681499848704,2020-05-16,81,Online,Online,Unknown,Online
1261715683001470977,2020-05-16,19189,Online,Online,Unknown,Online
1261715683001470977,2020-05-16,19189,Online,Online,Unknown,Online
1261751291707101185,2020-05-16,32018,Online,Online,Unknown,Online
1261751328583356418,2020-05-16,6609,Online,Online,Unknown,Online
1261751355452121091,2020-05-16,19142,Online,Online,Unknown,Online
1261751460599136256,2020-05-16,32556,Online,Online,Unknown,Online
1261751522355888129,2020-05-16,20756,Online,Online,Unknown,Online
1261751569646669825,2020-05-16,149102,Online,Online,Unknown,Online
1261765006665883648,2020-05-16,14136,Online,Online,Unknown,This Tweet is from a suspended account
1261765006665883648,2020-05-16,14136,Online,Online,Unknown,This Tweet is from a suspended account
1261765006665883648,2020-05-16,14136,Online,Online,Unknown,This Tweet is from a suspended account
1261765043047333888,2020-05-16,74479,Online,Online,Unknown,Online
1261765150387904512,2020-05-16,17405,Online,Online,Unknown,This Tweet is from a suspended account
1261765216355913728,2020-05-16,7,Online,Online,Unknown,Online
1261765272978898945,2020-05-16,33667,Online,Online,Unknown,Online
1261765321108619270,2020-05-16,3323,Online,Online,Unknown,Online
1261930559133167616,2020-05-17,5936,Online,Online,Unknown,Online
1261930559133167616,2020-05-17,5936,Online,Online,Unknown,Online
1261934373957521408,2020-05-17,943,Online,Online,Unknown,You’re unable to view this Tweet because this account owner limits who can view their Tweets
1261934377669279744,2020-05-17,4960,Online,Online,Unknown,You’re unable to view this Tweet because this account owner limits who can view their Tweets
1261934436406513665,2020-05-17,1703,Online,Online,Unknown,Online
1261956037051125760,2020-05-17,39065,Online,Online,Unknown,Online
1261956122690412545,2020-05-17,11996,Online,Online,Unknown,Online
1261956140486873094,2020-05-17,63987,Online,Online,Unknown,Online
1261956265309343750,2020-05-17,46585,Online,Online,Unknown,This Tweet is from a suspended account
1261963096593137664,2020-05-17,88750,Online,Online,Unknown,This Tweet is from a suspended account
1261963262020644867,2020-05-17,0,Online,Online,Unknown,Online
1261963303992963072,2020-05-17,1801,Online,Online,Unknown,Online
1261963345445433346,2020-05-17,61310,Online,Online,Unknown,Online
1262009863565180928,2020-05-17,18978,Online,Online,Unknown,Online
1262009923019444229,2020-05-17,167202,Online,Online,Unknown,Online
1262009936420245504,2020-05-17,102555,Online,Online,Unknown,Online
1262009938844549120,2020-05-17,75,Online,Online,Unknown,Online
1262009938844549120,2020-05-17,75,Online,Online,Unknown,Online
1262009943974166529,2020-05-17,26301,Online,Online,Unknown,Online
1262066097441906688,2020-05-17,8,Online,Online,Unknown,Online
1262066097441906688,2020-05-17,8,Online,Online,Unknown,Online
1262090347473252354,2020-05-17,15127,Online,Online,Unknown,This Tweet is from a suspended account
1262090362287464449,2020-05-17,28,Online,Online,Unknown,Online
1262090423356600320,2020-05-17,1702,Online,Online,Unknown,Online
1262090510916702208,2020-05-17,46177,Online,Online,Unknown,This Tweet is from a suspended account
1262090553128296451,2020-05-17,92104,Online,Online,Unknown,Online
1262090575987331073,2020-05-17,10572,Online,Online,Unknown,Online
1262090713711251457,2020-05-17,300,Online,Online,Unknown,Online
1262090734754312192,2020-05-17,7598,Online,Online,Unknown,Online
1262092589035065345,2020-05-17,655,Online,Online,Unknown,Online
1262092597478199298,2020-05-17,36189,Online,Online,Unknown,Online
1262092597478199298,2020-05-17,36189,Online,Online,Unknown,Online
1262092597478199298,2020-05-17,36189,Online,Online,Unknown,Online
1262114167366049792,2020-05-17,25032,Online,Online,Unknown,Online
1262114259653320712,2020-05-17,43247,Online,Online,Unknown,This Tweet is from a suspended account
1262114393950732289,2020-05-17,25278,Online,Online,Unknown,This Tweet is from a suspended account
1262114393950732289,2020-05-17,25278,Online,Online,Unknown,This Tweet is from a suspended account
1262114393950732289,2020-05-17,25278,Online,Online,Unknown,This Tweet is from a suspended account
1262139613646209025,2020-05-17,24066,Online,Online,Unknown,Online
1262139613646209025,2020-05-17,24066,Online,Online,Unknown,Online
1262139698845114369,2020-05-17,27431,Online,Online,Unknown,Online
1262139698845114369,2020-05-17,27431,Online,Online,Unknown,Online
1262139698845114369,2020-05-17,27431,Online,Online,Unknown,Online
1262139698845114369,2020-05-17,27431,Online,Online,Unknown,Online
1262250809095405569,2020-05-18,11997,Online,Online,Unknown,Online
1262250809095405569,2020-05-18,11997,Online,Online,Unknown,Online
1262250809095405569,2020-05-18,11997,Online,Online,Unknown,Online
1262250809095405569,2020-05-18,11997,Online,Online,Unknown,Online
1262384308058234883,2020-05-18,123874,Online,Online,Unknown,Online
1262402530576707586,2020-05-18,873,Online,Online,Unknown,Online
1262434511582908417,2020-05-18,994,Online,Online,Unknown,Online
1262434696895569926,2020-05-18,0,Online,Online,Unknown,Online
1262569576698646529,2020-05-19,24665,Online,Online,Unknown,Online
1262572096669929472,2020-05-19,194009,Online,Online,Unknown,This Tweet is from a suspended account
1262572202957828101,2020-05-19,10634,Online,Online,Unknown,This Tweet is from a suspended account
1262572234276614144,2020-05-19,27566,Online,Online,Unknown,This Tweet is from a suspended account
1262603071726784513,2020-05-19,4484,Online,Online,Unknown,Online
1262603112956571649,2020-05-19,34126,Online,Online,Unknown,Online
1262603301402468352,2020-05-19,44064,Online,Online,Unknown,Online
1262668354692751360,2020-05-19,59,Online,Online,Unknown,Online
1262668357905420289,2020-05-19,96,Online,Online,Unknown,Online
1274005721726795778,2020-06-19,20505,Online,Online,Unknown,Online
1274005721726795778,2020-06-19,20505,Online,Online,Unknown,Online
1274005767771881472,2020-06-19,14718,Online,Online,Unknown,This Tweet is from a suspended account
1274005767771881472,2020-06-19,14718,Online,Online,Unknown,This Tweet is from a suspended account
1274005770669965313,2020-06-19,8501,Online,Online,Unknown,Online
1274005770669965313,2020-06-19,8501,Online,Online,Unknown,Online
1274005770669965313,2020-06-19,8501,Online,Online,Unknown,Online
1274005774298038274,2020-06-19,229,Online,Online,Unknown,Online
1274005774298038274,2020-06-19,229,Online,Online,Unknown,Online
1274005780224790528,2020-06-19,194,Online,Online,Unknown,Online
1274005786256125955,2020-06-19,8366,Online,Online,Unknown,Online
1274005786256125955,2020-06-19,8366,Online,Online,Unknown,Online
1274005799283687427,2020-06-19,6959,Online,Online,Unknown,Online
1274005799283687427,2020-06-19,6959,Online,Online,Unknown,Online
1274082598420189185,2020-06-19,4188,Online,Online,Unknown,Online
1274082661154381827,2020-06-19,179024,Online,Online,Unknown,Online
1274082661154381827,2020-06-19,179024,Online,Online,Unknown,Online
1274082667697487876,2020-06-19,302,Online,Online,Unknown,This Tweet is from a suspended account
1274082673514946560,2020-06-19,705,Online,Online,Unknown,Online
1274082673514946560,2020-06-19,705,Online,Online,Unknown,Online
1274082705437835267,2020-06-19,81799,Online,Online,Unknown,Online
1274082705437835267,2020-06-19,81799,Online,Online,Unknown,Online
1274082705437835267,2020-06-19,81799,Online,Online,Unknown,Online
1274082705437835267,2020-06-19,81799,Online,Online,Unknown,Online
1274082718733733889,2020-06-19,28970,Online,Online,Unknown,Online
1274082718733733889,2020-06-19,28970,Online,Online,Unknown,Online
1274082722936324096,2020-06-19,131461,Online,Online,Unknown,Online
1274082753710043141,2020-06-19,12116,Online,Online,Unknown,Online
1274082753710043141,2020-06-19,12116,Online,Online,Unknown,Online
1274082763830972417,2020-06-19,3688,Online,Online,Unknown,Online
1274082763830972417,2020-06-19,3688,Online,Online,Unknown,Online
1284227725322883073,2020-07-17,80748,Online,Online,Unknown,Online
1284227725813833733,2020-07-17,19708,Online,Online,Unknown,Online
1284227731962699778,2020-07-17,15359,Online,Online,Unknown,Online
1284227733803933699,2020-07-17,2311,Online,Online,Unknown,Online
1284227739877355523,2020-07-17,37317,Online,Online,Unknown,Online
1284227840649699331,2020-07-17,42482,Online,Online,Unknown,Online
1284227900846166017,2020-07-17,21230,Online,Online,Unknown,Online
1284227925999382530,2020-07-17,23,Online,Online,Unknown,Online
1284227941212327937,2020-07-17,60227,Online,Online,Unknown,Online
1284227943837949958,2020-07-17,65338,Online,Online,Unknown,Online
1284227974624161793,2020-07-17,82081,Online,Online,Unknown,Online
1284227991896301570,2020-07-17,479,Online,Online,Unknown,Online
1284227992785285120,2020-07-17,41291,Online,Online,Unknown,Online
1284228003229306887,2020-07-17,16640,Online,Online,Unknown,Online
1284228008904216578,2020-07-17,26459,Online,Online,Unknown,Online
1284228008904216578,2020-07-17,26459,Online,Online,Unknown,Online
1284254083315126272,2020-07-17,1,Online,Online,Unknown,Online
1284254140395388928,2020-07-17,2549,Online,Online,Unknown,Online
1284254140395388928,2020-07-17,2549,Online,Online,Unknown,Online
1284254211551768576,2020-07-17,6,Online,Online,Unknown,Online
1284254246829948929,2020-07-17,193518,Online,Online,Unknown,Online
1284254251544219648,2020-07-17,302,Online,Online,Unknown,Online
1284254273421799424,2020-07-17,34760,Online,Online,Unknown,You’re unable to view this Tweet because this account owner limits who can view their Tweets
1284254277045813248,2020-07-17,721,Online,Online,Unknown,Online
1284254277045813248,2020-07-17,721,Online,Online,Unknown,Online
1284254291646185474,2020-07-17,2916,Online,Online,Unknown,Online
1284254294737408000,2020-07-17,46143,Online,Online,Unknown,You’re unable to view this Tweet because this account owner limits who can view their Tweets
1284254347250073601,2020-07-17,193518,Online,Online,Unknown,Online
1284254350471098368,2020-07-17,222,Online,Online,Unknown,Online
1284254350471098368,2020-07-17,222,Online,Online,Unknown,Online
1284254375859433479,2020-07-17,5955,Online,Online,Unknown,Online
1284254375859433479,2020-07-17,5955,Online,Online,Unknown,Online
1284254412957859842,2020-07-17,5026,Online,Online,Unknown,You’re unable to view this Tweet because this account owner limits who can view their Tweets
1284254466745630720,2020-07-17,302,Online,Online,Unknown,Online
1284272737029173248,2020-07-17,22,Online,Online,Unknown,This Tweet is from a suspended account
1284272768050008064,2020-07-17,1597,Online,Online,Unknown,Online
1284272784454098945,2020-07-17,5300,Online,Online,Unknown,Online
1284272803185930240,2020-07-17,208,Online,Online,Unknown,Online
1284272817261838336,2020-07-17,5936,Online,Online,Unknown,Online
1284272831862312960,2020-07-17,106520,Online,Online,Unknown,Online
1284272871422881793,2020-07-17,3099,Online,Online,Unknown,Online
1284272878452498433,2020-07-17,1220,Online,Online,Unknown,Online
1284272878452498433,2020-07-17,1220,Online,Online,Unknown,Online
1284272887747108864,2020-07-17,7099,Online,Online,Unknown,Online
1284272908638932992,2020-07-17,1221,Online,Online,Unknown,Online
1284272908638932992,2020-07-17,1221,Online,Online,Unknown,Online
1284272949541900289,2020-07-17,157,Online,Online,Unknown,Online
1284272949541900289,2020-07-17,157,Online,Online,Unknown,Online
1290495965795717125,2020-08-04,19897,Online,Online,Unknown,This Tweet is from a suspended account
1290495979632734208,2020-08-04,395,Online,Online,Unknown,Online
1290607926026162176,2020-08-04,4342,Online,Online,Unknown,Online
1290607928446267393,2020-08-04,83534,Online,Online,Unknown,Online
1290607938260873217,2020-08-04,17474,Online,Online,Unknown,This Tweet is from a suspended account
1290607938260873217,2020-08-04,17474,Online,Online,Unknown,This Tweet is from a suspended account
1290607947882672128,2020-08-04,2,Online,Online,Unknown,Online
1290607947882672128,2020-08-04,2,Online,Online,Unknown,Online
1290607958196396033,2020-08-04,10268,Online,Online,Unknown,This Tweet is from a suspended account
1290607964806684672,2020-08-04,31942,Online,Online,Unknown,Online
1290607970263261186,2020-08-04,1063,Online,Online,Unknown,Online
1290607975984488448,2020-08-04,58851,Online,Online,Unknown,This Tweet is from a suspended account
1290607979243307008,2020-08-04,3354,Online,Online,Unknown,Online
1290608009014644738,2020-08-04,2078,Online,Online,Unknown,Online
1290608009023049729,2020-08-04,4332,Online,Online,Unknown,Online
1290608036722151425,2020-08-04,21291,Online,Online,Unknown,Online
1290608095375298564,2020-08-04,819,Online,Online,Unknown,Online
1290608095375298564,2020-08-04,819,Online,Online,Unknown,Online
1290608106108530688,2020-08-04,26,Online,Online,Unknown,Online
1290608181224378368,2020-08-04,714,Online,Online,Unknown,Online
1290608187226361856,2020-08-04,5717,Online,Online,Unknown,Online
1290608221560897537,2020-08-04,251288,Online,Online,Unknown,This Tweet is from a suspended account
1290608229140111360,2020-08-04,50747,Online,Online,Unknown,This Tweet is from a suspended account
1290608230817828865,2020-08-04,6,Online,Online,Unknown,Online
1290608252905050112,2020-08-04,280,Online,Online,Unknown,Online
1290608254461128705,2020-08-04,68147,Online,Online,Unknown,Online
1290608261104898049,2020-08-04,10515,Online,Online,Unknown,Online
1290608261104898049,2020-08-04,10515,Online,Online,Unknown,Online
1290608261104898049,2020-08-04,10515,Online,Online,Unknown,Online
1290608261104898049,2020-08-04,10515,Online,Online,Unknown,Online
1290608272601473024,2020-08-04,646,Online,Online,Unknown,Online
1290608278012035072,2020-08-04,3310,Online,Online,Unknown,This Tweet is from a suspended account
1290608287537180672,2020-08-04,4914,Online,Online,Unknown,This Tweet is from a suspended account
1290608287537180672,2020-08-04,4914,Online,Online,Unknown,This Tweet is from a suspended account
1290608287537180672,2020-08-04,4914,Online,Online,Unknown,This Tweet is from a suspended account
1290608315299373057,2020-08-04,152870,Online,Online,Unknown,Online
1290608321863593984,2020-08-04,18,Online,Online,Unknown,Online
1290608325336485888,2020-08-04,264736,Online,Online,Unknown,Online
1290608325336485888,2020-08-04,264736,Online,Online,Unknown,Online
1290608339240484867,2020-08-04,11608,Online,Online,Unknown,Online
1290608348082180096,2020-08-04,13946,Online,Online,Unknown,This Tweet is from a suspended account
1290608348681760773,2020-08-04,31487,Online,Online,Unknown,This Tweet is from a suspended account
1290608367312961537,2020-08-04,607,Online,Online,Unknown,Online
1290608387521208320,2020-08-04,11301,Online,Online,Unknown,Online
1290608387831541760,2020-08-04,385,Online,Online,Unknown,Online
1290608400330567680,2020-08-04,87602,Online,Online,Unknown,Online
1290608405493817344,2020-08-04,156128,Online,Online,Unknown,Online
1290608410660966401,2020-08-04,52626,Online,Online,Unknown,Online
1290608427383881730,2020-08-04,32125,Online,Online,Unknown,Online
1290608432618315778,2020-08-04,649,Online,Online,Unknown,Online
1290608438561710080,2020-08-04,52,Online,Online,Unknown,Online
1290608441338232832,2020-08-04,3,Online,Online,Unknown,Online
1290608441338232832,2020-08-04,3,Online,Online,Unknown,Online
1290629970213998592,2020-08-04,91618,Online,Online,Unknown,Online
1290629975951867905,2020-08-04,154660,Online,Online,Unknown,Online
1290629984864948225,2020-08-04,11255,Online,Online,Unknown,This Tweet is from a suspended account
1290629987414892548,2020-08-04,0,Online,Online,Unknown,Online
1290630010798145537,2020-08-04,194,Online,Online,Unknown,Online
1290630025566474240,2020-08-04,614,Online,Online,Unknown,Online
1290630053454155776,2020-08-04,3385,Online,Online,Unknown,Online
1290630060081176576,2020-08-04,20513,Online,Online,Unknown,Online
1290630060081176576,2020-08-04,20513,Online,Online,Unknown,Online
1290630068717252609,2020-08-04,212,Online,Online,Unknown,Online
1290630107514667014,2020-08-04,17170,Online,Online,Unknown,This Tweet is from a suspended account
1290630107988725761,2020-08-04,753,Online,Online,Unknown,This Tweet is from a suspended account
1290630114951278596,2020-08-04,66103,Online,Online,Unknown,Online
1290630120387084288,2020-08-04,73797,Online,Online,Unknown,You’re unable to view this Tweet because this account owner limits who can view their Tweets
1290630138418417664,2020-08-04,1169,Online,Online,Unknown,Online
1290630138418417664,2020-08-04,1169,Online,Online,Unknown,Online
1290630148019179521,2020-08-04,238688,Online,Online,Unknown,Online
1290630148019179521,2020-08-04,238688,Online,Online,Unknown,Online
1290630166734163968,2020-08-04,1,Online,Online,Unknown,Online
1290630204646359043,2020-08-04,1023,Online,Online,Unknown,Online
1290630204646359043,2020-08-04,1023,Online,Online,Unknown,Online
1290630217095053312,2020-08-04,7124,Online,Online,Unknown,Online
1290630224078442496,2020-08-04,34231,Online,Online,Unknown,This Tweet is from a suspended account
1290630230839885825,2020-08-04,6724,Online,Online,Unknown,Online
1290630237982728194,2020-08-04,5193,Online,Online,Unknown,Online
1290630268768968710,2020-08-04,1177,Online,Online,Unknown,Online
1290630271554015237,2020-08-04,20929,Online,Online,Unknown,Online
1290630274229903360,2020-08-04,1240,Online,Online,Unknown,Online
1290630294949650434,2020-08-04,7466,Online,Online,Unknown,Online
1290630294949650434,2020-08-04,7466,Online,Online,Unknown,Online
1290630363912511488,2020-08-04,8324,Online,Online,Unknown,Online
1290630365095374849,2020-08-04,13130,Online,Online,Unknown,You’re unable to view this Tweet because this account owner limits who can view their Tweets
1290630368308211720,2020-08-04,15931,Online,Online,Unknown,Online
1290630378236137478,2020-08-04,48,Online,Online,Unknown,Online
1290630388403052544,2020-08-04,117641,Online,Online,Unknown,Online
1290630402047184897,2020-08-04,60483,Online,Online,Unknown,Online
1290630430992093184,2020-08-04,80,Online,Online,Unknown,Online
1290630436096417792,2020-08-04,2344,Online,Online,Unknown,Online
1290630436096417792,2020-08-04,2344,Online,Online,Unknown,Online
1290630453460963330,2020-08-04,4001,Online,Online,Unknown,Online
1290725565301796866,2020-08-04,102479,Online,Online,Unknown,Online
1290725565301796866,2020-08-04,102479,Online,Online,Unknown,Online
1290725569693392898,2020-08-04,5999,Online,Online,Unknown,Online
1290725576584519680,2020-08-04,4792,Online,Online,Unknown,This Tweet is from a suspended account
1290725607240798209,2020-08-04,6644,Online,Online,Unknown,Online
1290725621950296066,2020-08-04,3050,Online,Online,Unknown,Online
1290725626752774147,2020-08-04,4979,Online,Online,Unknown,Online
1290725628426297345,2020-08-04,894,Online,Online,Unknown,This Tweet is from a suspended account
1290725671447203843,2020-08-04,6942,Online,Online,Unknown,Online
1290725677008855041,2020-08-04,983,Online,Online,Unknown,Online
1290725683757555714,2020-08-04,68596,Online,Online,Unknown,You’re unable to view this Tweet because this account owner limits who can view their Tweets
1290725683757555714,2020-08-04,68596,Online,Online,Unknown,You’re unable to view this Tweet because this account owner limits who can view their Tweets
1290725694109036545,2020-08-04,4631,Online,Online,Unknown,Online
1290725704271687680,2020-08-04,7785,Online,Online,Unknown,Online
1290725704271687680,2020-08-04,7785,Online,Online,Unknown,Online
1290725726120026112,2020-08-04,128642,Online,Online,Unknown,This Tweet is from a suspended account
1290725726120026112,2020-08-04,128642,Online,Online,Unknown,This Tweet is from a suspended account
1290725726120026112,2020-08-04,128642,Online,Online,Unknown,This Tweet is from a suspended account
1290725729760497664,2020-08-04,146236,Online,Online,Unknown,Online
1290725729760497664,2020-08-04,146236,Online,Online,Unknown,Online
1290725753462697984,2020-08-04,6943,Online,Online,Unknown,Online
1290725759162744832,2020-08-04,3337,Online,Online,Unknown,This Tweet is from a suspended account
1290725786329083904,2020-08-04,95620,Online,Online,Unknown,This Tweet is from a suspended account
1290725786329083904,2020-08-04,95620,Online,Online,Unknown,This Tweet is from a suspended account
1290725792184332289,2020-08-04,19243,Online,Online,Unknown,This Tweet is from a suspended account
1290725819397156867,2020-08-04,14450,Online,Online,Unknown,Online
1290725822828023815,2020-08-04,84360,Online,Online,Unknown,Online
1290725825810018305,2020-08-04,75760,Online,Online,Unknown,This Tweet is from a suspended account
1290725834030903296,2020-08-04,4945,Online,Online,Unknown,Online
1290725878700244998,2020-08-04,2539,Online,Online,Unknown,Online
1290725878700244998,2020-08-04,2539,Online,Online,Unknown,Online
1290725901098000384,2020-08-04,1729,Online,Online,Unknown,Online
1290725917992443904,2020-08-04,50302,Online,Online,Unknown,Online
1290725930353270786,2020-08-04,2399,Online,Online,Unknown,Online
1290725946778099712,2020-08-04,96914,Online,Online,Unknown,Online
1290725955498115073,2020-08-04,325966,Online,Online,Unknown,Online
1290725969045721099,2020-08-04,793,Online,Online,Unknown,You’re unable to view this Tweet because this account owner limits who can view their Tweets
1290725973638381568,2020-08-04,86799,Online,Online,Unknown,Online
1290726010527395841,2020-08-04,3619,Online,Online,Unknown,Online
1290727408048324608,2020-08-04,32788,Online,Online,Unknown,This Tweet is from a suspended account
1290727417217261575,2020-08-04,51176,Online,Online,Unknown,This Tweet is from a suspended account
1290727433226735616,2020-08-04,75333,Online,Online,Unknown,Online
1290727433226735616,2020-08-04,75333,Online,Online,Unknown,Online
1290727441879781376,2020-08-04,6048,Online,Online,Unknown,This Tweet is from a suspended account
1290727459361619969,2020-08-04,15475,Online,Online,Unknown,This Tweet is from a suspended account
1290727462515519488,2020-08-04,9976,Online,Online,Unknown,Online
1290727495201947648,2020-08-04,55694,Online,Online,Unknown,Online
1290727503468929027,2020-08-04,1461,Online,Online,Unknown,Online
1290727504341348353,2020-08-04,15751,Online,Online,Unknown,Online
1290727504341348353,2020-08-04,15751,Online,Online,Unknown,Online
1290727506614640643,2020-08-04,5352,Online,Online,Unknown,Online
1290727506614640643,2020-08-04,5352,Online,Online,Unknown,Online
1290727515896655875,2020-08-04,10465,Online,Online,Unknown,Online
1290727515896655875,2020-08-04,10465,Online,Online,Unknown,Online
1290727522229985282,2020-08-04,2672,Online,Online,Unknown,This Tweet is from a suspended account
1290727526961221633,2020-08-04,1883,Online,Online,Unknown,Online
1290727538130657284,2020-08-04,28364,Online,Online,Unknown,Online
1290727538130657284,2020-08-04,28364,Online,Online,Unknown,Online
1290727538130657284,2020-08-04,28364,Online,Online,Unknown,Online
1290727538130657284,2020-08-04,28364,Online,Online,Unknown,Online
1290727558590464003,2020-08-04,40681,Online,Online,Unknown,You’re unable to view this Tweet because this account owner limits who can view their Tweets
1290727560595341312,2020-08-04,6631,Online,Online,Unknown,Online
1290727596657909760,2020-08-04,37674,Online,Online,Unknown,Online
1290727598725705728,2020-08-04,4152,Online,Online,Unknown,Online
1290727603469516802,2020-08-04,178962,Online,Online,Unknown,This Tweet is from a suspended account
1290727621454639104,2020-08-04,10847,Online,Online,Unknown,This Tweet is from a suspended account
1290727621454639104,2020-08-04,10847,Online,Online,Unknown,This Tweet is from a suspended account
1290727626420768769,2020-08-04,6466,Online,Online,Unknown,Online
1290727626420768769,2020-08-04,6466,Online,Online,Unknown,Online
1290727651037126660,2020-08-04,322,Online,Online,Unknown,Online
1290727741931892745,2020-08-04,17671,Online,Online,Unknown,Online
1290727746377846785,2020-08-04,8491,Online,Online,Unknown,This Tweet is from a suspended account
1290727746985840640,2020-08-04,1507,Online,Online,Unknown,Online
1290727746985840640,2020-08-04,1507,Online,Online,Unknown,Online
1290727748059750400,2020-08-04,525,Online,Online,Unknown,Online
1290727748059750400,2020-08-04,525,Online,Online,Unknown,Online
1290727748059750400,2020-08-04,525,Online,Online,Unknown,Online
1290727748059750400,2020-08-04,525,Online,Online,Unknown,Online
1290727760399233024,2020-08-04,10,Online,Online,Unknown,Online
1290727765256228864,2020-08-04,6999,Online,Online,Unknown,Online
1290727765256228864,2020-08-04,6999,Online,Online,Unknown,Online
1290727772118290433,2020-08-04,369,Online,Online,Unknown,Online
1290727772118290433,2020-08-04,369,Online,Online,Unknown,Online
1290727837415157765,2020-08-04,13,Online,Online,Unknown,This Tweet is from a suspended account
1290727840997138433,2020-08-04,815,Online,Online,Unknown,Online
1290727840997138433,2020-08-04,815,Online,Online,Unknown,Online
1290727845153579008,2020-08-04,846,Online,Online,Unknown,Online
1290740727023046660,2020-08-04,3167,Online,Online,Unknown,Online
1290740727023046660,2020-08-04,3167,Online,Online,Unknown,Online
1290740758098714624,2020-08-04,25152,Online,Online,Unknown,Online
1290740759591825409,2020-08-04,108,Online,Online,Unknown,Online
1290740772841676805,2020-08-04,24397,Online,Online,Unknown,Online
1290740778990538755,2020-08-04,25152,Online,Online,Unknown,Online
1290740818962190336,2020-08-04,2771,Online,Online,Unknown,Online
1290740863308505089,2020-08-04,871,Online,Online,Unknown,Online
1290740878240370696,2020-08-04,3920,Online,Online,Unknown,Online
1290740885865537539,2020-08-04,9,Online,Online,Unknown,Online
1290740885865537539,2020-08-04,9,Online,Online,Unknown,Online
1290740945437298688,2020-08-04,5797,Online,Online,Unknown,Online
1290740972444418067,2020-08-04,82963,Online,Online,Unknown,Online
1290740982342922244,2020-08-04,7553,Online,Online,Unknown,Online
1290740992547717120,2020-08-04,10906,Online,Online,Unknown,Online
1290741006212780037,2020-08-04,5321,Online,Online,Unknown,You’re unable to view this Tweet because this account owner limits who can view their Tweets
1290741049397256199,2020-08-04,0,Online,Online,Unknown,Online
1290741082544775168,2020-08-04,8380,Online,Online,Unknown,Online
1290741104346832897,2020-08-04,7041,Online,Online,Unknown,Online
1290769049396359170,2020-08-04,979,Online,Online,Unknown,Online
1290769069919080449,2020-08-04,1648,Online,Online,Unknown,Online
1290769069919080449,2020-08-04,1648,Online,Online,Unknown,Online
1290769094162227200,2020-08-04,1156,Online,Online,Unknown,Online
1290769113669750784,2020-08-04,1,Online,Online,Unknown,Online
1290769133349613569,2020-08-04,964,Online,Online,Unknown,Online
1290769177175896068,2020-08-04,13927,Online,Online,Unknown,Online
1290769180648669184,2020-08-04,47483,Online,Online,Unknown,Online
1290769212969902081,2020-08-04,126,Online,Online,Unknown,Online
1290769253084418052,2020-08-04,4646,Online,Online,Unknown,Online
1290769253084418052,2020-08-04,4646,Online,Online,Unknown,Online
1290769253084418052,2020-08-04,4646,Online,Online,Unknown,Online
1290769267542106112,2020-08-04,531,Online,Online,Unknown,Online
1290769295560056833,2020-08-04,4022,Online,Online,Unknown,Online
1290769295916638210,2020-08-04,22007,Online,Online,Unknown,Online
1290769324874006530,2020-08-04,7248,Online,Online,Unknown,Online
1290769325297606656,2020-08-04,102748,Online,Online,Unknown,Online
1290769344708767744,2020-08-04,83286,Online,Online,Unknown,This Tweet is from a suspended account
1290769352225099779,2020-08-04,2347,Online,Online,Unknown,This Tweet is from a suspended account
1290769416116895744,2020-08-04,129795,Online,Online,Unknown,Online
1290769484043579393,2020-08-04,4258,Online,Online,Unknown,Online
1290769488032362497,2020-08-04,12766,Online,Online,Unknown,Online
1290769504323211264,2020-08-04,1350,Online,Online,Unknown,Online
1290769506974011393,2020-08-04,5201,Online,Online,Unknown,Online
1290807855554211841,2020-08-05,19875,Online,Online,Unknown,Online
1290807879944019972,2020-08-05,134971,Online,Online,Unknown,Online
1290807900064153600,2020-08-05,1391,Online,Online,Unknown,You’re unable to view this Tweet because this account owner limits who can view their Tweets
1290807945287159810,2020-08-05,17021,Online,Online,Unknown,Online
1290807950441885697,2020-08-05,64001,Online,Online,Unknown,You’re unable to view this Tweet because this account owner limits who can view their Tweets
1290807950441885697,2020-08-05,64001,Online,Online,Unknown,You’re unable to view this Tweet because this account owner limits who can view their Tweets
1290807957408579584,2020-08-05,39554,Online,Online,Unknown,Online
1290807960772345856,2020-08-05,28364,Online,Online,Unknown,This Tweet is from a suspended account
1290807972331954178,2020-08-05,1806,Online,Online,Unknown,Online
1290807972331954178,2020-08-05,1806,Online,Online,Unknown,Online
1290808000702107649,2020-08-05,117,Online,Online,Unknown,You’re unable to view this Tweet because this account owner limits who can view their Tweets
1290808008663076864,2020-08-05,14777,Online,Online,Unknown,Online
1290808116859215872,2020-08-05,56677,Online,Online,Unknown,Online
1290808134701899778,2020-08-05,10278,Online,Online,Unknown,This Tweet is from a suspended account
1290808171942957056,2020-08-05,54807,Online,Online,Unknown,This Tweet is from a suspended account
1290808188120387585,2020-08-05,21005,Online,Online,Unknown,Online
1290808188120387585,2020-08-05,21005,Online,Online,Unknown,Online
1290808251689267200,2020-08-05,491,Online,Online,Unknown,Online
1290808274997129217,2020-08-05,15864,Online,Online,Unknown,Online
1290830942328651776,2020-08-05,8651,Online,Online,Unknown,Online
1290830957617000455,2020-08-05,24,Online,Online,Unknown,Online
1290830958824849409,2020-08-05,22305,Online,Online,Unknown,Online
1290830981331648512,2020-08-05,1699,Online,Online,Unknown,Online
1290831031470297093,2020-08-05,18981,Online,Online,Unknown,This Tweet is from a suspended account
1290831051317637122,2020-08-05,11104,Online,Online,Unknown,Online
1290831225599463424,2020-08-05,60590,Online,Online,Unknown,Online
1290831234021679105,2020-08-05,7742,Online,Online,Unknown,Online
1290831234021679105,2020-08-05,7742,Online,Online,Unknown,Online
1290831267341139974,2020-08-05,4135,Online,Online,Unknown,Online
1290831345552252930,2020-08-05,6012,Online,Online,Unknown,Online
1290831350610698240,2020-08-05,742,Online,Online,Unknown,Online
1290831353034895360,2020-08-05,119245,Online,Online,Unknown,Online
1290835238545838081,2020-08-05,11784,Online,Online,Unknown,Online
1290835249606168577,2020-08-05,31128,Online,Online,Unknown,Online
1290835297828130816,2020-08-05,7027,Online,Online,Unknown,Online
1290835315234492416,2020-08-05,2393,Online,Online,Unknown,Online
1290835322650017792,2020-08-05,34948,Online,Online,Unknown,Online
1290835333190426630,2020-08-05,70,Online,Online,Unknown,Online
1290835366250000385,2020-08-05,13518,Online,Online,Unknown,Online
1290835369789882371,2020-08-05,13,Online,Online,Unknown,This Tweet is from a suspended account
1290835375813001216,2020-08-05,1324,Online,Online,Unknown,Online
1290835397036187652,2020-08-05,11657,Online,Online,Unknown,Online
1290835427600084995,2020-08-05,4072,Online,Online,Unknown,This Tweet is from a suspended account
1290835427600084995,2020-08-05,4072,Online,Online,Unknown,This Tweet is from a suspended account
1290835465675792385,2020-08-05,7431,Online,Online,Unknown,This Tweet is from an account that no longer exists
1290835465675792385,2020-08-05,7431,Online,Online,Unknown,This Tweet is from an account that no longer exists
1290835470457413632,2020-08-05,35,Online,Online,Unknown,Online
1290835482855657472,2020-08-05,121478,Online,Online,Unknown,You’re unable to view this Tweet because this account owner limits who can view their Tweets
1290835543983632387,2020-08-05,6141,Online,Online,Unknown,Online
1290835551327674369,2020-08-05,1521,Online,Online,Unknown,Online
1290835551327674369,2020-08-05,1521,Online,Online,Unknown,Online
1290835576334225409,2020-08-05,29595,Online,Online,Unknown,Online
1290835576334225409,2020-08-05,29595,Online,Online,Unknown,Online
1290835580876492801,2020-08-05,1976,Online,Online,Unknown,Online
1290835624627445761,2020-08-05,20835,Online,Online,Unknown,Online
1290835632546185216,2020-08-05,399,Online,Online,Unknown,This Tweet is from a suspended account
1290855445020762116,2020-08-05,1904,Online,Online,Unknown,Online
1290855448392982531,2020-08-05,9224,Online,Online,Unknown,Online
1290855448392982531,2020-08-05,9224,Online,Online,Unknown,Online
1290855479309082625,2020-08-05,21520,Online,Online,Unknown,This Tweet is from a suspended account
1290855497994842112,2020-08-05,351,Online,Online,Unknown,This Tweet is from a suspended account
1290855552604680192,2020-08-05,118900,Online,Online,Unknown,This Tweet is from a suspended account
1290855573378957314,2020-08-05,2537,Online,Online,Unknown,This Tweet is from a suspended account
1290855599966580736,2020-08-05,19241,Online,Online,Unknown,Online
1290855604043407360,2020-08-05,345,Online,Online,Unknown,Online
1290855619583528962,2020-08-05,5799,Online,Online,Unknown,Online
1290855646774964224,2020-08-05,3114,Online,Online,Unknown,Online
1290855667385819137,2020-08-05,73001,Online,Online,Unknown,This Tweet is from a suspended account
1290855691108794369,2020-08-05,7329,Online,Online,Unknown,Online
1290855695269728258,2020-08-05,144226,Online,Online,Unknown,Online
1290855717210071040,2020-08-05,22369,Online,Online,Unknown,Online
1290855755806105604,2020-08-05,1549,Online,Online,Unknown,This Tweet is from a suspended account
1290855765754839041,2020-08-05,107424,Online,Online,Unknown,This Tweet is from a suspended account
1290855766727905282,2020-08-05,3329,Online,Online,Unknown,Online
1290855794343325696,2020-08-05,10472,Online,Online,Unknown,You’re unable to view this Tweet because this account owner limits who can view their Tweets
1290855817021980675,2020-08-05,2373,Online,Online,Unknown,Online
1290855847632003073,2020-08-05,19795,Online,Online,Unknown,Online
1290855870432030722,2020-08-05,6059,Online,Online,Unknown,Online
1290855896415760386,2020-08-05,113612,Online,Online,Unknown,Online
1290855939042680837,2020-08-05,84855,Online,Online,Unknown,Online
1290856028192595968,2020-08-05,13572,Online,Online,Unknown,This Tweet is from a suspended account
1291135445208883200,2020-08-05,9156,Online,Online,Unknown,This Tweet is from a suspended account
1291135463001067522,2020-08-05,268741,Online,Online,Unknown,Online
1291135500984541185,2020-08-05,912,Online,Online,Unknown,This Tweet is from a suspended account
1291135535004753921,2020-08-05,152432,Online,Online,Unknown,Online
1291135565623066624,2020-08-05,3153,Online,Online,Unknown,This Tweet is from a suspended account
1291135592244232192,2020-08-05,5140,Online,Online,Unknown,Online
1291135621424128001,2020-08-05,2451,Online,Online,Unknown,Online
1291135630379032576,2020-08-05,32399,Online,Online,Unknown,This Tweet is from a suspended account
1291135815913861121,2020-08-05,134602,Online,Online,Unknown,Online
1291135890375335938,2020-08-05,76228,Online,Online,Unknown,Online
1291147964837232640,2020-08-05,857,Online,Online,Unknown,Online
1291148014837350400,2020-08-05,3069,Online,Online,Unknown,Online
1291148018658418688,2020-08-05,231,Online,Online,Unknown,Online
1291148029391773701,2020-08-05,25663,Online,Online,Unknown,Online
1291148087768035328,2020-08-05,1344,Online,Online,Unknown,This Tweet is from a suspended account
1291148087768035328,2020-08-05,1344,Online,Online,Unknown,This Tweet is from a suspended account
1291148087768035328,2020-08-05,1344,Online,Online,Unknown,This Tweet is from a suspended account
1291148123499147264,2020-08-05,2984,Online,Online,Unknown,Online
1291148204126461958,2020-08-05,8719,Online,Online,Unknown,Online
1291148207121149955,2020-08-05,52359,Online,Online,Unknown,Online
1291148226872193026,2020-08-05,5422,Online,Online,Unknown,Online
1291148266713894919,2020-08-05,2747,Online,Online,Unknown,Online
1291148302268936195,2020-08-05,0,Online,Online,Unknown,Online
1291148302268936195,2020-08-05,0,Online,Online,Unknown,Online
1291216136642523137,2020-08-06,50175,Online,Online,Unknown,Online
1291216208486957056,2020-08-06,130230,Online,Online,Unknown,Online
1291216215805841413,2020-08-06,2549,Online,Online,Unknown,Online
1291216276019458050,2020-08-06,49169,Online,Online,Unknown,Online
1291216298064584704,2020-08-06,3432,Online,Online,Unknown,You’re unable to view this Tweet because this account owner limits who can view their Tweets
1291216323507138560,2020-08-06,19224,Online,Online,Unknown,Online
1291216327642939393,2020-08-06,2743,Online,Online,Unknown,Online
1291216404792762369,2020-08-06,5924,Online,Online,Unknown,This Tweet is from an account that no longer exists
1291216449781084162,2020-08-06,186866,Online,Online,Unknown,Online
1291216462158340096,2020-08-06,7500,Online,Online,Unknown,Online
1291216495490617345,2020-08-06,2746,Online,Online,Unknown,Online
1291216517485465600,2020-08-06,4174,Online,Online,Unknown,Online
1291216556526112773,2020-08-06,510,Online,Online,Unknown,Online
1291216571969372160,2020-08-06,2639,Online,Online,Unknown,Online
1291216577241718785,2020-08-06,8741,Online,Online,Unknown,This Tweet is from a suspended account
1291216601275150343,2020-08-06,38117,Online,Online,Unknown,Online
1291216693608566785,2020-08-06,9,Online,Online,Unknown,Online
1291216699409260548,2020-08-06,12471,Online,Online,Unknown,Online
1291216727624351745,2020-08-06,8232,Online,Online,Unknown,Online
1291216739074805760,2020-08-06,13,Online,Online,Unknown,Online
1291216778027077632,2020-08-06,60820,Online,Online,Unknown,Online
1291216848248332288,2020-08-06,39201,Online,Online,Unknown,Online
1291216854829195265,2020-08-06,2795,Online,Online,Unknown,This Tweet is from a suspended account
1291281561946591232,2020-08-06,873,Online,Online,Unknown,Online
1291281561946591232,2020-08-06,873,Online,Online,Unknown,Online
1291281822148567042,2020-08-06,35992,Online,Online,Unknown,Online
1291281845737398272,2020-08-06,2525,Online,Online,Unknown,Online
1291281866797047808,2020-08-06,120744,Online,Online,Unknown,Online
1291281909931114496,2020-08-06,2332,Online,Online,Unknown,Online
1291281909931114496,2020-08-06,2332,Online,Online,Unknown,Online
1291281909931114496,2020-08-06,2332,Online,Online,Unknown,Online
1291281909931114496,2020-08-06,2332,Online,Online,Unknown,Online
1291281909931114496,2020-08-06,2332,Online,Online,Unknown,Online
1291281949731033088,2020-08-06,2481,Online,Online,Unknown,This Tweet is from a suspended account
1291281955863121920,2020-08-06,54366,Online,Online,Unknown,This Tweet is from a suspended account
1291282033558401025,2020-08-06,56218,Online,Online,Unknown,You’re unable to view this Tweet because this account owner limits who can view their Tweets
1291282058631876608,2020-08-06,48546,Online,Online,Unknown,Online
1291282230040387584,2020-08-06,7590,Online,Online,Unknown,Online
1291359966662668288,2020-08-06,1077,Online,Online,Unknown,Online
1291359997960560641,2020-08-06,1528,Online,Online,Unknown,Online
1291360016897921025,2020-08-06,85745,Online,Online,Unknown,Online
1291360040998363138,2020-08-06,1551,Online,Online,Unknown,Online
1291360041078009857,2020-08-06,1615,Online,Online,Unknown,Online
1291360076012412928,2020-08-06,0,Online,Online,Unknown,Online
1291360115086557184,2020-08-06,170286,Online,Online,Unknown,This Tweet is from a suspended account
1291360137588772870,2020-08-06,21311,Online,Online,Unknown,Online
1291360150364790784,2020-08-06,53815,Online,Online,Unknown,This Tweet is from a suspended account
1291360264412176385,2020-08-06,237,Online,Online,Unknown,Online
1291360283730915328,2020-08-06,31924,Online,Online,Unknown,This Tweet is from a suspended account
1291360317554003969,2020-08-06,39874,Online,Online,Unknown,Online
1291361697467379713,2020-08-06,407713,Online,Online,Unknown,Online
1291361723396628480,2020-08-06,20448,Online,Online,Unknown,Online
1291361729977495552,2020-08-06,24572,Online,Online,Unknown,Online
1291361764609871877,2020-08-06,18503,Online,Online,Unknown,This Tweet is from a suspended account
1291361814001975296,2020-08-06,26,Online,Online,Unknown,Online
1291361814001975296,2020-08-06,26,Online,Online,Unknown,Online
1291361831571906560,2020-08-06,3290,Online,Online,Unknown,Online
1291361831571906560,2020-08-06,3290,Online,Online,Unknown,Online
1291361869811392512,2020-08-06,478,Online,Online,Unknown,Online
1291361877201686529,2020-08-06,13347,Online,Online,Unknown,Online
1291361885917515777,2020-08-06,5484,Online,Online,Unknown,Online
1291361925486567424,2020-08-06,145848,Online,Online,Unknown,Online
1291361954674683904,2020-08-06,724,Online,Online,Unknown,Online
1291362098019098625,2020-08-06,22655,Online,Online,Unknown,Online
1291367338361618435,2020-08-06,796,Online,Online,Unknown,Online
1291367370888556544,2020-08-06,8279,Online,Online,Unknown,Online
1291367404673675266,2020-08-06,19613,Online,Online,Unknown,Online
1291367483467796484,2020-08-06,17347,Online,Online,Unknown,Online
1291551615984398336,2020-08-07,2,Online,Online,Unknown,Online
1291551714265489411,2020-08-07,4031,Online,Online,Unknown,This Tweet is from a suspended account
1291551884537262080,2020-08-07,6,Online,Online,Unknown,Online
1291551965135085568,2020-08-07,353,Online,Online,Unknown,Online
1291552075713716224,2020-08-07,11831,Online,Online,Unknown,This Tweet is from a suspended account
1291552075713716224,2020-08-07,11831,Online,Online,Unknown,This Tweet is from a suspended account
1291630747539968000,2020-08-07,3525,Online,Online,Unknown,Online
1291630879207546883,2020-08-07,17995,Online,Online,Unknown,Online
1291630973507993601,2020-08-07,35615,Online,Online,Unknown,Online
1291661026769788928,2020-08-07,4356,Online,Online,Unknown,Online
1291661041043210248,2020-08-07,469,Online,Online,Unknown,Online
1291661342361833472,2020-08-07,94,Online,Online,Unknown,Online
1291795985837043713,2020-08-07,1828,Online,Online,Unknown,This Tweet is from an account that no longer exists
1291795985837043713,2020-08-07,1828,Online,Online,Unknown,This Tweet is from an account that no longer exists
1291796077939695622,2020-08-07,164415,Online,Online,Unknown,This Tweet is from a suspended account
1291796202816704512,2020-08-07,62,Online,Online,Unknown,This Tweet is from an account that no longer exists
1291796246550716416,2020-08-07,1122,Online,Online,Unknown,Online
1291871592994152450,2020-08-07,791,Online,Online,Unknown,Online
1291871597989474304,2020-08-07,21728,Online,Online,Unknown,Online
1291871743821221888,2020-08-07,6829,Online,Online,Unknown,Online
1291871771751116800,2020-08-07,12,Online,Online,Unknown,Online
1291934565368565765,2020-08-08,23521,Online,Online,Unknown,Online
1292083920893353984,2020-08-08,51155,Online,Online,Unknown,Online
1292083920893353984,2020-08-08,51155,Online,Online,Unknown,Online
1292130673097093120,2020-08-08,11811,Online,Online,Unknown,You’re unable to view this Tweet because this account owner limits who can view their Tweets
1292372243327131648,2020-08-09,1780,Online,Online,Unknown,You’re unable to view this Tweet because this account owner limits who can view their Tweets
1294171948105302016,2020-08-14,24610,Online,Online,Unknown,Online
1294371482857099265,2020-08-14,1519,Online,Online,Unknown,Online
1299330498876059648,2020-08-28,66,Online,Online,Unknown,Online
1304744995983773698,2020-09-12,227301,Online,Online,Unknown,Online
1304745027021799424,2020-09-12,14548,Online,Online,Unknown,Online
1304745038891671552,2020-09-12,7007,Online,Online,Unknown,Online
1304745063285690368,2020-09-12,342779,Online,Online,Unknown,This Tweet is from a suspended account
1304745064959275008,2020-09-12,25157,Online,Online,Unknown,Online
1304745140041535492,2020-09-12,30227,Online,Online,Unknown,Online
1304745151265464320,2020-09-12,90133,Online,Online,Unknown,This Tweet is from a suspended account
1304745176922050560,2020-09-12,7059,Online,Online,Unknown,Online
1304745178150957058,2020-09-12,8418,Online,Online,Unknown,Online
1304745193732702208,2020-09-12,91628,Online,Online,Unknown,Online
1304745201651585024,2020-09-12,1608,Online,Online,Unknown,Online
1304745207074824192,2020-09-12,174,Online,Online,Unknown,Online
1304745214771331072,2020-09-12,22608,Online,Online,Unknown,Online
1304745238402007041,2020-09-12,1511,Online,Online,Unknown,Online
1304745238402007041,2020-09-12,1511,Online,Online,Unknown,Online
1304745259247824896,2020-09-12,16774,Online,Online,Unknown,Online
1304745269985042432,2020-09-12,14865,Online,Online,Unknown,Online
1304745277287526400,2020-09-12,3765,Online,Online,Unknown,Online
1304745282635280384,2020-09-12,9717,Online,Online,Unknown,Online
1304745321344438272,2020-09-12,551,Online,Online,Unknown,Online
1304745321411481602,2020-09-12,1506,Online,Online,Unknown,Online
1304745328080547840,2020-09-12,46236,Online,Online,Unknown,This Tweet is from an account that no longer exists
1304745401220698112,2020-09-12,360,Online,Online,Unknown,Online
1304745458405842944,2020-09-12,445020,Online,Online,Unknown,Online
1304745483567534081,2020-09-12,15129,Online,Online,Unknown,Online
1304745587376611328,2020-09-12,5572,Online,Online,Unknown,Online
1304745589217939456,2020-09-12,87584,Online,Online,Unknown,Online
1304745600458645505,2020-09-12,23125,Online,Online,Unknown,Online
1305155556341145602,2020-09-13,3669,Online,Online,Unknown,Online
1305155556341145602,2020-09-13,3669,Online,Online,Unknown,Online
1305155557075034112,2020-09-13,14891,Online,Online,Unknown,Online
1305155557075034112,2020-09-13,14891,Online,Online,Unknown,Online
1305155585139187717,2020-09-13,0,Online,Online,Unknown,Online
1305155585139187717,2020-09-13,0,Online,Online,Unknown,Online
1305155588838612995,2020-09-13,102369,Online,Online,Unknown,This Tweet is from a suspended account
1305155588838612995,2020-09-13,102369,Online,Online,Unknown,This Tweet is from a suspended account
1305155636682829824,2020-09-13,12588,Online,Online,Unknown,Online
1305155670358990849,2020-09-13,8046,Online,Online,Unknown,Online
1305155699534630912,2020-09-13,39449,Online,Online,Unknown,This Tweet is from a suspended account
1305155724503375872,2020-09-13,110453,Online,Online,Unknown,Online
1305155734527762434,2020-09-13,8423,Online,Online,Unknown,Online
1305155734527762434,2020-09-13,8423,Online,Online,Unknown,Online
1305155740613709824,2020-09-13,45609,Online,Online,Unknown,Online
1305155775531290626,2020-09-13,620,Online,Online,Unknown,Online
1305155775531290626,2020-09-13,620,Online,Online,Unknown,Online
1305155785455009793,2020-09-13,168375,Online,Online,Unknown,Online
1305155785455009793,2020-09-13,168375,Online,Online,Unknown,Online
1305155803725225985,2020-09-13,5734,Online,Online,Unknown,You’re unable to view this Tweet because this account owner limits who can view their Tweets
1305155817495236608,2020-09-13,33507,Online,Online,Unknown,This Tweet is from a suspended account
1305155865121497091,2020-09-13,4862,Online,Online,Unknown,Online
1305155865121497091,2020-09-13,4862,Online,Online,Unknown,Online
1305155870209314816,2020-09-13,8,Online,Online,Unknown,Online
1305155870209314816,2020-09-13,8,Online,Online,Unknown,Online
1305155871161249792,2020-09-13,60732,Online,Online,Unknown,Online
1305155895194718208,2020-09-13,214,Online,Online,Unknown,Online
1305155895194718208,2020-09-13,214,Online,Online,Unknown,Online
1305155912382914560,2020-09-13,21357,Online,Online,Unknown,You’re unable to view this Tweet because this account owner limits who can view their Tweets
1305155935636127747,2020-09-13,3222,Online,Online,Unknown,Online
1305155937183780864,2020-09-13,4756,Online,Online,Unknown,You’re unable to view this Tweet because this account owner limits who can view their Tweets
1305155937204867072,2020-09-13,14794,Online,Online,Unknown,You’re unable to view this Tweet because this account owner limits who can view their Tweets
1305155943571828738,2020-09-13,31239,Online,Online,Unknown,Online
1305155943571828738,2020-09-13,31239,Online,Online,Unknown,Online
1305155957677273093,2020-09-13,1203,Online,Online,Unknown,Online
1305155957677273093,2020-09-13,1203,Online,Online,Unknown,Online
1305155973766623232,2020-09-13,136638,Online,Online,Unknown,Online
1305155977101086720,2020-09-13,10757,Online,Online,Unknown,Online
1305155992599044096,2020-09-13,14848,Online,Online,Unknown,Online
1305155992599044096,2020-09-13,14848,Online,Online,Unknown,Online
1305155992871677953,2020-09-13,103310,Online,Online,Unknown,Online
1305155992871677953,2020-09-13,103310,Online,Online,Unknown,Online
1305155998215217152,2020-09-13,6,Online,Online,Unknown,Online
1305156003516813313,2020-09-13,5606,Online,Online,Unknown,Online
1305156005001441281,2020-09-13,18377,Online,Online,Unknown,Online
1305156005001441281,2020-09-13,18377,Online,Online,Unknown,Online
1305156009153888257,2020-09-13,18909,Online,Online,Unknown,This Tweet is from a suspended account
1305156032901992456,2020-09-13,1532,Online,Online,Unknown,Online
1305156063856123905,2020-09-13,45,Online,Online,Unknown,Online
1305156075948105735,2020-09-13,7411,Online,Online,Unknown,Online
1305156075948105735,2020-09-13,7411,Online,Online,Unknown,Online
1305156099327188993,2020-09-13,587,Online,Online,Unknown,Online
1305156101680357376,2020-09-13,52614,Online,Online,Unknown,This Tweet is from a suspended account
1305156125151682565,2020-09-13,4805,Online,Online,Unknown,Online
1305156151743406080,2020-09-13,5125,Online,Online,Unknown,Online
1305156162204049411,2020-09-13,2027,Online,Online,Unknown,This Tweet is from a suspended account
1305156180164120576,2020-09-13,42,Online,Online,Unknown,Online
1305156182575927297,2020-09-13,13376,Online,Online,Unknown,Online
1305156199881551873,2020-09-13,236,Online,Online,Unknown,Online
1305156199881551873,2020-09-13,236,Online,Online,Unknown,Online
1305334110030909445,2020-09-14,30797,Online,Online,Unknown,Online
1305334125591584769,2020-09-14,5569,Online,Online,Unknown,Online
1305334189131063303,2020-09-14,3691,Online,Online,Unknown,Online
1305334195653410816,2020-09-14,406015,Online,Online,Unknown,You’re unable to view this Tweet because this account owner limits who can view their Tweets
1305334224287862789,2020-09-14,294,Online,Online,Unknown,Online
1305334224287862789,2020-09-14,294,Online,Online,Unknown,Online
1305334290209595392,2020-09-14,2762,Online,Online,Unknown,Online
1305334312607326208,2020-09-14,50,Online,Online,Unknown,Online
1305334312808542208,2020-09-14,52,Online,Online,Unknown,Online
1305334409478823936,2020-09-14,29906,Online,Online,Unknown,Online
1305334478764568576,2020-09-14,8293,Online,Online,Unknown,Online
1305334663490093056,2020-09-14,70382,Online,Online,Unknown,Online
1305334663490093056,2020-09-14,70382,Online,Online,Unknown,Online
1305334700098060289,2020-09-14,26,Online,Online,Unknown,Online
1305334708520333313,2020-09-14,190533,Online,Online,Unknown,Online
1305334716082520065,2020-09-14,3,Online,Online,Unknown,Online
1305334725196894209,2020-09-14,202,Online,Online,Unknown,Online
1305334812228481025,2020-09-14,363413,Online,Online,Unknown,Online
1305334845275435011,2020-09-14,9556,Online,Online,Unknown,Online
1305334939236196352,2020-09-14,57946,Online,Online,Unknown,Online
1305365702476431360,2020-09-14,10455,Online,Online,Unknown,This Tweet is from a suspended account
1305365702476431360,2020-09-14,10455,Online,Online,Unknown,This Tweet is from a suspended account
1305365717064331266,2020-09-14,7884,Online,Online,Unknown,Online
1305365717064331266,2020-09-14,7884,Online,Online,Unknown,Online
1305365765114093569,2020-09-14,218306,Online,Online,Unknown,This Tweet is from a suspended account
1305365773834215432,2020-09-14,22820,Online,Online,Unknown,Online
1305365773834215432,2020-09-14,22820,Online,Online,Unknown,Online
1305365774442221568,2020-09-14,35428,Online,Online,Unknown,Online
1305365784764592135,2020-09-14,10663,Online,Online,Unknown,Online
1305365802464419840,2020-09-14,218307,Online,Online,Unknown,This Tweet is from a suspended account
1305365804498800641,2020-09-14,67382,Online,Online,Unknown,This Tweet is from a suspended account
1305365804498800641,2020-09-14,67382,Online,Online,Unknown,This Tweet is from a suspended account
1305365852431233024,2020-09-14,15751,Online,Online,Unknown,Online
1305365853458767872,2020-09-14,218307,Online,Online,Unknown,This Tweet is from a suspended account
1305365888212688896,2020-09-14,218308,Online,Online,Unknown,This Tweet is from a suspended account
1305365892356804609,2020-09-14,21567,Online,Online,Unknown,Online
1305366312554844160,2020-09-14,1431,Online,Online,Unknown,Online
1305366349322104832,2020-09-14,23531,Online,Online,Unknown,This Tweet is from a suspended account
1305366349322104832,2020-09-14,23531,Online,Online,Unknown,This Tweet is from a suspended account
1305366374924070912,2020-09-14,23392,Online,Online,Unknown,This Tweet is from a suspended account
1305366404091183106,2020-09-14,5951,Online,Online,Unknown,Online
1305366404091183106,2020-09-14,5951,Online,Online,Unknown,Online
1305366418758815747,2020-09-14,121716,Online,Online,Unknown,Online
1305366418758815747,2020-09-14,121716,Online,Online,Unknown,Online
1305366551558750210,2020-09-14,8239,Online,Online,Unknown,This Tweet is from a suspended account
1305366564259020800,2020-09-14,10259,Online,Online,Unknown,Online
1305366564259020800,2020-09-14,10259,Online,Online,Unknown,Online
1305366607758147585,2020-09-14,234109,Online,Online,Unknown,Online
1305366666579193856,2020-09-14,9749,Online,Online,Unknown,Online
1305366685713674241,2020-09-14,1226,Online,Online,Unknown,Online
1305403562248335361,2020-09-14,56,Online,Online,Unknown,Online
1305403629944410112,2020-09-14,4165,Online,Online,Unknown,Online
1305403629944410112,2020-09-14,4165,Online,Online,Unknown,Online
1305403629944410112,2020-09-14,4165,Online,Online,Unknown,Online
1305403629944410112,2020-09-14,4165,Online,Online,Unknown,Online
1305403629944410112,2020-09-14,4165,Online,Online,Unknown,Online
1305403648852324359,2020-09-14,103066,Online,Online,Unknown,Online
1305403671153446912,2020-09-14,18473,Online,Online,Unknown,Online
1305403706532335616,2020-09-14,237,Online,Online,Unknown,Online
1305403728875274240,2020-09-14,536,Online,Online,Unknown,Online
1305404190534103040,2020-09-14,57800,Online,Online,Unknown,Online
1305404227871703048,2020-09-14,7556,Online,Online,Unknown,Online
1305404270708232192,2020-09-14,210,Online,Online,Unknown,Online
1305404286797516800,2020-09-14,21406,Online,Online,Unknown,Online
1305404516154605568,2020-09-14,90,Online,Online,Unknown,Online
1305404594047070208,2020-09-14,16957,Online,Online,Unknown,Online
1305424747103244288,2020-09-14,15483,Online,Online,Unknown,Online
1305425013768630273,2020-09-14,42,Online,Online,Unknown,Online
1305425047507660803,2020-09-14,287814,Online,Online,Unknown,Online
1305425113534181380,2020-09-14,113702,Online,Online,Unknown,Online
1305425134988259328,2020-09-14,2884,Online,Online,Unknown,Online
1305425146098757633,2020-09-14,138367,Online,Online,Unknown,Online
1305425211282554880,2020-09-14,6239,Online,Online,Unknown,Online
1305425258401411073,2020-09-14,1661,Online,Online,Unknown,Online
1305425258401411073,2020-09-14,1661,Online,Online,Unknown,Online
1305425258401411073,2020-09-14,1661,Online,Online,Unknown,Online
1305425258401411073,2020-09-14,1661,Online,Online,Unknown,Online
1305425277997084672,2020-09-14,13289,Online,Online,Unknown,Online
1305425383265841158,2020-09-14,35080,Online,Online,Unknown,Online
1305425457538461696,2020-09-14,10309,Online,Online,Unknown,Online
1305439899764404224,2020-09-14,4643,Online,Online,Unknown,Online
1305439953426558977,2020-09-14,646,Online,Online,Unknown,Online
1305440014499602432,2020-09-14,2008,Online,Online,Unknown,This Tweet is from a suspended account
1305440282595516417,2020-09-14,12968,Online,Online,Unknown,Online
1305440293345525761,2020-09-14,844,Online,Online,Unknown,Online
1305440430444736517,2020-09-14,1220,Online,Online,Unknown,Online
1305440442402705409,2020-09-14,70,Online,Online,Unknown,Online
1305440447645401090,2020-09-14,28269,Online,Online,Unknown,Online
1305440491496828930,2020-09-14,21211,Online,Online,Unknown,Online
1305440526141812738,2020-09-14,14,Online,Online,Unknown,Online
1305440746162597891,2020-09-14,34756,Online,Online,Unknown,Online
1305657791114141696,2020-09-15,410,Online,Online,Unknown,Online
1305657793001684994,2020-09-15,1689,Online,Online,Unknown,Online
1305657846634352641,2020-09-15,387,Online,Online,Unknown,Online
1305657875612626949,2020-09-15,2494,Online,Online,Unknown,Online
1305657994747744256,2020-09-15,2441,Online,Online,Unknown,You’re unable to view this Tweet because this account owner limits who can view their Tweets
1305658042202103811,2020-09-15,11534,Online,Online,Unknown,Online
1305658085382467590,2020-09-15,24975,Online,Online,Unknown,Online
1305658098250592256,2020-09-15,301,Online,Online,Unknown,You’re unable to view this Tweet because this account owner limits who can view their Tweets
1305658098250592256,2020-09-15,301,Online,Online,Unknown,You’re unable to view this Tweet because this account owner limits who can view their Tweets
1305658194648272897,2020-09-15,4505,Online,Online,Unknown,Online
1305658214244065280,2020-09-15,27561,Online,Online,Unknown,This Tweet is from a suspended account
1305658267155214338,2020-09-15,201134,Online,Online,Unknown,This Tweet is from an account that no longer exists
1305658361673920512,2020-09-15,14001,Online,Online,Unknown,Online
1305658458029674496,2020-09-15,31519,Online,Online,Unknown,Online
1305658458029674496,2020-09-15,31519,Online,Online,Unknown,Online
1305658466091053056,2020-09-15,17455,Online,Online,Unknown,Online
1305658510902988800,2020-09-15,7873,Online,Online,Unknown,Online
1305658510902988800,2020-09-15,7873,Online,Online,Unknown,Online
1305690149595082753,2020-09-15,10562,Online,Online,Unknown,Online
1305690399642705923,2020-09-15,1165,Online,Online,Unknown,Online
1305690864224796673,2020-09-15,70905,Online,Online,Unknown,Online
1305690864224796673,2020-09-15,70905,Online,Online,Unknown,Online
1305690913348476929,2020-09-15,268,Online,Online,Unknown,Online
1305690956264595456,2020-09-15,641,Online,Online,Unknown,Online
1305692113301057539,2020-09-15,54159,Online,Online,Unknown,This Tweet is from a suspended account
1305692113301057539,2020-09-15,54159,Online,Online,Unknown,This Tweet is from a suspended account
1305692191763902466,2020-09-15,7094,Online,Online,Unknown,Online
1305692266917396480,2020-09-15,10714,Online,Online,Unknown,Online
1305692476154417153,2020-09-15,11727,Online,Online,Unknown,Online
1305692564729675776,2020-09-15,211784,Online,Online,Unknown,Online
1305692761442709504,2020-09-15,5038,Online,Online,Unknown,Online
1305692770200412162,2020-09-15,1,Online,Online,Unknown,Online
1305692799338151936,2020-09-15,19702,Online,Online,Unknown,Online
1305697101037404160,2020-09-15,139282,Online,Online,Unknown,Online
1305697126098391040,2020-09-15,1685,Online,Online,Unknown,Online
1305697157438029825,2020-09-15,129,Online,Online,Unknown,Online
1305697267442163719,2020-09-15,61,Online,Online,Unknown,Online
1305697373725704192,2020-09-15,40639,Online,Online,Unknown,This Tweet is from a suspended account
1305697519914176514,2020-09-15,146042,Online,Online,Unknown,Online
1305697726315687936,2020-09-15,8,Online,Online,Unknown,Online
1305697801616068608,2020-09-15,563,Online,Online,Unknown,Online
1305780447138533381,2020-09-15,60753,Online,Online,Unknown,Online
1305780816291663872,2020-09-15,50605,Online,Online,Unknown,Online
1305780833249263616,2020-09-15,4442,Online,Online,Unknown,Online
1305780833249263616,2020-09-15,4442,Online,Online,Unknown,Online
1305780923472859136,2020-09-15,26004,Online,Online,Unknown,Online
1305780953349062657,2020-09-15,0,Online,Online,Unknown,Online
1305781022634713088,2020-09-15,1027,Online,Online,Unknown,Online
1305781022634713088,2020-09-15,1027,Online,Online,Unknown,Online
1305781022634713088,2020-09-15,1027,Online,Online,Unknown,Online
1305781022634713088,2020-09-15,1027,Online,Online,Unknown,Online
1305781032445046784,2020-09-15,2588,Online,Online,Unknown,Online
1305781032445046784,2020-09-15,2588,Online,Online,Unknown,Online
1305781162762055680,2020-09-15,1546,Online,Online,Unknown,Online
1305781268026716161,2020-09-15,1900,Online,Online,Unknown,Online
1305781294601732098,2020-09-15,10489,Online,Online,Unknown,This Tweet is from a suspended account
1305781319289446400,2020-09-15,38379,Online,Online,Unknown,Online
1305781319289446400,2020-09-15,38379,Online,Online,Unknown,Online
1305781569207128064,2020-09-15,60228,Online,Online,Unknown,Online
1305860333148536834,2020-09-15,13524,Online,Online,Unknown,Online
1305860333148536834,2020-09-15,13524,Online,Online,Unknown,Online
1305860416044703751,2020-09-15,45422,Online,Online,Unknown,Online
1305860441604861952,2020-09-15,1349,Online,Online,Unknown,Online
1305860452916826113,2020-09-15,5281,Online,Online,Unknown,Online
1305860452916826113,2020-09-15,5281,Online,Online,Unknown,Online
1305860461951365121,2020-09-15,1726,Online,Online,Unknown,This Tweet is from a suspended account
1305860461951365121,2020-09-15,1726,Online,Online,Unknown,This Tweet is from a suspended account
1305860668692852738,2020-09-15,188194,Online,Online,Unknown,You’re unable to view this Tweet because this account owner limits who can view their Tweets
1305860722300248064,2020-09-15,0,Online,Online,Unknown,Online
1305860722300248064,2020-09-15,0,Online,Online,Unknown,Online
1305860777585373188,2020-09-15,2643,Online,Online,Unknown,Online
1305860784292065281,2020-09-15,335173,Online,Online,Unknown,You’re unable to view this Tweet because this account owner limits who can view their Tweets
1305873574322999297,2020-09-15,8676,Online,Online,Unknown,Online
1305873689171247105,2020-09-15,20120,Online,Online,Unknown,Online
1305873816086654976,2020-09-15,8370,Online,Online,Unknown,Online
1305873853470486529,2020-09-15,15333,Online,Online,Unknown,Online
1305873865680121856,2020-09-15,97565,Online,Online,Unknown,This Tweet is from a suspended account
1305873919916695556,2020-09-15,8164,Online,Online,Unknown,Online
1305908535763427328,2020-09-15,84996,Online,Online,Unknown,Online
1305908577668943872,2020-09-15,180161,Online,Online,Unknown,This Tweet is from a suspended account
1305908588041383950,2020-09-15,3764,Online,Online,Unknown,This Tweet is from a suspended account
1305908594143981570,2020-09-15,1852,Online,Online,Unknown,Online
1305908615954358273,2020-09-15,2980,Online,Online,Unknown,Online
1305908617703378944,2020-09-15,6393,Online,Online,Unknown,This Tweet is from a suspended account
1305908770661380097,2020-09-15,105514,Online,Online,Unknown,Online
1305908770661380097,2020-09-15,105514,Online,Online,Unknown,Online
1305908922176483334,2020-09-15,3709,Online,Online,Unknown,Online
1305909020339793920,2020-09-15,63335,Online,Online,Unknown,Online
1305909058596032512,2020-09-15,76249,Online,Online,Unknown,Online
1306003660724473856,2020-09-15,4,Online,Online,Unknown,Online
1306020638914641920,2020-09-16,76921,Online,Online,Unknown,Online
1306020645424304129,2020-09-16,47292,Online,Online,Unknown,Online
1306020661807198209,2020-09-16,1812,Online,Online,Unknown,Online
1306020666278379522,2020-09-16,238831,Online,Online,Unknown,Online
1306020669566717952,2020-09-16,1726,Online,Online,Unknown,This Tweet is from a suspended account
1306020689753899009,2020-09-16,0,Online,Online,Unknown,Online
1306020804589649921,2020-09-16,5811,Online,Online,Unknown,Online
1306020919417200640,2020-09-16,22552,Online,Online,Unknown,Online
1306020955152691200,2020-09-16,120825,Online,Online,Unknown,Online
1306021018817961985,2020-09-16,282,Online,Online,Unknown,Online
1306021100313247744,2020-09-16,1938,Online,Online,Unknown,Online
1306021108987113472,2020-09-16,56590,Online,Online,Unknown,Online
1306021257713004544,2020-09-16,1121,Online,Online,Unknown,Online
1306021257713004544,2020-09-16,1121,Online,Online,Unknown,Online
1306058214497189888,2020-09-16,14748,Online,Online,Unknown,Online
1306058235863015426,2020-09-16,145750,Online,Online,Unknown,Online
1306058376691036165,2020-09-16,1941,Online,Online,Unknown,You’re unable to view this Tweet because this account owner limits who can view their Tweets
1306058575526146049,2020-09-16,71556,Online,Online,Unknown,Online
1306058726009311232,2020-09-16,72230,Online,Online,Unknown,Online
1306071072371027968,2020-09-16,3131,Online,Online,Unknown,Online
1306071072371027968,2020-09-16,3131,Online,Online,Unknown,Online
1306071325786554368,2020-09-16,3131,Online,Online,Unknown,Online
1306071325786554368,2020-09-16,3131,Online,Online,Unknown,Online
1306071479445065733,2020-09-16,38209,Online,Online,Unknown,Online
1306071680863723520,2020-09-16,5938,Online,Online,Unknown,Online
1306071692087787520,2020-09-16,23827,Online,Online,Unknown,Online
1306071723008241665,2020-09-16,744974,Online,Online,Unknown,Online
1306218304093159425,2020-09-16,80,Online,Online,Unknown,Online
1306218304093159425,2020-09-16,80,Online,Online,Unknown,Online
1306218368806998016,2020-09-16,481,Online,Online,Unknown,Online
1306218368806998016,2020-09-16,481,Online,Online,Unknown,Online
1306218388608352258,2020-09-16,37867,Online,Online,Unknown,Online
1306218397496152064,2020-09-16,172812,Online,Online,Unknown,Online
1306218434724724737,2020-09-16,2,Online,Online,Unknown,Online
1306218434724724737,2020-09-16,2,Online,Online,Unknown,Online
1306218521337180166,2020-09-16,68528,Online,Online,Unknown,Online
1306218539167211520,2020-09-16,15927,Online,Online,Unknown,Online
1306218566488907781,2020-09-16,4448,Online,Online,Unknown,Online
1306236109157011456,2020-09-16,11,Online,Online,Unknown,Online
1306236241646510080,2020-09-16,912,Online,Online,Unknown,Online
1306236363348619266,2020-09-16,293,Online,Online,Unknown,Online
1306544267263987716,2020-09-17,2761,Online,Online,Unknown,Online
1306615309474779136,2020-09-17,1444,Online,Online,Unknown,Online
1306615392241152000,2020-09-17,2649,Online,Online,Unknown,Online
1306615424486866946,2020-09-17,516,Online,Online,Unknown,Online
1306615518825246721,2020-09-17,32584,Online,Online,Unknown,Online
1306615598072451072,2020-09-17,3250,Online,Online,Unknown,Online
1306628902232752128,2020-09-17,73943,Online,Online,Unknown,Online
1306628941923319808,2020-09-17,3819,Online,Online,Unknown,Online
1306628959866482689,2020-09-17,42276,Online,Online,Unknown,Online
1306628981433737217,2020-09-17,2386,Online,Online,Unknown,Online
1306628982306201602,2020-09-17,2200,Online,Online,Unknown,Online
1306629062614450176,2020-09-17,1843,Online,Online,Unknown,Online
1306629134345531393,2020-09-17,440,Online,Online,Unknown,Online
1306685226131820544,2020-09-17,558,Online,Online,Unknown,You’re unable to view this Tweet because this account owner limits who can view their Tweets
1306685549231714306,2020-09-17,24497,Online,Online,Unknown,Online
1306685860285472768,2020-09-17,18,Online,Online,Unknown,Online
1306685860285472768,2020-09-17,18,Online,Online,Unknown,Online
1306685860285472768,2020-09-17,18,Online,Online,Unknown,Online
1306692018878455810,2020-09-17,103,Online,Online,Unknown,Online
1306692018878455810,2020-09-17,103,Online,Online,Unknown,Online
1306692018878455810,2020-09-17,103,Online,Online,Unknown,Online
1306692071546388480,2020-09-17,8620,Online,Online,Unknown,Online
1307932117834149888,2020-09-21,51362,Online,Online,Unknown,You’re unable to view this Tweet because this account owner limits who can view their Tweets
1308023447247679491,2020-09-21,85587,Online,Online,Unknown,Online
1308023454810112000,2020-09-21,13061,Online,Online,Unknown,Online
1308023524569866240,2020-09-21,3684,Online,Online,Unknown,Online
1308023524569866240,2020-09-21,3684,Online,Online,Unknown,Online
1308023524569866240,2020-09-21,3684,Online,Online,Unknown,Online
1308023560850546688,2020-09-21,26604,Online,Online,Unknown,This Tweet is from a suspended account
1308023594648252417,2020-09-21,11163,Online,Online,Unknown,Online
1308023594648252417,2020-09-21,11163,Online,Online,Unknown,Online
1311089711394381825,2020-09-29,21260,Online,Online,Unknown,Online
1311663700714106880,2020-10-01,5266,Online,Online,Unknown,Online
1311663993023541250,2020-10-01,60058,Online,Online,Unknown,Online
1311663993023541250,2020-10-01,60058,Online,Online,Unknown,Online
1311983716172996608,2020-10-02,1183,Online,Online,Unknown,Online
1312275935635271680,2020-10-03,21265,Online,Online,Unknown,Online
1313211735319425027,2020-10-05,2569,Online,Online,Unknown,Online
1313211735319425027,2020-10-05,2569,Online,Online,Unknown,Online
1313211882501812224,2020-10-05,32716,Online,Online,Unknown,Online
1313216428003164161,2020-10-05,35828,Online,Online,Unknown,Online
1315136077318029313,2020-10-11,95537,Online,Online,Unknown,Online
1315136077318029313,2020-10-11,95537,Online,Online,Unknown,Online
1315823661769605123,2020-10-13,17367,Online,Online,Unknown,Online
1315823710037827584,2020-10-13,166119,Online,Online,Unknown,Online
1315823789737828352,2020-10-13,653,Online,Online,Unknown,You’re unable to view this Tweet because this account owner limits who can view their Tweets
1315900567500337152,2020-10-13,275,Online,Online,Unknown,Online
1315977105805643777,2020-10-13,10140,Online,Online,Unknown,Online
1325168500973871105,2020-11-07,0,"Pennsylvania postal worker recants allegations of ballot tampering, Washington Post, Washington Examiner and NYT report",Context,Unknown,This Tweet is from a suspended account
1328880222171770883,2020-11-18,0,"Poll watchers were not barred from observing ballot counts in Pennsylvania, according to PolitiFact and The New York Times",Context,Unknown,Online
1234456341948903425,2020-03-02,0,President Trump announces new coronavirus travel measures,Context,Unknown,Online
1324467021602451456,2020-11-05,0,"Sorry, that page doesn't exist!","Sorry, that page doesn't exist!",Unknown,This Tweet is from a suspended account
1324716410636034048,2020-11-06,0,"Sorry, that page doesn't exist!","Sorry, that page doesn't exist!",Unknown,Online
1327565801994530817,2020-11-14,0,"Sorry, that page doesn't exist!","Sorry, that page doesn't exist!",Unknown,This Tweet is from a suspended account
1328466541243981824,2020-11-16,0,"Sorry, that page doesn't exist!","Sorry, that page doesn't exist!",Unknown,This Tweet is from a suspended account
1337254920752402433,2020-12-11,0,"Sorry, that page doesn't exist!","Sorry, that page doesn't exist!",Unknown,This Tweet is from a suspended account
1338314085591486464,2020-12-14,0,"Sorry, that page doesn't exist!","Sorry, that page doesn't exist!",Unknown,This Tweet is from a suspended account
1338838817323831298,2020-12-15,0,"Sorry, that page doesn't exist!","Sorry, that page doesn't exist!",Unknown,Online
1342890036539379713,2020-12-26,0,"Sorry, that page doesn't exist!","Sorry, that page doesn't exist!",Unknown,Online
1343045885458931712,2020-12-27,0,"Sorry, that page doesn't exist!","Sorry, that page doesn't exist!",Unknown,Online
1344476577287966722,2020-12-31,0,"Sorry, that page doesn't exist!","Sorry, that page doesn't exist!",Unknown,This Tweet is from a suspended account
1346145262582943744,2021-01-04,0,"Sorry, that page doesn't exist!","Sorry, that page doesn't exist!",Unknown,Online
1260585205649334275,2020-05-13,12,"The story of the trader blamed for 2010's $1 trillion ""Flash Crash” - Businessweek",Context,Unknown,Online
1334487735680331776,2020-12-03,0,"There is no connection between Smartmatic and Dominion Voting Systems, multiple fact-checkers report",Context,Unknown,Online
1335672934690598917,2020-12-06,0,"There is no connection between Smartmatic and Dominion Voting Systems, multiple fact-checkers report",Context,Unknown,This Tweet is from a suspended account
1324349747545755656,2020-11-05,0,"There is no evidence of widespread voter fraud in the 2020 US presidential election, government officials and election experts confirm",Context,Unknown,Online
1324930010235490304,2020-11-07,0,"There is no evidence of widespread voter fraud in the 2020 US presidential election, government officials and election experts confirm",Context,Unknown,This Tweet is from a suspended account
1324930390969167872,2020-11-07,0,"There is no evidence of widespread voter fraud in the 2020 US presidential election, government officials and election experts confirm",Context,Unknown,Online
1324939634204438529,2020-11-07,0,"There is no evidence of widespread voter fraud in the 2020 US presidential election, government officials and election experts confirm",Context,Unknown,This Tweet is from a suspended account
1325190549691899909,2020-11-07,0,"There is no evidence of widespread voter fraud in the 2020 US presidential election, government officials and election experts confirm",Context,Unknown,This Tweet is from a suspended account
1325217473080172544,2020-11-07,0,"There is no evidence of widespread voter fraud in the 2020 US presidential election, government officials and election experts confirm",Context,Unknown,Online
1325230418845605888,2020-11-08,0,"There is no evidence of widespread voter fraud in the 2020 US presidential election, government officials and election experts confirm",Context,Unknown,This Tweet is from a suspended account
1325300307274788864,2020-11-08,0,"There is no evidence of widespread voter fraud in the 2020 US presidential election, government officials and election experts confirm",Context,Unknown,This Tweet is from a suspended account
1325607208353112064,2020-11-09,0,"There is no evidence of widespread voter fraud in the 2020 US presidential election, government officials and election experts confirm",Context,Unknown,This Tweet is from a suspended account
1325775025249595393,2020-11-09,0,"There is no evidence of widespread voter fraud in the 2020 US presidential election, government officials and election experts confirm",Context,Unknown,This Tweet is from a suspended account
1325895380983275524,2020-11-09,479292,"There is no evidence of widespread voter fraud in the 2020 US presidential election, government officials and election experts confirm",Context,Unknown,Online
1325910001026740228,2020-11-09,0,"There is no evidence of widespread voter fraud in the 2020 US presidential election, government officials and election experts confirm",Context,Unknown,This Tweet is from a suspended account
1325918178208321537,2020-11-09,0,"There is no evidence of widespread voter fraud in the 2020 US presidential election, government officials and election experts confirm",Context,Unknown,This Tweet is from a suspended account
1325922164676104198,2020-11-09,0,"There is no evidence of widespread voter fraud in the 2020 US presidential election, government officials and election experts confirm",Context,Unknown,Online
1326183247634722816,2020-11-10,0,"There is no evidence of widespread voter fraud in the 2020 US presidential election, government officials and election experts confirm",Context,Unknown,Online
1326338805373280256,2020-11-11,0,"There is no evidence of widespread voter fraud in the 2020 US presidential election, government officials and election experts confirm",Context,Unknown,This Tweet is from a suspended account
1326339049863450630,2020-11-11,0,"There is no evidence of widespread voter fraud in the 2020 US presidential election, government officials and election experts confirm",Context,Unknown,This Tweet is from a suspended account
1326340599608467457,2020-11-11,0,"There is no evidence of widespread voter fraud in the 2020 US presidential election, government officials and election experts confirm",Context,Unknown,This Tweet is from a suspended account
1326350241495355392,2020-11-11,0,"There is no evidence of widespread voter fraud in the 2020 US presidential election, government officials and election experts confirm",Context,Unknown,This Tweet is from a suspended account
1326602607503298561,2020-11-11,0,"There is no evidence of widespread voter fraud in the 2020 US presidential election, government officials and election experts confirm",Context,Unknown,Online
1326679385966047236,2020-11-12,410112,"There is no evidence of widespread voter fraud in the 2020 US presidential election, government officials and election experts confirm",Context,Unknown,Online
1326697613735972864,2020-11-12,0,"There is no evidence of widespread voter fraud in the 2020 US presidential election, government officials and election experts confirm",Context,Unknown,This Tweet is from a suspended account
1326739008597209089,2020-11-12,0,"There is no evidence of widespread voter fraud in the 2020 US presidential election, government officials and election experts confirm",Context,Unknown,Online
1326875863657361409,2020-11-12,170948,"There is no evidence of widespread voter fraud in the 2020 US presidential election, government officials and election experts confirm",Context,Unknown,Online
1326926226888544256,2020-11-12,619698,"There is no evidence of widespread voter fraud in the 2020 US presidential election, government officials and election experts confirm",Context,Unknown,Online
1326934236625068033,2020-11-12,0,"There is no evidence of widespread voter fraud in the 2020 US presidential election, government officials and election experts confirm",Context,Unknown,This Tweet is from a suspended account
1326993219389939713,2020-11-12,0,"There is no evidence of widespread voter fraud in the 2020 US presidential election, government officials and election experts confirm",Context,Unknown,Online
1326998716381683712,2020-11-12,0,"There is no evidence of widespread voter fraud in the 2020 US presidential election, government officials and election experts confirm",Context,Unknown,This Tweet is from a suspended account
1327016796621213697,2020-11-12,0,"There is no evidence of widespread voter fraud in the 2020 US presidential election, government officials and election experts confirm",Context,Unknown,Online
1327279929319432200,2020-11-13,352073,"There is no evidence of widespread voter fraud in the 2020 US presidential election, government officials and election experts confirm",Context,Unknown,Online
1327974211667832833,2020-11-15,0,"There is no evidence of widespread voter fraud in the 2020 US presidential election, government officials and election experts confirm",Context,Unknown,Online
1327978421952110596,2020-11-15,0,"There is no evidence of widespread voter fraud in the 2020 US presidential election, government officials and election experts confirm",Context,Unknown,Online
1328097941127536640,2020-11-15,0,"There is no evidence of widespread voter fraud in the 2020 US presidential election, government officials and election experts confirm",Context,Unknown,Online
1329969633273802753,2020-11-21,0,"There is no evidence of widespread voter fraud in the 2020 US presidential election, government officials and election experts confirm",Context,Unknown,This Tweet is from a suspended account
1330259856662654978,2020-11-21,257005,"There is no evidence of widespread voter fraud in the 2020 US presidential election, government officials and election experts confirm",Context,Unknown,Online
1330374020613758977,2020-11-22,144982,"There is no evidence of widespread voter fraud in the 2020 US presidential election, government officials and election experts confirm",Context,Unknown,Online
1330555645213483016,2020-11-22,271250,"There is no evidence of widespread voter fraud in the 2020 US presidential election, government officials and election experts confirm",Context,Unknown,Online
1330581392363761664,2020-11-22,0,"There is no evidence of widespread voter fraud in the 2020 US presidential election, government officials and election experts confirm",Context,Unknown,Online
1330877563283984385,2020-11-23,0,"There is no evidence of widespread voter fraud in the 2020 US presidential election, government officials and election experts confirm",Context,Unknown,Online
1331087448747589633,2020-11-24,0,"There is no evidence of widespread voter fraud in the 2020 US presidential election, government officials and election experts confirm",Context,Unknown,Online
1331214247955738624,2020-11-24,184222,"There is no evidence of widespread voter fraud in the 2020 US presidential election, government officials and election experts confirm",Context,Unknown,Online
1331215409366904837,2020-11-24,0,"There is no evidence of widespread voter fraud in the 2020 US presidential election, government officials and election experts confirm",Context,Unknown,Online
1331335306088427525,2020-11-24,0,"There is no evidence of widespread voter fraud in the 2020 US presidential election, government officials and election experts confirm",Context,Unknown,This Tweet is from a suspended account
1331465785399767040,2020-11-25,0,"There is no evidence of widespread voter fraud in the 2020 US presidential election, government officials and election experts confirm",Context,Unknown,Online
1331656235838533636,2020-11-25,0,"There is no evidence of widespread voter fraud in the 2020 US presidential election, government officials and election experts confirm",Context,Unknown,Online
1331664832626507777,2020-11-25,0,"There is no evidence of widespread voter fraud in the 2020 US presidential election, government officials and election experts confirm",Context,Unknown,This Tweet is from a suspended account
1331682656514404353,2020-11-25,0,"There is no evidence of widespread voter fraud in the 2020 US presidential election, government officials and election experts confirm",Context,Unknown,Online
1331682905672781827,2020-11-25,0,"There is no evidence of widespread voter fraud in the 2020 US presidential election, government officials and election experts confirm",Context,Unknown,This Tweet is from a suspended account
1331755857290403846,2020-11-26,0,"There is no evidence of widespread voter fraud in the 2020 US presidential election, government officials and election experts confirm",Context,Unknown,Online
1331774575408009217,2020-11-26,0,"There is no evidence of widespread voter fraud in the 2020 US presidential election, government officials and election experts confirm",Context,Unknown,This Tweet is from a suspended account
1332317347722498048,2020-11-27,253400,"There is no evidence of widespread voter fraud in the 2020 US presidential election, government officials and election experts confirm",Context,Unknown,Online
1332317394165968899,2020-11-27,277136,"There is no evidence of widespread voter fraud in the 2020 US presidential election, government officials and election experts confirm",Context,Unknown,Online
1332328895597715456,2020-11-27,0,"There is no evidence of widespread voter fraud in the 2020 US presidential election, government officials and election experts confirm",Context,Unknown,Online
1332383775775453184,2020-11-27,0,"There is no evidence of widespread voter fraud in the 2020 US presidential election, government officials and election experts confirm",Context,Unknown,This Tweet is from a suspended account
1332433062454550528,2020-11-27,0,"There is no evidence of widespread voter fraud in the 2020 US presidential election, government officials and election experts confirm",Context,Unknown,This Tweet is from a suspended account
1332677277574979585,2020-11-28,0,"There is no evidence of widespread voter fraud in the 2020 US presidential election, government officials and election experts confirm",Context,Unknown,Online
1333221691154173953,2020-11-30,0,"There is no evidence of widespread voter fraud in the 2020 US presidential election, government officials and election experts confirm",Context,Unknown,Online
1333244506871918599,2020-11-30,164041,"There is no evidence of widespread voter fraud in the 2020 US presidential election, government officials and election experts confirm",Context,Unknown,Online
1333289959353176065,2020-11-30,0,"There is no evidence of widespread voter fraud in the 2020 US presidential election, government officials and election experts confirm",Context,Unknown,Online
1333394983374753792,2020-11-30,0,"There is no evidence of widespread voter fraud in the 2020 US presidential election, government officials and election experts confirm",Context,Unknown,This Tweet is from a suspended account
1333464453778706433,2020-11-30,250145,"There is no evidence of widespread voter fraud in the 2020 US presidential election, government officials and election experts confirm",Context,Unknown,Online
1333532058572951557,2020-11-30,0,"There is no evidence of widespread voter fraud in the 2020 US presidential election, government officials and election experts confirm",Context,Unknown,This Tweet is from a suspended account
1333535680694140928,2020-11-30,0,"There is no evidence of widespread voter fraud in the 2020 US presidential election, government officials and election experts confirm",Context,Unknown,This Tweet is from a suspended account
1333539094329131012,2020-11-30,0,"There is no evidence of widespread voter fraud in the 2020 US presidential election, government officials and election experts confirm",Context,Unknown,This Tweet is from a suspended account
1333539621947445251,2020-11-30,0,"There is no evidence of widespread voter fraud in the 2020 US presidential election, government officials and election experts confirm",Context,Unknown,This Tweet is from a suspended account
1333539806689705984,2020-11-30,0,"There is no evidence of widespread voter fraud in the 2020 US presidential election, government officials and election experts confirm",Context,Unknown,This Tweet is from a suspended account
1333545337659617280,2020-11-30,0,"There is no evidence of widespread voter fraud in the 2020 US presidential election, government officials and election experts confirm",Context,Unknown,This Tweet is from a suspended account
1333546248092020736,2020-11-30,0,"There is no evidence of widespread voter fraud in the 2020 US presidential election, government officials and election experts confirm",Context,Unknown,This Tweet is from a suspended account
1333547412456173568,2020-11-30,0,"There is no evidence of widespread voter fraud in the 2020 US presidential election, government officials and election experts confirm",Context,Unknown,This Tweet is from a suspended account
1333551535750602754,2020-11-30,0,"There is no evidence of widespread voter fraud in the 2020 US presidential election, government officials and election experts confirm",Context,Unknown,This Tweet is from a suspended account
1333552345360203776,2020-11-30,0,"There is no evidence of widespread voter fraud in the 2020 US presidential election, government officials and election experts confirm",Context,Unknown,This Tweet is from a suspended account
1333556859295444993,2020-11-30,0,"There is no evidence of widespread voter fraud in the 2020 US presidential election, government officials and election experts confirm",Context,Unknown,This Tweet is from a suspended account
1333558773152161793,2020-12-01,225635,"There is no evidence of widespread voter fraud in the 2020 US presidential election, government officials and election experts confirm",Context,Unknown,Online
1333578636696444928,2020-12-01,0,"There is no evidence of widespread voter fraud in the 2020 US presidential election, government officials and election experts confirm",Context,Unknown,This Tweet is from a suspended account
1333608086766903298,2020-12-01,0,"There is no evidence of widespread voter fraud in the 2020 US presidential election, government officials and election experts confirm",Context,Unknown,This Tweet is from a suspended account
1333613945568030721,2020-12-01,0,"There is no evidence of widespread voter fraud in the 2020 US presidential election, government officials and election experts confirm",Context,Unknown,This Tweet is from a suspended account
1333625602583257090,2020-12-01,0,"There is no evidence of widespread voter fraud in the 2020 US presidential election, government officials and election experts confirm",Context,Unknown,This Tweet is from a suspended account
1333772912164278275,2020-12-01,0,"There is no evidence of widespread voter fraud in the 2020 US presidential election, government officials and election experts confirm",Context,Unknown,This Tweet is from a suspended account
1333784337343537152,2020-12-01,0,"There is no evidence of widespread voter fraud in the 2020 US presidential election, government officials and election experts confirm",Context,Unknown,This Tweet is from a suspended account
1333789474451451907,2020-12-01,0,"There is no evidence of widespread voter fraud in the 2020 US presidential election, government officials and election experts confirm",Context,Unknown,This Tweet is from a suspended account
1333790375719313409,2020-12-01,0,"There is no evidence of widespread voter fraud in the 2020 US presidential election, government officials and election experts confirm",Context,Unknown,This Tweet is from a suspended account
1333806376934649861,2020-12-01,0,"There is no evidence of widespread voter fraud in the 2020 US presidential election, government officials and election experts confirm",Context,Unknown,This Tweet is from a suspended account
1333839963482275841,2020-12-01,0,"There is no evidence of widespread voter fraud in the 2020 US presidential election, government officials and election experts confirm",Context,Unknown,This Tweet is from a suspended account
1333896172419813387,2020-12-01,0,"There is no evidence of widespread voter fraud in the 2020 US presidential election, government officials and election experts confirm",Context,Unknown,Online
1333944454697238528,2020-12-02,0,"There is no evidence of widespread voter fraud in the 2020 US presidential election, government officials and election experts confirm",Context,Unknown,This Tweet is from a suspended account
1333966626048372737,2020-12-02,0,"There is no evidence of widespread voter fraud in the 2020 US presidential election, government officials and election experts confirm",Context,Unknown,This Tweet is from a suspended account
1334129252174794753,2020-12-02,0,"There is no evidence of widespread voter fraud in the 2020 US presidential election, government officials and election experts confirm",Context,Unknown,This Tweet is from a suspended account
1334132805366910979,2020-12-02,0,"There is no evidence of widespread voter fraud in the 2020 US presidential election, government officials and election experts confirm",Context,Unknown,This Tweet is from a suspended account
1334175639734284290,2020-12-02,0,"There is no evidence of widespread voter fraud in the 2020 US presidential election, government officials and election experts confirm",Context,Unknown,This Tweet is from a suspended account
1334270042658246657,2020-12-02,0,"There is no evidence of widespread voter fraud in the 2020 US presidential election, government officials and election experts confirm",Context,Unknown,This Tweet is from a suspended account
1334356074908958720,2020-12-03,0,"There is no evidence of widespread voter fraud in the 2020 US presidential election, government officials and election experts confirm",Context,Unknown,This Tweet is from a suspended account
1334505874992345088,2020-12-03,0,"There is no evidence of widespread voter fraud in the 2020 US presidential election, government officials and election experts confirm",Context,Unknown,Online
1334572501565902848,2020-12-03,0,"There is no evidence of widespread voter fraud in the 2020 US presidential election, government officials and election experts confirm",Context,Unknown,This Tweet is from a suspended account
1334574018305908742,2020-12-03,0,"There is no evidence of widespread voter fraud in the 2020 US presidential election, government officials and election experts confirm",Context,Unknown,Online
1334600042041184256,2020-12-03,0,"There is no evidence of widespread voter fraud in the 2020 US presidential election, government officials and election experts confirm",Context,Unknown,This Tweet is from a suspended account
1334604868154224647,2020-12-03,0,"There is no evidence of widespread voter fraud in the 2020 US presidential election, government officials and election experts confirm",Context,Unknown,This Tweet is from a suspended account
1334606184268111875,2020-12-03,0,"There is no evidence of widespread voter fraud in the 2020 US presidential election, government officials and election experts confirm",Context,Unknown,This Tweet is from a suspended account
1334619550206156800,2020-12-03,0,"There is no evidence of widespread voter fraud in the 2020 US presidential election, government officials and election experts confirm",Context,Unknown,Online
1334627522475143168,2020-12-03,0,"There is no evidence of widespread voter fraud in the 2020 US presidential election, government officials and election experts confirm",Context,Unknown,This Tweet is from a suspended account
1334628794993319936,2020-12-03,0,"There is no evidence of widespread voter fraud in the 2020 US presidential election, government officials and election experts confirm",Context,Unknown,This Tweet is from a suspended account
1334640276623638529,2020-12-03,0,"There is no evidence of widespread voter fraud in the 2020 US presidential election, government officials and election experts confirm",Context,Unknown,This Tweet is from a suspended account
1334665612107390979,2020-12-04,0,"There is no evidence of widespread voter fraud in the 2020 US presidential election, government officials and election experts confirm",Context,Unknown,This Tweet is from a suspended account
1334686996791513088,2020-12-04,0,"There is no evidence of widespread voter fraud in the 2020 US presidential election, government officials and election experts confirm",Context,Unknown,This Tweet is from a suspended account
1334701790474825728,2020-12-04,0,"There is no evidence of widespread voter fraud in the 2020 US presidential election, government officials and election experts confirm",Context,Unknown,This Tweet is from a suspended account
1334810149043793920,2020-12-04,0,"There is no evidence of widespread voter fraud in the 2020 US presidential election, government officials and election experts confirm",Context,Unknown,This Tweet is from a suspended account
1334842080196227072,2020-12-04,0,"There is no evidence of widespread voter fraud in the 2020 US presidential election, government officials and election experts confirm",Context,Unknown,This Tweet is from a suspended account
1334877816882663436,2020-12-04,0,"There is no evidence of widespread voter fraud in the 2020 US presidential election, government officials and election experts confirm",Context,Unknown,This Tweet is from a suspended account
1335015362627334146,2020-12-05,0,"There is no evidence of widespread voter fraud in the 2020 US presidential election, government officials and election experts confirm",Context,Unknown,Online
1335394595388018688,2020-12-06,0,"There is no evidence of widespread voter fraud in the 2020 US presidential election, government officials and election experts confirm",Context,Unknown,This Tweet is from a suspended account
1335465256798330880,2020-12-06,0,"There is no evidence of widespread voter fraud in the 2020 US presidential election, government officials and election experts confirm",Context,Unknown,This Tweet is from a suspended account
1335466110037217280,2020-12-06,0,"There is no evidence of widespread voter fraud in the 2020 US presidential election, government officials and election experts confirm",Context,Unknown,This Tweet is from a suspended account
1335756545905274882,2020-12-07,0,"There is no evidence of widespread voter fraud in the 2020 US presidential election, government officials and election experts confirm",Context,Unknown,This Tweet is from a suspended account
1336148836495069185,2020-12-08,151019,"There is no evidence of widespread voter fraud in the 2020 US presidential election, government officials and election experts confirm",Context,Unknown,Online
1336479458782490624,2020-12-09,0,"There is no evidence of widespread voter fraud in the 2020 US presidential election, government officials and election experts confirm",Context,Unknown,This Tweet is from a suspended account
1337019289451237382,2020-12-10,0,"There is no evidence of widespread voter fraud in the 2020 US presidential election, government officials and election experts confirm",Context,Unknown,This Tweet is from a suspended account
1337039006257664001,2020-12-10,0,"There is no evidence of widespread voter fraud in the 2020 US presidential election, government officials and election experts confirm",Context,Unknown,This Tweet is from a suspended account
1337042201738612736,2020-12-10,208526,"There is no evidence of widespread voter fraud in the 2020 US presidential election, government officials and election experts confirm",Context,Unknown,Online
1337172004278050818,2020-12-10,0,"There is no evidence of widespread voter fraud in the 2020 US presidential election, government officials and election experts confirm",Context,Unknown,This Tweet is from a suspended account
1337176292945403905,2020-12-10,0,"There is no evidence of widespread voter fraud in the 2020 US presidential election, government officials and election experts confirm",Context,Unknown,This Tweet is from a suspended account
1337177240770142210,2020-12-10,0,"There is no evidence of widespread voter fraud in the 2020 US presidential election, government officials and election experts confirm",Context,Unknown,This Tweet is from a suspended account
1337186783411507200,2020-12-11,0,"There is no evidence of widespread voter fraud in the 2020 US presidential election, government officials and election experts confirm",Context,Unknown,This Tweet is from a suspended account
1337227823480713216,2020-12-11,0,"There is no evidence of widespread voter fraud in the 2020 US presidential election, government officials and election experts confirm",Context,Unknown,This Tweet is from a suspended account
1337253374706601984,2020-12-11,0,"There is no evidence of widespread voter fraud in the 2020 US presidential election, government officials and election experts confirm",Context,Unknown,This Tweet is from a suspended account
1337253557767184386,2020-12-11,0,"There is no evidence of widespread voter fraud in the 2020 US presidential election, government officials and election experts confirm",Context,Unknown,This Tweet is from a suspended account
1337255365226991616,2020-12-11,0,"There is no evidence of widespread voter fraud in the 2020 US presidential election, government officials and election experts confirm",Context,Unknown,This Tweet is from a suspended account
1337255826260680704,2020-12-11,0,"There is no evidence of widespread voter fraud in the 2020 US presidential election, government officials and election experts confirm",Context,Unknown,This Tweet is from a suspended account
1337260050876936194,2020-12-11,0,"There is no evidence of widespread voter fraud in the 2020 US presidential election, government officials and election experts confirm",Context,Unknown,This Tweet is from a suspended account
1337261052334014464,2020-12-11,0,"There is no evidence of widespread voter fraud in the 2020 US presidential election, government officials and election experts confirm",Context,Unknown,This Tweet is from a suspended account
1337264792390733824,2020-12-11,0,"There is no evidence of widespread voter fraud in the 2020 US presidential election, government officials and election experts confirm",Context,Unknown,This Tweet is from a suspended account
1337276056370286593,2020-12-11,0,"There is no evidence of widespread voter fraud in the 2020 US presidential election, government officials and election experts confirm",Context,Unknown,This Tweet is from a suspended account
1337283708353703936,2020-12-11,0,"There is no evidence of widespread voter fraud in the 2020 US presidential election, government officials and election experts confirm",Context,Unknown,This Tweet is from a suspended account
1337298627966820352,2020-12-11,0,"There is no evidence of widespread voter fraud in the 2020 US presidential election, government officials and election experts confirm",Context,Unknown,This Tweet is from a suspended account
1337325920697212928,2020-12-11,0,"There is no evidence of widespread voter fraud in the 2020 US presidential election, government officials and election experts confirm",Context,Unknown,This Tweet is from a suspended account
1337364292451053571,2020-12-11,0,"There is no evidence of widespread voter fraud in the 2020 US presidential election, government officials and election experts confirm",Context,Unknown,This Tweet is from a suspended account
1337391017515945992,2020-12-11,0,"There is no evidence of widespread voter fraud in the 2020 US presidential election, government officials and election experts confirm",Context,Unknown,This Tweet is from a suspended account
1337393328241971202,2020-12-11,0,"There is no evidence of widespread voter fraud in the 2020 US presidential election, government officials and election experts confirm",Context,Unknown,This Tweet is from a suspended account
1337397501691883521,2020-12-11,0,"There is no evidence of widespread voter fraud in the 2020 US presidential election, government officials and election experts confirm",Context,Unknown,This Tweet is from a suspended account
1337405474015219714,2020-12-11,0,"There is no evidence of widespread voter fraud in the 2020 US presidential election, government officials and election experts confirm",Context,Unknown,This Tweet is from a suspended account
1337457453898854403,2020-12-11,0,"There is no evidence of widespread voter fraud in the 2020 US presidential election, government officials and election experts confirm",Context,Unknown,This Tweet is from a suspended account
1337550766312206338,2020-12-12,0,"There is no evidence of widespread voter fraud in the 2020 US presidential election, government officials and election experts confirm",Context,Unknown,This Tweet is from a suspended account
1337561797935632387,2020-12-12,0,"There is no evidence of widespread voter fraud in the 2020 US presidential election, government officials and election experts confirm",Context,Unknown,This Tweet is from a suspended account
1337645690412003328,2020-12-12,0,"There is no evidence of widespread voter fraud in the 2020 US presidential election, government officials and election experts confirm",Context,Unknown,Online
1337817721812242439,2020-12-12,0,"There is no evidence of widespread voter fraud in the 2020 US presidential election, government officials and election experts confirm",Context,Unknown,This Tweet is from a suspended account
1338268410732548096,2020-12-13,0,"There is no evidence of widespread voter fraud in the 2020 US presidential election, government officials and election experts confirm",Context,Unknown,This Tweet is from a suspended account
1338313012449513473,2020-12-14,0,"There is no evidence of widespread voter fraud in the 2020 US presidential election, government officials and election experts confirm",Context,Unknown,This Tweet is from a suspended account
1338715776199524352,2020-12-15,0,"There is no evidence of widespread voter fraud in the 2020 US presidential election, government officials and election experts confirm",Context,Unknown,This Tweet is from a suspended account
1338718643488743425,2020-12-15,0,"There is no evidence of widespread voter fraud in the 2020 US presidential election, government officials and election experts confirm",Context,Unknown,This Tweet is from a suspended account
1340185773220515840,2020-12-19,218392,"There is no evidence of widespread voter fraud in the 2020 US presidential election, government officials and election experts confirm",Context,Unknown,Online
1340466552420896769,2020-12-20,153928,"There is no evidence of widespread voter fraud in the 2020 US presidential election, government officials and election experts confirm",Context,Unknown,Online
1340532488603656192,2020-12-20,0,"There is no evidence of widespread voter fraud in the 2020 US presidential election, government officials and election experts confirm",Context,Unknown,This Tweet is from a suspended account
1341572374592802817,2020-12-23,0,"There is no evidence of widespread voter fraud in the 2020 US presidential election, government officials and election experts confirm",Context,Unknown,This Tweet is from a suspended account
1343737819907416064,2020-12-29,0,"There is no evidence of widespread voter fraud in the 2020 US presidential election, government officials and election experts confirm",Context,Unknown,This Tweet is from a suspended account
1343998453529993216,2020-12-29,0,"There is no evidence of widespread voter fraud in the 2020 US presidential election, government officials and election experts confirm",Context,Unknown,This Tweet is from a suspended account
1344095997841047552,2020-12-30,0,"There is no evidence of widespread voter fraud in the 2020 US presidential election, government officials and election experts confirm",Context,Unknown,Online
1344259406511431680,2020-12-30,142278,"There is no evidence of widespread voter fraud in the 2020 US presidential election, government officials and election experts confirm",Context,Unknown,Online
1344282305255378945,2020-12-30,0,"There is no evidence of widespread voter fraud in the 2020 US presidential election, government officials and election experts confirm",Context,Unknown,This Tweet is from a suspended account
1344333370382233606,2020-12-30,0,"There is no evidence of widespread voter fraud in the 2020 US presidential election, government officials and election experts confirm",Context,Unknown,This Tweet is from a suspended account
1345736811906273282,2021-01-03,161222,"There is no evidence of widespread voter fraud in the 2020 US presidential election, government officials and election experts confirm",Context,Unknown,Online
1345828746511712259,2021-01-03,0,"There is no evidence of widespread voter fraud in the 2020 US presidential election, government officials and election experts confirm",Context,Unknown,This Tweet is from a suspended account
1346029923186712578,2021-01-04,0,"There is no evidence of widespread voter fraud in the 2020 US presidential election, government officials and election experts confirm",Context,Unknown,This Tweet is from a suspended account
1346277815050788864,2021-01-05,0,"There is no evidence of widespread voter fraud in the 2020 US presidential election, government officials and election experts confirm",Context,Unknown,This Tweet is from a suspended account
1346295124423282688,2021-01-05,0,"There is no evidence of widespread voter fraud in the 2020 US presidential election, government officials and election experts confirm",Context,Unknown,This Tweet is from a suspended account
1346361900200652800,2021-01-05,0,"There is no evidence of widespread voter fraud in the 2020 US presidential election, government officials and election experts confirm",Context,Unknown,This Tweet is from a suspended account
1346426017590738945,2021-01-05,0,"There is no evidence of widespread voter fraud in the 2020 US presidential election, government officials and election experts confirm",Context,Unknown,Online
1346455926048514050,2021-01-05,0,"There is no evidence of widespread voter fraud in the 2020 US presidential election, government officials and election experts confirm",Context,Unknown,This Tweet is from a suspended account
1346469204740902915,2021-01-05,181060,"There is no evidence of widespread voter fraud in the 2020 US presidential election, government officials and election experts confirm",Context,Unknown,Online
1346469570941337602,2021-01-05,0,"There is no evidence of widespread voter fraud in the 2020 US presidential election, government officials and election experts confirm",Context,Unknown,This Tweet is from a suspended account
1346469742186430471,2021-01-05,0,"There is no evidence of widespread voter fraud in the 2020 US presidential election, government officials and election experts confirm",Context,Unknown,This Tweet is from a suspended account
1346470326872379403,2021-01-05,0,"There is no evidence of widespread voter fraud in the 2020 US presidential election, government officials and election experts confirm",Context,Unknown,Online
1346470544154062848,2021-01-05,0,"There is no evidence of widespread voter fraud in the 2020 US presidential election, government officials and election experts confirm",Context,Unknown,Online
1346473058815467520,2021-01-05,0,"There is no evidence of widespread voter fraud in the 2020 US presidential election, government officials and election experts confirm",Context,Unknown,Online
1346474415639252992,2021-01-05,0,"There is no evidence of widespread voter fraud in the 2020 US presidential election, government officials and election experts confirm",Context,Unknown,Online
1346475104297865219,2021-01-05,0,"There is no evidence of widespread voter fraud in the 2020 US presidential election, government officials and election experts confirm",Context,Unknown,Online
1346475787394813952,2021-01-05,0,"There is no evidence of widespread voter fraud in the 2020 US presidential election, government officials and election experts confirm",Context,Unknown,Online
1346476475738820608,2021-01-05,0,"There is no evidence of widespread voter fraud in the 2020 US presidential election, government officials and election experts confirm",Context,Unknown,This Tweet is from a suspended account
1346476777636466694,2021-01-05,0,"There is no evidence of widespread voter fraud in the 2020 US presidential election, government officials and election experts confirm",Context,Unknown,This Tweet is from a suspended account
1346477795799568385,2021-01-05,0,"There is no evidence of widespread voter fraud in the 2020 US presidential election, government officials and election experts confirm",Context,Unknown,Online
1346482113449664519,2021-01-05,0,"There is no evidence of widespread voter fraud in the 2020 US presidential election, government officials and election experts confirm",Context,Unknown,Online
1346485201694728193,2021-01-05,0,"There is no evidence of widespread voter fraud in the 2020 US presidential election, government officials and election experts confirm",Context,Unknown,Online
1346489575162535937,2021-01-05,0,"There is no evidence of widespread voter fraud in the 2020 US presidential election, government officials and election experts confirm",Context,Unknown,Online
1346493840337887232,2021-01-05,0,"There is no evidence of widespread voter fraud in the 2020 US presidential election, government officials and election experts confirm",Context,Unknown,This Tweet is from a suspended account
1346502904845398019,2021-01-05,0,"There is no evidence of widespread voter fraud in the 2020 US presidential election, government officials and election experts confirm",Context,Unknown,Online
1346508913265561600,2021-01-05,0,"There is no evidence of widespread voter fraud in the 2020 US presidential election, government officials and election experts confirm",Context,Unknown,Online
1346519799631908864,2021-01-05,0,"There is no evidence of widespread voter fraud in the 2020 US presidential election, government officials and election experts confirm",Context,Unknown,Online
1346541951659745280,2021-01-05,0,"There is no evidence of widespread voter fraud in the 2020 US presidential election, government officials and election experts confirm",Context,Unknown,Online
1346562747211759617,2021-01-05,0,"There is no evidence of widespread voter fraud in the 2020 US presidential election, government officials and election experts confirm",Context,Unknown,You’re unable to view this Tweet because this account owner limits who can view their Tweets
1346580848833949702,2021-01-05,0,"There is no evidence of widespread voter fraud in the 2020 US presidential election, government officials and election experts confirm",Context,Unknown,Online
1346585184884449283,2021-01-05,0,"There is no evidence of widespread voter fraud in the 2020 US presidential election, government officials and election experts confirm",Context,Unknown,This Tweet is from a suspended account
1346594430820769793,2021-01-05,0,"There is no evidence of widespread voter fraud in the 2020 US presidential election, government officials and election experts confirm",Context,Unknown,This Tweet is from a suspended account
1346630063823802369,2021-01-06,0,"There is no evidence of widespread voter fraud in the 2020 US presidential election, government officials and election experts confirm",Context,Unknown,Online
1346825907374354433,2021-01-06,0,"There is no evidence of widespread voter fraud in the 2020 US presidential election, government officials and election experts confirm",Context,Unknown,This Tweet is from a suspended account
1346833184483405824,2021-01-06,0,"There is no evidence of widespread voter fraud in the 2020 US presidential election, government officials and election experts confirm",Context,Unknown,This Tweet is from a suspended account
1324871513095483398,2020-11-07,0,"There is no evidence of widespread voter fraud in the 2020 US presidential election, government officials and election experts confirm",Context,Unknown,This Tweet is from a suspended account
1325663062557401088,2020-11-09,0,"There is no evidence of widespread voter fraud in the 2020 US presidential election, government officials and election experts confirm",Context,Unknown,This Tweet is from a suspended account
1328852354049957888,2020-11-18,176160,"There is no evidence of widespread voter fraud in the 2020 US presidential election, government officials and election experts confirm",Context,Unknown,Online
1334619887428399104,2020-12-03,0,"There is no evidence of widespread voter fraud in the 2020 US presidential election, government officials and election experts confirm",Context,Unknown,This Tweet is from a suspended account
1343919652125241345,2020-12-29,58898,"There is no evidence of widespread voter fraud in the 2020 US presidential election, government officials and election experts confirm",Context,Unknown,Online
1253322224401920000,2020-04-23,6,This Tweet is from a suspended account,This Tweet is from a suspended account,Unknown,Online
1262569601902080000,2020-05-19,5132,This Tweet is from a suspended account,This Tweet is from a suspended account,Unknown,This Tweet is from a suspended account
1262569601902080000,2020-05-19,5132,This Tweet is from a suspended account,This Tweet is from a suspended account,Unknown,This Tweet is from a suspended account
1243370262642425857,2020-03-27,208568,This Tweet is from a suspended account,This Tweet is from a suspended account,Unknown,This Tweet is from a suspended account
1243370332632649729,2020-03-27,14306,This Tweet is from a suspended account,This Tweet is from a suspended account,Unknown,This Tweet is from a suspended account
1243376393624465408,2020-03-27,9080,This Tweet is from a suspended account,This Tweet is from a suspended account,Unknown,This Tweet is from a suspended account
1243376524209852416,2020-03-27,57339,This Tweet is from a suspended account,This Tweet is from a suspended account,Unknown,This Tweet is from a suspended account
1243376528156700674,2020-03-27,180739,This Tweet is from a suspended account,This Tweet is from a suspended account,Unknown,This Tweet is from a suspended account
1243376566148706304,2020-03-27,18095,This Tweet is from a suspended account,This Tweet is from a suspended account,Unknown,This Tweet is from a suspended account
1243376570124959744,2020-03-27,39764,This Tweet is from a suspended account,This Tweet is from a suspended account,Unknown,This Tweet is from a suspended account
1243382496894435329,2020-03-27,26825,This Tweet is from a suspended account,This Tweet is from a suspended account,Unknown,This Tweet is from a suspended account
1243382501675954176,2020-03-27,8276,This Tweet is from a suspended account,This Tweet is from a suspended account,Unknown,This Tweet is from a suspended account
1243382535087722503,2020-03-27,36135,This Tweet is from a suspended account,This Tweet is from a suspended account,Unknown,This Tweet is from a suspended account
1243382626519601152,2020-03-27,17472,This Tweet is from a suspended account,This Tweet is from a suspended account,Unknown,This Tweet is from a suspended account
1243382689786245123,2020-03-27,54,This Tweet is from a suspended account,This Tweet is from a suspended account,Unknown,This Tweet is from a suspended account
1243402256407355395,2020-03-27,1550,This Tweet is from a suspended account,This Tweet is from a suspended account,Unknown,You’re unable to view this Tweet because this account owner limits who can view their Tweets
1243402347583168514,2020-03-27,12178,This Tweet is from a suspended account,This Tweet is from a suspended account,Unknown,This Tweet is from a suspended account
1243402369208963072,2020-03-27,155,This Tweet is from a suspended account,This Tweet is from a suspended account,Unknown,This Tweet is from a suspended account
1243402369208963072,2020-03-27,155,This Tweet is from a suspended account,This Tweet is from a suspended account,Unknown,This Tweet is from a suspended account
1243402407448477700,2020-03-27,123554,This Tweet is from a suspended account,This Tweet is from a suspended account,Unknown,This Tweet is from a suspended account
1243404383338893312,2020-03-27,12023,This Tweet is from a suspended account,This Tweet is from a suspended account,Unknown,This Tweet is from a suspended account
1243404404402745344,2020-03-27,6673,This Tweet is from a suspended account,This Tweet is from a suspended account,Unknown,This Tweet is from a suspended account
1243404404402745344,2020-03-27,6673,This Tweet is from a suspended account,This Tweet is from a suspended account,Unknown,This Tweet is from a suspended account
1243404404402745344,2020-03-27,6673,This Tweet is from a suspended account,This Tweet is from a suspended account,Unknown,This Tweet is from a suspended account
1243404404402745344,2020-03-27,6673,This Tweet is from a suspended account,This Tweet is from a suspended account,Unknown,This Tweet is from a suspended account
1243404478797103105,2020-03-27,7733,This Tweet is from a suspended account,This Tweet is from a suspended account,Unknown,This Tweet is from a suspended account
1243404524703772672,2020-03-27,61176,This Tweet is from a suspended account,This Tweet is from a suspended account,Unknown,This Tweet is from a suspended account
1243406132724379649,2020-03-27,1711,This Tweet is from a suspended account,This Tweet is from a suspended account,Unknown,This Tweet is from a suspended account
1243406249816764416,2020-03-27,36942,This Tweet is from a suspended account,This Tweet is from a suspended account,Unknown,This Tweet is from a suspended account
1243406249816764416,2020-03-27,36942,This Tweet is from a suspended account,This Tweet is from a suspended account,Unknown,This Tweet is from a suspended account
1243406249816764416,2020-03-27,36942,This Tweet is from a suspended account,This Tweet is from a suspended account,Unknown,This Tweet is from a suspended account
1243406249816764416,2020-03-27,36942,This Tweet is from a suspended account,This Tweet is from a suspended account,Unknown,This Tweet is from a suspended account
1243478780796166144,2020-03-27,22735,This Tweet is from a suspended account,This Tweet is from a suspended account,Unknown,This Tweet is from a suspended account
1243478781467045890,2020-03-27,31740,This Tweet is from a suspended account,This Tweet is from a suspended account,Unknown,This Tweet is from a suspended account
1243484581837164544,2020-03-27,1968,This Tweet is from a suspended account,This Tweet is from a suspended account,Unknown,This Tweet is from a suspended account
1243484581837164544,2020-03-27,1968,This Tweet is from a suspended account,This Tweet is from a suspended account,Unknown,This Tweet is from a suspended account
1243484749634490368,2020-03-27,53305,This Tweet is from a suspended account,This Tweet is from a suspended account,Unknown,This Tweet is from a suspended account
1243484787320344576,2020-03-27,92,This Tweet is from a suspended account,This Tweet is from a suspended account,Unknown,This Tweet is from a suspended account
1243530504760184832,2020-03-27,68263,This Tweet is from a suspended account,This Tweet is from a suspended account,Unknown,This Tweet is from a suspended account
1243532736805003264,2020-03-27,5,This Tweet is from a suspended account,This Tweet is from a suspended account,Unknown,This Tweet is from a suspended account
1243536448348811265,2020-03-27,7917,This Tweet is from a suspended account,This Tweet is from a suspended account,Unknown,This Tweet is from a suspended account
1243536448348811265,2020-03-27,7917,This Tweet is from a suspended account,This Tweet is from a suspended account,Unknown,This Tweet is from a suspended account
1243536448348811265,2020-03-27,7917,This Tweet is from a suspended account,This Tweet is from a suspended account,Unknown,This Tweet is from a suspended account
1243536448348811265,2020-03-27,7917,This Tweet is from a suspended account,This Tweet is from a suspended account,Unknown,This Tweet is from a suspended account
1243605574450700288,2020-03-27,97762,This Tweet is from a suspended account,This Tweet is from a suspended account,Unknown,This Tweet is from a suspended account
1243605574450700288,2020-03-27,97762,This Tweet is from a suspended account,This Tweet is from a suspended account,Unknown,This Tweet is from a suspended account
1243605574450700288,2020-03-27,97762,This Tweet is from a suspended account,This Tweet is from a suspended account,Unknown,This Tweet is from a suspended account
1243605574450700288,2020-03-27,97762,This Tweet is from a suspended account,This Tweet is from a suspended account,Unknown,This Tweet is from a suspended account
1243638315221483521,2020-03-27,3043,This Tweet is from a suspended account,This Tweet is from a suspended account,Unknown,This Tweet is from a suspended account
1243638520540991489,2020-03-27,55754,This Tweet is from a suspended account,This Tweet is from a suspended account,Unknown,This Tweet is from a suspended account
1243638520540991489,2020-03-27,55754,This Tweet is from a suspended account,This Tweet is from a suspended account,Unknown,This Tweet is from a suspended account
1243638520540991489,2020-03-27,55754,This Tweet is from a suspended account,This Tweet is from a suspended account,Unknown,This Tweet is from a suspended account
1243638520540991489,2020-03-27,55754,This Tweet is from a suspended account,This Tweet is from a suspended account,Unknown,This Tweet is from a suspended account
1243695392039919616,2020-03-28,29963,This Tweet is from a suspended account,This Tweet is from a suspended account,Unknown,This Tweet is from a suspended account
1243695413074460672,2020-03-28,113480,This Tweet is from a suspended account,This Tweet is from a suspended account,Unknown,This Tweet is from a suspended account
1243695479554179074,2020-03-28,15364,This Tweet is from a suspended account,This Tweet is from a suspended account,Unknown,This Tweet is from a suspended account
1243695517344976896,2020-03-28,8304,This Tweet is from a suspended account,This Tweet is from a suspended account,Unknown,This Tweet is from a suspended account
1243719278475366400,2020-03-28,19729,This Tweet is from a suspended account,This Tweet is from a suspended account,Unknown,This Tweet is from a suspended account
1243748717750112258,2020-03-28,13770,This Tweet is from a suspended account,This Tweet is from a suspended account,Unknown,This Tweet is from a suspended account
1243748790340911110,2020-03-28,37599,This Tweet is from a suspended account,This Tweet is from a suspended account,Unknown,This Tweet is from a suspended account
1243748848960450561,2020-03-28,62511,This Tweet is from a suspended account,This Tweet is from a suspended account,Unknown,This Tweet is from a suspended account
1243753167873024001,2020-03-28,8526,This Tweet is from a suspended account,This Tweet is from a suspended account,Unknown,This Tweet is from a suspended account
1243753239272722440,2020-03-28,52487,This Tweet is from a suspended account,This Tweet is from a suspended account,Unknown,This Tweet is from a suspended account
1243753239687892993,2020-03-28,8583,This Tweet is from a suspended account,This Tweet is from a suspended account,Unknown,This Tweet is from a suspended account
1243753243508985856,2020-03-28,12754,This Tweet is from a suspended account,This Tweet is from a suspended account,Unknown,This Tweet is from a suspended account
1243753382281728000,2020-03-28,7995,This Tweet is from a suspended account,This Tweet is from a suspended account,Unknown,This Tweet is from a suspended account
1243784461864632332,2020-03-28,719,This Tweet is from a suspended account,This Tweet is from a suspended account,Unknown,This Tweet is from a suspended account
1243784537290747904,2020-03-28,59677,This Tweet is from a suspended account,This Tweet is from a suspended account,Unknown,This Tweet is from a suspended account
1243784562142064640,2020-03-28,22250,This Tweet is from a suspended account,This Tweet is from a suspended account,Unknown,This Tweet is from a suspended account
1243784585001009152,2020-03-28,20783,This Tweet is from a suspended account,This Tweet is from a suspended account,Unknown,This Tweet is from a suspended account
1243784585001009152,2020-03-28,20783,This Tweet is from a suspended account,This Tweet is from a suspended account,Unknown,This Tweet is from a suspended account
1243784585001009152,2020-03-28,20783,This Tweet is from a suspended account,This Tweet is from a suspended account,Unknown,This Tweet is from a suspended account
1243784585001009152,2020-03-28,20783,This Tweet is from a suspended account,This Tweet is from a suspended account,Unknown,This Tweet is from a suspended account
1243784588381413382,2020-03-28,13353,This Tweet is from a suspended account,This Tweet is from a suspended account,Unknown,This Tweet is from a suspended account
1243784655922319360,2020-03-28,264448,This Tweet is from a suspended account,This Tweet is from a suspended account,Unknown,This Tweet is from a suspended account
1243784684510773249,2020-03-28,61243,This Tweet is from a suspended account,This Tweet is from a suspended account,Unknown,This Tweet is from a suspended account
1243792457311141890,2020-03-28,33542,This Tweet is from a suspended account,This Tweet is from a suspended account,Unknown,This Tweet is from a suspended account
1243792469462040579,2020-03-28,98010,This Tweet is from a suspended account,This Tweet is from a suspended account,Unknown,This Tweet is from a suspended account
1243792511035940865,2020-03-28,20706,This Tweet is from a suspended account,This Tweet is from a suspended account,Unknown,This Tweet is from a suspended account
1243792536990294016,2020-03-28,5419,This Tweet is from a suspended account,This Tweet is from a suspended account,Unknown,This Tweet is from a suspended account
1243821028301778944,2020-03-28,2386,This Tweet is from a suspended account,This Tweet is from a suspended account,Unknown,This Tweet is from a suspended account
1243821137613783040,2020-03-28,54745,This Tweet is from a suspended account,This Tweet is from a suspended account,Unknown,This Tweet is from a suspended account
1243821166625787907,2020-03-28,626,This Tweet is from a suspended account,This Tweet is from a suspended account,Unknown,This Tweet is from a suspended account
1243821195994202112,2020-03-28,27236,This Tweet is from a suspended account,This Tweet is from a suspended account,Unknown,This Tweet is from a suspended account
1243832273838972929,2020-03-28,154,This Tweet is from a suspended account,This Tweet is from a suspended account,Unknown,This Tweet is from a suspended account
1243832294651170816,2020-03-28,21415,This Tweet is from a suspended account,This Tweet is from a suspended account,Unknown,This Tweet is from a suspended account
1243832315228323840,2020-03-28,13130,This Tweet is from a suspended account,This Tweet is from a suspended account,Unknown,This Tweet is from a suspended account
1243832378260197377,2020-03-28,3652,This Tweet is from a suspended account,This Tweet is from a suspended account,Unknown,This Tweet is from a suspended account
1243832402633523200,2020-03-28,353516,This Tweet is from a suspended account,This Tweet is from a suspended account,Unknown,This Tweet is from a suspended account
1243832424154435585,2020-03-28,46670,This Tweet is from a suspended account,This Tweet is from a suspended account,Unknown,This Tweet is from a suspended account
1243832436171124736,2020-03-28,68696,This Tweet is from a suspended account,This Tweet is from a suspended account,Unknown,This Tweet is from a suspended account
1243832461173252096,2020-03-28,1273,This Tweet is from a suspended account,This Tweet is from a suspended account,Unknown,This Tweet is from a suspended account
1243832461173252096,2020-03-28,1273,This Tweet is from a suspended account,This Tweet is from a suspended account,Unknown,This Tweet is from a suspended account
1243832461173252096,2020-03-28,1273,This Tweet is from a suspended account,This Tweet is from a suspended account,Unknown,This Tweet is from a suspended account
1243832461173252096,2020-03-28,1273,This Tweet is from a suspended account,This Tweet is from a suspended account,Unknown,This Tweet is from a suspended account
1243832490776768513,2020-03-28,26186,This Tweet is from a suspended account,This Tweet is from a suspended account,Unknown,This Tweet is from a suspended account
1252654353917399040,2020-04-21,1842,This Tweet is from a suspended account,This Tweet is from a suspended account,Unknown,This Tweet is from a suspended account
1252666110178209799,2020-04-21,8540,This Tweet is from a suspended account,This Tweet is from a suspended account,Unknown,This Tweet is from a suspended account
1252666237181722625,2020-04-21,14558,This Tweet is from a suspended account,This Tweet is from a suspended account,Unknown,This Tweet is from a suspended account
1252666285881688067,2020-04-21,686,This Tweet is from a suspended account,This Tweet is from a suspended account,Unknown,This Tweet is from a suspended account
1252666316747612165,2020-04-21,12873,This Tweet is from a suspended account,This Tweet is from a suspended account,Unknown,This Tweet is from a suspended account
1252666341900931072,2020-04-21,8547,This Tweet is from a suspended account,This Tweet is from a suspended account,Unknown,This Tweet is from a suspended account
1252666342286610432,2020-04-21,12924,This Tweet is from a suspended account,This Tweet is from a suspended account,Unknown,This Tweet is from a suspended account
1252696624813375488,2020-04-21,83141,This Tweet is from a suspended account,This Tweet is from a suspended account,Unknown,This Tweet is from a suspended account
1252696640164712449,2020-04-21,7815,This Tweet is from a suspended account,This Tweet is from a suspended account,Unknown,This Tweet is from a suspended account
1252696640164712449,2020-04-21,7815,This Tweet is from a suspended account,This Tweet is from a suspended account,Unknown,This Tweet is from a suspended account
1252696704870219777,2020-04-21,1110,This Tweet is from a suspended account,This Tweet is from a suspended account,Unknown,This Tweet is from a suspended account
1252696787808251904,2020-04-21,11156,This Tweet is from a suspended account,This Tweet is from a suspended account,Unknown,This Tweet is from a suspended account
1252696792128520193,2020-04-21,4,This Tweet is from a suspended account,This Tweet is from a suspended account,Unknown,This Tweet is from a suspended account
1252746412779061251,2020-04-21,15170,This Tweet is from a suspended account,This Tweet is from a suspended account,Unknown,This Tweet is from a suspended account
1252746412779061251,2020-04-21,15170,This Tweet is from a suspended account,This Tweet is from a suspended account,Unknown,This Tweet is from a suspended account
1252746565875388418,2020-04-21,2510,This Tweet is from a suspended account,This Tweet is from a suspended account,Unknown,This Tweet is from a suspended account
1252746565875388418,2020-04-21,2510,This Tweet is from a suspended account,This Tweet is from a suspended account,Unknown,This Tweet is from a suspended account
1252746565875388418,2020-04-21,2510,This Tweet is from a suspended account,This Tweet is from a suspended account,Unknown,This Tweet is from a suspended account
1252748282914172928,2020-04-21,98460,This Tweet is from a suspended account,This Tweet is from a suspended account,Unknown,This Tweet is from a suspended account
1252748348886564865,2020-04-21,51438,This Tweet is from a suspended account,This Tweet is from a suspended account,Unknown,This Tweet is from a suspended account
1252748356910297089,2020-04-21,15931,This Tweet is from a suspended account,This Tweet is from a suspended account,Unknown,This Tweet is from a suspended account
1252748412698734600,2020-04-21,100,This Tweet is from a suspended account,This Tweet is from a suspended account,Unknown,This Tweet is from a suspended account
1252748462677843968,2020-04-21,37147,This Tweet is from a suspended account,This Tweet is from a suspended account,Unknown,This Tweet is from a suspended account
1252802811915624448,2020-04-22,1161,This Tweet is from a suspended account,This Tweet is from a suspended account,Unknown,This Tweet is from a suspended account
1252802811915624448,2020-04-22,1161,This Tweet is from a suspended account,This Tweet is from a suspended account,Unknown,This Tweet is from a suspended account
1252802811915624448,2020-04-22,1161,This Tweet is from a suspended account,This Tweet is from a suspended account,Unknown,This Tweet is from a suspended account
1252802817385017347,2020-04-22,98554,This Tweet is from a suspended account,This Tweet is from a suspended account,Unknown,This Tweet is from a suspended account
1252809396746285061,2020-04-22,5196,This Tweet is from a suspended account,This Tweet is from a suspended account,Unknown,This Tweet is from a suspended account
1252809396746285061,2020-04-22,5196,This Tweet is from a suspended account,This Tweet is from a suspended account,Unknown,This Tweet is from a suspended account
1252809396746285061,2020-04-22,5196,This Tweet is from a suspended account,This Tweet is from a suspended account,Unknown,This Tweet is from a suspended account
1252809405302628352,2020-04-22,3282,This Tweet is from a suspended account,This Tweet is from a suspended account,Unknown,This Tweet is from a suspended account
1252809453067399170,2020-04-22,687,This Tweet is from a suspended account,This Tweet is from a suspended account,Unknown,This Tweet is from a suspended account
1252809458876510214,2020-04-22,110931,This Tweet is from a suspended account,This Tweet is from a suspended account,Unknown,This Tweet is from a suspended account
1252812187891982336,2020-04-22,2706,This Tweet is from a suspended account,This Tweet is from a suspended account,Unknown,This Tweet is from a suspended account
1252812187891982336,2020-04-22,2706,This Tweet is from a suspended account,This Tweet is from a suspended account,Unknown,This Tweet is from a suspended account
1252812220645298192,2020-04-22,66684,This Tweet is from a suspended account,This Tweet is from a suspended account,Unknown,This Tweet is from a suspended account
1252812220645298192,2020-04-22,66684,This Tweet is from a suspended account,This Tweet is from a suspended account,Unknown,This Tweet is from a suspended account
1252812257282543618,2020-04-22,15424,This Tweet is from a suspended account,This Tweet is from a suspended account,Unknown,This Tweet is from a suspended account
1252812257282543618,2020-04-22,15424,This Tweet is from a suspended account,This Tweet is from a suspended account,Unknown,This Tweet is from a suspended account
1252812270142287876,2020-04-22,1272,This Tweet is from a suspended account,This Tweet is from a suspended account,Unknown,This Tweet is from a suspended account
1252812385536086016,2020-04-22,53570,This Tweet is from a suspended account,This Tweet is from a suspended account,Unknown,This Tweet is from a suspended account
1252812413037981699,2020-04-22,262,This Tweet is from a suspended account,This Tweet is from a suspended account,Unknown,This Tweet is from a suspended account
1252812413054799873,2020-04-22,542,This Tweet is from a suspended account,This Tweet is from a suspended account,Unknown,This Tweet is from a suspended account
1252812413054799873,2020-04-22,542,This Tweet is from a suspended account,This Tweet is from a suspended account,Unknown,This Tweet is from a suspended account
1252828897315483650,2020-04-22,29745,This Tweet is from a suspended account,This Tweet is from a suspended account,Unknown,This Tweet is from a suspended account
1252832813172133889,2020-04-22,42714,This Tweet is from a suspended account,This Tweet is from a suspended account,Unknown,Online
1252832964246814720,2020-04-22,27729,This Tweet is from a suspended account,This Tweet is from a suspended account,Unknown,This Tweet is from a suspended account
1252832964246814720,2020-04-22,27729,This Tweet is from a suspended account,This Tweet is from a suspended account,Unknown,This Tweet is from a suspended account
1252833025903091718,2020-04-22,3512,This Tweet is from a suspended account,This Tweet is from a suspended account,Unknown,This Tweet is from a suspended account
1252833025903091718,2020-04-22,3512,This Tweet is from a suspended account,This Tweet is from a suspended account,Unknown,This Tweet is from a suspended account
1252833025903091718,2020-04-22,3512,This Tweet is from a suspended account,This Tweet is from a suspended account,Unknown,This Tweet is from a suspended account
1252838499692105735,2020-04-22,63862,This Tweet is from a suspended account,This Tweet is from a suspended account,Unknown,This Tweet is from a suspended account
1252844425585127425,2020-04-22,2,This Tweet is from a suspended account,This Tweet is from a suspended account,Unknown,This Tweet is from a suspended account
1252844441410273280,2020-04-22,85,This Tweet is from a suspended account,This Tweet is from a suspended account,Unknown,This Tweet is from a suspended account
1252844465254883332,2020-04-22,596,This Tweet is from a suspended account,This Tweet is from a suspended account,Unknown,Online
1252861154654687233,2020-04-22,7297,This Tweet is from a suspended account,This Tweet is from a suspended account,Unknown,This Tweet is from a suspended account
1252861154654687233,2020-04-22,7297,This Tweet is from a suspended account,This Tweet is from a suspended account,Unknown,This Tweet is from a suspended account
1252883671465496578,2020-04-22,149364,This Tweet is from a suspended account,This Tweet is from a suspended account,Unknown,This Tweet is from a suspended account
1252911682961027072,2020-04-22,64329,This Tweet is from a suspended account,This Tweet is from a suspended account,Unknown,Online
1252911854591995911,2020-04-22,64330,This Tweet is from a suspended account,This Tweet is from a suspended account,Unknown,Online
1252911890038009857,2020-04-22,13448,This Tweet is from a suspended account,This Tweet is from a suspended account,Unknown,This Tweet is from a suspended account
1252911890038009857,2020-04-22,13448,This Tweet is from a suspended account,This Tweet is from a suspended account,Unknown,This Tweet is from a suspended account
1252911897055309824,2020-04-22,16883,This Tweet is from a suspended account,This Tweet is from a suspended account,Unknown,This Tweet is from a suspended account
1252920282106466304,2020-04-22,2053,This Tweet is from a suspended account,This Tweet is from a suspended account,Unknown,This Tweet is from a suspended account
1252920296241131528,2020-04-22,16735,This Tweet is from a suspended account,This Tweet is from a suspended account,Unknown,Online
1252920327333646336,2020-04-22,7227,This Tweet is from a suspended account,This Tweet is from a suspended account,Unknown,This Tweet is from a suspended account
1252926510929006592,2020-04-22,6022,This Tweet is from a suspended account,This Tweet is from a suspended account,Unknown,This Tweet is from a suspended account
1252926510929006592,2020-04-22,6022,This Tweet is from a suspended account,This Tweet is from a suspended account,Unknown,This Tweet is from a suspended account
1252926510929006592,2020-04-22,6022,This Tweet is from a suspended account,This Tweet is from a suspended account,Unknown,This Tweet is from a suspended account
1252926534534520832,2020-04-22,35722,This Tweet is from a suspended account,This Tweet is from a suspended account,Unknown,This Tweet is from a suspended account
1252926582408216577,2020-04-22,2103,This Tweet is from a suspended account,This Tweet is from a suspended account,Unknown,This Tweet is from a suspended account
1252926682840788992,2020-04-22,734,This Tweet is from a suspended account,This Tweet is from a suspended account,Unknown,This Tweet is from a suspended account
1252926682840788992,2020-04-22,734,This Tweet is from a suspended account,This Tweet is from a suspended account,Unknown,This Tweet is from a suspended account
1252941185288736768,2020-04-22,9309,This Tweet is from a suspended account,This Tweet is from a suspended account,Unknown,This Tweet is from a suspended account
1252941185288736768,2020-04-22,9309,This Tweet is from a suspended account,This Tweet is from a suspended account,Unknown,This Tweet is from a suspended account
1252941185288736768,2020-04-22,9309,This Tweet is from a suspended account,This Tweet is from a suspended account,Unknown,This Tweet is from a suspended account
1252941185288736768,2020-04-22,9309,This Tweet is from a suspended account,This Tweet is from a suspended account,Unknown,This Tweet is from a suspended account
1252941254226333697,2020-04-22,80056,This Tweet is from a suspended account,This Tweet is from a suspended account,Unknown,This Tweet is from a suspended account
1252941321028931584,2020-04-22,87752,This Tweet is from a suspended account,This Tweet is from a suspended account,Unknown,This Tweet is from a suspended account
1252941321028931584,2020-04-22,87752,This Tweet is from a suspended account,This Tweet is from a suspended account,Unknown,This Tweet is from a suspended account
1252941321028931584,2020-04-22,87752,This Tweet is from a suspended account,This Tweet is from a suspended account,Unknown,This Tweet is from a suspended account
1252941332332580869,2020-04-22,33592,This Tweet is from a suspended account,This Tweet is from a suspended account,Unknown,This Tweet is from a suspended account
1252941336061317121,2020-04-22,87752,This Tweet is from a suspended account,This Tweet is from a suspended account,Unknown,This Tweet is from a suspended account
1252941336061317121,2020-04-22,87752,This Tweet is from a suspended account,This Tweet is from a suspended account,Unknown,This Tweet is from a suspended account
1252941336061317121,2020-04-22,87752,This Tweet is from a suspended account,This Tweet is from a suspended account,Unknown,This Tweet is from a suspended account
1252963268554969092,2020-04-22,21317,This Tweet is from a suspended account,This Tweet is from a suspended account,Unknown,This Tweet is from a suspended account
1253021947174309891,2020-04-22,13345,This Tweet is from a suspended account,This Tweet is from a suspended account,Unknown,This Tweet is from a suspended account
1253021956804194305,2020-04-22,7508,This Tweet is from a suspended account,This Tweet is from a suspended account,Unknown,This Tweet is from a suspended account
1253021993470955522,2020-04-22,14612,This Tweet is from a suspended account,This Tweet is from a suspended account,Unknown,This Tweet is from a suspended account
1253021993470955522,2020-04-22,14612,This Tweet is from a suspended account,This Tweet is from a suspended account,Unknown,This Tweet is from a suspended account
1253021993470955522,2020-04-22,14612,This Tweet is from a suspended account,This Tweet is from a suspended account,Unknown,This Tweet is from a suspended account
1253022042699567105,2020-04-22,402,This Tweet is from a suspended account,This Tweet is from a suspended account,Unknown,This Tweet is from a suspended account
1253022042699567105,2020-04-22,402,This Tweet is from a suspended account,This Tweet is from a suspended account,Unknown,This Tweet is from a suspended account
1253022042699567105,2020-04-22,402,This Tweet is from a suspended account,This Tweet is from a suspended account,Unknown,This Tweet is from a suspended account
1253045783538139136,2020-04-22,31145,This Tweet is from a suspended account,This Tweet is from a suspended account,Unknown,This Tweet is from a suspended account
1253077028129079298,2020-04-22,40147,This Tweet is from a suspended account,This Tweet is from a suspended account,Unknown,This Tweet is from a suspended account
1253077160098758658,2020-04-22,144513,This Tweet is from a suspended account,This Tweet is from a suspended account,Unknown,This Tweet is from a suspended account
1253077378311413762,2020-04-22,7838,This Tweet is from a suspended account,This Tweet is from a suspended account,Unknown,This Tweet is from a suspended account
1253077428693610504,2020-04-22,0,This Tweet is from a suspended account,This Tweet is from a suspended account,Unknown,Online
1253077428693610504,2020-04-22,0,This Tweet is from a suspended account,This Tweet is from a suspended account,Unknown,Online
1253077436889272320,2020-04-22,75340,This Tweet is from a suspended account,This Tweet is from a suspended account,Unknown,This Tweet is from a suspended account
1253087835751698432,2020-04-22,18162,This Tweet is from a suspended account,This Tweet is from a suspended account,Unknown,Online
1253087894023081984,2020-04-22,105,This Tweet is from a suspended account,This Tweet is from a suspended account,Unknown,This Tweet is from a suspended account
1253087894023081984,2020-04-22,105,This Tweet is from a suspended account,This Tweet is from a suspended account,Unknown,This Tweet is from a suspended account
1253087894023081984,2020-04-22,105,This Tweet is from a suspended account,This Tweet is from a suspended account,Unknown,This Tweet is from a suspended account
1253087948255268864,2020-04-22,15347,This Tweet is from a suspended account,This Tweet is from a suspended account,Unknown,This Tweet is from a suspended account
1253087948255268864,2020-04-22,15347,This Tweet is from a suspended account,This Tweet is from a suspended account,Unknown,This Tweet is from a suspended account
1253131091030016001,2020-04-23,1634,This Tweet is from a suspended account,This Tweet is from a suspended account,Unknown,Online
1253131204087418880,2020-04-23,8513,This Tweet is from a suspended account,This Tweet is from a suspended account,Unknown,This Tweet is from a suspended account
1253131255912202241,2020-04-23,32655,This Tweet is from a suspended account,This Tweet is from a suspended account,Unknown,This Tweet is from a suspended account
1253131263466233857,2020-04-23,446,This Tweet is from a suspended account,This Tweet is from a suspended account,Unknown,This Tweet is from a suspended account
1253141746487304193,2020-04-23,39761,This Tweet is from a suspended account,This Tweet is from a suspended account,Unknown,This Tweet is from a suspended account
1253163042814246913,2020-04-23,56911,This Tweet is from a suspended account,This Tweet is from a suspended account,Unknown,This Tweet is from a suspended account
1253215484603850755,2020-04-23,7841,This Tweet is from a suspended account,This Tweet is from a suspended account,Unknown,This Tweet is from a suspended account
1253215556221767680,2020-04-23,87325,This Tweet is from a suspended account,This Tweet is from a suspended account,Unknown,This Tweet is from a suspended account
1253215640543916034,2020-04-23,222573,This Tweet is from a suspended account,This Tweet is from a suspended account,Unknown,This Tweet is from a suspended account
1253215678888198144,2020-04-23,5185,This Tweet is from a suspended account,This Tweet is from a suspended account,Unknown,Online
1253225187828355072,2020-04-23,38394,This Tweet is from a suspended account,This Tweet is from a suspended account,Unknown,This Tweet is from a suspended account
1253225227716182018,2020-04-23,15303,This Tweet is from a suspended account,This Tweet is from a suspended account,Unknown,This Tweet is from a suspended account
1253225367189544960,2020-04-23,7,This Tweet is from a suspended account,This Tweet is from a suspended account,Unknown,This Tweet is from a suspended account
1253225397094760449,2020-04-23,3637,This Tweet is from a suspended account,This Tweet is from a suspended account,Unknown,This Tweet is from a suspended account
1253308125400018944,2020-04-23,3031,This Tweet is from a suspended account,This Tweet is from a suspended account,Unknown,This Tweet is from a suspended account
1253322184761552898,2020-04-23,773,This Tweet is from a suspended account,This Tweet is from a suspended account,Unknown,This Tweet is from a suspended account
1253322338545725445,2020-04-23,121023,This Tweet is from a suspended account,This Tweet is from a suspended account,Unknown,This Tweet is from a suspended account
1253322415104376832,2020-04-23,14824,This Tweet is from a suspended account,This Tweet is from a suspended account,Unknown,This Tweet is from a suspended account
1253322415104376832,2020-04-23,14824,This Tweet is from a suspended account,This Tweet is from a suspended account,Unknown,This Tweet is from a suspended account
1253322423698628608,2020-04-23,5825,This Tweet is from a suspended account,This Tweet is from a suspended account,Unknown,This Tweet is from a suspended account
1253343839437361153,2020-04-23,5720,This Tweet is from a suspended account,This Tweet is from a suspended account,Unknown,This Tweet is from a suspended account
1253343923508051971,2020-04-23,188345,This Tweet is from a suspended account,This Tweet is from a suspended account,Unknown,This Tweet is from a suspended account
1253343940218060806,2020-04-23,351381,This Tweet is from a suspended account,This Tweet is from a suspended account,Unknown,This Tweet is from a suspended account
1253343968584065025,2020-04-23,4355,This Tweet is from a suspended account,This Tweet is from a suspended account,Unknown,This Tweet is from a suspended account
1253356966904291329,2020-04-23,10888,This Tweet is from a suspended account,This Tweet is from a suspended account,Unknown,You’re unable to view this Tweet because this account owner limits who can view their Tweets
1253436495592976386,2020-04-23,129072,This Tweet is from a suspended account,This Tweet is from a suspended account,Unknown,This Tweet is from a suspended account
1253436752691228672,2020-04-23,15850,This Tweet is from a suspended account,This Tweet is from a suspended account,Unknown,This Tweet is from a suspended account
1253489171693535232,2020-04-24,9836,This Tweet is from a suspended account,This Tweet is from a suspended account,Unknown,This Tweet is from a suspended account
1253489176743497730,2020-04-24,33612,This Tweet is from a suspended account,This Tweet is from a suspended account,Unknown,This Tweet is from a suspended account
1253489209761050625,2020-04-24,9837,This Tweet is from a suspended account,This Tweet is from a suspended account,Unknown,This Tweet is from a suspended account
1253489209761050625,2020-04-24,9837,This Tweet is from a suspended account,This Tweet is from a suspended account,Unknown,This Tweet is from a suspended account
1253489209761050625,2020-04-24,9837,This Tweet is from a suspended account,This Tweet is from a suspended account,Unknown,This Tweet is from a suspended account
1253489214265704448,2020-04-24,19015,This Tweet is from a suspended account,This Tweet is from a suspended account,Unknown,This Tweet is from a suspended account
1253489214265704448,2020-04-24,19015,This Tweet is from a suspended account,This Tweet is from a suspended account,Unknown,This Tweet is from a suspended account
1253489280346963975,2020-04-24,22357,This Tweet is from a suspended account,This Tweet is from a suspended account,Unknown,This Tweet is from a suspended account
1253489280346963975,2020-04-24,22357,This Tweet is from a suspended account,This Tweet is from a suspended account,Unknown,This Tweet is from a suspended account
1253489280346963975,2020-04-24,22357,This Tweet is from a suspended account,This Tweet is from a suspended account,Unknown,This Tweet is from a suspended account
1253489284449013760,2020-04-24,30513,This Tweet is from a suspended account,This Tweet is from a suspended account,Unknown,This Tweet is from a suspended account
1253489284449013760,2020-04-24,30513,This Tweet is from a suspended account,This Tweet is from a suspended account,Unknown,This Tweet is from a suspended account
1253489293261225986,2020-04-24,8562,This Tweet is from a suspended account,This Tweet is from a suspended account,Unknown,This Tweet is from a suspended account
1253496821093208068,2020-04-24,34682,This Tweet is from a suspended account,This Tweet is from a suspended account,Unknown,This Tweet is from a suspended account
1253496833667710976,2020-04-24,8586,This Tweet is from a suspended account,This Tweet is from a suspended account,Unknown,This Tweet is from a suspended account
1253496833667710976,2020-04-24,8586,This Tweet is from a suspended account,This Tweet is from a suspended account,Unknown,This Tweet is from a suspended account
1253496922113007616,2020-04-24,220239,This Tweet is from a suspended account,This Tweet is from a suspended account,Unknown,This Tweet is from a suspended account
1253496931797602304,2020-04-24,5832,This Tweet is from a suspended account,This Tweet is from a suspended account,Unknown,This Tweet is from a suspended account
1253591876696932352,2020-04-24,211258,This Tweet is from a suspended account,This Tweet is from a suspended account,Unknown,This Tweet is from a suspended account
1253591899576901632,2020-04-24,58960,This Tweet is from a suspended account,This Tweet is from a suspended account,Unknown,This Tweet is from a suspended account
1253591942300139520,2020-04-24,221283,This Tweet is from a suspended account,This Tweet is from a suspended account,Unknown,This Tweet is from a suspended account
1253591949002461184,2020-04-24,29673,This Tweet is from a suspended account,This Tweet is from a suspended account,Unknown,This Tweet is from a suspended account
1253591949002461184,2020-04-24,29673,This Tweet is from a suspended account,This Tweet is from a suspended account,Unknown,This Tweet is from a suspended account
1253591949002461184,2020-04-24,29673,This Tweet is from a suspended account,This Tweet is from a suspended account,Unknown,This Tweet is from a suspended account
1253592013473107968,2020-04-24,290059,This Tweet is from a suspended account,This Tweet is from a suspended account,Unknown,This Tweet is from a suspended account
1253592064576696321,2020-04-24,148564,This Tweet is from a suspended account,This Tweet is from a suspended account,Unknown,This Tweet is from a suspended account
1253641382629179395,2020-04-24,63,This Tweet is from a suspended account,This Tweet is from a suspended account,Unknown,This Tweet is from a suspended account
1253641520630173696,2020-04-24,56943,This Tweet is from a suspended account,This Tweet is from a suspended account,Unknown,This Tweet is from a suspended account
1253641558949273600,2020-04-24,529,This Tweet is from a suspended account,This Tweet is from a suspended account,Unknown,This Tweet is from a suspended account
1253643437863088129,2020-04-24,17272,This Tweet is from a suspended account,This Tweet is from a suspended account,Unknown,Online
1253643443039023104,2020-04-24,9631,This Tweet is from a suspended account,This Tweet is from a suspended account,Unknown,This Tweet is from a suspended account
1253643443039023104,2020-04-24,9631,This Tweet is from a suspended account,This Tweet is from a suspended account,Unknown,This Tweet is from a suspended account
1253643481031086080,2020-04-24,47558,This Tweet is from a suspended account,This Tweet is from a suspended account,Unknown,This Tweet is from a suspended account
1253643481031086080,2020-04-24,47558,This Tweet is from a suspended account,This Tweet is from a suspended account,Unknown,This Tweet is from a suspended account
1253643500652019712,2020-04-24,24538,This Tweet is from a suspended account,This Tweet is from a suspended account,Unknown,This Tweet is from a suspended account
1253643500652019712,2020-04-24,24538,This Tweet is from a suspended account,This Tweet is from a suspended account,Unknown,This Tweet is from a suspended account
1253658148214394880,2020-04-24,15463,This Tweet is from a suspended account,This Tweet is from a suspended account,Unknown,This Tweet is from a suspended account
1253658148214394880,2020-04-24,15463,This Tweet is from a suspended account,This Tweet is from a suspended account,Unknown,This Tweet is from a suspended account
1253675657948794880,2020-04-24,66923,This Tweet is from a suspended account,This Tweet is from a suspended account,Unknown,This Tweet is from a suspended account
1253675657948794880,2020-04-24,66923,This Tweet is from a suspended account,This Tweet is from a suspended account,Unknown,This Tweet is from a suspended account
1253692948384022535,2020-04-24,27,This Tweet is from a suspended account,This Tweet is from a suspended account,Unknown,Online
1253708177440374788,2020-04-24,1293,This Tweet is from a suspended account,This Tweet is from a suspended account,Unknown,This Tweet is from a suspended account
1253708276900016128,2020-04-24,0,This Tweet is from a suspended account,This Tweet is from a suspended account,Unknown,This Tweet is from a suspended account
1253708276900016128,2020-04-24,0,This Tweet is from a suspended account,This Tweet is from a suspended account,Unknown,This Tweet is from a suspended account
1253708411251851265,2020-04-24,0,This Tweet is from a suspended account,This Tweet is from a suspended account,Unknown,This Tweet is from a suspended account
1253708411251851265,2020-04-24,0,This Tweet is from a suspended account,This Tweet is from a suspended account,Unknown,This Tweet is from a suspended account
1253708415911604227,2020-04-24,2,This Tweet is from a suspended account,This Tweet is from a suspended account,Unknown,This Tweet is from a suspended account
1253708415911604227,2020-04-24,2,This Tweet is from a suspended account,This Tweet is from a suspended account,Unknown,This Tweet is from a suspended account
1253724040407076864,2020-04-24,59326,This Tweet is from a suspended account,This Tweet is from a suspended account,Unknown,This Tweet is from a suspended account
1253724077077999616,2020-04-24,58071,This Tweet is from a suspended account,This Tweet is from a suspended account,Unknown,This Tweet is from a suspended account
1253724077077999616,2020-04-24,58071,This Tweet is from a suspended account,This Tweet is from a suspended account,Unknown,This Tweet is from a suspended account
1253724203443982337,2020-04-24,295485,This Tweet is from a suspended account,This Tweet is from a suspended account,Unknown,This Tweet is from a suspended account
1253724224721686532,2020-04-24,9657,This Tweet is from a suspended account,This Tweet is from a suspended account,Unknown,This Tweet is from a suspended account
1253748858624053248,2020-04-24,85955,This Tweet is from a suspended account,This Tweet is from a suspended account,Unknown,This Tweet is from a suspended account
1253748875267014657,2020-04-24,420836,This Tweet is from a suspended account,This Tweet is from a suspended account,Unknown,This Tweet is from a suspended account
1253748875267014657,2020-04-24,420836,This Tweet is from a suspended account,This Tweet is from a suspended account,Unknown,This Tweet is from a suspended account
1253808568610013185,2020-04-24,61880,This Tweet is from a suspended account,This Tweet is from a suspended account,Unknown,This Tweet is from a suspended account
1253808573378957320,2020-04-24,20199,This Tweet is from a suspended account,This Tweet is from a suspended account,Unknown,This Tweet is from a suspended account
1253808577623592962,2020-04-24,704,This Tweet is from a suspended account,This Tweet is from a suspended account,Unknown,This Tweet is from a suspended account
1253808601665175552,2020-04-24,11398,This Tweet is from a suspended account,This Tweet is from a suspended account,Unknown,This Tweet is from a suspended account
1253808601665175552,2020-04-24,11398,This Tweet is from a suspended account,This Tweet is from a suspended account,Unknown,This Tweet is from a suspended account
1253808739519541248,2020-04-24,1276,This Tweet is from a suspended account,This Tweet is from a suspended account,Unknown,This Tweet is from a suspended account
1253808778828550146,2020-04-24,0,This Tweet is from a suspended account,This Tweet is from a suspended account,Unknown,This Tweet is from a suspended account
1253808802228588544,2020-04-24,64439,This Tweet is from a suspended account,This Tweet is from a suspended account,Unknown,This Tweet is from a suspended account
1253841641636425728,2020-04-25,72521,This Tweet is from a suspended account,This Tweet is from a suspended account,Unknown,This Tweet is from a suspended account
1253841641636425728,2020-04-25,72521,This Tweet is from a suspended account,This Tweet is from a suspended account,Unknown,This Tweet is from a suspended account
1253841641636425728,2020-04-25,72521,This Tweet is from a suspended account,This Tweet is from a suspended account,Unknown,This Tweet is from a suspended account
1253841832179412992,2020-04-25,57884,This Tweet is from a suspended account,This Tweet is from a suspended account,Unknown,This Tweet is from a suspended account
1253892971012845569,2020-04-25,131542,This Tweet is from a suspended account,This Tweet is from a suspended account,Unknown,This Tweet is from a suspended account
1253893007222484995,2020-04-25,74103,This Tweet is from a suspended account,This Tweet is from a suspended account,Unknown,This Tweet is from a suspended account
1253893112298196992,2020-04-25,118994,This Tweet is from a suspended account,This Tweet is from a suspended account,Unknown,This Tweet is from a suspended account
1253893123865866241,2020-04-25,223169,This Tweet is from a suspended account,This Tweet is from a suspended account,Unknown,This Tweet is from a suspended account
1253893131310858240,2020-04-25,8109,This Tweet is from a suspended account,This Tweet is from a suspended account,Unknown,This Tweet is from a suspended account
1253895334704504833,2020-04-25,27726,This Tweet is from a suspended account,This Tweet is from a suspended account,Unknown,This Tweet is from a suspended account
1253895334704504833,2020-04-25,27726,This Tweet is from a suspended account,This Tweet is from a suspended account,Unknown,This Tweet is from a suspended account
1253895334704504833,2020-04-25,27726,This Tweet is from a suspended account,This Tweet is from a suspended account,Unknown,This Tweet is from a suspended account
1253895334704504833,2020-04-25,27726,This Tweet is from a suspended account,This Tweet is from a suspended account,Unknown,This Tweet is from a suspended account
1253895334704504833,2020-04-25,27726,This Tweet is from a suspended account,This Tweet is from a suspended account,Unknown,This Tweet is from a suspended account
1253895401972867072,2020-04-25,74859,This Tweet is from a suspended account,This Tweet is from a suspended account,Unknown,This Tweet is from a suspended account
1253895406850736129,2020-04-25,398,This Tweet is from a suspended account,This Tweet is from a suspended account,Unknown,This Tweet is from a suspended account
1253895414820024322,2020-04-25,13216,This Tweet is from a suspended account,This Tweet is from a suspended account,Unknown,This Tweet is from a suspended account
1253895418896736258,2020-04-25,25568,This Tweet is from a suspended account,This Tweet is from a suspended account,Unknown,This Tweet is from a suspended account
1253913150887473152,2020-04-25,14,This Tweet is from a suspended account,This Tweet is from a suspended account,Unknown,This Tweet is from a suspended account
1253913419817738240,2020-04-25,36459,This Tweet is from a suspended account,This Tweet is from a suspended account,Unknown,This Tweet is from a suspended account
1253913424259661826,2020-04-25,12422,This Tweet is from a suspended account,This Tweet is from a suspended account,Unknown,This Tweet is from a suspended account
1254090156782616576,2020-04-25,2685,This Tweet is from a suspended account,This Tweet is from a suspended account,Unknown,This Tweet is from a suspended account
1254099599083491328,2020-04-25,42724,This Tweet is from a suspended account,This Tweet is from a suspended account,Unknown,This Tweet is from a suspended account
1254099602636255235,2020-04-25,1,This Tweet is from a suspended account,This Tweet is from a suspended account,Unknown,This Tweet is from a suspended account
1254099631434346501,2020-04-25,3026,This Tweet is from a suspended account,This Tweet is from a suspended account,Unknown,This Tweet is from a suspended account
1254099640435257344,2020-04-25,88525,This Tweet is from a suspended account,This Tweet is from a suspended account,Unknown,This Tweet is from a suspended account
1254099725151727617,2020-04-25,1143,This Tweet is from a suspended account,This Tweet is from a suspended account,Unknown,This Tweet is from a suspended account
1254121895773028352,2020-04-25,1687,This Tweet is from a suspended account,This Tweet is from a suspended account,Unknown,This Tweet is from a suspended account
1254122000701747200,2020-04-25,4039,This Tweet is from a suspended account,This Tweet is from a suspended account,Unknown,This Tweet is from a suspended account
1254122096667627522,2020-04-25,135447,This Tweet is from a suspended account,This Tweet is from a suspended account,Unknown,This Tweet is from a suspended account
1254164610820775936,2020-04-25,2,This Tweet is from a suspended account,This Tweet is from a suspended account,Unknown,This Tweet is from a suspended account
1254164660808486912,2020-04-25,11371,This Tweet is from a suspended account,This Tweet is from a suspended account,Unknown,This Tweet is from a suspended account
1254164726524903424,2020-04-25,2848,This Tweet is from a suspended account,This Tweet is from a suspended account,Unknown,This Tweet is from a suspended account
1254164726524903424,2020-04-25,2848,This Tweet is from a suspended account,This Tweet is from a suspended account,Unknown,This Tweet is from a suspended account
1254164726524903424,2020-04-25,2848,This Tweet is from a suspended account,This Tweet is from a suspended account,Unknown,This Tweet is from a suspended account
1254164769847816192,2020-04-25,3216,This Tweet is from a suspended account,This Tweet is from a suspended account,Unknown,Online
1254169864106803200,2020-04-25,88629,This Tweet is from a suspended account,This Tweet is from a suspended account,Unknown,This Tweet is from a suspended account
1254169925415034880,2020-04-25,22599,This Tweet is from a suspended account,This Tweet is from a suspended account,Unknown,This Tweet is from a suspended account
1254169963763511298,2020-04-25,99432,This Tweet is from a suspended account,This Tweet is from a suspended account,Unknown,This Tweet is from a suspended account
1254169987717246982,2020-04-25,408098,This Tweet is from a suspended account,This Tweet is from a suspended account,Unknown,This Tweet is from a suspended account
1254169990862901255,2020-04-25,42824,This Tweet is from a suspended account,This Tweet is from a suspended account,Unknown,This Tweet is from a suspended account
1254169991546535936,2020-04-25,1381,This Tweet is from a suspended account,This Tweet is from a suspended account,Unknown,This Tweet is from a suspended account
1254169996869070849,2020-04-25,8612,This Tweet is from a suspended account,This Tweet is from a suspended account,Unknown,This Tweet is from a suspended account
1254170003114536960,2020-04-25,11760,This Tweet is from a suspended account,This Tweet is from a suspended account,Unknown,This Tweet is from a suspended account
1254170009615597569,2020-04-25,669634,This Tweet is from a suspended account,This Tweet is from a suspended account,Unknown,This Tweet is from a suspended account
1254170030163582976,2020-04-25,30993,This Tweet is from a suspended account,This Tweet is from a suspended account,Unknown,This Tweet is from a suspended account
1254170046370385920,2020-04-25,52367,This Tweet is from a suspended account,This Tweet is from a suspended account,Unknown,This Tweet is from a suspended account
1254170079677349895,2020-04-25,37822,This Tweet is from a suspended account,This Tweet is from a suspended account,Unknown,This Tweet is from a suspended account
1254170108714520576,2020-04-25,102144,This Tweet is from a suspended account,This Tweet is from a suspended account,Unknown,This Tweet is from a suspended account
1254170131183407105,2020-04-25,2907,This Tweet is from a suspended account,This Tweet is from a suspended account,Unknown,This Tweet is from a suspended account
1254173904244887552,2020-04-25,644,This Tweet is from a suspended account,This Tweet is from a suspended account,Unknown,Online
1254173957961334784,2020-04-25,5457,This Tweet is from a suspended account,This Tweet is from a suspended account,Unknown,This Tweet is from a suspended account
1254173976995098624,2020-04-25,53632,This Tweet is from a suspended account,This Tweet is from a suspended account,Unknown,This Tweet is from a suspended account
1254174082129514496,2020-04-25,651,This Tweet is from a suspended account,This Tweet is from a suspended account,Unknown,Online
1254174108998402048,2020-04-25,2656,This Tweet is from a suspended account,This Tweet is from a suspended account,Unknown,This Tweet is from a suspended account
1254174108998402048,2020-04-25,2656,This Tweet is from a suspended account,This Tweet is from a suspended account,Unknown,This Tweet is from a suspended account
1254174132922658818,2020-04-25,2562,This Tweet is from a suspended account,This Tweet is from a suspended account,Unknown,This Tweet is from a suspended account
1254234644322693120,2020-04-26,50826,This Tweet is from a suspended account,This Tweet is from a suspended account,Unknown,This Tweet is from a suspended account
1254234713922981889,2020-04-26,50347,This Tweet is from a suspended account,This Tweet is from a suspended account,Unknown,Online
1254234713922981889,2020-04-26,50347,This Tweet is from a suspended account,This Tweet is from a suspended account,Unknown,Online
1254315551335292929,2020-04-26,4640,This Tweet is from a suspended account,This Tweet is from a suspended account,Unknown,This Tweet is from a suspended account
1254315551335292929,2020-04-26,4640,This Tweet is from a suspended account,This Tweet is from a suspended account,Unknown,This Tweet is from a suspended account
1254315551335292929,2020-04-26,4640,This Tweet is from a suspended account,This Tweet is from a suspended account,Unknown,This Tweet is from a suspended account
1254315617009700864,2020-04-26,673,This Tweet is from a suspended account,This Tweet is from a suspended account,Unknown,This Tweet is from a suspended account
1254315655739957254,2020-04-26,201,This Tweet is from a suspended account,This Tweet is from a suspended account,Unknown,Online
1254315655739957254,2020-04-26,201,This Tweet is from a suspended account,This Tweet is from a suspended account,Unknown,Online
1254315777580322816,2020-04-26,12446,This Tweet is from a suspended account,This Tweet is from a suspended account,Unknown,This Tweet is from a suspended account
1254369857287716865,2020-04-26,155,This Tweet is from a suspended account,This Tweet is from a suspended account,Unknown,This Tweet is from a suspended account
1254418477688844289,2020-04-26,52448,This Tweet is from a suspended account,This Tweet is from a suspended account,Unknown,This Tweet is from a suspended account
1254454097601794060,2020-04-26,57671,This Tweet is from a suspended account,This Tweet is from a suspended account,Unknown,Online
1254454162928160774,2020-04-26,13337,This Tweet is from a suspended account,This Tweet is from a suspended account,Unknown,This Tweet is from a suspended account
1254454165138477062,2020-04-26,151,This Tweet is from a suspended account,This Tweet is from a suspended account,Unknown,This Tweet is from a suspended account
1254454188429500417,2020-04-26,16721,This Tweet is from a suspended account,This Tweet is from a suspended account,Unknown,Online
1254454217340846085,2020-04-26,3155,This Tweet is from a suspended account,This Tweet is from a suspended account,Unknown,Online
1254454248894586881,2020-04-26,864,This Tweet is from a suspended account,This Tweet is from a suspended account,Unknown,Online
1254454251113324544,2020-04-26,8748,This Tweet is from a suspended account,This Tweet is from a suspended account,Unknown,Online
1254473882414784514,2020-04-26,0,This Tweet is from a suspended account,This Tweet is from a suspended account,Unknown,This Tweet is from a suspended account
1254473893311475714,2020-04-26,16532,This Tweet is from a suspended account,This Tweet is from a suspended account,Unknown,Online
1254473898181222405,2020-04-26,15201,This Tweet is from a suspended account,This Tweet is from a suspended account,Unknown,Online
1254473945543331840,2020-04-26,3951,This Tweet is from a suspended account,This Tweet is from a suspended account,Unknown,Online
1254473972630028290,2020-04-26,12588,This Tweet is from a suspended account,This Tweet is from a suspended account,Unknown,Online
1254474033036505088,2020-04-26,71595,This Tweet is from a suspended account,This Tweet is from a suspended account,Unknown,This Tweet is from a suspended account
1254474062740574222,2020-04-26,7162,This Tweet is from a suspended account,This Tweet is from a suspended account,Unknown,Online
1254474085767294985,2020-04-26,55161,This Tweet is from a suspended account,This Tweet is from a suspended account,Unknown,Online
1254489162553659398,2020-04-26,2924,This Tweet is from a suspended account,This Tweet is from a suspended account,Unknown,Online
1254489191628640256,2020-04-26,1740,This Tweet is from a suspended account,This Tweet is from a suspended account,Unknown,You’re unable to view this Tweet because this account owner limits who can view their Tweets
1254489202017869825,2020-04-26,493,This Tweet is from a suspended account,This Tweet is from a suspended account,Unknown,Online
1254489231789080576,2020-04-26,4857,This Tweet is from a suspended account,This Tweet is from a suspended account,Unknown,Online
1254489239779266562,2020-04-26,43260,This Tweet is from a suspended account,This Tweet is from a suspended account,Unknown,Online
1254489278689796096,2020-04-26,9419,This Tweet is from a suspended account,This Tweet is from a suspended account,Unknown,Online
1254489283357900800,2020-04-26,3597,This Tweet is from a suspended account,This Tweet is from a suspended account,Unknown,Online
1254489342938136581,2020-04-26,16509,This Tweet is from a suspended account,This Tweet is from a suspended account,Unknown,Online
1254489349850386432,2020-04-26,1032,This Tweet is from a suspended account,This Tweet is from a suspended account,Unknown,You’re unable to view this Tweet because this account owner limits who can view their Tweets
1254489351351750658,2020-04-26,2068,This Tweet is from a suspended account,This Tweet is from a suspended account,Unknown,Online
1254489378212081664,2020-04-26,213,This Tweet is from a suspended account,This Tweet is from a suspended account,Unknown,This Tweet is from a suspended account
1254489392984600579,2020-04-26,9428,This Tweet is from a suspended account,This Tweet is from a suspended account,Unknown,Online
1254497256176312320,2020-04-26,10604,This Tweet is from a suspended account,This Tweet is from a suspended account,Unknown,Online
1254497286136172553,2020-04-26,23413,This Tweet is from a suspended account,This Tweet is from a suspended account,Unknown,Online
1254497293698555904,2020-04-26,53609,This Tweet is from a suspended account,This Tweet is from a suspended account,Unknown,Online
1254497298601689093,2020-04-26,2892,This Tweet is from a suspended account,This Tweet is from a suspended account,Unknown,This Tweet is from a suspended account
1254497298601689093,2020-04-26,2892,This Tweet is from a suspended account,This Tweet is from a suspended account,Unknown,This Tweet is from a suspended account
1254497321137692672,2020-04-26,33531,This Tweet is from a suspended account,This Tweet is from a suspended account,Unknown,Online
1254497385927016449,2020-04-26,1750,This Tweet is from a suspended account,This Tweet is from a suspended account,Unknown,Online
1254497425953357824,2020-04-26,294240,This Tweet is from a suspended account,This Tweet is from a suspended account,Unknown,This Tweet is from a suspended account
1254497478759628800,2020-04-26,20292,This Tweet is from a suspended account,This Tweet is from a suspended account,Unknown,Online
1254497483218182144,2020-04-26,18637,This Tweet is from a suspended account,This Tweet is from a suspended account,Unknown,Online
1254505600802852864,2020-04-26,3893,This Tweet is from a suspended account,This Tweet is from a suspended account,Unknown,This Tweet is from a suspended account
1254505602585370630,2020-04-26,72337,This Tweet is from a suspended account,This Tweet is from a suspended account,Unknown,This Tweet is from a suspended account
1254505626941755392,2020-04-26,18761,This Tweet is from a suspended account,This Tweet is from a suspended account,Unknown,Online
1254505668876406785,2020-04-26,12286,This Tweet is from a suspended account,This Tweet is from a suspended account,Unknown,Online
1254505669090250752,2020-04-26,894,This Tweet is from a suspended account,This Tweet is from a suspended account,Unknown,Online
1254505674219892738,2020-04-26,21340,This Tweet is from a suspended account,This Tweet is from a suspended account,Unknown,Online
1254505676073828352,2020-04-26,147965,This Tweet is from a suspended account,This Tweet is from a suspended account,Unknown,Online
1254505677579595778,2020-04-26,16820,This Tweet is from a suspended account,This Tweet is from a suspended account,Unknown,Online
1254505699456897024,2020-04-26,466,This Tweet is from a suspended account,This Tweet is from a suspended account,Unknown,This Tweet is from a suspended account
1254505715798020101,2020-04-26,91645,This Tweet is from a suspended account,This Tweet is from a suspended account,Unknown,This Tweet is from a suspended account
1254505715798020101,2020-04-26,91645,This Tweet is from a suspended account,This Tweet is from a suspended account,Unknown,This Tweet is from a suspended account
1254505738262794240,2020-04-26,84724,This Tweet is from a suspended account,This Tweet is from a suspended account,Unknown,This Tweet is from a suspended account
1254505754683478025,2020-04-26,1992,This Tweet is from a suspended account,This Tweet is from a suspended account,Unknown,Online
1254505755471994885,2020-04-26,32628,This Tweet is from a suspended account,This Tweet is from a suspended account,Unknown,This Tweet is from a suspended account
1254505813512765442,2020-04-26,43581,This Tweet is from a suspended account,This Tweet is from a suspended account,Unknown,Online
1254505822786379776,2020-04-26,2549,This Tweet is from a suspended account,This Tweet is from a suspended account,Unknown,Online
1254527737299177472,2020-04-26,9299,This Tweet is from a suspended account,This Tweet is from a suspended account,Unknown,Online
1254527811999748096,2020-04-26,43933,This Tweet is from a suspended account,This Tweet is from a suspended account,Unknown,Online
1254527846061617153,2020-04-26,26773,This Tweet is from a suspended account,This Tweet is from a suspended account,Unknown,Online
1254527880417161218,2020-04-26,18369,This Tweet is from a suspended account,This Tweet is from a suspended account,Unknown,Online
1254527915922001929,2020-04-26,223,This Tweet is from a suspended account,This Tweet is from a suspended account,Unknown,Online
1254527919990493184,2020-04-26,5716,This Tweet is from a suspended account,This Tweet is from a suspended account,Unknown,This Tweet is from a suspended account
1254527919990493184,2020-04-26,5716,This Tweet is from a suspended account,This Tweet is from a suspended account,Unknown,This Tweet is from a suspended account
1254527941758849024,2020-04-26,229743,This Tweet is from a suspended account,This Tweet is from a suspended account,Unknown,This Tweet is from a suspended account
1254527993654976513,2020-04-26,81090,This Tweet is from a suspended account,This Tweet is from a suspended account,Unknown,This Tweet is from a suspended account
1254534095436120068,2020-04-26,6984,This Tweet is from a suspended account,This Tweet is from a suspended account,Unknown,Online
1254534098791600134,2020-04-26,188370,This Tweet is from a suspended account,This Tweet is from a suspended account,Unknown,This Tweet is from a suspended account
1254534099823464449,2020-04-26,15420,This Tweet is from a suspended account,This Tweet is from a suspended account,Unknown,This Tweet is from a suspended account
1254534119998046210,2020-04-26,427205,This Tweet is from a suspended account,This Tweet is from a suspended account,Unknown,Online
1254534142479552513,2020-04-26,215822,This Tweet is from a suspended account,This Tweet is from a suspended account,Unknown,This Tweet is from a suspended account
1254534169352380416,2020-04-26,27914,This Tweet is from a suspended account,This Tweet is from a suspended account,Unknown,Online
1254534211597471746,2020-04-26,23164,This Tweet is from a suspended account,This Tweet is from a suspended account,Unknown,This Tweet is from a suspended account
1254534211597471746,2020-04-26,23164,This Tweet is from a suspended account,This Tweet is from a suspended account,Unknown,This Tweet is from a suspended account
1254540275508273154,2020-04-26,13269,This Tweet is from a suspended account,This Tweet is from a suspended account,Unknown,This Tweet is from a suspended account
1254540278641373191,2020-04-26,6860,This Tweet is from a suspended account,This Tweet is from a suspended account,Unknown,Online
1254540323981791232,2020-04-26,51672,This Tweet is from a suspended account,This Tweet is from a suspended account,Unknown,Online
1254540360942051329,2020-04-26,50717,This Tweet is from a suspended account,This Tweet is from a suspended account,Unknown,This Tweet is from a suspended account
1254540365438357504,2020-04-26,3858,This Tweet is from a suspended account,This Tweet is from a suspended account,Unknown,Online
1254540402708959234,2020-04-26,28178,This Tweet is from a suspended account,This Tweet is from a suspended account,Unknown,Online
1254540445180399617,2020-04-26,1904,This Tweet is from a suspended account,This Tweet is from a suspended account,Unknown,This Tweet is from a suspended account
1254540482639728640,2020-04-26,5168,This Tweet is from a suspended account,This Tweet is from a suspended account,Unknown,Online
1254540540223328259,2020-04-26,3484,This Tweet is from a suspended account,This Tweet is from a suspended account,Unknown,Online
1254540829928144897,2020-04-26,95,This Tweet is from a suspended account,This Tweet is from a suspended account,Unknown,Online
1254540838081908740,2020-04-26,130,This Tweet is from a suspended account,This Tweet is from a suspended account,Unknown,Online
1254540860156456965,2020-04-26,3339,This Tweet is from a suspended account,This Tweet is from a suspended account,Unknown,Online
1254541009998004224,2020-04-26,3005,This Tweet is from a suspended account,This Tweet is from a suspended account,Unknown,Online
1254541062984462336,2020-04-26,8980,This Tweet is from a suspended account,This Tweet is from a suspended account,Unknown,This Tweet is from a suspended account
1260109651565215745,2020-05-12,3794,This Tweet is from a suspended account,This Tweet is from a suspended account,Unknown,This Tweet is from a suspended account
1260109651565215745,2020-05-12,3794,This Tweet is from a suspended account,This Tweet is from a suspended account,Unknown,This Tweet is from a suspended account
1260109663443595266,2020-05-12,3795,This Tweet is from a suspended account,This Tweet is from a suspended account,Unknown,This Tweet is from a suspended account
1260145604908453888,2020-05-12,104475,This Tweet is from a suspended account,This Tweet is from a suspended account,Unknown,This Tweet is from a suspended account
1260145604908453888,2020-05-12,104475,This Tweet is from a suspended account,This Tweet is from a suspended account,Unknown,This Tweet is from a suspended account
1260145681898958848,2020-05-12,37514,This Tweet is from a suspended account,This Tweet is from a suspended account,Unknown,This Tweet is from a suspended account
1260145681898958848,2020-05-12,37514,This Tweet is from a suspended account,This Tweet is from a suspended account,Unknown,This Tweet is from a suspended account
1260186202075955201,2020-05-12,7169,This Tweet is from a suspended account,This Tweet is from a suspended account,Unknown,Online
1260186427641520129,2020-05-12,22500,This Tweet is from a suspended account,This Tweet is from a suspended account,Unknown,Online
1260186427641520129,2020-05-12,22500,This Tweet is from a suspended account,This Tweet is from a suspended account,Unknown,Online
1260186427641520129,2020-05-12,22500,This Tweet is from a suspended account,This Tweet is from a suspended account,Unknown,Online
1260186463624294400,2020-05-12,10328,This Tweet is from a suspended account,This Tweet is from a suspended account,Unknown,Online
1260227084007411712,2020-05-12,20339,This Tweet is from a suspended account,This Tweet is from a suspended account,Unknown,This Tweet is from a suspended account
1260232027107819521,2020-05-12,107,This Tweet is from a suspended account,This Tweet is from a suspended account,Unknown,This Tweet is from a suspended account
1260239719503245312,2020-05-12,66095,This Tweet is from a suspended account,This Tweet is from a suspended account,Unknown,Online
1260239719503245312,2020-05-12,66095,This Tweet is from a suspended account,This Tweet is from a suspended account,Unknown,Online
1260271518816145411,2020-05-12,4419,This Tweet is from a suspended account,This Tweet is from a suspended account,Unknown,This Tweet is from a suspended account
1260276624391626752,2020-05-12,67901,This Tweet is from a suspended account,This Tweet is from a suspended account,Unknown,This Tweet is from a suspended account
1260311942176092161,2020-05-12,8182,This Tweet is from a suspended account,This Tweet is from a suspended account,Unknown,This Tweet is from a suspended account
1260333853094395904,2020-05-12,9605,This Tweet is from a suspended account,This Tweet is from a suspended account,Unknown,This Tweet is from a suspended account
1260333862678401027,2020-05-12,127766,This Tweet is from a suspended account,This Tweet is from a suspended account,Unknown,This Tweet is from a suspended account
1260333928629633025,2020-05-12,126191,This Tweet is from a suspended account,This Tweet is from a suspended account,Unknown,This Tweet is from a suspended account
1260333988402642948,2020-05-12,16350,This Tweet is from a suspended account,This Tweet is from a suspended account,Unknown,This Tweet is from a suspended account
1260364827303858176,2020-05-13,18518,This Tweet is from a suspended account,This Tweet is from a suspended account,Unknown,This Tweet is from a suspended account
1260364827303858176,2020-05-13,18518,This Tweet is from a suspended account,This Tweet is from a suspended account,Unknown,This Tweet is from a suspended account
1260364885306810371,2020-05-13,213,This Tweet is from a suspended account,This Tweet is from a suspended account,Unknown,Online
1260368268474437633,2020-05-13,141100,This Tweet is from a suspended account,This Tweet is from a suspended account,Unknown,This Tweet is from a suspended account
1260368295733198856,2020-05-13,4216,This Tweet is from a suspended account,This Tweet is from a suspended account,Unknown,This Tweet is from a suspended account
1260368295733198856,2020-05-13,4216,This Tweet is from a suspended account,This Tweet is from a suspended account,Unknown,This Tweet is from a suspended account
1260368295733198856,2020-05-13,4216,This Tweet is from a suspended account,This Tweet is from a suspended account,Unknown,This Tweet is from a suspended account
1260368317447094274,2020-05-13,1390,This Tweet is from a suspended account,This Tweet is from a suspended account,Unknown,Online
1260368344131272706,2020-05-13,30335,This Tweet is from a suspended account,This Tweet is from a suspended account,Unknown,This Tweet is from a suspended account
1260368344131272706,2020-05-13,30335,This Tweet is from a suspended account,This Tweet is from a suspended account,Unknown,This Tweet is from a suspended account
1260368344131272706,2020-05-13,30335,This Tweet is from a suspended account,This Tweet is from a suspended account,Unknown,This Tweet is from a suspended account
1260368442885984256,2020-05-13,47944,This Tweet is from a suspended account,This Tweet is from a suspended account,Unknown,This Tweet is from a suspended account
1260368450154827777,2020-05-13,37250,This Tweet is from a suspended account,This Tweet is from a suspended account,Unknown,This Tweet is from a suspended account
1260368450154827777,2020-05-13,37250,This Tweet is from a suspended account,This Tweet is from a suspended account,Unknown,This Tweet is from a suspended account
1260368450154827777,2020-05-13,37250,This Tweet is from a suspended account,This Tweet is from a suspended account,Unknown,This Tweet is from a suspended account
1260368505553031168,2020-05-13,38541,This Tweet is from a suspended account,This Tweet is from a suspended account,Unknown,This Tweet is from a suspended account
1260437000219435010,2020-05-13,236870,This Tweet is from a suspended account,This Tweet is from a suspended account,Unknown,This Tweet is from a suspended account
1260437000219435010,2020-05-13,236870,This Tweet is from a suspended account,This Tweet is from a suspended account,Unknown,This Tweet is from a suspended account
1260437253920370688,2020-05-13,8493,This Tweet is from a suspended account,This Tweet is from a suspended account,Unknown,This Tweet is from a suspended account
1260437253920370688,2020-05-13,8493,This Tweet is from a suspended account,This Tweet is from a suspended account,Unknown,This Tweet is from a suspended account
1260494905652269058,2020-05-13,2795,This Tweet is from a suspended account,This Tweet is from a suspended account,Unknown,This Tweet is from a suspended account
1260494905652269058,2020-05-13,2795,This Tweet is from a suspended account,This Tweet is from a suspended account,Unknown,This Tweet is from a suspended account
1260495043032424448,2020-05-13,43098,This Tweet is from a suspended account,This Tweet is from a suspended account,Unknown,This Tweet is from a suspended account
1260495043032424448,2020-05-13,43098,This Tweet is from a suspended account,This Tweet is from a suspended account,Unknown,This Tweet is from a suspended account
1260563059124457474,2020-05-13,776,This Tweet is from a suspended account,This Tweet is from a suspended account,Unknown,This Tweet is from a suspended account
1260563468563906566,2020-05-13,3058,This Tweet is from a suspended account,This Tweet is from a suspended account,Unknown,This Tweet is from a suspended account
1260563468563906566,2020-05-13,3058,This Tweet is from a suspended account,This Tweet is from a suspended account,Unknown,This Tweet is from a suspended account
1260563473739718659,2020-05-13,303842,This Tweet is from a suspended account,This Tweet is from a suspended account,Unknown,This Tweet is from a suspended account
1260563473739718659,2020-05-13,303842,This Tweet is from a suspended account,This Tweet is from a suspended account,Unknown,This Tweet is from a suspended account
1260563482635894784,2020-05-13,92140,This Tweet is from a suspended account,This Tweet is from a suspended account,Unknown,This Tweet is from a suspended account
1260563482635894784,2020-05-13,92140,This Tweet is from a suspended account,This Tweet is from a suspended account,Unknown,This Tweet is from a suspended account
1260563490286317568,2020-05-13,139599,This Tweet is from a suspended account,This Tweet is from a suspended account,Unknown,This Tweet is from a suspended account
1260563490286317568,2020-05-13,139599,This Tweet is from a suspended account,This Tweet is from a suspended account,Unknown,This Tweet is from a suspended account
1260563499132092418,2020-05-13,386976,This Tweet is from a suspended account,This Tweet is from a suspended account,Unknown,This Tweet is from a suspended account
1260563499132092418,2020-05-13,386976,This Tweet is from a suspended account,This Tweet is from a suspended account,Unknown,This Tweet is from a suspended account
1260563508086951940,2020-05-13,242735,This Tweet is from a suspended account,This Tweet is from a suspended account,Unknown,This Tweet is from a suspended account
1260563508086951940,2020-05-13,242735,This Tweet is from a suspended account,This Tweet is from a suspended account,Unknown,This Tweet is from a suspended account
1260563518744641538,2020-05-13,3974,This Tweet is from a suspended account,This Tweet is from a suspended account,Unknown,This Tweet is from a suspended account
1260563518744641538,2020-05-13,3974,This Tweet is from a suspended account,This Tweet is from a suspended account,Unknown,This Tweet is from a suspended account
1260563544401158144,2020-05-13,36665,This Tweet is from a suspended account,This Tweet is from a suspended account,Unknown,This Tweet is from a suspended account
1260563544401158144,2020-05-13,36665,This Tweet is from a suspended account,This Tweet is from a suspended account,Unknown,This Tweet is from a suspended account
1260563603473657856,2020-05-13,13075,This Tweet is from a suspended account,This Tweet is from a suspended account,Unknown,This Tweet is from a suspended account
1260563603473657856,2020-05-13,13075,This Tweet is from a suspended account,This Tweet is from a suspended account,Unknown,This Tweet is from a suspended account
1260563616501313536,2020-05-13,11355,This Tweet is from a suspended account,This Tweet is from a suspended account,Unknown,This Tweet is from a suspended account
1260563616501313536,2020-05-13,11355,This Tweet is from a suspended account,This Tweet is from a suspended account,Unknown,This Tweet is from a suspended account
1260563620662071303,2020-05-13,184245,This Tweet is from a suspended account,This Tweet is from a suspended account,Unknown,This Tweet is from a suspended account
1260563620662071303,2020-05-13,184245,This Tweet is from a suspended account,This Tweet is from a suspended account,Unknown,This Tweet is from a suspended account
1260563621085622273,2020-05-13,46783,This Tweet is from a suspended account,This Tweet is from a suspended account,Unknown,This Tweet is from a suspended account
1260563621085622273,2020-05-13,46783,This Tweet is from a suspended account,This Tweet is from a suspended account,Unknown,This Tweet is from a suspended account
1260563625573564416,2020-05-13,83354,This Tweet is from a suspended account,This Tweet is from a suspended account,Unknown,This Tweet is from a suspended account
1260563625573564416,2020-05-13,83354,This Tweet is from a suspended account,This Tweet is from a suspended account,Unknown,This Tweet is from a suspended account
1260585278928031747,2020-05-13,56,This Tweet is from a suspended account,This Tweet is from a suspended account,Unknown,This Tweet is from a suspended account
1260585278928031747,2020-05-13,56,This Tweet is from a suspended account,This Tweet is from a suspended account,Unknown,This Tweet is from a suspended account
1260585385429741578,2020-05-13,1624,This Tweet is from a suspended account,This Tweet is from a suspended account,Unknown,This Tweet is from a suspended account
1260585385429741578,2020-05-13,1624,This Tweet is from a suspended account,This Tweet is from a suspended account,Unknown,This Tweet is from a suspended account
1260590040872185856,2020-05-13,1813,This Tweet is from a suspended account,This Tweet is from a suspended account,Unknown,This Tweet is from a suspended account
1260590040872185856,2020-05-13,1813,This Tweet is from a suspended account,This Tweet is from a suspended account,Unknown,This Tweet is from a suspended account
1260597088976605184,2020-05-13,234150,This Tweet is from a suspended account,This Tweet is from a suspended account,Unknown,This Tweet is from a suspended account
1260597088976605184,2020-05-13,234150,This Tweet is from a suspended account,This Tweet is from a suspended account,Unknown,This Tweet is from a suspended account
1260597185059663872,2020-05-13,155,This Tweet is from a suspended account,This Tweet is from a suspended account,Unknown,This Tweet is from a suspended account
1260597263967178752,2020-05-13,2593,This Tweet is from a suspended account,This Tweet is from a suspended account,Unknown,This Tweet is from a suspended account
1260597263967178752,2020-05-13,2593,This Tweet is from a suspended account,This Tweet is from a suspended account,Unknown,This Tweet is from a suspended account
1260630008374026240,2020-05-13,4058,This Tweet is from a suspended account,This Tweet is from a suspended account,Unknown,This Tweet is from a suspended account
1260633451520131073,2020-05-13,554219,This Tweet is from a suspended account,This Tweet is from a suspended account,Unknown,This Tweet is from a suspended account
1260633451520131073,2020-05-13,554219,This Tweet is from a suspended account,This Tweet is from a suspended account,Unknown,This Tweet is from a suspended account
1260633578188103681,2020-05-13,104,This Tweet is from a suspended account,This Tweet is from a suspended account,Unknown,Online
1260633644303028224,2020-05-13,7290,This Tweet is from a suspended account,This Tweet is from a suspended account,Unknown,This Tweet is from a suspended account
1260702402581233673,2020-05-13,10675,This Tweet is from a suspended account,This Tweet is from a suspended account,Unknown,This Tweet is from a suspended account
1260702402581233673,2020-05-13,10675,This Tweet is from a suspended account,This Tweet is from a suspended account,Unknown,This Tweet is from a suspended account
1260702402581233673,2020-05-13,10675,This Tweet is from a suspended account,This Tweet is from a suspended account,Unknown,This Tweet is from a suspended account
1260718590627663880,2020-05-13,100912,This Tweet is from a suspended account,This Tweet is from a suspended account,Unknown,This Tweet is from a suspended account
1260718590627663880,2020-05-13,100912,This Tweet is from a suspended account,This Tweet is from a suspended account,Unknown,This Tweet is from a suspended account
1260737105250131968,2020-05-14,6613,This Tweet is from a suspended account,This Tweet is from a suspended account,Unknown,This Tweet is from a suspended account
1260737105250131968,2020-05-14,6613,This Tweet is from a suspended account,This Tweet is from a suspended account,Unknown,This Tweet is from a suspended account
1260737152985567233,2020-05-14,10300,This Tweet is from a suspended account,This Tweet is from a suspended account,Unknown,This Tweet is from a suspended account
1260737152985567233,2020-05-14,10300,This Tweet is from a suspended account,This Tweet is from a suspended account,Unknown,This Tweet is from a suspended account
1260737294048395267,2020-05-14,5292,This Tweet is from a suspended account,This Tweet is from a suspended account,Unknown,Online
1260737479562399744,2020-05-14,2194,This Tweet is from a suspended account,This Tweet is from a suspended account,Unknown,This Tweet is from a suspended account
1260737508813475848,2020-05-14,18507,This Tweet is from a suspended account,This Tweet is from a suspended account,Unknown,This Tweet is from a suspended account
1260737568116813824,2020-05-14,29152,This Tweet is from a suspended account,This Tweet is from a suspended account,Unknown,This Tweet is from a suspended account
1260737615449542656,2020-05-14,121188,This Tweet is from a suspended account,This Tweet is from a suspended account,Unknown,This Tweet is from a suspended account
1260757094367666179,2020-05-14,2162,This Tweet is from a suspended account,This Tweet is from a suspended account,Unknown,This Tweet is from a suspended account
1260757094367666179,2020-05-14,2162,This Tweet is from a suspended account,This Tweet is from a suspended account,Unknown,This Tweet is from a suspended account
1260757266514444291,2020-05-14,110841,This Tweet is from a suspended account,This Tweet is from a suspended account,Unknown,This Tweet is from a suspended account
1260757291642560512,2020-05-14,293089,This Tweet is from a suspended account,This Tweet is from a suspended account,Unknown,This Tweet is from a suspended account
1260757291642560512,2020-05-14,293089,This Tweet is from a suspended account,This Tweet is from a suspended account,Unknown,This Tweet is from a suspended account
1260772910429540352,2020-05-14,18904,This Tweet is from a suspended account,This Tweet is from a suspended account,Unknown,This Tweet is from a suspended account
1260772972500934656,2020-05-14,16903,This Tweet is from a suspended account,This Tweet is from a suspended account,Unknown,This Tweet is from a suspended account
1260772972500934656,2020-05-14,16903,This Tweet is from a suspended account,This Tweet is from a suspended account,Unknown,This Tweet is from a suspended account
1260874197477154816,2020-05-14,488565,This Tweet is from a suspended account,This Tweet is from a suspended account,Unknown,This Tweet is from a suspended account
1260874197477154816,2020-05-14,488565,This Tweet is from a suspended account,This Tweet is from a suspended account,Unknown,This Tweet is from a suspended account
1260876555124793350,2020-05-14,184,This Tweet is from a suspended account,This Tweet is from a suspended account,Unknown,This Tweet is from a suspended account
1260876555124793350,2020-05-14,184,This Tweet is from a suspended account,This Tweet is from a suspended account,Unknown,This Tweet is from a suspended account
1260876596845690881,2020-05-14,22650,This Tweet is from a suspended account,This Tweet is from a suspended account,Unknown,Online
1260885951670353921,2020-05-14,3080,This Tweet is from a suspended account,This Tweet is from a suspended account,Unknown,This Tweet is from a suspended account
1260886009459478529,2020-05-14,7,This Tweet is from a suspended account,This Tweet is from a suspended account,Unknown,Online
1260886010906513408,2020-05-14,7,This Tweet is from a suspended account,This Tweet is from a suspended account,Unknown,Online
1260886041491394562,2020-05-14,7,This Tweet is from a suspended account,This Tweet is from a suspended account,Unknown,Online
1260902071882125313,2020-05-14,638,This Tweet is from a suspended account,This Tweet is from a suspended account,Unknown,This Tweet is from a suspended account
1260902071882125313,2020-05-14,638,This Tweet is from a suspended account,This Tweet is from a suspended account,Unknown,This Tweet is from a suspended account
1260902071882125313,2020-05-14,638,This Tweet is from a suspended account,This Tweet is from a suspended account,Unknown,This Tweet is from a suspended account
1260902071882125313,2020-05-14,638,This Tweet is from a suspended account,This Tweet is from a suspended account,Unknown,This Tweet is from a suspended account
1260902129901940736,2020-05-14,49800,This Tweet is from a suspended account,This Tweet is from a suspended account,Unknown,This Tweet is from a suspended account
1260902204686417920,2020-05-14,32263,This Tweet is from a suspended account,This Tweet is from a suspended account,Unknown,This Tweet is from an account that no longer exists
1260914735542910978,2020-05-14,31219,This Tweet is from a suspended account,This Tweet is from a suspended account,Unknown,This Tweet is from a suspended account
1260914735542910978,2020-05-14,31219,This Tweet is from a suspended account,This Tweet is from a suspended account,Unknown,This Tweet is from a suspended account
1260914735542910978,2020-05-14,31219,This Tweet is from a suspended account,This Tweet is from a suspended account,Unknown,This Tweet is from a suspended account
1260914735542910978,2020-05-14,31219,This Tweet is from a suspended account,This Tweet is from a suspended account,Unknown,This Tweet is from a suspended account
1260914850945007616,2020-05-14,15718,This Tweet is from a suspended account,This Tweet is from a suspended account,Unknown,This Tweet is from a suspended account
1260914850945007616,2020-05-14,15718,This Tweet is from a suspended account,This Tweet is from a suspended account,Unknown,This Tweet is from a suspended account
1260914850945007616,2020-05-14,15718,This Tweet is from a suspended account,This Tweet is from a suspended account,Unknown,This Tweet is from a suspended account
1260914850945007616,2020-05-14,15718,This Tweet is from a suspended account,This Tweet is from a suspended account,Unknown,This Tweet is from a suspended account
1260914863934705665,2020-05-14,156650,This Tweet is from a suspended account,This Tweet is from a suspended account,Unknown,This Tweet is from a suspended account
1260914863934705665,2020-05-14,156650,This Tweet is from a suspended account,This Tweet is from a suspended account,Unknown,This Tweet is from a suspended account
1260914863934705665,2020-05-14,156650,This Tweet is from a suspended account,This Tweet is from a suspended account,Unknown,This Tweet is from a suspended account
1260914863934705665,2020-05-14,156650,This Tweet is from a suspended account,This Tweet is from a suspended account,Unknown,This Tweet is from a suspended account
1260933739036565505,2020-05-14,3000,This Tweet is from a suspended account,This Tweet is from a suspended account,Unknown,This Tweet is from a suspended account
1260933739036565505,2020-05-14,3000,This Tweet is from a suspended account,This Tweet is from a suspended account,Unknown,This Tweet is from a suspended account
1260933739036565505,2020-05-14,3000,This Tweet is from a suspended account,This Tweet is from a suspended account,Unknown,This Tweet is from a suspended account
1260933771877945345,2020-05-14,191,This Tweet is from a suspended account,This Tweet is from a suspended account,Unknown,This Tweet is from a suspended account
1260933771877945345,2020-05-14,191,This Tweet is from a suspended account,This Tweet is from a suspended account,Unknown,This Tweet is from a suspended account
1260941527158853633,2020-05-14,66573,This Tweet is from a suspended account,This Tweet is from a suspended account,Unknown,Online
1261006439025426432,2020-05-14,2533,This Tweet is from a suspended account,This Tweet is from a suspended account,Unknown,This Tweet is from a suspended account
1261006439025426432,2020-05-14,2533,This Tweet is from a suspended account,This Tweet is from a suspended account,Unknown,This Tweet is from a suspended account
1261006455546630144,2020-05-14,29362,This Tweet is from a suspended account,This Tweet is from a suspended account,Unknown,This Tweet is from a suspended account
1261099334277443584,2020-05-15,277,This Tweet is from a suspended account,This Tweet is from a suspended account,Unknown,This Tweet is from a suspended account
1261100597006270465,2020-05-15,15947,This Tweet is from a suspended account,This Tweet is from a suspended account,Unknown,This Tweet is from a suspended account
1261100597006270465,2020-05-15,15947,This Tweet is from a suspended account,This Tweet is from a suspended account,Unknown,This Tweet is from a suspended account
1261123431459950594,2020-05-15,58968,This Tweet is from a suspended account,This Tweet is from a suspended account,Unknown,This Tweet is from a suspended account
1261123534606270466,2020-05-15,12135,This Tweet is from a suspended account,This Tweet is from a suspended account,Unknown,This Tweet is from a suspended account
1261161507825606657,2020-05-15,20760,This Tweet is from a suspended account,This Tweet is from a suspended account,Unknown,This Tweet is from a suspended account
1261161507825606657,2020-05-15,20760,This Tweet is from a suspended account,This Tweet is from a suspended account,Unknown,This Tweet is from a suspended account
1261161592894500864,2020-05-15,6874,This Tweet is from a suspended account,This Tweet is from a suspended account,Unknown,This Tweet is from a suspended account
1261161592894500864,2020-05-15,6874,This Tweet is from a suspended account,This Tweet is from a suspended account,Unknown,This Tweet is from a suspended account
1261161673777278977,2020-05-15,4428,This Tweet is from a suspended account,This Tweet is from a suspended account,Unknown,This Tweet is from a suspended account
1261193726279516160,2020-05-15,17407,This Tweet is from a suspended account,This Tweet is from a suspended account,Unknown,This Tweet is from a suspended account
1261193763960942594,2020-05-15,407,This Tweet is from a suspended account,This Tweet is from a suspended account,Unknown,This Tweet is from a suspended account
1261193763960942594,2020-05-15,407,This Tweet is from a suspended account,This Tweet is from a suspended account,Unknown,This Tweet is from a suspended account
1261193933113212928,2020-05-15,21644,This Tweet is from a suspended account,This Tweet is from a suspended account,Unknown,This Tweet is from a suspended account
1261193976767528961,2020-05-15,294497,This Tweet is from a suspended account,This Tweet is from a suspended account,Unknown,This Tweet is from a suspended account
1261205869762695168,2020-05-15,188705,This Tweet is from a suspended account,This Tweet is from a suspended account,Unknown,This Tweet is from a suspended account
1261206255248592896,2020-05-15,264896,This Tweet is from a suspended account,This Tweet is from a suspended account,Unknown,This Tweet is from a suspended account
1261206363881066496,2020-05-15,11,This Tweet is from a suspended account,This Tweet is from a suspended account,Unknown,This Tweet is from a suspended account
1261206526037016576,2020-05-15,61852,This Tweet is from a suspended account,This Tweet is from a suspended account,Unknown,This Tweet is from a suspended account
1261209429065773056,2020-05-15,50024,This Tweet is from a suspended account,This Tweet is from a suspended account,Unknown,This Tweet is from a suspended account
1261209476817915904,2020-05-15,15698,This Tweet is from a suspended account,This Tweet is from a suspended account,Unknown,This Tweet is from a suspended account
1261291620546289664,2020-05-15,17980,This Tweet is from a suspended account,This Tweet is from a suspended account,Unknown,This Tweet is from a suspended account
1261291642893434882,2020-05-15,17713,This Tweet is from a suspended account,This Tweet is from a suspended account,Unknown,This Tweet is from a suspended account
1261309583378845696,2020-05-15,37653,This Tweet is from a suspended account,This Tweet is from a suspended account,Unknown,This Tweet is from a suspended account
1261309675309424640,2020-05-15,89915,This Tweet is from a suspended account,This Tweet is from a suspended account,Unknown,This Tweet is from a suspended account
1261363225762791424,2020-05-15,43634,This Tweet is from a suspended account,This Tweet is from a suspended account,Unknown,This Tweet is from a suspended account
1261363253227053057,2020-05-15,7453,This Tweet is from a suspended account,This Tweet is from a suspended account,Unknown,This Tweet is from a suspended account
1261363253227053057,2020-05-15,7453,This Tweet is from a suspended account,This Tweet is from a suspended account,Unknown,This Tweet is from a suspended account
1261436608450039808,2020-05-15,43622,This Tweet is from a suspended account,This Tweet is from a suspended account,Unknown,This Tweet is from a suspended account
1261436655522574341,2020-05-15,10180,This Tweet is from a suspended account,This Tweet is from a suspended account,Unknown,This Tweet is from a suspended account
1261436655522574341,2020-05-15,10180,This Tweet is from a suspended account,This Tweet is from a suspended account,Unknown,This Tweet is from a suspended account
1261439060750430210,2020-05-15,2369,This Tweet is from a suspended account,This Tweet is from a suspended account,Unknown,This Tweet is from a suspended account
1261439073048117248,2020-05-15,40710,This Tweet is from a suspended account,This Tweet is from a suspended account,Unknown,This Tweet is from a suspended account
1261439110520033281,2020-05-15,881,This Tweet is from a suspended account,This Tweet is from a suspended account,Unknown,This Tweet is from a suspended account
1261439154358976513,2020-05-15,20057,This Tweet is from a suspended account,This Tweet is from a suspended account,Unknown,This Tweet is from a suspended account
1261439247724064768,2020-05-15,121955,This Tweet is from a suspended account,This Tweet is from a suspended account,Unknown,This Tweet is from a suspended account
1261454841030815745,2020-05-16,39652,This Tweet is from a suspended account,This Tweet is from a suspended account,Unknown,This Tweet is from a suspended account
1261659908165926912,2020-05-16,3878,This Tweet is from a suspended account,This Tweet is from a suspended account,Unknown,This Tweet is from a suspended account
1261660012138692608,2020-05-16,13813,This Tweet is from a suspended account,This Tweet is from a suspended account,Unknown,This Tweet is from a suspended account
1261660043314737152,2020-05-16,4848,This Tweet is from a suspended account,This Tweet is from a suspended account,Unknown,This Tweet is from a suspended account
1261704337366978561,2020-05-16,140907,This Tweet is from a suspended account,This Tweet is from a suspended account,Unknown,This Tweet is from a suspended account
1261704337366978561,2020-05-16,140907,This Tweet is from a suspended account,This Tweet is from a suspended account,Unknown,This Tweet is from a suspended account
1261704361694179331,2020-05-16,20843,This Tweet is from a suspended account,This Tweet is from a suspended account,Unknown,Online
1261715457779826690,2020-05-16,6058,This Tweet is from a suspended account,This Tweet is from a suspended account,Unknown,This Tweet is from a suspended account
1261715462150393856,2020-05-16,42098,This Tweet is from a suspended account,This Tweet is from a suspended account,Unknown,This Tweet is from a suspended account
1261715487848722432,2020-05-16,8285,This Tweet is from a suspended account,This Tweet is from a suspended account,Unknown,This Tweet is from a suspended account
1261715630539014151,2020-05-16,77828,This Tweet is from a suspended account,This Tweet is from a suspended account,Unknown,This Tweet is from a suspended account
1261765173179645952,2020-05-16,13605,This Tweet is from a suspended account,This Tweet is from a suspended account,Unknown,This Tweet is from a suspended account
1261765180033306629,2020-05-16,2315,This Tweet is from a suspended account,This Tweet is from a suspended account,Unknown,This Tweet is from a suspended account
1261765209380667393,2020-05-16,72385,This Tweet is from a suspended account,This Tweet is from a suspended account,Unknown,This Tweet is from a suspended account
1261765300963258369,2020-05-16,0,This Tweet is from a suspended account,This Tweet is from a suspended account,Unknown,This Tweet is from a suspended account
1261930513217892352,2020-05-17,2,This Tweet is from a suspended account,This Tweet is from a suspended account,Unknown,This Tweet is from a suspended account
1261930641030930434,2020-05-17,172241,This Tweet is from a suspended account,This Tweet is from a suspended account,Unknown,This Tweet is from a suspended account
1261934549304565761,2020-05-17,6250,This Tweet is from a suspended account,This Tweet is from a suspended account,Unknown,Online
1261934708515958784,2020-05-17,123,This Tweet is from a suspended account,This Tweet is from a suspended account,Unknown,This Tweet is from a suspended account
1261934708515958784,2020-05-17,123,This Tweet is from a suspended account,This Tweet is from a suspended account,Unknown,This Tweet is from a suspended account
1261955992071348224,2020-05-17,100834,This Tweet is from a suspended account,This Tweet is from a suspended account,Unknown,This Tweet is from a suspended account
1261956061075890176,2020-05-17,10696,This Tweet is from a suspended account,This Tweet is from a suspended account,Unknown,This Tweet is from a suspended account
1261956172946554881,2020-05-17,4170,This Tweet is from a suspended account,This Tweet is from a suspended account,Unknown,This Tweet is from a suspended account
1261963231637254144,2020-05-17,22699,This Tweet is from a suspended account,This Tweet is from a suspended account,Unknown,Online
1261963336918261760,2020-05-17,2257,This Tweet is from a suspended account,This Tweet is from a suspended account,Unknown,This Tweet is from a suspended account
1261963336918261760,2020-05-17,2257,This Tweet is from a suspended account,This Tweet is from a suspended account,Unknown,This Tweet is from a suspended account
1262009977213861889,2020-05-17,69,This Tweet is from a suspended account,This Tweet is from a suspended account,Unknown,This Tweet is from a suspended account
1262066199203991552,2020-05-17,5399,This Tweet is from a suspended account,This Tweet is from a suspended account,Unknown,This Tweet is from a suspended account
1262066199203991552,2020-05-17,5399,This Tweet is from a suspended account,This Tweet is from a suspended account,Unknown,This Tweet is from a suspended account
1262066199203991552,2020-05-17,5399,This Tweet is from a suspended account,This Tweet is from a suspended account,Unknown,This Tweet is from a suspended account
1262066314199400453,2020-05-17,155728,This Tweet is from a suspended account,This Tweet is from a suspended account,Unknown,This Tweet is from a suspended account
1262090298672517127,2020-05-17,21093,This Tweet is from a suspended account,This Tweet is from a suspended account,Unknown,Online
1262090344570728448,2020-05-17,44004,This Tweet is from a suspended account,This Tweet is from a suspended account,Unknown,This Tweet is from a suspended account
1262090352355414017,2020-05-17,76737,This Tweet is from a suspended account,This Tweet is from a suspended account,Unknown,This Tweet is from a suspended account
1262090539895189504,2020-05-17,18,This Tweet is from a suspended account,This Tweet is from a suspended account,Unknown,This Tweet is from a suspended account
1262090597088845824,2020-05-17,30301,This Tweet is from a suspended account,This Tweet is from a suspended account,Unknown,This Tweet is from a suspended account
1262090649253351424,2020-05-17,24418,This Tweet is from a suspended account,This Tweet is from a suspended account,Unknown,This Tweet is from a suspended account
1262090710511226880,2020-05-17,51155,This Tweet is from a suspended account,This Tweet is from a suspended account,Unknown,This Tweet is from a suspended account
1262090752261099520,2020-05-17,42849,This Tweet is from a suspended account,This Tweet is from a suspended account,Unknown,This Tweet is from a suspended account
1262090755025391616,2020-05-17,29429,This Tweet is from a suspended account,This Tweet is from a suspended account,Unknown,This Tweet is from a suspended account
1262090791717089280,2020-05-17,13,This Tweet is from a suspended account,This Tweet is from a suspended account,Unknown,This Tweet is from a suspended account
1262092670966665216,2020-05-17,72262,This Tweet is from a suspended account,This Tweet is from a suspended account,Unknown,This Tweet is from a suspended account
1262092751438561281,2020-05-17,62,This Tweet is from a suspended account,This Tweet is from a suspended account,Unknown,Online
1262114235607388160,2020-05-17,83560,This Tweet is from a suspended account,This Tweet is from a suspended account,Unknown,This Tweet is from a suspended account
1262114390704357376,2020-05-17,6966,This Tweet is from a suspended account,This Tweet is from a suspended account,Unknown,This Tweet is from a suspended account
1262139726196326406,2020-05-17,4273,This Tweet is from a suspended account,This Tweet is from a suspended account,Unknown,This Tweet is from a suspended account
1262139737822937088,2020-05-17,111083,This Tweet is from a suspended account,This Tweet is from a suspended account,Unknown,This Tweet is from a suspended account
1262196165640151040,2020-05-18,1420,This Tweet is from a suspended account,This Tweet is from a suspended account,Unknown,This Tweet is from a suspended account
1262196193070927872,2020-05-18,131714,This Tweet is from a suspended account,This Tweet is from a suspended account,Unknown,This Tweet is from a suspended account
1262250663679070208,2020-05-18,4457,This Tweet is from a suspended account,This Tweet is from a suspended account,Unknown,This Tweet is from a suspended account
1262250727319244802,2020-05-18,37183,This Tweet is from a suspended account,This Tweet is from a suspended account,Unknown,This Tweet is from a suspended account
1262250986980040704,2020-05-18,310659,This Tweet is from a suspended account,This Tweet is from a suspended account,Unknown,This Tweet is from a suspended account
1262335400959410177,2020-05-18,283,This Tweet is from a suspended account,This Tweet is from a suspended account,Unknown,This Tweet is from a suspended account
1262384367541895168,2020-05-18,10915,This Tweet is from a suspended account,This Tweet is from a suspended account,Unknown,This Tweet is from a suspended account
1262384367541895168,2020-05-18,10915,This Tweet is from a suspended account,This Tweet is from a suspended account,Unknown,This Tweet is from a suspended account
1262402403950870531,2020-05-18,48375,This Tweet is from a suspended account,This Tweet is from a suspended account,Unknown,This Tweet is from a suspended account
1262402457109323776,2020-05-18,5680,This Tweet is from a suspended account,This Tweet is from a suspended account,Unknown,This Tweet is from a suspended account
1262402464709517315,2020-05-18,5694,This Tweet is from a suspended account,This Tweet is from a suspended account,Unknown,This Tweet is from a suspended account
1262402464709517315,2020-05-18,5694,This Tweet is from a suspended account,This Tweet is from a suspended account,Unknown,This Tweet is from a suspended account
1262402474893119488,2020-05-18,725,This Tweet is from a suspended account,This Tweet is from a suspended account,Unknown,This Tweet is from a suspended account
1262434547888726017,2020-05-18,1491,This Tweet is from a suspended account,This Tweet is from a suspended account,Unknown,This Tweet is from a suspended account
1262434558655561729,2020-05-18,344,This Tweet is from a suspended account,This Tweet is from a suspended account,Unknown,This Tweet is from a suspended account
1262434558655561729,2020-05-18,344,This Tweet is from a suspended account,This Tweet is from a suspended account,Unknown,This Tweet is from a suspended account
1262434631703506945,2020-05-18,9509,This Tweet is from a suspended account,This Tweet is from a suspended account,Unknown,This Tweet is from a suspended account
1262434631703506945,2020-05-18,9509,This Tweet is from a suspended account,This Tweet is from a suspended account,Unknown,This Tweet is from a suspended account
1262434698544001025,2020-05-18,3750,This Tweet is from a suspended account,This Tweet is from a suspended account,Unknown,This Tweet is from a suspended account
1262434755682975744,2020-05-18,23,This Tweet is from a suspended account,This Tweet is from a suspended account,Unknown,This Tweet is from a suspended account
1262434755682975744,2020-05-18,23,This Tweet is from a suspended account,This Tweet is from a suspended account,Unknown,This Tweet is from a suspended account
1262459507680202752,2020-05-18,13637,This Tweet is from a suspended account,This Tweet is from a suspended account,Unknown,This Tweet is from a suspended account
1262459546565517314,2020-05-18,1023,This Tweet is from a suspended account,This Tweet is from a suspended account,Unknown,This Tweet is from a suspended account
1262459739520327680,2020-05-18,39750,This Tweet is from a suspended account,This Tweet is from a suspended account,Unknown,This Tweet is from a suspended account
1262459739520327680,2020-05-18,39750,This Tweet is from a suspended account,This Tweet is from a suspended account,Unknown,This Tweet is from a suspended account
1262569554930089985,2020-05-19,12740,This Tweet is from a suspended account,This Tweet is from a suspended account,Unknown,This Tweet is from a suspended account
1262569554930089985,2020-05-19,12740,This Tweet is from a suspended account,This Tweet is from a suspended account,Unknown,This Tweet is from a suspended account
1262569555135623169,2020-05-19,6072,This Tweet is from a suspended account,This Tweet is from a suspended account,Unknown,Online
1262569555135623169,2020-05-19,6072,This Tweet is from a suspended account,This Tweet is from a suspended account,Unknown,Online
1262569558897856512,2020-05-19,9401,This Tweet is from a suspended account,This Tweet is from a suspended account,Unknown,This Tweet is from a suspended account
1262569558897856512,2020-05-19,9401,This Tweet is from a suspended account,This Tweet is from a suspended account,Unknown,This Tweet is from a suspended account
1262569564157743104,2020-05-19,65470,This Tweet is from a suspended account,This Tweet is from a suspended account,Unknown,This Tweet is from a suspended account
1262569610081112073,2020-05-19,435794,This Tweet is from a suspended account,This Tweet is from a suspended account,Unknown,This Tweet is from a suspended account
1262569610081112073,2020-05-19,435794,This Tweet is from a suspended account,This Tweet is from a suspended account,Unknown,This Tweet is from a suspended account
1262569637054685185,2020-05-19,64391,This Tweet is from a suspended account,This Tweet is from a suspended account,Unknown,This Tweet is from a suspended account
1262569672777633794,2020-05-19,24,This Tweet is from a suspended account,This Tweet is from a suspended account,Unknown,Online
1262569690242703360,2020-05-19,23056,This Tweet is from a suspended account,This Tweet is from a suspended account,Unknown,This Tweet is from a suspended account
1262569735826411521,2020-05-19,688,This Tweet is from a suspended account,This Tweet is from a suspended account,Unknown,This Tweet is from a suspended account
1262569735826411521,2020-05-19,688,This Tweet is from a suspended account,This Tweet is from a suspended account,Unknown,This Tweet is from a suspended account
1262569738905038848,2020-05-19,11639,This Tweet is from a suspended account,This Tweet is from a suspended account,Unknown,This Tweet is from a suspended account
1262569767640002560,2020-05-19,28801,This Tweet is from a suspended account,This Tweet is from a suspended account,Unknown,This Tweet is from a suspended account
1262569767640002560,2020-05-19,28801,This Tweet is from a suspended account,This Tweet is from a suspended account,Unknown,This Tweet is from a suspended account
1262569821394386944,2020-05-19,194194,This Tweet is from a suspended account,This Tweet is from a suspended account,Unknown,This Tweet is from a suspended account
1262569824632389632,2020-05-19,1685,This Tweet is from a suspended account,This Tweet is from a suspended account,Unknown,This Tweet is from a suspended account
1262569824632389632,2020-05-19,1685,This Tweet is from a suspended account,This Tweet is from a suspended account,Unknown,This Tweet is from a suspended account
1262569847709470726,2020-05-19,1236,This Tweet is from a suspended account,This Tweet is from a suspended account,Unknown,This Tweet is from a suspended account
1262572091167080455,2020-05-19,713,This Tweet is from a suspended account,This Tweet is from a suspended account,Unknown,This Tweet is from a suspended account
1262572175141138433,2020-05-19,158184,This Tweet is from a suspended account,This Tweet is from a suspended account,Unknown,This Tweet is from a suspended account
1262572175141138433,2020-05-19,158184,This Tweet is from a suspended account,This Tweet is from a suspended account,Unknown,This Tweet is from a suspended account
1262572210067292160,2020-05-19,44152,This Tweet is from a suspended account,This Tweet is from a suspended account,Unknown,This Tweet is from a suspended account
1262572267512434694,2020-05-19,70439,This Tweet is from a suspended account,This Tweet is from a suspended account,Unknown,This Tweet is from a suspended account
1262572312521347072,2020-05-19,41285,This Tweet is from a suspended account,This Tweet is from a suspended account,Unknown,Online
1262603028676227072,2020-05-19,61084,This Tweet is from a suspended account,This Tweet is from a suspended account,Unknown,This Tweet is from a suspended account
1262603074956337157,2020-05-19,4535,This Tweet is from a suspended account,This Tweet is from a suspended account,Unknown,This Tweet is from a suspended account
1262603211136995333,2020-05-19,40623,This Tweet is from a suspended account,This Tweet is from a suspended account,Unknown,This Tweet is from a suspended account
1262603226039431169,2020-05-19,1856,This Tweet is from a suspended account,This Tweet is from a suspended account,Unknown,This Tweet is from a suspended account
1262603258268274689,2020-05-19,14201,This Tweet is from a suspended account,This Tweet is from a suspended account,Unknown,This Tweet is from a suspended account
1262603274101776384,2020-05-19,395,This Tweet is from a suspended account,This Tweet is from a suspended account,Unknown,This Tweet is from a suspended account
1262603337670832128,2020-05-19,15727,This Tweet is from a suspended account,This Tweet is from a suspended account,Unknown,This Tweet is from a suspended account
1262666431726006272,2020-05-19,17907,This Tweet is from a suspended account,This Tweet is from a suspended account,Unknown,This Tweet is from a suspended account
1262666542099169280,2020-05-19,9899,This Tweet is from a suspended account,This Tweet is from a suspended account,Unknown,This Tweet is from a suspended account
1262666560935780353,2020-05-19,539,This Tweet is from a suspended account,This Tweet is from a suspended account,Unknown,This Tweet is from a suspended account
1262666665382178816,2020-05-19,0,This Tweet is from a suspended account,This Tweet is from a suspended account,Unknown,This Tweet is from a suspended account
1262666705798672384,2020-05-19,22879,This Tweet is from a suspended account,This Tweet is from a suspended account,Unknown,This Tweet is from a suspended account
1262668001649852416,2020-05-19,16714,This Tweet is from a suspended account,This Tweet is from a suspended account,Unknown,This Tweet is from a suspended account
1262668025175642112,2020-05-19,989,This Tweet is from a suspended account,This Tweet is from a suspended account,Unknown,This Tweet is from a suspended account
1262668054783131649,2020-05-19,61039,This Tweet is from a suspended account,This Tweet is from a suspended account,Unknown,This Tweet is from a suspended account
1262668077151461376,2020-05-19,157453,This Tweet is from a suspended account,This Tweet is from a suspended account,Unknown,This Tweet is from a suspended account
1262668101704974336,2020-05-19,49504,This Tweet is from a suspended account,This Tweet is from a suspended account,Unknown,This Tweet is from a suspended account
1262668101704974336,2020-05-19,49504,This Tweet is from a suspended account,This Tweet is from a suspended account,Unknown,This Tweet is from a suspended account
1262668249415720962,2020-05-19,9414,This Tweet is from a suspended account,This Tweet is from a suspended account,Unknown,This Tweet is from a suspended account
1262668249415720962,2020-05-19,9414,This Tweet is from a suspended account,This Tweet is from a suspended account,Unknown,This Tweet is from a suspended account
1268962658826543104,2020-06-05,18442,This Tweet is from a suspended account,This Tweet is from a suspended account,Unknown,This Tweet is from a suspended account
1268963316426092544,2020-06-05,66747,This Tweet is from a suspended account,This Tweet is from a suspended account,Unknown,This Tweet is from a suspended account
1268963353487122436,2020-06-05,14468,This Tweet is from a suspended account,This Tweet is from a suspended account,Unknown,This Tweet is from a suspended account
1269104939814416384,2020-06-06,3791,This Tweet is from a suspended account,This Tweet is from a suspended account,Unknown,This Tweet is from a suspended account
1274082713566244864,2020-06-19,13967,This Tweet is from a suspended account,This Tweet is from a suspended account,Unknown,This Tweet is from a suspended account
1274082713566244864,2020-06-19,13967,This Tweet is from a suspended account,This Tweet is from a suspended account,Unknown,This Tweet is from a suspended account
1278739843804278786,2020-07-02,3788,This Tweet is from a suspended account,This Tweet is from a suspended account,Unknown,This Tweet is from a suspended account
1278755699254718465,2020-07-02,4414,This Tweet is from a suspended account,This Tweet is from a suspended account,Unknown,This Tweet is from a suspended account
1278836174023467014,2020-07-02,14360,This Tweet is from a suspended account,This Tweet is from a suspended account,Unknown,This Tweet is from a suspended account
1278836174023467014,2020-07-02,14360,This Tweet is from a suspended account,This Tweet is from a suspended account,Unknown,This Tweet is from a suspended account
1278901359237095424,2020-07-03,10397,This Tweet is from a suspended account,This Tweet is from a suspended account,Unknown,This Tweet is from a suspended account
1278901375544422401,2020-07-03,25324,This Tweet is from a suspended account,This Tweet is from a suspended account,Unknown,This Tweet is from a suspended account
1278901375544422401,2020-07-03,25324,This Tweet is from a suspended account,This Tweet is from a suspended account,Unknown,This Tweet is from a suspended account
1278901375544422401,2020-07-03,25324,This Tweet is from a suspended account,This Tweet is from a suspended account,Unknown,This Tweet is from a suspended account
1278901375544422401,2020-07-03,25324,This Tweet is from a suspended account,This Tweet is from a suspended account,Unknown,This Tweet is from a suspended account
1278901375544422401,2020-07-03,25324,This Tweet is from a suspended account,This Tweet is from a suspended account,Unknown,This Tweet is from a suspended account
1278901440501686272,2020-07-03,130268,This Tweet is from a suspended account,This Tweet is from a suspended account,Unknown,This Tweet is from a suspended account
1278901508533297153,2020-07-03,47825,This Tweet is from a suspended account,This Tweet is from a suspended account,Unknown,This Tweet is from a suspended account
1279074279120932864,2020-07-03,21846,This Tweet is from a suspended account,This Tweet is from a suspended account,Unknown,This Tweet is from a suspended account
1279074280160940037,2020-07-03,4337,This Tweet is from a suspended account,This Tweet is from a suspended account,Unknown,This Tweet is from a suspended account
1279074300385996802,2020-07-03,11495,This Tweet is from a suspended account,This Tweet is from a suspended account,Unknown,This Tweet is from a suspended account
1279074302650978305,2020-07-03,225,This Tweet is from a suspended account,This Tweet is from a suspended account,Unknown,This Tweet is from a suspended account
1279127164181340160,2020-07-03,236046,This Tweet is from a suspended account,This Tweet is from a suspended account,Unknown,This Tweet is from a suspended account
1279127164181340160,2020-07-03,236046,This Tweet is from a suspended account,This Tweet is from a suspended account,Unknown,This Tweet is from a suspended account
1279127164181340160,2020-07-03,236046,This Tweet is from a suspended account,This Tweet is from a suspended account,Unknown,This Tweet is from a suspended account
1279127164181340160,2020-07-03,236046,This Tweet is from a suspended account,This Tweet is from a suspended account,Unknown,This Tweet is from a suspended account
1279127445698994177,2020-07-03,6310,This Tweet is from a suspended account,This Tweet is from a suspended account,Unknown,This Tweet is from a suspended account
1279127478372573185,2020-07-03,370347,This Tweet is from a suspended account,This Tweet is from a suspended account,Unknown,Online
1279127555044343809,2020-07-03,4927,This Tweet is from a suspended account,This Tweet is from a suspended account,Unknown,This Tweet is from a suspended account
1279135380000784384,2020-07-03,185057,This Tweet is from a suspended account,This Tweet is from a suspended account,Unknown,This Tweet is from a suspended account
1279135489593729025,2020-07-03,13875,This Tweet is from a suspended account,This Tweet is from a suspended account,Unknown,This Tweet is from a suspended account
1279135509432995841,2020-07-03,206228,This Tweet is from a suspended account,This Tweet is from a suspended account,Unknown,This Tweet is from a suspended account
1279135521030180866,2020-07-03,3859,This Tweet is from a suspended account,This Tweet is from a suspended account,Unknown,This Tweet is from a suspended account
1279135614043127809,2020-07-03,85451,This Tweet is from a suspended account,This Tweet is from a suspended account,Unknown,Online
1279135616467419141,2020-07-03,3772,This Tweet is from a suspended account,This Tweet is from a suspended account,Unknown,This Tweet is from a suspended account
1279135694124916737,2020-07-03,15267,This Tweet is from a suspended account,This Tweet is from a suspended account,Unknown,This Tweet is from a suspended account
1279203343240294400,2020-07-04,8222,This Tweet is from a suspended account,This Tweet is from a suspended account,Unknown,This Tweet is from a suspended account
1279203393299533824,2020-07-04,8482,This Tweet is from a suspended account,This Tweet is from a suspended account,Unknown,This Tweet is from a suspended account
1279203412966543360,2020-07-04,14186,This Tweet is from a suspended account,This Tweet is from a suspended account,Unknown,This Tweet is from a suspended account
1279203566163357697,2020-07-04,25744,This Tweet is from a suspended account,This Tweet is from a suspended account,Unknown,This Tweet is from a suspended account
1284227857737293827,2020-07-17,154696,This Tweet is from a suspended account,This Tweet is from a suspended account,Unknown,This Tweet is from a suspended account
1284227857737293827,2020-07-17,154696,This Tweet is from a suspended account,This Tweet is from a suspended account,Unknown,This Tweet is from a suspended account
1284227857737293827,2020-07-17,154696,This Tweet is from a suspended account,This Tweet is from a suspended account,Unknown,This Tweet is from a suspended account
1284227857737293827,2020-07-17,154696,This Tweet is from a suspended account,This Tweet is from a suspended account,Unknown,This Tweet is from a suspended account
1284227881430736896,2020-07-17,13132,This Tweet is from a suspended account,This Tweet is from a suspended account,Unknown,This Tweet is from a suspended account
1290495973295157249,2020-08-04,108680,This Tweet is from a suspended account,This Tweet is from a suspended account,Unknown,This Tweet is from a suspended account
1290495973295157249,2020-08-04,108680,This Tweet is from a suspended account,This Tweet is from a suspended account,Unknown,This Tweet is from a suspended account
1290607952471105536,2020-08-04,6299,This Tweet is from a suspended account,This Tweet is from a suspended account,Unknown,This Tweet is from a suspended account
1290608115138867200,2020-08-04,2052,This Tweet is from a suspended account,This Tweet is from a suspended account,Unknown,This Tweet is from a suspended account
1290608388389380098,2020-08-04,67790,This Tweet is from a suspended account,This Tweet is from a suspended account,Unknown,This Tweet is from a suspended account
1290630130923188224,2020-08-04,14,This Tweet is from a suspended account,This Tweet is from a suspended account,Unknown,This Tweet is from a suspended account
1290630207234363393,2020-08-04,2844,This Tweet is from a suspended account,This Tweet is from a suspended account,Unknown,This Tweet is from a suspended account
1290630271813988355,2020-08-04,89113,This Tweet is from a suspended account,This Tweet is from a suspended account,Unknown,Online
1290630298015682560,2020-08-04,32048,This Tweet is from a suspended account,This Tweet is from a suspended account,Unknown,This Tweet is from a suspended account
1290725581852680202,2020-08-04,101311,This Tweet is from a suspended account,This Tweet is from a suspended account,Unknown,This Tweet is from a suspended account
1290725748609699840,2020-08-04,28652,This Tweet is from a suspended account,This Tweet is from a suspended account,Unknown,This Tweet is from a suspended account
1290726006408400896,2020-08-04,26788,This Tweet is from a suspended account,This Tweet is from a suspended account,Unknown,This Tweet is from a suspended account
1290727589582184449,2020-08-04,43242,This Tweet is from a suspended account,This Tweet is from a suspended account,Unknown,Online
1290727705802145796,2020-08-04,8230,This Tweet is from a suspended account,This Tweet is from a suspended account,Unknown,Online
1290740770949992449,2020-08-04,50456,This Tweet is from a suspended account,This Tweet is from a suspended account,Unknown,This Tweet is from a suspended account
1290740965238435840,2020-08-04,50122,This Tweet is from a suspended account,This Tweet is from a suspended account,Unknown,This Tweet is from a suspended account
1290769116782039040,2020-08-04,182332,This Tweet is from a suspended account,This Tweet is from a suspended account,Unknown,This Tweet is from a suspended account
1290769528830402561,2020-08-04,11527,This Tweet is from a suspended account,This Tweet is from a suspended account,Unknown,This Tweet is from a suspended account
1290808072743481344,2020-08-05,263,This Tweet is from a suspended account,This Tweet is from a suspended account,Unknown,This Tweet is from a suspended account
1290808072743481344,2020-08-05,263,This Tweet is from a suspended account,This Tweet is from a suspended account,Unknown,This Tweet is from a suspended account
1290830901753139200,2020-08-05,67,This Tweet is from a suspended account,This Tweet is from a suspended account,Unknown,This Tweet is from a suspended account
1290831090450599937,2020-08-05,36296,This Tweet is from a suspended account,This Tweet is from a suspended account,Unknown,This Tweet is from a suspended account
1290835281327853568,2020-08-05,155304,This Tweet is from a suspended account,This Tweet is from a suspended account,Unknown,This Tweet is from a suspended account
1290855780908965893,2020-08-05,732598,This Tweet is from a suspended account,This Tweet is from a suspended account,Unknown,Online
1290855936643432448,2020-08-05,793,This Tweet is from a suspended account,This Tweet is from a suspended account,Unknown,This Tweet is from a suspended account
1291135825489678336,2020-08-05,3750,This Tweet is from a suspended account,This Tweet is from a suspended account,Unknown,This Tweet is from a suspended account
1291135885178572800,2020-08-05,187757,This Tweet is from a suspended account,This Tweet is from a suspended account,Unknown,This Tweet is from a suspended account
1291147924492242944,2020-08-05,25,This Tweet is from a suspended account,This Tweet is from a suspended account,Unknown,This Tweet is from a suspended account
1291216229621837825,2020-08-06,48971,This Tweet is from a suspended account,This Tweet is from a suspended account,Unknown,Online
1291281658298224641,2020-08-06,0,This Tweet is from a suspended account,This Tweet is from a suspended account,Unknown,This Tweet is from a suspended account
1291281827819393025,2020-08-06,0,This Tweet is from a suspended account,This Tweet is from a suspended account,Unknown,This Tweet is from a suspended account
1291281827819393025,2020-08-06,0,This Tweet is from a suspended account,This Tweet is from a suspended account,Unknown,This Tweet is from a suspended account
1291281827819393025,2020-08-06,0,This Tweet is from a suspended account,This Tweet is from a suspended account,Unknown,This Tweet is from a suspended account
1291281827819393025,2020-08-06,0,This Tweet is from a suspended account,This Tweet is from a suspended account,Unknown,This Tweet is from a suspended account
1291360114809634817,2020-08-06,284329,This Tweet is from a suspended account,This Tweet is from a suspended account,Unknown,This Tweet is from a suspended account
1291360196795621376,2020-08-06,20505,This Tweet is from a suspended account,This Tweet is from a suspended account,Unknown,This Tweet is from a suspended account
1291360245940391940,2020-08-06,12517,This Tweet is from a suspended account,This Tweet is from a suspended account,Unknown,This Tweet is from a suspended account
1291360252164739072,2020-08-06,2804,This Tweet is from a suspended account,This Tweet is from a suspended account,Unknown,This Tweet is from a suspended account
1291360266836414464,2020-08-06,19363,This Tweet is from a suspended account,This Tweet is from a suspended account,Unknown,Online
1291360266836414464,2020-08-06,19363,This Tweet is from a suspended account,This Tweet is from a suspended account,Unknown,Online
1291361719386857472,2020-08-06,2928,This Tweet is from a suspended account,This Tweet is from a suspended account,Unknown,This Tweet is from a suspended account
1291367210842292224,2020-08-06,40196,This Tweet is from a suspended account,This Tweet is from a suspended account,Unknown,This Tweet is from a suspended account
1291367221760004096,2020-08-06,842,This Tweet is from a suspended account,This Tweet is from a suspended account,Unknown,This Tweet is from a suspended account
1291661176959406080,2020-08-07,849,This Tweet is from a suspended account,This Tweet is from a suspended account,Unknown,This Tweet is from a suspended account
1291661357696331776,2020-08-07,0,This Tweet is from a suspended account,This Tweet is from a suspended account,Unknown,This Tweet is from a suspended account
1291795948381798402,2020-08-07,59312,This Tweet is from a suspended account,This Tweet is from a suspended account,Unknown,This Tweet is from a suspended account
1291795948381798402,2020-08-07,59312,This Tweet is from a suspended account,This Tweet is from a suspended account,Unknown,This Tweet is from a suspended account
1291796013309722625,2020-08-07,2299,This Tweet is from a suspended account,This Tweet is from a suspended account,Unknown,This Tweet is from a suspended account
1291796013309722625,2020-08-07,2299,This Tweet is from a suspended account,This Tweet is from a suspended account,Unknown,This Tweet is from a suspended account
1291796073632079873,2020-08-07,348,This Tweet is from a suspended account,This Tweet is from a suspended account,Unknown,This Tweet is from a suspended account
1291796073632079873,2020-08-07,348,This Tweet is from a suspended account,This Tweet is from a suspended account,Unknown,This Tweet is from a suspended account
1291796202384576512,2020-08-07,5854,This Tweet is from a suspended account,This Tweet is from a suspended account,Unknown,This Tweet is from a suspended account
1291796202384576512,2020-08-07,5854,This Tweet is from a suspended account,This Tweet is from a suspended account,Unknown,This Tweet is from a suspended account
1291842042927042560,2020-08-07,4914,This Tweet is from a suspended account,This Tweet is from a suspended account,Unknown,This Tweet is from a suspended account
1291842042927042560,2020-08-07,4914,This Tweet is from a suspended account,This Tweet is from a suspended account,Unknown,This Tweet is from a suspended account
1291842246472601609,2020-08-07,1631,This Tweet is from a suspended account,This Tweet is from a suspended account,Unknown,Online
1291842280010190848,2020-08-07,210665,This Tweet is from a suspended account,This Tweet is from a suspended account,Unknown,This Tweet is from a suspended account
1291842280010190848,2020-08-07,210665,This Tweet is from a suspended account,This Tweet is from a suspended account,Unknown,This Tweet is from a suspended account
1291855268855324672,2020-08-07,17179,This Tweet is from a suspended account,This Tweet is from a suspended account,Unknown,This Tweet is from a suspended account
1291855268855324672,2020-08-07,17179,This Tweet is from a suspended account,This Tweet is from a suspended account,Unknown,This Tweet is from a suspended account
1291855295140909057,2020-08-07,16412,This Tweet is from a suspended account,This Tweet is from a suspended account,Unknown,This Tweet is from a suspended account
1291855295140909057,2020-08-07,16412,This Tweet is from a suspended account,This Tweet is from a suspended account,Unknown,This Tweet is from a suspended account
1291855359871680512,2020-08-07,119713,This Tweet is from a suspended account,This Tweet is from a suspended account,Unknown,This Tweet is from a suspended account
1291855359871680512,2020-08-07,119713,This Tweet is from a suspended account,This Tweet is from a suspended account,Unknown,This Tweet is from a suspended account
1291855427638984705,2020-08-07,360,This Tweet is from a suspended account,This Tweet is from a suspended account,Unknown,This Tweet is from a suspended account
1291855427638984705,2020-08-07,360,This Tweet is from a suspended account,This Tweet is from a suspended account,Unknown,This Tweet is from a suspended account
1291855427638984705,2020-08-07,360,This Tweet is from a suspended account,This Tweet is from a suspended account,Unknown,This Tweet is from a suspended account
1291855707994636288,2020-08-07,10896,This Tweet is from a suspended account,This Tweet is from a suspended account,Unknown,This Tweet is from a suspended account
1291855707994636288,2020-08-07,10896,This Tweet is from a suspended account,This Tweet is from a suspended account,Unknown,This Tweet is from a suspended account
1291855787539800065,2020-08-07,82877,This Tweet is from a suspended account,This Tweet is from a suspended account,Unknown,Online
1291871518910275585,2020-08-07,360281,This Tweet is from a suspended account,This Tweet is from a suspended account,Unknown,This Tweet is from a suspended account
1291871518910275585,2020-08-07,360281,This Tweet is from a suspended account,This Tweet is from a suspended account,Unknown,This Tweet is from a suspended account
1291871584790237184,2020-08-07,193815,This Tweet is from a suspended account,This Tweet is from a suspended account,Unknown,This Tweet is from a suspended account
1291871631313436673,2020-08-07,25667,This Tweet is from a suspended account,This Tweet is from a suspended account,Unknown,This Tweet is from a suspended account
1291871631313436673,2020-08-07,25667,This Tweet is from a suspended account,This Tweet is from a suspended account,Unknown,This Tweet is from a suspended account
1291871643351109633,2020-08-07,470,This Tweet is from a suspended account,This Tweet is from a suspended account,Unknown,This Tweet is from a suspended account
1291871643351109633,2020-08-07,470,This Tweet is from a suspended account,This Tweet is from a suspended account,Unknown,This Tweet is from a suspended account
1291871701291212802,2020-08-07,47944,This Tweet is from a suspended account,This Tweet is from a suspended account,Unknown,This Tweet is from a suspended account
1291871701291212802,2020-08-07,47944,This Tweet is from a suspended account,This Tweet is from a suspended account,Unknown,This Tweet is from a suspended account
1291871735055372293,2020-08-07,5817,This Tweet is from a suspended account,This Tweet is from a suspended account,Unknown,This Tweet is from a suspended account
1291871735055372293,2020-08-07,5817,This Tweet is from a suspended account,This Tweet is from a suspended account,Unknown,This Tweet is from a suspended account
1291927967535214592,2020-08-08,83,This Tweet is from a suspended account,This Tweet is from a suspended account,Unknown,This Tweet is from a suspended account
1291928120967278600,2020-08-08,30854,This Tweet is from a suspended account,This Tweet is from a suspended account,Unknown,This Tweet is from a suspended account
1291928120967278600,2020-08-08,30854,This Tweet is from a suspended account,This Tweet is from a suspended account,Unknown,This Tweet is from a suspended account
1291928386093191168,2020-08-08,87527,This Tweet is from a suspended account,This Tweet is from a suspended account,Unknown,This Tweet is from a suspended account
1291928571997491200,2020-08-08,18675,This Tweet is from a suspended account,This Tweet is from a suspended account,Unknown,This Tweet is from a suspended account
1291934750785957888,2020-08-08,3801,This Tweet is from a suspended account,This Tweet is from a suspended account,Unknown,This Tweet is from a suspended account
1292083845911572480,2020-08-08,154,This Tweet is from a suspended account,This Tweet is from a suspended account,Unknown,This Tweet is from a suspended account
1292372160812421120,2020-08-09,456,This Tweet is from a suspended account,This Tweet is from a suspended account,Unknown,This Tweet is from a suspended account
1304745308908388355,2020-09-12,1348,This Tweet is from a suspended account,This Tweet is from a suspended account,Unknown,This Tweet is from a suspended account
1305155575312011266,2020-09-13,186532,This Tweet is from a suspended account,This Tweet is from a suspended account,Unknown,Online
1305155771341180930,2020-09-13,23,This Tweet is from a suspended account,This Tweet is from a suspended account,Unknown,This Tweet is from a suspended account
1305155771341180930,2020-09-13,23,This Tweet is from a suspended account,This Tweet is from a suspended account,Unknown,This Tweet is from a suspended account
1305334537887641602,2020-09-14,11185,This Tweet is from a suspended account,This Tweet is from a suspended account,Unknown,This Tweet is from a suspended account
1305334537887641602,2020-09-14,11185,This Tweet is from a suspended account,This Tweet is from a suspended account,Unknown,This Tweet is from a suspended account
1305365636265046016,2020-09-14,161349,This Tweet is from a suspended account,This Tweet is from a suspended account,Unknown,This Tweet is from a suspended account
1305365640828592130,2020-09-14,241190,This Tweet is from a suspended account,This Tweet is from a suspended account,Unknown,Online
1305365640828592130,2020-09-14,241190,This Tweet is from a suspended account,This Tweet is from a suspended account,Unknown,Online
1305425477054664704,2020-09-14,27,This Tweet is from a suspended account,This Tweet is from a suspended account,Unknown,This Tweet is from a suspended account
1305440116421386246,2020-09-14,1,This Tweet is from a suspended account,This Tweet is from a suspended account,Unknown,This Tweet is from a suspended account
1305440584841269249,2020-09-14,5283,This Tweet is from a suspended account,This Tweet is from a suspended account,Unknown,This Tweet is from a suspended account
1305440584841269249,2020-09-14,5283,This Tweet is from a suspended account,This Tweet is from a suspended account,Unknown,This Tweet is from a suspended account
1305690515501916161,2020-09-15,5940,This Tweet is from a suspended account,This Tweet is from a suspended account,Unknown,You’re unable to view this Tweet because this account owner limits who can view their Tweets
1305697139314642950,2020-09-15,20972,This Tweet is from a suspended account,This Tweet is from a suspended account,Unknown,This Tweet is from a suspended account
1305697139314642950,2020-09-15,20972,This Tweet is from a suspended account,This Tweet is from a suspended account,Unknown,This Tweet is from a suspended account
1305697139314642950,2020-09-15,20972,This Tweet is from a suspended account,This Tweet is from a suspended account,Unknown,This Tweet is from a suspended account
1305697276745179136,2020-09-15,114204,This Tweet is from a suspended account,This Tweet is from a suspended account,Unknown,This Tweet is from a suspended account
1305697276745179136,2020-09-15,114204,This Tweet is from a suspended account,This Tweet is from a suspended account,Unknown,This Tweet is from a suspended account
1305697276745179136,2020-09-15,114204,This Tweet is from a suspended account,This Tweet is from a suspended account,Unknown,This Tweet is from a suspended account
1305860383064961024,2020-09-15,60828,This Tweet is from a suspended account,This Tweet is from a suspended account,Unknown,This Tweet is from a suspended account
1305873617616605184,2020-09-15,73,This Tweet is from a suspended account,This Tweet is from a suspended account,Unknown,Online
1306020801548750849,2020-09-16,3112,This Tweet is from a suspended account,This Tweet is from a suspended account,Unknown,This Tweet is from a suspended account
1306020801548750849,2020-09-16,3112,This Tweet is from a suspended account,This Tweet is from a suspended account,Unknown,This Tweet is from a suspended account
1306021290671775744,2020-09-16,6223,This Tweet is from a suspended account,This Tweet is from a suspended account,Unknown,This Tweet is from a suspended account
1306236328422658048,2020-09-16,5812,This Tweet is from a suspended account,This Tweet is from a suspended account,Unknown,This Tweet is from a suspended account
1307647360244252672,2020-09-20,5,This Tweet is from a suspended account,This Tweet is from a suspended account,Unknown,Online
1307647445724258304,2020-09-20,5,This Tweet is from a suspended account,This Tweet is from a suspended account,Unknown,Online
1307647920242528257,2020-09-20,5,This Tweet is from a suspended account,This Tweet is from a suspended account,Unknown,Online
1307648227739660288,2020-09-20,5,This Tweet is from a suspended account,This Tweet is from a suspended account,Unknown,Online
1307931495735070720,2020-09-21,1,This Tweet is from a suspended account,This Tweet is from a suspended account,Unknown,This Tweet is from a suspended account
1311267330580770822,2020-09-30,24831,This Tweet is from a suspended account,This Tweet is from a suspended account,Unknown,This Tweet is from a suspended account
1311983648611143683,2020-10-02,8,This Tweet is from a suspended account,This Tweet is from a suspended account,Unknown,Online
1311983814873427969,2020-10-02,205,This Tweet is from a suspended account,This Tweet is from a suspended account,Unknown,This Tweet is from a suspended account
1313265253543809025,2020-10-05,7597,This Tweet is from a suspended account,This Tweet is from a suspended account,Unknown,This Tweet is from a suspended account
1313265253543809025,2020-10-05,7597,This Tweet is from a suspended account,This Tweet is from a suspended account,Unknown,This Tweet is from a suspended account
1323661102056673281,2020-11-03,0,This Tweet is from a suspended account,This Tweet is from a suspended account,Unknown,This Tweet is from a suspended account
1323671923956568064,2020-11-03,0,This Tweet is from a suspended account,This Tweet is from a suspended account,Unknown,This Tweet is from a suspended account
1323970464121868290,2020-11-04,0,This Tweet is from a suspended account,This Tweet is from a suspended account,Unknown,This Tweet is from a suspended account
1324026690100776960,2020-11-04,0,This Tweet is from a suspended account,This Tweet is from a suspended account,Unknown,This Tweet is from a suspended account
1324031112927010817,2020-11-04,0,This Tweet is from a suspended account,This Tweet is from a suspended account,Unknown,This Tweet is from a suspended account
1324041142300676097,2020-11-04,0,This Tweet is from a suspended account,This Tweet is from a suspended account,Unknown,This Tweet is from an account that no longer exists
1324144975043592201,2020-11-05,0,This Tweet is from a suspended account,This Tweet is from a suspended account,Unknown,This Tweet is from a suspended account
1324146601825390592,2020-11-05,0,This Tweet is from a suspended account,This Tweet is from a suspended account,Unknown,This Tweet is from a suspended account
1324205464037502978,2020-11-05,0,This Tweet is from a suspended account,This Tweet is from a suspended account,Unknown,This Tweet is from a suspended account
1324249218610069504,2020-11-05,0,This Tweet is from a suspended account,This Tweet is from a suspended account,Unknown,This Tweet is from a suspended account
1324370180051505152,2020-11-05,0,This Tweet is from a suspended account,This Tweet is from a suspended account,Unknown,This Tweet is from a suspended account
1324374769945481223,2020-11-05,0,This Tweet is from a suspended account,This Tweet is from a suspended account,Unknown,This Tweet is from a suspended account
1324383708107796480,2020-11-05,0,This Tweet is from a suspended account,This Tweet is from a suspended account,Unknown,Online
1324386112744361986,2020-11-05,0,This Tweet is from a suspended account,This Tweet is from a suspended account,Unknown,This Tweet is from a suspended account
1324396455394619393,2020-11-05,0,This Tweet is from a suspended account,This Tweet is from a suspended account,Unknown,Online
1324401997714321408,2020-11-05,0,This Tweet is from a suspended account,This Tweet is from a suspended account,Unknown,This Tweet is from a suspended account
1324421075359436801,2020-11-05,0,This Tweet is from a suspended account,This Tweet is from a suspended account,Unknown,This Tweet is from a suspended account
1324423355487854592,2020-11-05,0,This Tweet is from a suspended account,This Tweet is from a suspended account,Unknown,This Tweet is from a suspended account
1324492594492170241,2020-11-05,0,This Tweet is from a suspended account,This Tweet is from a suspended account,Unknown,This Tweet is from a suspended account
1324527484436680705,2020-11-06,0,This Tweet is from a suspended account,This Tweet is from a suspended account,Unknown,This Tweet is from a suspended account
1324556757360734208,2020-11-06,0,This Tweet is from a suspended account,This Tweet is from a suspended account,Unknown,This Tweet is from a suspended account
1324568642223296512,2020-11-06,0,This Tweet is from a suspended account,This Tweet is from a suspended account,Unknown,This Tweet is from a suspended account
1324579762157850624,2020-11-06,0,This Tweet is from a suspended account,This Tweet is from a suspended account,Unknown,Online
1324748718319554561,2020-11-06,0,This Tweet is from a suspended account,This Tweet is from a suspended account,Unknown,This Tweet is from a suspended account
1324754079990558720,2020-11-06,0,This Tweet is from a suspended account,This Tweet is from a suspended account,Unknown,This Tweet is from a suspended account
1324757479759126528,2020-11-06,0,This Tweet is from a suspended account,This Tweet is from a suspended account,Unknown,This Tweet is from a suspended account
1324780144343445505,2020-11-06,0,This Tweet is from a suspended account,This Tweet is from a suspended account,Unknown,This Tweet is from a suspended account
1324782532261416960,2020-11-06,0,This Tweet is from a suspended account,This Tweet is from a suspended account,Unknown,This Tweet is from a suspended account
1324790840884015104,2020-11-06,0,This Tweet is from a suspended account,This Tweet is from a suspended account,Unknown,This Tweet is from a suspended account
1324814839273893895,2020-11-06,0,This Tweet is from a suspended account,This Tweet is from a suspended account,Unknown,This Tweet is from a suspended account
1324823259607564288,2020-11-06,0,This Tweet is from a suspended account,This Tweet is from a suspended account,Unknown,This Tweet is from a suspended account
1324844588431912961,2020-11-06,0,This Tweet is from a suspended account,This Tweet is from a suspended account,Unknown,This Tweet is from a suspended account
1324904144243625984,2020-11-07,0,This Tweet is from a suspended account,This Tweet is from a suspended account,Unknown,Online
1324914509346185216,2020-11-07,0,This Tweet is from a suspended account,This Tweet is from a suspended account,Unknown,This Tweet is from a suspended account
1324918701695537153,2020-11-07,0,This Tweet is from a suspended account,This Tweet is from a suspended account,Unknown,Online
1324941196272283649,2020-11-07,0,This Tweet is from a suspended account,This Tweet is from a suspended account,Unknown,This Tweet is from a suspended account
1325001413219540992,2020-11-07,0,This Tweet is from a suspended account,This Tweet is from a suspended account,Unknown,This Tweet is from a suspended account
1325007136670310401,2020-11-07,0,This Tweet is from a suspended account,This Tweet is from a suspended account,Unknown,This Tweet is from a suspended account
1325076632965668864,2020-11-07,0,This Tweet is from a suspended account,This Tweet is from a suspended account,Unknown,This Tweet is from a suspended account
1325100895269478406,2020-11-07,0,This Tweet is from a suspended account,This Tweet is from a suspended account,Unknown,This Tweet is from a suspended account
1325103210370097153,2020-11-07,0,This Tweet is from a suspended account,This Tweet is from a suspended account,Unknown,This Tweet is from a suspended account
1325106837188800513,2020-11-07,0,This Tweet is from a suspended account,This Tweet is from a suspended account,Unknown,Online
1325166501297487872,2020-11-07,0,This Tweet is from a suspended account,This Tweet is from a suspended account,Unknown,This Tweet is from a suspended account
1325184224031346688,2020-11-07,0,This Tweet is from a suspended account,This Tweet is from a suspended account,Unknown,This Tweet is from a suspended account
1325191250312507392,2020-11-07,0,This Tweet is from a suspended account,This Tweet is from a suspended account,Unknown,This Tweet is from a suspended account
1325194286514622464,2020-11-07,0,This Tweet is from a suspended account,This Tweet is from a suspended account,Unknown,This Tweet is from a suspended account
1325196829605023744,2020-11-07,0,This Tweet is from a suspended account,This Tweet is from a suspended account,Unknown,Online
1325201801801392129,2020-11-07,0,This Tweet is from a suspended account,This Tweet is from a suspended account,Unknown,This Tweet is from a suspended account
1325203195358928898,2020-11-07,0,This Tweet is from a suspended account,This Tweet is from a suspended account,Unknown,This Tweet is from a suspended account
1325205186701258752,2020-11-07,0,This Tweet is from a suspended account,This Tweet is from a suspended account,Unknown,This Tweet is from a suspended account
1325212840056160256,2020-11-07,0,This Tweet is from a suspended account,This Tweet is from a suspended account,Unknown,This Tweet is from a suspended account
1325234439887220736,2020-11-08,0,This Tweet is from a suspended account,This Tweet is from a suspended account,Unknown,This Tweet is from a suspended account
1325263756285390848,2020-11-08,0,This Tweet is from a suspended account,This Tweet is from a suspended account,Unknown,This Tweet is from a suspended account
1325375616003297280,2020-11-08,0,This Tweet is from a suspended account,This Tweet is from a suspended account,Unknown,This Tweet is from a suspended account
1325399221202247681,2020-11-08,0,This Tweet is from a suspended account,This Tweet is from a suspended account,Unknown,This Tweet is from a suspended account
1325412663418089472,2020-11-08,0,This Tweet is from a suspended account,This Tweet is from a suspended account,Unknown,This Tweet is from a suspended account
1325433736142467077,2020-11-08,0,This Tweet is from a suspended account,This Tweet is from a suspended account,Unknown,This Tweet is from a suspended account
1325468892576223235,2020-11-08,0,This Tweet is from a suspended account,This Tweet is from a suspended account,Unknown,This Tweet is from a suspended account
1325471099786768385,2020-11-08,0,This Tweet is from a suspended account,This Tweet is from a suspended account,Unknown,This Tweet is from a suspended account
1325474212878802945,2020-11-08,0,This Tweet is from a suspended account,This Tweet is from a suspended account,Unknown,This Tweet is from a suspended account
1325484258971017223,2020-11-08,0,This Tweet is from a suspended account,This Tweet is from a suspended account,Unknown,This Tweet is from a suspended account
1325484572486807553,2020-11-08,0,This Tweet is from a suspended account,This Tweet is from a suspended account,Unknown,This Tweet is from a suspended account
1325496425166249984,2020-11-08,0,This Tweet is from a suspended account,This Tweet is from a suspended account,Unknown,This Tweet is from a suspended account
1325498801029836800,2020-11-08,0,This Tweet is from a suspended account,This Tweet is from a suspended account,Unknown,This Tweet is from a suspended account
1325513503529029633,2020-11-08,0,This Tweet is from a suspended account,This Tweet is from a suspended account,Unknown,This Tweet is from a suspended account
1325527180382785536,2020-11-08,0,This Tweet is from a suspended account,This Tweet is from a suspended account,Unknown,This Tweet is from a suspended account
1325556381051662338,2020-11-08,0,This Tweet is from a suspended account,This Tweet is from a suspended account,Unknown,Online
1325578540012638208,2020-11-08,0,This Tweet is from a suspended account,This Tweet is from a suspended account,Unknown,This Tweet is from a suspended account
1325584321739022336,2020-11-08,0,This Tweet is from a suspended account,This Tweet is from a suspended account,Unknown,This Tweet is from a suspended account
1325691106055610369,2020-11-09,0,This Tweet is from a suspended account,This Tweet is from a suspended account,Unknown,This Tweet is from a suspended account
1325758529316204544,2020-11-09,0,This Tweet is from a suspended account,This Tweet is from a suspended account,Unknown,This Tweet is from a suspended account
1325770142832332801,2020-11-09,0,This Tweet is from a suspended account,This Tweet is from a suspended account,Unknown,This Tweet is from a suspended account
1325777973212028928,2020-11-09,0,This Tweet is from a suspended account,This Tweet is from a suspended account,Unknown,This Tweet is from a suspended account
1325797131626532866,2020-11-09,0,This Tweet is from a suspended account,This Tweet is from a suspended account,Unknown,This Tweet is from a suspended account
1325816936249356288,2020-11-09,0,This Tweet is from a suspended account,This Tweet is from a suspended account,Unknown,This Tweet is from a suspended account
1325857469311016960,2020-11-09,0,This Tweet is from a suspended account,This Tweet is from a suspended account,Unknown,This Tweet is from a suspended account
1325898478489378818,2020-11-09,0,This Tweet is from a suspended account,This Tweet is from a suspended account,Unknown,This Tweet is from a suspended account
1325957381117923329,2020-11-10,0,This Tweet is from a suspended account,This Tweet is from a suspended account,Unknown,Online
1325987883258359808,2020-11-10,0,This Tweet is from a suspended account,This Tweet is from a suspended account,Unknown,Online
1325990320920809472,2020-11-10,0,This Tweet is from a suspended account,This Tweet is from a suspended account,Unknown,This Tweet is from a suspended account
1326009438961086465,2020-11-10,0,This Tweet is from a suspended account,This Tweet is from a suspended account,Unknown,This Tweet is from a suspended account
1326127559315165184,2020-11-10,0,This Tweet is from a suspended account,This Tweet is from a suspended account,Unknown,This Tweet is from a suspended account
1326128297554685952,2020-11-10,0,This Tweet is from a suspended account,This Tweet is from a suspended account,Unknown,This Tweet is from a suspended account
1326181351595388934,2020-11-10,0,This Tweet is from a suspended account,This Tweet is from a suspended account,Unknown,This Tweet is from a suspended account
1326183062443470848,2020-11-10,0,This Tweet is from a suspended account,This Tweet is from a suspended account,Unknown,This Tweet is from a suspended account
1326193914714316801,2020-11-10,0,This Tweet is from a suspended account,This Tweet is from a suspended account,Unknown,This Tweet is from a suspended account
1326221412168847369,2020-11-10,0,This Tweet is from a suspended account,This Tweet is from a suspended account,Unknown,This Tweet is from a suspended account
1326349212137746432,2020-11-11,0,This Tweet is from a suspended account,This Tweet is from a suspended account,Unknown,This Tweet is from a suspended account
1326441359008436224,2020-11-11,0,This Tweet is from a suspended account,This Tweet is from a suspended account,Unknown,This Tweet is from a suspended account
1326446601280212994,2020-11-11,0,This Tweet is from a suspended account,This Tweet is from a suspended account,Unknown,This Tweet is from a suspended account
1326604428456177664,2020-11-11,0,This Tweet is from a suspended account,This Tweet is from a suspended account,Unknown,This Tweet is from a suspended account
1326664014634516481,2020-11-11,0,This Tweet is from a suspended account,This Tweet is from a suspended account,Unknown,This Tweet is from a suspended account
1326665099201875969,2020-11-11,0,This Tweet is from a suspended account,This Tweet is from a suspended account,Unknown,This Tweet is from a suspended account
1326715867598524416,2020-11-12,0,This Tweet is from a suspended account,This Tweet is from a suspended account,Unknown,This Tweet is from a suspended account
1326770034702766080,2020-11-12,0,This Tweet is from a suspended account,This Tweet is from a suspended account,Unknown,This Tweet is from a suspended account
1326866106179588101,2020-11-12,0,This Tweet is from a suspended account,This Tweet is from a suspended account,Unknown,This Tweet is from a suspended account
1326977484890451969,2020-11-12,0,This Tweet is from a suspended account,This Tweet is from a suspended account,Unknown,This Tweet is from a suspended account
1326989687295242243,2020-11-12,0,This Tweet is from a suspended account,This Tweet is from a suspended account,Unknown,This Tweet is from a suspended account
1327676807978606592,2020-11-14,0,This Tweet is from a suspended account,This Tweet is from a suspended account,Unknown,This Tweet is from a suspended account
1327704312101924865,2020-11-14,0,This Tweet is from a suspended account,This Tweet is from a suspended account,Unknown,This Tweet is from a suspended account
1327733046997467136,2020-11-14,0,This Tweet is from a suspended account,This Tweet is from a suspended account,Unknown,You’re unable to view this Tweet because this account owner limits who can view their Tweets
1327810775604490241,2020-11-15,0,This Tweet is from a suspended account,This Tweet is from a suspended account,Unknown,This Tweet is from a suspended account
1328099180112441345,2020-11-15,0,This Tweet is from a suspended account,This Tweet is from a suspended account,Unknown,This Tweet is from a suspended account
1328354410204946433,2020-11-16,0,This Tweet is from a suspended account,This Tweet is from a suspended account,Unknown,This Tweet is from a suspended account
1328385318098268163,2020-11-16,0,This Tweet is from a suspended account,This Tweet is from a suspended account,Unknown,This Tweet is from a suspended account
1328436687085645826,2020-11-16,0,This Tweet is from a suspended account,This Tweet is from a suspended account,Unknown,This Tweet is from a suspended account
1328832510642561024,2020-11-17,0,This Tweet is from a suspended account,This Tweet is from a suspended account,Unknown,This Tweet is from a suspended account
1328936354059849729,2020-11-18,0,This Tweet is from a suspended account,This Tweet is from a suspended account,Unknown,This Tweet is from a suspended account
1329049467144777728,2020-11-18,0,This Tweet is from a suspended account,This Tweet is from a suspended account,Unknown,This Tweet is from a suspended account
1329050325878181889,2020-11-18,0,This Tweet is from a suspended account,This Tweet is from a suspended account,Unknown,This Tweet is from a suspended account
1329142147145109509,2020-11-18,0,This Tweet is from a suspended account,This Tweet is from a suspended account,Unknown,This Tweet is from a suspended account
1329511134865592321,2020-11-19,0,This Tweet is from a suspended account,This Tweet is from a suspended account,Unknown,This Tweet is from a suspended account
1329604568557125633,2020-11-20,0,This Tweet is from a suspended account,This Tweet is from a suspended account,Unknown,This Tweet is from a suspended account
1329794278625783810,2020-11-20,0,This Tweet is from a suspended account,This Tweet is from a suspended account,Unknown,This Tweet is from a suspended account
1329883736209502208,2020-11-20,0,This Tweet is from a suspended account,This Tweet is from a suspended account,Unknown,This Tweet is from a suspended account
1329894085658775552,2020-11-20,0,This Tweet is from a suspended account,This Tweet is from a suspended account,Unknown,This Tweet is from a suspended account
1329939319637880834,2020-11-21,0,This Tweet is from a suspended account,This Tweet is from a suspended account,Unknown,This Tweet is from a suspended account
1330086441448247296,2020-11-21,0,This Tweet is from a suspended account,This Tweet is from a suspended account,Unknown,This Tweet is from a suspended account
1330273158897741824,2020-11-21,0,This Tweet is from a suspended account,This Tweet is from a suspended account,Unknown,This Tweet is from a suspended account
1330344023308050433,2020-11-22,0,This Tweet is from a suspended account,This Tweet is from a suspended account,Unknown,This Tweet is from a suspended account
1330422627840778241,2020-11-22,0,This Tweet is from a suspended account,This Tweet is from a suspended account,Unknown,This Tweet is from a suspended account
1330559256521822208,2020-11-22,0,This Tweet is from a suspended account,This Tweet is from a suspended account,Unknown,This Tweet is from a suspended account
1330633493127204864,2020-11-22,0,This Tweet is from a suspended account,This Tweet is from a suspended account,Unknown,This Tweet is from a suspended account
1330985839669624832,2020-11-23,0,This Tweet is from a suspended account,This Tweet is from a suspended account,Unknown,This Tweet is from a suspended account
1331143581697003520,2020-11-24,0,This Tweet is from a suspended account,This Tweet is from a suspended account,Unknown,This Tweet is from a suspended account
1331211254472593413,2020-11-24,0,This Tweet is from a suspended account,This Tweet is from a suspended account,Unknown,This Tweet is from a suspended account
1331247276258430976,2020-11-24,0,This Tweet is from a suspended account,This Tweet is from a suspended account,Unknown,Online
1331249891507654657,2020-11-24,0,This Tweet is from a suspended account,This Tweet is from a suspended account,Unknown,This Tweet is from a suspended account
1331317773994233859,2020-11-24,0,This Tweet is from a suspended account,This Tweet is from a suspended account,Unknown,This Tweet is from a suspended account
1331360474248736768,2020-11-24,0,This Tweet is from a suspended account,This Tweet is from a suspended account,Unknown,This Tweet is from a suspended account
1331738481438175233,2020-11-25,0,This Tweet is from a suspended account,This Tweet is from a suspended account,Unknown,This Tweet is from a suspended account
1331971240639291392,2020-11-26,0,This Tweet is from a suspended account,This Tweet is from a suspended account,Unknown,This Tweet is from a suspended account
1332126260324130817,2020-11-27,0,This Tweet is from a suspended account,This Tweet is from a suspended account,Unknown,Online
1332271655121526786,2020-11-27,0,This Tweet is from a suspended account,This Tweet is from a suspended account,Unknown,Online
1332472701399785478,2020-11-27,0,This Tweet is from a suspended account,This Tweet is from a suspended account,Unknown,This Tweet is from a suspended account
1333098220554252289,2020-11-29,0,This Tweet is from a suspended account,This Tweet is from a suspended account,Unknown,This Tweet is from a suspended account
1333127224342568971,2020-11-29,0,This Tweet is from a suspended account,This Tweet is from a suspended account,Unknown,This Tweet is from a suspended account
1333135412202618880,2020-11-29,0,This Tweet is from a suspended account,This Tweet is from a suspended account,Unknown,This Tweet is from a suspended account
1333135809852084224,2020-11-29,0,This Tweet is from a suspended account,This Tweet is from a suspended account,Unknown,This Tweet is from a suspended account
1333356008417136641,2020-11-30,0,This Tweet is from a suspended account,This Tweet is from a suspended account,Unknown,This Tweet is from a suspended account
1333467202553602048,2020-11-30,0,This Tweet is from a suspended account,This Tweet is from a suspended account,Unknown,This Tweet is from a suspended account
1333531349664329737,2020-11-30,0,This Tweet is from a suspended account,This Tweet is from a suspended account,Unknown,This Tweet is from a suspended account
1333534416191320064,2020-11-30,0,This Tweet is from a suspended account,This Tweet is from a suspended account,Unknown,This Tweet is from a suspended account
1333565260029157378,2020-12-01,0,This Tweet is from a suspended account,This Tweet is from a suspended account,Unknown,This Tweet is from a suspended account
1333578274769752065,2020-12-01,0,This Tweet is from a suspended account,This Tweet is from a suspended account,Unknown,This Tweet is from a suspended account
1333612354135756801,2020-12-01,0,This Tweet is from a suspended account,This Tweet is from a suspended account,Unknown,This Tweet is from a suspended account
1333614839529353216,2020-12-01,0,This Tweet is from a suspended account,This Tweet is from a suspended account,Unknown,This Tweet is from a suspended account
1333622596022263811,2020-12-01,0,This Tweet is from a suspended account,This Tweet is from a suspended account,Unknown,This Tweet is from a suspended account
1333755573360267264,2020-12-01,0,This Tweet is from a suspended account,This Tweet is from a suspended account,Unknown,This Tweet is from a suspended account
1333833431390646273,2020-12-01,0,This Tweet is from a suspended account,This Tweet is from a suspended account,Unknown,This Tweet is from a suspended account
1333850346918178819,2020-12-01,0,This Tweet is from a suspended account,This Tweet is from a suspended account,Unknown,This Tweet is from a suspended account
1333859143426469893,2020-12-01,0,This Tweet is from a suspended account,This Tweet is from a suspended account,Unknown,You’re unable to view this Tweet because this account owner limits who can view their Tweets
1333963094394068992,2020-12-02,0,This Tweet is from a suspended account,This Tweet is from a suspended account,Unknown,This Tweet is from a suspended account
1333967415890341889,2020-12-02,0,This Tweet is from a suspended account,This Tweet is from a suspended account,Unknown,This Tweet is from a suspended account
1334200865725554690,2020-12-02,0,This Tweet is from a suspended account,This Tweet is from a suspended account,Unknown,This Tweet is from a suspended account
1334232847163379712,2020-12-02,0,This Tweet is from a suspended account,This Tweet is from a suspended account,Unknown,This Tweet is from a suspended account
1334261173580046336,2020-12-02,0,This Tweet is from a suspended account,This Tweet is from a suspended account,Unknown,This Tweet is from a suspended account
1334474401568464896,2020-12-03,0,This Tweet is from a suspended account,This Tweet is from a suspended account,Unknown,This Tweet is from a suspended account
1334619171901071363,2020-12-03,0,This Tweet is from a suspended account,This Tweet is from a suspended account,Unknown,This Tweet is from a suspended account
1334882600826101760,2020-12-04,0,This Tweet is from a suspended account,This Tweet is from a suspended account,Unknown,This Tweet is from a suspended account
1335239225785151489,2020-12-05,0,This Tweet is from a suspended account,This Tweet is from a suspended account,Unknown,This Tweet is from a suspended account
1335289206051102720,2020-12-05,0,This Tweet is from a suspended account,This Tweet is from a suspended account,Unknown,This Tweet is from a suspended account
1335291431099969537,2020-12-05,0,This Tweet is from a suspended account,This Tweet is from a suspended account,Unknown,This Tweet is from a suspended account
1335405072323375106,2020-12-06,0,This Tweet is from a suspended account,This Tweet is from a suspended account,Unknown,This Tweet is from a suspended account
1335445396655628288,2020-12-06,0,This Tweet is from a suspended account,This Tweet is from a suspended account,Unknown,This Tweet is from a suspended account
1335457220146962432,2020-12-06,0,This Tweet is from a suspended account,This Tweet is from a suspended account,Unknown,This Tweet is from a suspended account
1335531319393218560,2020-12-06,0,This Tweet is from a suspended account,This Tweet is from a suspended account,Unknown,This Tweet is from a suspended account
1335624877370380288,2020-12-06,0,This Tweet is from a suspended account,This Tweet is from a suspended account,Unknown,This Tweet is from a suspended account
1335705257616289794,2020-12-06,0,This Tweet is from a suspended account,This Tweet is from a suspended account,Unknown,This Tweet is from a suspended account
1335819928528678914,2020-12-07,0,This Tweet is from a suspended account,This Tweet is from a suspended account,Unknown,This Tweet is from a suspended account
1336066054435479553,2020-12-07,0,This Tweet is from a suspended account,This Tweet is from a suspended account,Unknown,This Tweet is from a suspended account
1336116649787682818,2020-12-08,0,This Tweet is from a suspended account,This Tweet is from a suspended account,Unknown,This Tweet is from a suspended account
1336165485793173507,2020-12-08,0,This Tweet is from a suspended account,This Tweet is from a suspended account,Unknown,This Tweet is from a suspended account
1336246399940386822,2020-12-08,0,This Tweet is from a suspended account,This Tweet is from a suspended account,Unknown,This Tweet is from a suspended account
1336487236536315905,2020-12-09,0,This Tweet is from a suspended account,This Tweet is from a suspended account,Unknown,This Tweet is from a suspended account
1336864165705768960,2020-12-10,0,This Tweet is from a suspended account,This Tweet is from a suspended account,Unknown,This Tweet is from a suspended account
1337009190905159687,2020-12-10,0,This Tweet is from a suspended account,This Tweet is from a suspended account,Unknown,This Tweet is from a suspended account
1337236909119172608,2020-12-11,0,This Tweet is from a suspended account,This Tweet is from a suspended account,Unknown,This Tweet is from a suspended account
1337536362371719168,2020-12-11,0,This Tweet is from a suspended account,This Tweet is from a suspended account,Unknown,This Tweet is from a suspended account
1337812711959310340,2020-12-12,0,This Tweet is from a suspended account,This Tweet is from a suspended account,Unknown,This Tweet is from a suspended account
1337958919084322818,2020-12-13,0,This Tweet is from a suspended account,This Tweet is from a suspended account,Unknown,This Tweet is from a suspended account
1337996853602709505,2020-12-13,0,This Tweet is from a suspended account,This Tweet is from a suspended account,Unknown,You’re unable to view this Tweet because this account owner limits who can view their Tweets
1338013896188309576,2020-12-13,0,This Tweet is from a suspended account,This Tweet is from a suspended account,Unknown,This Tweet is from a suspended account
1339007065185005569,2020-12-16,0,This Tweet is from a suspended account,This Tweet is from a suspended account,Unknown,This Tweet is from a suspended account
1339359739323568128,2020-12-17,0,This Tweet is from a suspended account,This Tweet is from a suspended account,Unknown,This Tweet is from a suspended account
1339401898412171264,2020-12-17,0,This Tweet is from a suspended account,This Tweet is from a suspended account,Unknown,This Tweet is from a suspended account
1339919786227224576,2020-12-18,0,This Tweet is from a suspended account,This Tweet is from a suspended account,Unknown,This Tweet is from a suspended account
1340391502044868608,2020-12-19,0,This Tweet is from a suspended account,This Tweet is from a suspended account,Unknown,This Tweet is from a suspended account
1340816879712051200,2020-12-21,0,This Tweet is from a suspended account,This Tweet is from a suspended account,Unknown,This Tweet is from a suspended account
1341177297991135233,2020-12-22,0,This Tweet is from a suspended account,This Tweet is from a suspended account,Unknown,This Tweet is from a suspended account
1341248701470285824,2020-12-22,0,This Tweet is from a suspended account,This Tweet is from a suspended account,Unknown,This Tweet is from a suspended account
1341532045407903750,2020-12-22,0,This Tweet is from a suspended account,This Tweet is from a suspended account,Unknown,This Tweet is from a suspended account
1341958753814507520,2020-12-24,0,This Tweet is from a suspended account,This Tweet is from a suspended account,Unknown,This Tweet is from a suspended account
1342353498302787585,2020-12-25,0,This Tweet is from a suspended account,This Tweet is from a suspended account,Unknown,This Tweet is from a suspended account
1343051015457812480,2020-12-27,0,This Tweet is from a suspended account,This Tweet is from a suspended account,Unknown,This Tweet is from a suspended account
1343286837322915845,2020-12-27,0,This Tweet is from a suspended account,This Tweet is from a suspended account,Unknown,This Tweet is from a suspended account
1343299758694215683,2020-12-27,0,This Tweet is from a suspended account,This Tweet is from a suspended account,Unknown,This Tweet is from a suspended account
1344454897090048000,2020-12-31,0,This Tweet is from a suspended account,This Tweet is from a suspended account,Unknown,This Tweet is from a suspended account
1344489545132244993,2020-12-31,0,This Tweet is from a suspended account,This Tweet is from a suspended account,Unknown,This Tweet is from a suspended account
1344634524362301440,2020-12-31,0,This Tweet is from a suspended account,This Tweet is from a suspended account,Unknown,This Tweet is from a suspended account
1345852908575842304,2021-01-03,0,This Tweet is from a suspended account,This Tweet is from a suspended account,Unknown,This Tweet is from a suspended account
1345916099687313411,2021-01-04,0,This Tweet is from a suspended account,This Tweet is from a suspended account,Unknown,This Tweet is from a suspended account
1345930016476065795,2021-01-04,0,This Tweet is from a suspended account,This Tweet is from a suspended account,Unknown,This Tweet is from a suspended account
1346108973808836611,2021-01-04,0,This Tweet is from a suspended account,This Tweet is from a suspended account,Unknown,This Tweet is from a suspended account
1346144800521728004,2021-01-04,0,This Tweet is from a suspended account,This Tweet is from a suspended account,Unknown,This Tweet is from a suspended account
1346387090632822784,2021-01-05,0,This Tweet is from a suspended account,This Tweet is from a suspended account,Unknown,This Tweet is from a suspended account
1346659598313381889,2021-01-06,0,This Tweet is from a suspended account,This Tweet is from a suspended account,Unknown,This Tweet is from a suspended account
1346930635391315968,2021-01-06,0,This Tweet is from a suspended account,This Tweet is from a suspended account,Unknown,This Tweet is from a suspended account
1340996686257254403,2020-12-21,391184,"Thousands of dead people did not cast votes in Michigan or Pennsylvania, CNN and FactCheck.org report",Context,Unknown,Online
1340301220632813570,2020-12-19,0,"Trump formally launches Space Force, the newest US military service",Context,Unknown,Online
1334008343438962688,2020-12-02,0,"Video from Georgia does not show that 'suitcases' filled with ballots were secretly counted, election officials explain",Context,Unknown,This Tweet is from a suspended account
1334572492476837893,2020-12-03,0,"Video from Georgia does not show that 'suitcases' filled with ballots were secretly counted, election officials explain",Context,Unknown,This Tweet is from a suspended account
1334946434383286277,2020-12-04,0,"Video from Georgia does not show that 'suitcases' filled with ballots were secretly counted, election officials explain",Context,Unknown,Online
1335072957027246081,2020-12-05,0,"Video from Georgia does not show that 'suitcases' filled with ballots were secretly counted, election officials explain",Context,Unknown,This Tweet is from a suspended account
1335073467142586370,2020-12-05,0,"Video from Georgia does not show that 'suitcases' filled with ballots were secretly counted, election officials explain",Context,Unknown,This Tweet is from a suspended account
1335077151931035648,2020-12-05,0,"Video from Georgia does not show that 'suitcases' filled with ballots were secretly counted, election officials explain",Context,Unknown,This Tweet is from a suspended account
1335085023679090689,2020-12-05,0,"Video from Georgia does not show that 'suitcases' filled with ballots were secretly counted, election officials explain",Context,Unknown,This Tweet is from a suspended account
1335098220461117440,2020-12-05,0,"Video from Georgia does not show that 'suitcases' filled with ballots were secretly counted, election officials explain",Context,Unknown,This Tweet is from a suspended account
1335185308850270210,2020-12-05,0,"Video from Georgia does not show that 'suitcases' filled with ballots were secretly counted, election officials explain",Context,Unknown,This Tweet is from a suspended account
1335190667346268162,2020-12-05,0,"Video from Georgia does not show that 'suitcases' filled with ballots were secretly counted, election officials explain",Context,Unknown,This Tweet is from a suspended account
1335209787856986114,2020-12-05,0,"Video from Georgia does not show that 'suitcases' filled with ballots were secretly counted, election officials explain",Context,Unknown,This Tweet is from a suspended account
1335244007803392010,2020-12-05,0,"Video from Georgia does not show that 'suitcases' filled with ballots were secretly counted, election officials explain",Context,Unknown,This Tweet is from a suspended account
1335263601641226240,2020-12-05,0,"Video from Georgia does not show that 'suitcases' filled with ballots were secretly counted, election officials explain",Context,Unknown,This Tweet is from a suspended account
1335264709889540099,2020-12-05,0,"Video from Georgia does not show that 'suitcases' filled with ballots were secretly counted, election officials explain",Context,Unknown,This Tweet is from a suspended account
1335419819240394753,2020-12-06,0,"Video from Georgia does not show that 'suitcases' filled with ballots were secretly counted, election officials explain",Context,Unknown,This Tweet is from a suspended account
1342139307230781441,2020-12-24,0,"Video from Georgia does not show that 'suitcases' filled with ballots were secretly counted, election officials explain",Context,Unknown,Online
1309455713882828802,2020-09-25,76302,"Voting by mail is legal and safe, experts and data confirm",Context,Unknown,Online
1324638129299496960,2020-11-06,0,"Voting by mail is legal and safe, experts and data confirm",Context,Unknown,This Tweet is from a suspended account
1342869748854435841,2020-12-26,0,"Voting by mail is legal and safe, experts and data confirm",Context,Unknown,This Tweet is from a suspended account
1253748741519138818,2020-04-24,735,Wuhan was the fentanyl capital of the world. Then coronavirus hit - Los Angeles Times,Context,Unknown,This Tweet is from a suspended account
1253892996921036803,2020-04-25,28321,Wuhan was the fentanyl capital of the world. Then coronavirus hit - Los Angeles Times,Context,Unknown,Online
1212566127903162368,2020-01-02,0,Wuhan was the fentanyl capital of the world. Then coronavirus hit - Los Angeles Times,Context,Unknown,This Tweet is from a suspended account