ID,Date of capture,Type (contemporary name),Branch 0 (pre-section),Branch 1 (section),Branch 2 (title),Branch 3 (specifics 1),Branch 4 (specifics 2),Branch 5 (specifics 3),Technique 1,Technique 2,Technique 3,Technique 4,Technique 5
503,2007-03-01,Abusive behavior,Terms of Service,Terms of Service,Terms of Service,Basic Terms,You may not use the Twitter.com service for any illegal or unauthorized purpose. International users agree to comply with all local laws regarding online conduct and acceptable content.,,Termination of your Twitter.com account,,,,
504,2007-03-01,Platform manipulation and spam,Terms of Service,Terms of Service,Terms of Service,Basic Terms,"You must not modify, adapt or hack Twitter.com or modify another website so as to falsely imply that it is associated with Twitter.com .",,Termination of your Twitter.com account,,,,
506,2007-03-01,Platform manipulation and spam,Terms of Service,Terms of Service,Terms of Service,Basic Terms,You must not transmit any worms or viruses or any code of a destructive nature.,,Termination of your Twitter.com account,,,,
505,2007-03-01,Platform manipulation and spam,Terms of Service,Terms of Service,Terms of Service,Basic Terms,"You must not create or submit unwanted email to any Twitter members (""Spam"").",,Termination of your Twitter.com account,,,,
502,2007-12-12,Abusive behavior,Terms of Service,Terms of Service,Terms of Service,Basic Terms,"You must not abuse, harass, threaten, impersonate or intimidate other Twitter users",,Termination of your Twitter.com account,,,,
1,2010-05-29,Misleading and deceptive identities,Help Center,Report a violation,The Twitter Rules,Impersonation,"Impersonating others through the Twitter service in a manner that does or is intended to mislead, confuse, or deceive others",,Investigate for abuse,Suspension,Permanent suspension,,
267,2010-05-29,Misleading and deceptive identities,Help Center,Report a violation,The Twitter Rules,Impersonation,"Impersonating others through the Twitter service in a manner that does or is intended to mislead, confuse, or deceive others",,Investigate for abuse,Suspension,Permanent suspension,,
7,2010-05-29,Platform manipulation and spam,Help Center,Report a violation,The Twitter Rules,Spam and abuse,Invitation spam,"Using Twitter.com's address book contact import to send repeat, mass invitations",Investigate for abuse,Suspension,,,
9,2010-05-29,Platform manipulation and spam,Help Center,Report a violation,The Twitter Rules,Spam and abuse,Malware/phishing,Publishing or linking to malicious content intended to damage or disrupt another user's browser or computer or to compromise a user's privacy,Investigate for abuse,Suspension,,,
10,2010-05-29,Platform manipulation and spam,Help Center,Report a violation,The Twitter Rules,Spam and abuse,Spam,Following a large amount of users in a short amount of time,Investigate for abuse,Suspension,,,
11,2010-05-29,Platform manipulation and spam,Help Center,Report a violation,The Twitter Rules,Spam and abuse,Spam,"Following and unfollowing people in a short time period, particularly by automated means",Investigate for abuse,Suspension,,,
12,2010-05-29,Platform manipulation and spam,Help Center,Report a violation,The Twitter Rules,Spam and abuse,Spam,"Repeatedly following and unfollowing people, whether to build followers or to garner more attention for your profile",Investigate for abuse,Suspension,,,
13,2010-05-29,Platform manipulation and spam,Help Center,Report a violation,The Twitter Rules,Spam and abuse,Spam,Having a small number of followers compared to the amount of people you are following,Investigate for abuse,Suspension,,,
14,2010-05-29,Platform manipulation and spam,Help Center,Report a violation,The Twitter Rules,Spam and abuse,Spam,"If your updates consist mainly of links, and not personal updates",Investigate for abuse,Suspension,,,
15,2010-05-29,Platform manipulation and spam,Help Center,Report a violation,The Twitter Rules,Spam and abuse,Spam,Posting misleading links,Investigate for abuse,Suspension,,,
16,2010-05-29,Platform manipulation and spam,Help Center,Report a violation,The Twitter Rules,Spam and abuse,Spam,Being blocked by a large number of people,Investigate for abuse,Suspension,,,
17,2010-05-29,Platform manipulation and spam,Help Center,Report a violation,The Twitter Rules,Spam and abuse,Spam,Having a large number of spam complains filed against you,Investigate for abuse,Suspension,,,
18,2010-05-29,Platform manipulation and spam,Help Center,Report a violation,The Twitter Rules,Spam and abuse,Spam,Posting duplicate content over multiple accounts or multiple duplicate updates on one account,Investigate for abuse,Suspension,,,
19,2010-05-29,Platform manipulation and spam,Help Center,Report a violation,The Twitter Rules,Spam and abuse,Spam,Posting multiple unlrelated updates to a topic using #,Investigate for abuse,Suspension,,,
20,2010-05-29,Platform manipulation and spam,Help Center,Report a violation,The Twitter Rules,Spam and abuse,Spam,Posting multiple unrelated updates to a trending or popular topic,Investigate for abuse,Suspension,,,
21,2010-05-29,Platform manipulation and spam,Help Center,Report a violation,The Twitter Rules,Spam and abuse,Spam,Sending a large number of duplicate @replies or mentions,Investigate for abuse,Suspension,,,
22,2010-05-29,Platform manipulation and spam,Help Center,Report a violation,The Twitter Rules,Spam and abuse,Spam,Sending a large number of unsolicited @replies or mentions in an attempt to spam a service or link,Investigate for abuse,Suspension,,,
23,2010-05-29,Platform manipulation and spam,Help Center,Report a violation,The Twitter Rules,Spam and abuse,Spam,Repeatedly posting other users' Tweets as your own,Investigate for abuse,Suspension,,,
24,2010-05-29,Platform manipulation and spam,Help Center,Report a violation,The Twitter Rules,Spam and abuse,Spam,"Attempting to ""sell"" followers, particularly through tactics considered aggressive following or follower churn",Investigate for abuse,Suspension,,,
25,2010-05-29,Platform manipulation and spam,Help Center,Report a violation,The Twitter Rules,Spam and abuse,Spam,Using or promoting third-party sites that claim to get you more followers,Investigate for abuse,Suspension,,,
26,2010-05-29,Sensitive media,Help Center,Report a violation,The Twitter Rules,Pornography,Obscene or pornographic images,,Investigate for abuse,Suspension,,,
3,2010-05-29,Username squatting,Help Center,Report a violation,The Twitter Rules,Spam and abuse,Serial accounts,"Creating serial accounts for disruptive or abusive purposes, or with overlapping use cases",Investigate for abuse,Suspension,,,
4,2010-05-29,Username squatting,Help Center,Report a violation,The Twitter Rules,Spam and abuse,Name squatting,Creating accounts for the purpose of preventing others from using those account names,Investigate for abuse,Suspension,,,
5,2010-05-29,Username squatting,Help Center,Report a violation,The Twitter Rules,Spam and abuse,Name squatting,Creating accounts for the purpose of selling those accounts,Investigate for abuse,Suspension,,,
6,2010-05-29,Username squatting,Help Center,Report a violation,The Twitter Rules,Spam and abuse,Name squatting,Using feeds of third-party content to update and maintain accounts under the names of those third parties,Investigate for abuse,Suspension,,,
8,2010-05-29,Username squatting,Help Center,Report a violation,The Twitter Rules,Spam and abuse,Selling user names,"Reproducing, duplicating, copying, selling, trading or reselling the Services for any purpose",Investigate for abuse,Suspension,,,
2,2010-05-29,Violent threats,Help Center,Report a violation,The Twitter Rules,Violence and threats,"Publishing or posting direct, specific threats of violence against others",,Investigate for abuse,Suspension,Permanent suspension,,
310,2010-06-01,Violent threats,Help Center,Report a violation,Harassment and violent threats policy,Threats with physicality,,,Call authorities,Report,,,
311,2010-06-01,Violent threats,Help Center,Report a violation,Harassment and violent threats policy,Threats with violence,,,Call authorities,Report,,,
309,2010-06-01,Violent threats,Help Center,Report a violation,Harassment and violent threats policy,Threats with specificity,,,Report,Call authorities,,,
27,2010-07-23,Platform manipulation and spam,Help Center,Report a violation,The Twitter Rules,Spam and abuse,Spam,Creating false or misleading Points of Interest,Investigate for abuse,Suspension,,,
28,2010-07-23,Platform manipulation and spam,Help Center,Report a violation,The Twitter Rules,Spam and abuse,Spam,Creating Points of Interest to namesquat or spam,Investigate for abuse,Suspension,,,
29,2011-02-11,Platform manipulation and spam,Help Center,Guidelines and best practices,The Twitter Rules,Spam and abuse,Spam,Sending a large number of duplicate @replies or mentions,Investigate for abuse,Suspension,,,
30,2011-02-11,Platform manipulation and spam,Help Center,Guidelines and best practices,The Twitter Rules,Spam and abuse,Spam,Sending a large number of unsolicited @replies or mentions in an attempt to spam a service or link,Investigate for abuse,Suspension,,,
31,2013-09-13,Abusive behavior,Help Center,Policies & violations,The Twitter Rules,Abuse and spam,Targeted abuse,Having the sole purpose of your account be to send abusive messages to others,Investigate for abuse,Suspension,,,
32,2013-09-13,Abusive behavior,Help Center,Policies & violations,The Twitter Rules,Abuse and spam,Targeted abuse,Behaving in a one-sided manner or including threats,Investigate for abuse,Suspension,,,
53,2014-09-06,Abusive behavior,Help Center,Policies & violations,The Twitter Rules,Abuse and spam,Targeted abuse,Sending messages to a user from multiple accounts,Investigate for abuse,Suspension,,,
33,2014-09-06,Platform manipulation and spam,Help Center,Policies & violations,The Twitter Rules,Abuse and spam,Spam,Following a large amount of users in a short amount of time,Investigate for abuse,Suspension,,,
34,2014-09-06,Platform manipulation and spam,Help Center,Policies & violations,The Twitter Rules,Abuse and spam,Spam,"Following and unfollowing people in a short time period, particularly by automated means",Investigate for abuse,Suspension,,,
35,2014-09-06,Platform manipulation and spam,Help Center,Policies & violations,The Twitter Rules,Abuse and spam,Spam,"Repeatedly following and unfollowing people, whether to build followers or to garner more attention for your profile",Investigate for abuse,Suspension,,,
36,2014-09-06,Platform manipulation and spam,Help Center,Policies & violations,The Twitter Rules,Abuse and spam,Spam,Having a small number of followers compared to the amount of people you are following,Investigate for abuse,Suspension,,,
37,2014-09-06,Platform manipulation and spam,Help Center,Policies & violations,The Twitter Rules,Abuse and spam,Spam,"If your updates consist mainly of links, and not personal updates",Investigate for abuse,Suspension,,,
38,2014-09-06,Platform manipulation and spam,Help Center,Policies & violations,The Twitter Rules,Abuse and spam,Spam,Posting misleading links,Investigate for abuse,Suspension,,,
39,2014-09-06,Platform manipulation and spam,Help Center,Policies & violations,The Twitter Rules,Abuse and spam,Spam,Being blocked by a large number of people,Investigate for abuse,Suspension,,,
40,2014-09-06,Platform manipulation and spam,Help Center,Policies & violations,The Twitter Rules,Abuse and spam,Spam,Having a large number of spam complains filed against you,Investigate for abuse,Suspension,,,
41,2014-09-06,Platform manipulation and spam,Help Center,Policies & violations,The Twitter Rules,Abuse and spam,Spam,Posting duplicate content over multiple accounts or multiple duplicate updates on one account,Investigate for abuse,Suspension,,,
42,2014-09-06,Platform manipulation and spam,Help Center,Policies & violations,The Twitter Rules,Abuse and spam,Spam,"Posting multiple unlrelated updates to a topic using #, trending or popular topic, or promoted trend",Investigate for abuse,Suspension,,,
43,2014-09-06,Platform manipulation and spam,Help Center,Policies & violations,The Twitter Rules,Abuse and spam,Spam,Sending a large number of duplicate @replies or mentions,Investigate for abuse,Suspension,,,
44,2014-09-06,Platform manipulation and spam,Help Center,Policies & violations,The Twitter Rules,Abuse and spam,Spam,Sending a large number of unsolicited @replies or mentions,Investigate for abuse,Suspension,,,
45,2014-09-06,Platform manipulation and spam,Help Center,Policies & violations,The Twitter Rules,Abuse and spam,Spam,Adding a large number of unrelated users to lists,Investigate for abuse,Suspension,,,
46,2014-09-06,Platform manipulation and spam,Help Center,Policies & violations,The Twitter Rules,Abuse and spam,Spam,Repeatedly creating false or misleding content,Investigate for abuse,Suspension,,,
47,2014-09-06,Platform manipulation and spam,Help Center,Policies & violations,The Twitter Rules,Abuse and spam,Spam,"Randomly or aggressively, favoriting or Retweeting Tweets",Investigate for abuse,Suspension,,,
48,2014-09-06,Platform manipulation and spam,Help Center,Policies & violations,The Twitter Rules,Abuse and spam,Spam,Repeatedly posting other users' account information as your own,Investigate for abuse,Suspension,,,
49,2014-09-06,Platform manipulation and spam,Help Center,Policies & violations,The Twitter Rules,Abuse and spam,Spam,Posting misleading links,Investigate for abuse,Suspension,,,
50,2014-09-06,Platform manipulation and spam,Help Center,Policies & violations,The Twitter Rules,Abuse and spam,Spam,Creating misleading accounts or account interactions,Investigate for abuse,Suspension,,,
51,2014-09-06,Platform manipulation and spam,Help Center,Policies & violations,The Twitter Rules,Abuse and spam,Spam,Selling or purchasing account interactions,Investigate for abuse,Suspension,,,
52,2014-09-06,Platform manipulation and spam,Help Center,Policies & violations,The Twitter Rules,Abuse and spam,Spam,Using or promoting third-party services or apps that claim to get you more followers,Investigate for abuse,Suspension,,,
54,2016-01-30,Abusive behavior,Help Center,Policies and reporting,The Twitter Rules,Abusive behavior,"Behavior that harasses, intimidates, or uses fear to silence another user's voice",,Report,Lock temporarily,Permanent suspension,,
56,2016-01-30,Abusive behavior,Help Center,Policies and reporting,The Twitter Rules,Abusive behavior,Harassment,Inciting or engaging in the targeted abuse or harassment of others,Report,Lock temporarily,Permanent suspension,,
57,2016-01-30,Abusive behavior,Help Center,Policies and reporting,The Twitter Rules,Abusive behavior,Harassment,Behaving in a one-sided manner or including threats,Report,Lock temporarily,Permanent suspension,,
58,2016-01-30,Abusive behavior,Help Center,Policies and reporting,The Twitter Rules,Abusive behavior,Harassment,Inciting others to harass another account,Report,Lock temporarily,Permanent suspension,,
59,2016-01-30,Abusive behavior,Help Center,Policies and reporting,The Twitter Rules,Abusive behavior,Harassment,Sending harassing messages to an account from multiple accounts,Report,Lock temporarily,Permanent suspension,,
60,2016-01-30,Hateful conduct,Help Center,Policies and reporting,The Twitter Rules,Abusive behavior,Hateful conduct,"Promoting violence against or directly attack or threaten other people on the basis of race, ethnicity, national origin, sexual orientation, gender, gender identity, religious affiliation, age, disability, or disease",Report,Lock temporarily,Permanent suspension,,
64,2016-01-30,Self-harm,Help Center,Policies and reporting,The Twitter Rules,Abusive behavior,Self-harm,,Reach out,,,,
61,2016-01-30,Misleading and deceptive identities,Help Center,Policies and reporting,The Twitter Rules,Abusive behavior,Multiple account abuse,Creating multiple accounts with overlapping users or in order to evade the temporary or permanent suspension of a separate account,Report,Lock temporarily,Permanent suspension,,
63,2016-01-30,Misleading and deceptive identities,Help Center,Policies and reporting,The Twitter Rules,Abusive behavior,Impersonation,"Impersonating others through the Twitter service in a manner that is intended to or does mislead, confuse, or deceive others",Report,Lock temporarily,Permanent suspension,,
62,2016-01-30,Private information,Help Center,Policies and reporting,The Twitter Rules,Abusive behavior,Private information,Publishing or posting other people's private and confidential information,Report,Lock temporarily,Permanent suspension,,
55,2016-01-30,Violent threats,Help Center,Policies and reporting,The Twitter Rules,Abusive behavior,Violent threats,"Making threats of violence or promoting violence, including threatening or promoting terrorism",Report,Lock temporarily,Permanent suspension,,
65,2016-06-17,Sensitive media,Help Center,Policies and reporting,The Twitter Rules,Graphic content,Pornographic or excessively violent media,,Tweet removal,,,,
73,2017-12-04,Child sexual exploitation,Help Center,Policies and reporting,The Twitter Rules,Child sexual exploitation,,,Zero tolerance,,,,
72,2017-12-04,Glorifying self-harm,Help Center,Policies and reporting,The Twitter Rules,Suicide or self-harm,Promoting or encouraging suicide or self-harm,,Reach out,,,,
78,2017-12-04,Hateful conduct,Help Center,Policies and reporting,The Twitter Rules,Hateful imagery and display names,Using hateful images or symbols in your profile image or profile header,,Ask to remove content,Lock account,Verification,Permanent suspension,
79,2017-12-04,Hateful conduct,Help Center,Policies and reporting,The Twitter Rules,Hateful imagery and display names,"Using your username, display name, or profile bio to engage in abusive behavior, such as targeted harassment or expressing hate towards a person, group, or protected category",,Ask to remove content,Lock account,Verification,Permanent suspension,
76,2017-12-04,Intimate media,Help Center,Policies and reporting,The Twitter Rules,Unwanted sexual advances,"Directing abuse at someone by sending unwanted sexual content, objectifying them in a sexually explicit manner, or otherwise engaging in sexual misconduct",,Ask to remove content,Lock account,Verification,Permanent suspension,
80,2017-12-04,Misleading and deceptive identities,Help Center,Policies and reporting,The Twitter Rules,Impersonation,"Impersonating individuals, groups, or organizations in a manner that is intended to or does mislead, confuse, or deceive others",,Ask to remove content,Lock account,Verification,Permanent suspension,
81,2017-12-04,Misleading and deceptive identities,Help Center,Policies and reporting,The Twitter Rules,Impersonation,Engaging in spamming or abusive behavior,,Ask to remove content,Lock account,Verification,Permanent suspension,
82,2017-12-04,Platform manipulation and spam,Help Center,Policies and reporting,The Twitter Rules,Spam and security,"Accessing, tampering with, or use non-public areas of Twitter, Twitter's computer systems, or the technical delivery systems of Twitter's providers",,Account locked,Permanent suspension,,,
84,2017-12-04,Platform manipulation and spam,Help Center,Policies and reporting,The Twitter Rules,Spam and security,"Probing, scanning, or testing the vulnerability of any system or network, or breaching or circumventing any security or authentication measures",,Account locked,Permanent suspension,,,
85,2017-12-04,Platform manipulation and spam,Help Center,Policies and reporting,The Twitter Rules,Spam and security,"Accessing or searching, or attempting to access or search, Twitter by any means other than through our currently available, published interfaces that are provided by Twitter",,Account locked,Permanent suspension,,,
86,2017-12-04,Platform manipulation and spam,Help Center,Policies and reporting,The Twitter Rules,Spam and security,"Forging any TCP/IP packet header or any part of the header information in any email or posting, or in any way using Twitter to send altered, deceptive, or false source-identifying information",,Account locked,Permanent suspension,,,
87,2017-12-04,Platform manipulation and spam,Help Center,Policies and reporting,The Twitter Rules,Spam and security,"Interfering with or disrupting the access of any user, host or ntweork, including, without limitation, sending a virus, overloading, flooding, spamming, mail-bombing Twitter's services, or by scripting the creating of content in such a manner as to interfere with or create an undue burden on Twitter",,Account locked,Permanent suspension,,,
88,2017-12-04,Platform manipulation and spam,Help Center,Policies and reporting,The Twitter Rules,Malware/Phishing,Pushing or linking to malicious content intended to damage or disrupt another person's browser or computer or to compromise a person's privacy,,Account locked,Permanent suspension,,,
89,2017-12-04,Platform manipulation and spam,Help Center,Policies and reporting,The Twitter Rules,Spam,Creating false or misleading Points of Interest,Investigation for abuse,Suspension,,,,
90,2017-12-04,Platform manipulation and spam,Help Center,Policies and reporting,The Twitter Rules,Spam,Creating Points of Interest to namesquat or spam,Investigation for abuse,Suspension,,,,
91,2017-12-04,Platform manipulation and spam,Help Center,Policies and reporting,The Twitter Rules,Spam,Sending a large number of duplicate @replies or mentions,Investigation for abuse,Suspension,,,,
92,2017-12-04,Platform manipulation and spam,Help Center,Policies and reporting,The Twitter Rules,Spam,Sending a large number of unsolicited @replies or mentions in an attempt to spam a service or link,Investigation for abuse,Suspension,,,,
93,2017-12-04,Platform manipulation and spam,Help Center,Policies and reporting,The Twitter Rules,Spam,Following a large amount of users in a short amount of time,Investigation for abuse,Suspension,,,,
94,2017-12-04,Platform manipulation and spam,Help Center,Policies and reporting,The Twitter Rules,Spam,"Following and unfollowing people in a short time period, particularly by automated means",Investigation for abuse,Suspension,,,,
95,2017-12-04,Platform manipulation and spam,Help Center,Policies and reporting,The Twitter Rules,Spam,"Repeatedly following and unfollowing people, whether to build followers or to garner more attention for your profile",Investigation for abuse,Suspension,,,,
96,2017-12-04,Platform manipulation and spam,Help Center,Policies and reporting,The Twitter Rules,Spam,Having a small number of followers compared to the amount of people you are following,Investigation for abuse,Suspension,,,,
97,2017-12-04,Platform manipulation and spam,Help Center,Policies and reporting,The Twitter Rules,Spam,"If your updates consist mainly of links, and not personal updates",Investigation for abuse,Suspension,,,,
98,2017-12-04,Platform manipulation and spam,Help Center,Policies and reporting,The Twitter Rules,Spam,Posting misleading links,Investigation for abuse,Suspension,,,,
99,2017-12-04,Platform manipulation and spam,Help Center,Policies and reporting,The Twitter Rules,Spam,Being blocked by a large number of people,Investigation for abuse,Suspension,,,,
100,2017-12-04,Platform manipulation and spam,Help Center,Policies and reporting,The Twitter Rules,Spam,Having a large number of spam complains filed against you,Investigation for abuse,Suspension,,,,
101,2017-12-04,Platform manipulation and spam,Help Center,Policies and reporting,The Twitter Rules,Spam,Posting duplicate content over multiple accounts or multiple duplicate updates on one account,Investigation for abuse,Suspension,,,,
102,2017-12-04,Platform manipulation and spam,Help Center,Policies and reporting,The Twitter Rules,Spam,"Posting multiple unlrelated updates to a topic using #, trending or popular topic, or promoted trend",Investigation for abuse,Suspension,,,,
103,2017-12-04,Platform manipulation and spam,Help Center,Policies and reporting,The Twitter Rules,Spam,Sending a large number of duplicate @replies or mentions,Investigation for abuse,Suspension,,,,
104,2017-12-04,Platform manipulation and spam,Help Center,Policies and reporting,The Twitter Rules,Spam,Sending a large number of unsolicited @replies or mentions,Investigation for abuse,Suspension,,,,
105,2017-12-04,Platform manipulation and spam,Help Center,Policies and reporting,The Twitter Rules,Spam,Adding a large number of unrelated users to lists,Investigation for abuse,Suspension,,,,
106,2017-12-04,Platform manipulation and spam,Help Center,Policies and reporting,The Twitter Rules,Spam,Repeatedly creating false or misleding content,Investigation for abuse,Suspension,,,,
107,2017-12-04,Platform manipulation and spam,Help Center,Policies and reporting,The Twitter Rules,Spam,"Randomly or aggressively, favoriting or Retweeting Tweets",Investigation for abuse,Suspension,,,,
108,2017-12-04,Platform manipulation and spam,Help Center,Policies and reporting,The Twitter Rules,Spam,Repeatedly posting other users' account information as your own,Investigation for abuse,Suspension,,,,
109,2017-12-04,Platform manipulation and spam,Help Center,Policies and reporting,The Twitter Rules,Spam,Posting misleading links,Investigation for abuse,Suspension,,,,
110,2017-12-04,Platform manipulation and spam,Help Center,Policies and reporting,The Twitter Rules,Spam,Creating misleading accounts or account interactions,Investigation for abuse,Suspension,,,,
111,2017-12-04,Platform manipulation and spam,Help Center,Policies and reporting,The Twitter Rules,Spam,Selling or purchasing account interactions,Investigation for abuse,Suspension,,,,
112,2017-12-04,Platform manipulation and spam,Help Center,Policies and reporting,The Twitter Rules,Spam,Using or promoting third-party services or apps that claim to get you more followers,Investigation for abuse,Suspension,,,,
66,2017-12-04,Sensitive media,Help Center,Policies and reporting,The Twitter Rules,Graphic violence and adult content,"Gory media related to death, serious injury, violence, or surgical procedures",,Tweet removal,,,,
67,2017-12-04,Sensitive media,Help Center,Policies and reporting,The Twitter Rules,Graphic violence and adult content,Any media that is pronographic and/or may be intended to cause sexual arousal,,Tweet removal,,,,
68,2017-12-04,Violent groups,Help Center,Policies and reporting,The Twitter Rules,Violence,Making specific threats of violence,,Tweet removal,,,,
69,2017-12-04,Violent groups,Help Center,Policies and reporting,The Twitter Rules,Violence,"Wishing for the serious physical harm, death, or disease of an individual or group of people",,Tweet removal,,,,
70,2017-12-04,Violent groups,Help Center,Policies and reporting,The Twitter Rules,Violence,Threatening or promoting terrorism,,Tweet removal,,,,
71,2017-12-04,Violent groups,Help Center,Policies and reporting,The Twitter Rules,Violence,Affiliating oneself with organizations that use or promote violence against civilians to further their causes,,Tweet removal,,,,
74,2017-12-07,Abusive behavior,Help Center,Policies and reporting,The Twitter Rules,Abuse,"Engaging in targeted harassment of someone, or inciting other people to do so",,Reduce visibility,,,,
75,2017-12-07,Abusive behavior,Help Center,Policies and reporting,The Twitter Rules,Abuse,"Attempting to harass, intimidate, or silence someone else's voice",,Reduce visibility,,,,
113,2017-12-18,Hateful conduct,Help Center,Twitter Rules & Policies,Hateful conduct policy,"Content that promote violence against or directly attack or threaten other people on the basis of race, ethnicity, national origin, sexual orientation, identity, religious affiliation, age, disability, or disease",violent threats,,Report,Tweet removal,Suspension,,
114,2017-12-18,Hateful conduct,Help Center,Twitter Rules & Policies,Hateful conduct policy,"Content that promote violence against or directly attack or threaten other people on the basis of race, ethnicity, national origin, sexual orientation, identity, religious affiliation, age, disability, or disease","whishes for the physical harm, death, or disease of individuals or groups",,Report,Tweet removal,Suspension,,
115,2017-12-18,Hateful conduct,Help Center,Twitter Rules & Policies,Hateful conduct policy,"Content that promote violence against or directly attack or threaten other people on the basis of race, ethnicity, national origin, sexual orientation, identity, religious affiliation, age, disability, or disease","references to mass murder, violent events, or specific means of violence in which/with which such groups have been the primary tragets or victims",,Report,Tweet removal,Suspension,,
116,2017-12-18,Hateful conduct,Help Center,Twitter Rules & Policies,Hateful conduct policy,"Content that promote violence against or directly attack or threaten other people on the basis of race, ethnicity, national origin, sexual orientation, identity, religious affiliation, age, disability, or disease",behavior that incites fear about a protected group,,Report,Tweet removal,Suspension,,
117,2017-12-18,Hateful conduct,Help Center,Twitter Rules & Policies,Hateful conduct policy,"Content that promote violence against or directly attack or threaten other people on the basis of race, ethnicity, national origin, sexual orientation, identity, religious affiliation, age, disability, or disease","repeated and/or or non-consesnuals slurs, epithets, racist and sexist tropes, or other content that degrades someone",,Report,Tweet removal,Suspension,,
118,2017-12-18,Hateful conduct,Help Center,Twitter Rules & Policies,Hateful conduct policy,Accounts whose primary purpose is inciting harm towards others on the basis of these categories,,,Report,Tweet removal,Suspension,,
77,2017-12-18,Hateful conduct,Help Center,Policies and reporting,The Twitter Rules,Hateful conduct,"Promoting violence against, threaten, or harassing other people on the basis of race, ethnicity, national origin, sexual orientation, gender, gender identity, religious affiliation, age, disability, or serious diseases",,Ask to remove Tweet,Suspension,,,
403,2017-12-20,Violent groups,Help Center,Twitter Rules & Policies,Twitter media policy,Violent extremist groups,"Identified groups subscribing to the use of violence as a means to advance their cause, whether political, religious, or social",,Permanent suspension,,,,
404,2017-12-20,Violent groups,Help Center,Twitter Rules & Policies,Twitter media policy,Violent extremist groups,Groups affiliated to violent extremist groups,Stating or suggesting that an account represents or is part of a violent extremist group,Permanent suspension,,,,
405,2017-12-20,Violent groups,Help Center,Twitter Rules & Policies,Twitter media policy,Violent extremist groups,Groups affiliated to violent extremist groups,Providing or distributing services in furtherance of progressing a violent extremist group's stated goals,Permanent suspension,,,,
406,2017-12-20,Violent groups,Help Center,Twitter Rules & Policies,Twitter media policy,Violent extremist groups,Groups affiliated to violent extremist groups,Engaging in or promoting acts for the violent extremist group,Permanent suspension,,,,
407,2017-12-20,Violent groups,Help Center,Twitter Rules & Policies,Twitter media policy,Violent extremist groups,Groups affiliated to violent extremist groups,Recruiting for the violent extremist group,Permanent suspension,,,,
386,2018-01-03,Sensitive media,Help Center,Twitter Rules & Policies,Twitter media policy,Graphic violence,"Media that depicts death, violence, surgical procedures or serious injury in graphic detail",Gruesome crime or accident scenes,Mark as sensitive media,Ask to remove content,Report,,
387,2018-01-03,Sensitive media,Help Center,Twitter Rules & Policies,Twitter media policy,Graphic violence,"Media that depicts death, violence, surgical procedures or serious injury in graphic detail",Physical altercations,Mark as sensitive media,Ask to remove content,Report,,
388,2018-01-03,Sensitive media,Help Center,Twitter Rules & Policies,Twitter media policy,Graphic violence,"Media that depicts death, violence, surgical procedures or serious injury in graphic detail","Bodily fluids including blood, feces, semen, etc",Mark as sensitive media,Ask to remove content,Report,,
389,2018-01-03,Sensitive media,Help Center,Twitter Rules & Policies,Twitter media policy,Graphic violence,"Media that depicts death, violence, surgical procedures or serious injury in graphic detail","Serious bodily harm, including visible wounds, broken bones, etc",Mark as sensitive media,Ask to remove content,Report,,
390,2018-01-03,Sensitive media,Help Center,Twitter Rules & Policies,Twitter media policy,Graphic violence,"Media that depicts death, violence, surgical procedures or serious injury in graphic detail",Severely injured or mutilated animals,Mark as sensitive media,Ask to remove content,Report,,
391,2018-01-03,Sensitive media,Help Center,Twitter Rules & Policies,Twitter media policy,Intimate media,Photos or videos of someone that were produced or distributed without their consent,,Mark as sensitive media,Ask to remove content,Report,,
378,2018-02-27,Hateful conduct,Help Center,Twitter Rules & Policies,Twitter media policy,Hateful imagery,"Logos, symbols, or images whose purpose is to promote hostility and malice against others based on their race, religion, disability, sexual orientation, gender identity or ethnicity/national origin","Symbols historically associated with hate groups, e.g., the Nazi swastika",Warning message,Remove imagery,Permanent suspension,,
372,2018-02-27,Sensitive media,Help Center,Twitter Rules & Policies,Twitter media policy,Graphic violence,"Gory media related to death, serious injury, violence, or surgical procedures",Depictions of the moment at which someone dies,Warning message,Remove imagery,Permanent suspension,,
373,2018-02-27,Sensitive media,Help Center,Twitter Rules & Policies,Twitter media policy,Graphic violence,"Gory media related to death, serious injury, violence, or surgical procedures",Depictions of gruesome crime or accident scenes,Warning message,Remove imagery,Permanent suspension,,
374,2018-02-27,Sensitive media,Help Center,Twitter Rules & Policies,Twitter media policy,Graphic violence,"Gory media related to death, serious injury, violence, or surgical procedures","Depictions of bodily harm, torture, dismemberment, or mutilation",Warning message,Remove imagery,Permanent suspension,,
375,2018-02-27,Sensitive media,Help Center,Twitter Rules & Policies,Twitter media policy,Adult content,Any media that is pornographic and/or may be intended to cause sexual arousal,"Depictions of full or partial nudity (including close-upts of genitals, buttocks, or breats)",Warning message,Remove imagery,Permanent suspension,,
376,2018-02-27,Sensitive media,Help Center,Twitter Rules & Policies,Twitter media policy,Adult content,Any media that is pornographic and/or may be intended to cause sexual arousal,Simulating a sexual act,Warning message,Remove imagery,Permanent suspension,,
377,2018-02-27,Sensitive media,Help Center,Twitter Rules & Policies,Twitter media policy,Adult content,Any media that is pornographic and/or may be intended to cause sexual arousal,"Depictions of intercourse or any sexual act (may involve humans, humanoid animals, cartoons, or anime)",Warning message,Remove imagery,Permanent suspension,,
347,2018-05-24,Hateful conduct,Help Center,Twitter Rules & Policies,Hateful conduct policy,"Behavior that harasses, intimidates, or uses fear to silence another person's voice","Promote violence against or directly attack or threaten other people on the basis of their race, ethnicity, national origin, sexual orientation, gender, gender identity, religious affiliation, age, disability, or serious disease",Violent threats,Report,Ask to remove Tweet,Suspension,,
348,2018-05-24,Hateful conduct,Help Center,Twitter Rules & Policies,Hateful conduct policy,"Behavior that harasses, intimidates, or uses fear to silence another person's voice","Promote violence against or directly attack or threaten other people on the basis of their race, ethnicity, national origin, sexual orientation, gender, gender identity, religious affiliation, age, disability, or serious disease","Wishes for the physical harm, death, or disease of individuals or groups",Report,Ask to remove Tweet,Suspension,,
349,2018-05-24,Hateful conduct,Help Center,Twitter Rules & Policies,Hateful conduct policy,"Behavior that harasses, intimidates, or uses fear to silence another person's voice","Promote violence against or directly attack or threaten other people on the basis of their race, ethnicity, national origin, sexual orientation, gender, gender identity, religious affiliation, age, disability, or serious disease","References to mass murder, violent events, or specific means of violence in which/with which such groups have been the primary targets or victims",Report,Ask to remove Tweet,Suspension,,
350,2018-05-24,Hateful conduct,Help Center,Twitter Rules & Policies,Hateful conduct policy,"Behavior that harasses, intimidates, or uses fear to silence another person's voice","Promote violence against or directly attack or threaten other people on the basis of their race, ethnicity, national origin, sexual orientation, gender, gender identity, religious affiliation, age, disability, or serious disease",Behavior that incites fear about a protected group,Report,Ask to remove Tweet,Suspension,,
351,2018-05-24,Hateful conduct,Help Center,Twitter Rules & Policies,Hateful conduct policy,"Behavior that harasses, intimidates, or uses fear to silence another person's voice","Promote violence against or directly attack or threaten other people on the basis of their race, ethnicity, national origin, sexual orientation, gender, gender identity, religious affiliation, age, disability, or serious disease","Repeated and/or non-consensual slurs, epithets, racist and sexist tropes, or other content that degrades someone",Report,Ask to remove Tweet,Suspension,,
312,2018-09-27,Abusive behavior,Help Center,Twitter Rules & Policies,Abusive behavior,"An attempt to harass, intimidate, or silence someone else's voice",,,Ask to remove Tweet,Serve a period of time in read-only mode,Permanent suspension,,
313,2018-09-27,Abusive behavior,Help Center,Twitter Rules & Policies,Abusive behavior,"Behavior that harasses or intimidates, or is otherwise intended to shame or degrade others",,,Ask to remove Tweet,Serve a period of time in read-only mode,Permanent suspension,,
314,2018-09-27,Abusive behavior,Help Center,Twitter Rules & Policies,Abusive behavior,Behavior that may lead to physical and emotional hardship for those affected,,,Ask to remove Tweet,Serve a period of time in read-only mode,Permanent suspension,,
315,2018-09-27,Abusive behavior,Help Center,Twitter Rules & Policies,Abusive behavior,Wishing or hoping serious harm on a person or group of people,"Content that wishes, hopes or expresses a desire for death, serious bodily harm or fatal disease against an individual or group of people","Hoping that someone dies as a result of a serious disease e.g., ""I hope you get cancer and die.""",Ask to remove Tweet,Serve a period of time in read-only mode,Permanent suspension,,
316,2018-09-27,Abusive behavior,Help Center,Twitter Rules & Policies,Abusive behavior,Wishing or hoping serious harm on a person or group of people,"Content that wishes, hopes or expresses a desire for death, serious bodily harm or fatal disease against an individual or group of people","Wishing for someone to fall victim to a serious accident e.g., ""I wish that you would get run over by a car next time you run your mouth.""",Ask to remove Tweet,Serve a period of time in read-only mode,Permanent suspension,,
317,2018-09-27,Abusive behavior,Help Center,Twitter Rules & Policies,Abusive behavior,Wishing or hoping serious harm on a person or group of people,"Content that wishes, hopes or expresses a desire for death, serious bodily harm or fatal disease against an individual or group of people","Saying that a group of individuals deserves serious physical injury e.g., ""If this group of protesters don't shut up, they deserve to be shot.""",Ask to remove Tweet,Serve a period of time in read-only mode,Permanent suspension,,
318,2018-09-27,Abusive behavior,Help Center,Twitter Rules & Policies,Abusive behavior,Unwanted sexual advances,Unwanted sexual advances and content that sexually objectifies an individual without their consent,"Sending someone unsolicited and/or unwanted adult media, including images, videos and GIFs",Ask to remove Tweet,Serve a period of time in read-only mode,Permanent suspension,,
319,2018-09-27,Abusive behavior,Help Center,Twitter Rules & Policies,Abusive behavior,Unwanted sexual advances,Unwanted sexual advances and content that sexually objectifies an individual without their consent,Unwanted sexual discussion of someone's body,Ask to remove Tweet,Serve a period of time in read-only mode,Permanent suspension,,
320,2018-09-27,Abusive behavior,Help Center,Twitter Rules & Policies,Abusive behavior,Unwanted sexual advances,Unwanted sexual advances and content that sexually objectifies an individual without their consent,Solicitation of sexual acts,Ask to remove Tweet,Serve a period of time in read-only mode,Permanent suspension,,
321,2018-09-27,Abusive behavior,Help Center,Twitter Rules & Policies,Abusive behavior,Unwanted sexual advances,Unwanted sexual advances and content that sexually objectifies an individual without their consent,Any other content that otherwise sexualizes an individual without their consent,Ask to remove Tweet,Serve a period of time in read-only mode,Permanent suspension,,
322,2018-09-27,Abusive behavior,Help Center,Twitter Rules & Policies,Abusive behavior,Using aggressive insults with the purpose of harassing or intimidating others,"Excessively aggressive insults that target an individual, including content that contains slurs or similar language",,Ask to remove Tweet,Serve a period of time in read-only mode,Permanent suspension,,
323,2018-09-27,Abusive behavior,Help Center,Twitter Rules & Policies,Abusive behavior,Encouraging or calling for others to harass an individual or group of people,Behavior that encourages others to harass or target specific individuals or groups with abusive behavior,Calls to target people with abuse or harassment online and behavior that urges offline action such as physical harassment,Ask to remove Tweet,Serve a period of time in read-only mode,Permanent suspension,,
119,2018-11-13,Hateful conduct,Help Center,Twitter Rules & Policies,Hateful conduct policy,Hateful imagery and display names,Hateful images or symbols in your profile image or profile header,,Report,Tweet removal,Suspension,,
120,2018-11-13,Hateful conduct,Help Center,Twitter Rules & Policies,Hateful conduct policy,"Use your username, display name, or profile bio to engage in abusive behavior, such as targeted harassment or expressing hate towards a person, group, or protected category","Violent threats,  e.g., ""I will kill you""",,Report,Tweet removal,Suspension,,
121,2018-11-13,Hateful conduct,Help Center,Twitter Rules & Policies,Hateful conduct policy,"Use your username, display name, or profile bio to engage in abusive behavior, such as targeted harassment or expressing hate towards a person, group, or protected category","Whishing, hoping or calling for serious harm on a person or group of people, e.g., ""I hope you get cancer and die."", ""I wish that you would get run over by a car next time you run your mouth."", ""If this group of protesters don't shut up, they deserve to be shot.""",,Report,Tweet removal,Suspension,,
122,2018-11-13,Hateful conduct,Help Center,Twitter Rules & Policies,Hateful conduct policy,"Use your username, display name, or profile bio to engage in abusive behavior, such as targeted harassment or expressing hate towards a person, group, or protected category","References to mass murder, violent events, or specific means of violence where protected groups have been the primary targets or victims",,Report,Tweet removal,Suspension,,
123,2018-11-13,Hateful conduct,Help Center,Twitter Rules & Policies,Hateful conduct policy,"Use your username, display name, or profile bio to engage in abusive behavior, such as targeted harassment or expressing hate towards a person, group, or protected category","Inciting fear about a protected category, e.g., ""all [religious group] are terrorists""",,Report,Tweet removal,Suspension,,
124,2018-11-13,Hateful conduct,Help Center,Twitter Rules & Policies,Hateful conduct policy,"Use your username, display name, or profile bio to engage in abusive behavior, such as targeted harassment or expressing hate towards a person, group, or protected category","Repeated and/or non-consensual slurs, epithets, racist and sexist tropes, or other content that degrades someone",,Report,Tweet removal,Suspension,,
353,2018-11-26,Hateful conduct,Help Center,Twitter Rules & Policies,Hateful conduct policy,Hateful imagery and display names,"Using your username, display name, or profile bio to engage in abusive behavior, such as targeted harassment or expressing hate towards a person, group, or protected category",,Ask to remove Tweet,Serve a period of time in read-only mode,Permanent suspension,,
355,2018-11-26,Hateful conduct,Help Center,Twitter Rules & Policies,Hateful conduct policy,Wishing or hoping serious harm on a person or group of people,"Content that wishes, hopes or expresses a desire for death, serious bodily harm or fatal disease against an individual or group of people","Hoping that someone dies as a result of a serious disease e.g., ""I hope you get cancer and die.""",Ask to remove Tweet,Serve a period of time in read-only mode,Permanent suspension,,
356,2018-11-26,Hateful conduct,Help Center,Twitter Rules & Policies,Hateful conduct policy,Wishing or hoping serious harm on a person or group of people,"Content that wishes, hopes or expresses a desire for death, serious bodily harm or fatal disease against an individual or group of people","Wishing for someone to fall victim to a serious accident e.g., ""I wish that you would get run over by a car next time you run your mouth.""",Ask to remove Tweet,Serve a period of time in read-only mode,Permanent suspension,,
357,2018-11-26,Hateful conduct,Help Center,Twitter Rules & Policies,Hateful conduct policy,Wishing or hoping serious harm on a person or group of people,"Content that wishes, hopes or expresses a desire for death, serious bodily harm or fatal disease against an individual or group of people","Saying that a group of individuals deserves serious physical injury e.g., ""If this group of protesters don't shut up, they deserve to be shot.""",Ask to remove Tweet,Serve a period of time in read-only mode,Permanent suspension,,
358,2018-11-26,Hateful conduct,Help Center,Twitter Rules & Policies,Hateful conduct policy,"References to mass murder, violent events, or specific means of violence where protected groups have been the primary targets or victims",Media that depicts victims of the Holocaust,,Ask to remove Tweet,Serve a period of time in read-only mode,Permanent suspension,,
359,2018-11-26,Hateful conduct,Help Center,Twitter Rules & Policies,Hateful conduct policy,"References to mass murder, violent events, or specific means of violence where protected groups have been the primary targets or victims",Media that depicts lynchings,,Ask to remove Tweet,Serve a period of time in read-only mode,Permanent suspension,,
360,2018-11-26,Hateful conduct,Help Center,Twitter Rules & Policies,Hateful conduct policy,Inciting fear about a protected category,"Asserting that members of a protected category are more likely to take part in dangerou or illegal activities, e.g., ""all [religious groups] are terrorists""",,Ask to remove Tweet,Serve a period of time in read-only mode,Permanent suspension,,
361,2018-11-26,Hateful conduct,Help Center,Twitter Rules & Policies,Hateful conduct policy,"Repeated and/or non-consensual slurs, epithets, racist and sexist tropes, or other content that degrades someone","Content that intends to dehumanize, degrade or reinforce negative or harmful stereotypes about a protected category",Targeted misgendering or deadnaming of transgender individuals,Ask to remove Tweet,Serve a period of time in read-only mode,Permanent suspension,,
362,2018-11-26,Hateful conduct,Help Center,Twitter Rules & Policies,Hateful conduct policy,Hateful imagery,"Logos, symbols, or images whose purpose is to promote hostility and malice against others based on their race, religion, disability, sexual orientation, gender identity or ethnicity/national origin","Symbols historically associated with hate groups, e.g., the Nazi swastika",Ask to remove Tweet,Serve a period of time in read-only mode,Permanent suspension,,
363,2018-11-26,Hateful conduct,Help Center,Twitter Rules & Policies,Hateful conduct policy,Hateful imagery,"Logos, symbols, or images whose purpose is to promote hostility and malice against others based on their race, religion, disability, sexual orientation, gender identity or ethnicity/national origin","Images depicting others as less than human, or altered to include hateful symbols, e.g., altering images of individuals to include animalistic features",Ask to remove Tweet,Serve a period of time in read-only mode,Permanent suspension,,
364,2018-11-26,Hateful conduct,Help Center,Twitter Rules & Policies,Hateful conduct policy,Hateful imagery,"Logos, symbols, or images whose purpose is to promote hostility and malice against others based on their race, religion, disability, sexual orientation, gender identity or ethnicity/national origin","Images altered to include hateful symbols or references to a mass murder that targeted a protected category, e.g., manipulating images of individuals to include yellow Star of David badges, in reference to the Holocaust",Ask to remove Tweet,Serve a period of time in read-only mode,Permanent suspension,,
354,2018-11-26,Hateful conduct,Help Center,Twitter Rules & Policies,Hateful conduct policy,Violent threats,"Declarative statements of intent to inflict injuries that would result in serious and lasting bodily harm, where an individual could die or be significantly injured, e.g., ""I will kill you""",,Permanent suspension,,,,
352,2018-11-26,Hateful conduct,Help Center,Twitter Rules & Policies,Hateful conduct policy,Hateful imagery and display names,Using hateful images or symbols in your profile image or profile header,,Report,Ask to remove Tweet,Serve a period of time in read-only mode,Permanent suspension,
381,2018-11-30,Sensitive media,Help Center,Twitter Rules & Policies,Twitter media policy,Gratuitous gore,"Any media that depicts excessively graphic or gruesome depictions of death, violence or severe physical harm",Depictions of dismembered or mutilated humans,Mark as sensitive,Remove imagery,,,
382,2018-11-30,Sensitive media,Help Center,Twitter Rules & Policies,Twitter media policy,Gratuitous gore,"Any media that depicts excessively graphic or gruesome depictions of death, violence or severe physical harm",Depictions of charred or burned human remains,Mark as sensitive,Remove imagery,,,
383,2018-11-30,Sensitive media,Help Center,Twitter Rules & Policies,Twitter media policy,Gratuitous gore,"Any media that depicts excessively graphic or gruesome depictions of death, violence or severe physical harm",Depictions of exposed internal organs or bones,Mark as sensitive,Remove imagery,,,
384,2018-11-30,Sensitive media,Help Center,Twitter Rules & Policies,Twitter media policy,Gratuitous gore,"Any media that depicts excessively graphic or gruesome depictions of death, violence or severe physical harm",Depictions of animal torture or killing,Mark as sensitive,Remove imagery,,,
385,2018-11-30,Sensitive media,Help Center,Twitter Rules & Policies,Twitter media policy,Moment of death,Media that depicts an identifiable deceased individual,"Media depicting the moment at, immediately before, or after which someone dies, when the individual's identity is made clear, whether by name, face, or other specific identifier",Mark as sensitive,Ask to remove Tweet,,,
379,2019-02-27,Hateful conduct,Help Center,Twitter Rules & Policies,Twitter media policy,Hateful imagery,"Logos, symbols, or images whose purpose is to promote hostility and malice against others based on their race, religion, disability, sexual orientation, gender identity or ethnicity/national origin",Images depicting others as less than human or photoshopped to include hateful symbols,Warning message,Remove imagery,Permanent suspension,,
125,2019-04-01,Civic integrity,Help Center,General guidelines and policies,Civic integrity policy,Misleading information about how to participate,misleading information about how to vote or register to vote,,Report,Tweet removal,Permanent suspension,,
126,2019-04-01,Civic integrity,Help Center,General guidelines and policies,Civic integrity policy,Misleading information about how to participate,"misleading information about requirements for voting, including identification requirements",,Report,Tweet removal,Permanent suspension,,
127,2019-04-01,Civic integrity,Help Center,General guidelines and policies,Civic integrity policy,Misleading information about how to participate,"misleading statements or information about the official, announced data or time of an election",,Report,Tweet removal,Permanent suspension,,
128,2019-04-01,Civic integrity,Help Center,General guidelines and policies,Civic integrity policy,Voter suppression and intimidation,"misleading claims that polling places are closed, that polling has ended, or other misleading information relating to votes not being counted",,Report,Tweet removal,Permanent suspension,,
129,2019-04-01,Civic integrity,Help Center,General guidelines and policies,Civic integrity policy,Voter suppression and intimidation,misleading claims about police or law enforcement activity related to polling places or elections;,,Report,Tweet removal,Permanent suspension,,
130,2019-04-01,Civic integrity,Help Center,General guidelines and policies,Civic integrity policy,Voter suppression and intimidation,misleading claims about long lines or equipment problems at voting locations;,,Report,Tweet removal,Permanent suspension,,
131,2019-04-01,Civic integrity,Help Center,General guidelines and policies,Civic integrity policy,Voter suppression and intimidation,misleading claims about voting procedures or techniques which could dissuade voters from participating in an election;,,Report,Tweet removal,Permanent suspension,,
132,2019-04-01,Civic integrity,Help Center,General guidelines and policies,Civic integrity policy,Voter suppression and intimidation,threats regarding voting locations (note that our violent threats policy may also be relevant for threats not covered by this policy).,,Report,Tweet removal,Permanent suspension,,
133,2019-04-01,Civic integrity,Help Center,General guidelines and policies,Civic integrity policy,False or misleading affiliation,Fake accounts that misrepresents affiliation,,Report,Tweet removal,Permanent suspension,,
487,2019-04-01,Civic integrity,Help Center,Twitter Rules & Policies,Civic integrity policy,Voter suppression or intimidation,"Misleading claims that polling places are closed, that polling has ended, or other misleading information relating to votes not being counted",,Tweet removal,Deletion,Permanent suspension,,
488,2019-04-01,Civic integrity,Help Center,Twitter Rules & Policies,Civic integrity policy,Voter suppression or intimidation,Misleading claims about police or law enforcement activity related to polling places or elections,,Tweet removal,Deletion,Permanent suspension,,
489,2019-04-01,Civic integrity,Help Center,Twitter Rules & Policies,Civic integrity policy,Voter suppression or intimidation,Misleading claims about long lines or equipment problems at voting locations,,Tweet removal,Deletion,Permanent suspension,,
490,2019-04-01,Civic integrity,Help Center,Twitter Rules & Policies,Civic integrity policy,Voter suppression or intimidation,Misleading claims about voting procedures or techniques which could dissuade voters from participating in an election,,Tweet removal,Deletion,Permanent suspension,,
491,2019-04-01,Civic integrity,Help Center,Twitter Rules & Policies,Civic integrity policy,Voter suppression or intimidation,Threats regarding voting locations,,Tweet removal,Deletion,Permanent suspension,,
492,2019-04-01,Civic integrity,Help Center,Twitter Rules & Policies,Civic integrity policy,Misleading information about how to participate in the elections,Misleading information about how to vote or register to vote,,Tweet removal,Deletion,Permanent suspension,,
493,2019-04-01,Civic integrity,Help Center,Twitter Rules & Policies,Civic integrity policy,Misleading information about how to participate in the elections,"Misleading information about requirements for voting, including identification requirements",,Tweet removal,Deletion,Permanent suspension,,
494,2019-04-01,Civic integrity,Help Center,Twitter Rules & Policies,Civic integrity policy,Misleading information about how to participate in the elections,"Misleading statements or information about the official, announced data or time of an election",,Tweet removal,Deletion,Permanent suspension,,
495,2019-04-01,Civic integrity,Help Center,Twitter Rules & Policies,Civic integrity policy,False or misleading affiliation,"Fake accounts that misrepresent their affiliation to a candidate, elected official, political party, electoral authority, or governmental entity",,Tweet removal,Deletion,Permanent suspension,,
496,2019-04-01,Civic integrity,Help Center,Twitter Rules & Policies,Civic integrity policy,Exceptions,"Inaccurate statements about an elected official, candidate, or political party",,Tweet removal,Deletion,Permanent suspension,,
497,2019-04-01,Civic integrity,Help Center,Twitter Rules & Policies,Civic integrity policy,Exceptions,"Organic content that is polarising, biased, hyperpartisan, or contains controversial viewpoints expressed about elections or politics",,Tweet removal,Deletion,Permanent suspension,,
498,2019-04-01,Civic integrity,Help Center,Twitter Rules & Policies,Civic integrity policy,Exceptions,Discussion of public polling information,,Tweet removal,Deletion,Permanent suspension,,
499,2019-04-01,Civic integrity,Help Center,Twitter Rules & Policies,Civic integrity policy,Exceptions,"Using Twitter pseudonymously or as a parody, commentary, or fan account to discuss elections or politics",,Tweet removal,Deletion,Permanent suspension,,
143,2019-06-06,Coordinated harmful activity,Help Center,General guidelines and policies,Platform manipulation and spam policy,Coordinated activity,"Attempt to artificially influence conversations through the use of multiple accounts, fake accounts, automation and/or scripting",,Report,Anti-spam challenges,Blacklisting URLs,Tweet removal,Permanent suspension
144,2019-06-06,Misleading and deceptive identities,Help Center,General guidelines and policies,Platform manipulation and spam policy,Fake accounts and identity,"Using misleading account information to engage in spamming, abusive, or disruptive behavior","Use of stock or stolen profile photos, particularly those depicting other people",Report,Anti-spam challenges,Blacklisting URLs,Tweet removal,Permanent suspension
145,2019-06-06,Misleading and deceptive identities,Help Center,General guidelines and policies,Platform manipulation and spam policy,Fake accounts and identity,"Using misleading account information to engage in spamming, abusive, or disruptive behavior",Use of stolen or copied profile bios,Report,Anti-spam challenges,Blacklisting URLs,Tweet removal,Permanent suspension
146,2019-06-06,Misleading and deceptive identities,Help Center,General guidelines and policies,Platform manipulation and spam policy,Fake accounts and identity,"Using misleading account information to engage in spamming, abusive, or disruptive behavior","Use of intentionally misleading profile information, including profile location",Report,Anti-spam challenges,Blacklisting URLs,Tweet removal,Permanent suspension
147,2019-06-06,Misleading and deceptive identities,Help Center,General guidelines and policies,Platform manipulation and spam policy,Use of multiple accounts,Identical or similar personas,,Report,Anti-spam challenges,Blacklisting URLs,Tweet removal,Permanent suspension
148,2019-06-06,Misleading and deceptive identities,Help Center,General guidelines and policies,Platform manipulation and spam policy,Use of multiple accounts,Mutually interacting accounts,,Report,Anti-spam challenges,Blacklisting URLs,Tweet removal,Permanent suspension
149,2019-06-06,Misleading and deceptive identities,Help Center,General guidelines and policies,Platform manipulation and spam policy,Use of multiple accounts,Coordination to post duplicative content or create fake engagement,Posting identical or substantially similar Tweets or hashtags from multiple accounts you operate,Report,Anti-spam challenges,Blacklisting URLs,Tweet removal,Permanent suspension
150,2019-06-06,Misleading and deceptive identities,Help Center,General guidelines and policies,Platform manipulation and spam policy,Use of multiple accounts,Coordination to post duplicative content or create fake engagement,Engaging repeatedly with the same Tweets or accounts from multiple accounts that you operate,Report,Anti-spam challenges,Blacklisting URLs,Tweet removal,Permanent suspension
151,2019-06-06,Misleading and deceptive identities,Help Center,General guidelines and policies,Platform manipulation and spam policy,Use of multiple accounts,Coordination to post duplicative content or create fake engagement,"Coordinating with or compensating others to engage in artificial engagement or amplification, even if the people involved use only account",Report,Anti-spam challenges,Blacklisting URLs,Tweet removal,Permanent suspension
138,2019-06-06,Platform manipulation and spam,Help Center,General guidelines and policies,Platform manipulation and spam policy,A manner intended to artificially amplify or suppress information,,,Report,Anti-spam challenges,Blacklisting URLs,Tweet removal,Permanent suspension
139,2019-06-06,Platform manipulation and spam,Help Center,General guidelines and policies,Platform manipulation and spam policy,Engage in behavior that manipulates or disrupts people's experience on Twitter,,,Report,Anti-spam challenges,Blacklisting URLs,Tweet removal,Permanent suspension
140,2019-06-06,Platform manipulation and spam,Help Center,General guidelines and policies,Platform manipulation and spam policy,"Using Twitter to engage in bulk, aggressive, or deceptive activity that misleads others and/or disrupts their experience",,,Report,Anti-spam challenges,Blacklisting URLs,Tweet removal,Permanent suspension
141,2019-06-06,Platform manipulation and spam,Help Center,General guidelines and policies,Platform manipulation and spam policy,Commercially-motivated spam,"Drive traffic or attention from a conversation on Twitter to accounts, websites, products, services, or initiatives",,Report,Anti-spam challenges,Blacklisting URLs,Tweet removal,Permanent suspension
142,2019-06-06,Platform manipulation and spam,Help Center,General guidelines and policies,Platform manipulation and spam policy,Inauthentic engagements,Attempt to make accounts or content appear more popular or active that they are,,Report,Anti-spam challenges,Blacklisting URLs,Tweet removal,Permanent suspension
152,2019-06-06,Platform manipulation and spam,Help Center,General guidelines and policies,Platform manipulation and spam policy,Artificially inflate your own or others' followers or engagement,selling/purchasing Tweet or account metric inflation,,Report,Anti-spam challenges,Blacklisting URLs,Tweet removal,Permanent suspension
153,2019-06-06,Platform manipulation and spam,Help Center,General guidelines and policies,Platform manipulation and spam policy,Artificially inflate your own or others' followers or engagement,apps,,Report,Anti-spam challenges,Blacklisting URLs,Tweet removal,Permanent suspension
154,2019-06-06,Platform manipulation and spam,Help Center,General guidelines and policies,Platform manipulation and spam policy,Artificially inflate your own or others' followers or engagement,reciprocal inflation,,Report,Anti-spam challenges,Blacklisting URLs,Tweet removal,Permanent suspension
155,2019-06-06,Platform manipulation and spam,Help Center,General guidelines and policies,Platform manipulation and spam policy,Artificially inflate your own or others' followers or engagement,account transfers or sales,,Report,Anti-spam challenges,Blacklisting URLs,Tweet removal,Permanent suspension
156,2019-06-06,Platform manipulation and spam,Help Center,General guidelines and policies,Platform manipulation and spam policy,Misusing Twitter product features to disrupt others’ experience,"sending bulk, aggressive, high-volume unsolicited replies, mentions, or Direct Messages",,Report,Anti-spam challenges,Blacklisting URLs,Tweet removal,Permanent suspension
157,2019-06-06,Platform manipulation and spam,Help Center,General guidelines and policies,Platform manipulation and spam policy,Misusing Twitter product features to disrupt others’ experience,posting and deleting the same content repeatedly,,Report,Anti-spam challenges,Blacklisting URLs,Tweet removal,Permanent suspension
158,2019-06-06,Platform manipulation and spam,Help Center,General guidelines and policies,Platform manipulation and spam policy,Misusing Twitter product features to disrupt others’ experience,"repeatedly posting identical or nearly identical Tweets, or repeatedly sending identical Direct Messages",,Report,Anti-spam challenges,Blacklisting URLs,Tweet removal,Permanent suspension
159,2019-06-06,Platform manipulation and spam,Help Center,General guidelines and policies,Platform manipulation and spam policy,Misusing Twitter product features to disrupt others’ experience,repeatedly posting Tweets or sending Direct Messages consisting of links shared without commentary,,Report,Anti-spam challenges,Blacklisting URLs,Tweet removal,Permanent suspension
160,2019-06-06,Platform manipulation and spam,Help Center,General guidelines and policies,Platform manipulation and spam policy,Following,follow churn,,Report,Anti-spam challenges,Blacklisting URLs,Tweet removal,Permanent suspension
161,2019-06-06,Platform manipulation and spam,Help Center,General guidelines and policies,Platform manipulation and spam policy,Following,indiscriminate following,,Report,Anti-spam challenges,Blacklisting URLs,Tweet removal,Permanent suspension
162,2019-06-06,Platform manipulation and spam,Help Center,General guidelines and policies,Platform manipulation and spam policy,Following,duplicating another account’s followers,,Report,Anti-spam challenges,Blacklisting URLs,Tweet removal,Permanent suspension
163,2019-06-06,Platform manipulation and spam,Help Center,General guidelines and policies,Platform manipulation and spam policy,Engagement,"aggressively or automatically engaging with Tweets to drive traffic or attention to accounts, websites, products, services, or initiatives",,Report,Anti-spam challenges,Blacklisting URLs,Tweet removal,Permanent suspension
164,2019-06-06,Platform manipulation and spam,Help Center,General guidelines and policies,Platform manipulation and spam policy,Engagement,aggressively adding users to Lists or Moments,,Report,Anti-spam challenges,Blacklisting URLs,Tweet removal,Permanent suspension
165,2019-06-06,Platform manipulation and spam,Help Center,General guidelines and policies,Platform manipulation and spam policy,Hashtags,"using a trending or popular hashtag with an intent to subvert or manipulate a conversation or to drive traffic or attention to accounts, websites, products, services, or initiatives",,Report,Anti-spam challenges,Blacklisting URLs,Tweet removal,Permanent suspension
166,2019-06-06,Platform manipulation and spam,Help Center,General guidelines and policies,Platform manipulation and spam policy,Hashtags,"Tweeting with excessive, unrelated hashtags in a single Tweet or across multiple Tweets",,Report,Anti-spam challenges,Blacklisting URLs,Tweet removal,Permanent suspension
167,2019-06-06,Platform manipulation and spam,Help Center,General guidelines and policies,Platform manipulation and spam policy,URLs,publishing or linking to malicious content intended to damage or disrupt another person’s browser (malware) or computer or to compromise a person’s privacy (phishing),,Report,Anti-spam challenges,Blacklisting URLs,Tweet removal,Permanent suspension
168,2019-06-06,Platform manipulation and spam,Help Center,General guidelines and policies,Platform manipulation and spam policy,URLs,posting misleading or deceptive links,,Report,Anti-spam challenges,Blacklisting URLs,Tweet removal,Permanent suspension
408,2019-06-25,Sensitive media,Help Center,Twitter Rules & Policies,Twitter media policy,Terrorism and violent extremism policy,Violent extremist groups,"Groups who identify through their stated purpose, publications, or actions as an extremist group",Permanent suspension,,,,
409,2019-06-25,Sensitive media,Help Center,Twitter Rules & Policies,Twitter media policy,Terrorism and violent extremism policy,Violent extremist groups,"Groups who have engaged in, or currently engage in, violence and/or the promotion of violence as a means to further their cause",Permanent suspension,,,,
410,2019-06-25,Sensitive media,Help Center,Twitter Rules & Policies,Twitter media policy,Terrorism and violent extremism policy,Violent extremist groups,Groups that target civilians in their acts and/or promotion of violence,Permanent suspension,,,,
411,2019-06-25,Sensitive media,Help Center,Twitter Rules & Policies,Twitter media policy,Terrorism and violent extremism policy,Groups affiliated to violent extremist groups,Engaging in or promoting acts for the violent extremist group,Permanent suspension,,,,
412,2019-06-25,Sensitive media,Help Center,Twitter Rules & Policies,Twitter media policy,Terrorism and violent extremism policy,Groups affiliated to violent extremist groups,Recruiting for the violent extremist group,Permanent suspension,,,,
413,2019-06-25,Sensitive media,Help Center,Twitter Rules & Policies,Twitter media policy,Terrorism and violent extremism policy,Groups affiliated to violent extremist groups,providing or distributing services in furtherance of progressing a violent extremist group's stated goals,Permanent suspension,,,,
414,2019-06-25,Sensitive media,Help Center,Twitter Rules & Policies,Twitter media policy,Terrorism and violent extremism policy,Groups affiliated to violent extremist groups,Using the insignia or symbols of terrorist organizations of violent extremist groups to promote them,Permanent suspension,,,,
415,2019-06-25,Sensitive media,Help Center,Twitter Rules & Policies,Twitter media policy,Terrorism and violent extremism policy,A collection of individuals with a shared purpose,,Permanent suspension,,,,
416,2019-06-25,Sensitive media,Help Center,Twitter Rules & Policies,Twitter media policy,Terrorism and violent extremism policy,A collection of individuals that have systematically targeted civilians with violence,,Permanent suspension,,,,
417,2019-06-25,Sensitive media,Help Center,Twitter Rules & Policies,Twitter media policy,Terrorism and violent extremism policy,Groups affiliated to violent extremist groups,Engaging in or promoting acts on behalf of a violent organization,Permanent suspension,,,,
418,2019-06-25,Sensitive media,Help Center,Twitter Rules & Policies,Twitter media policy,Terrorism and violent extremism policy,Groups affiliated to violent extremist groups,Recruiting for a violent organization,Permanent suspension,,,,
419,2019-06-25,Sensitive media,Help Center,Twitter Rules & Policies,Twitter media policy,Terrorism and violent extremism policy,Groups affiliated to violent extremist groups,Providing or distributing services in furtherance of progressing a violent organization's stated goals,Permanent suspension,,,,
420,2019-06-25,Sensitive media,Help Center,Twitter Rules & Policies,Twitter media policy,Terrorism and violent extremism policy,Groups affiliated to violent extremist groups,Using the insignia or symbols of violent organizations to promote them,Permanent suspension,,,,
392,2019-06-25,Sensitive media,Help Center,Twitter Rules & Policies,Twitter media policy,Graphic violence,"Media that depicts death, violence, surgical procedures or serious injury in graphic detail",Violent crimes or accidents,Remove content,Temporarily lock user of account,Permanent suspension,,
393,2019-06-25,Sensitive media,Help Center,Twitter Rules & Policies,Twitter media policy,Graphic violence,"Media that depicts death, violence, surgical procedures or serious injury in graphic detail",Physical fights,Remove content,Temporarily lock user of account,Permanent suspension,,
394,2019-06-25,Sensitive media,Help Center,Twitter Rules & Policies,Twitter media policy,Graphic violence,"Media that depicts death, violence, surgical procedures or serious injury in graphic detail",Physical child abuse,Remove content,Temporarily lock user of account,Permanent suspension,,
395,2019-06-25,Sensitive media,Help Center,Twitter Rules & Policies,Twitter media policy,Graphic violence,"Media that depicts death, violence, surgical procedures or serious injury in graphic detail","Bodily fluids including blood, feces, semen etc",Remove content,Temporarily lock user of account,Permanent suspension,,
396,2019-06-25,Sensitive media,Help Center,Twitter Rules & Policies,Twitter media policy,Graphic violence,"Media that depicts death, violence, surgical procedures or serious injury in graphic detail","Serious physical harm, including visible wounds",Remove content,Temporarily lock user of account,Permanent suspension,,
397,2019-06-25,Sensitive media,Help Center,Twitter Rules & Policies,Twitter media policy,Graphic violence,"Media that depicts death, violence, surgical procedures or serious injury in graphic detail",Severely injured or mutilated animals,Remove content,Temporarily lock user of account,Permanent suspension,,
398,2019-06-25,Sensitive media,Help Center,Twitter Rules & Policies,Twitter media policy,Adult content,Any media that is pornographic and/or may be intended to cause sexual arousal,"Depictions of full or partial nudity, including close-ups of genitals, buttocks, or breats (excluding content related to breastfeeding)",Remove content,,,,
399,2019-06-25,Sensitive media,Help Center,Twitter Rules & Policies,Twitter media policy,Adult content,Any media that is pornographic and/or may be intended to cause sexual arousal,Simulated sexual acts,Remove content,,,,
400,2019-06-25,Sensitive media,Help Center,Twitter Rules & Policies,Twitter media policy,Adult content,Any media that is pornographic and/or may be intended to cause sexual arousal,"Sexual intercourse or other sexual acts -- this also applies to cartoons, hentai, or anime involving humans or depictions of animals with human-like features",Remove content,,,,
401,2019-06-25,Sensitive media,Help Center,Twitter Rules & Policies,Twitter media policy,Violent sexual conduct,"Any media that depicts violence, whether real or simulated, in association with sexual acts","Depictions of rape and other forms of violent sexual assault, or sexual acts that occur without the consent of participants, including a simulated lack of consent",Remove content,Permanent suspension,,,
402,2019-06-25,Sensitive media,Help Center,Twitter Rules & Policies,Twitter media policy,Violent sexual conduct,"Any media that depicts violence, whether real or simulated, in association with sexual acts","Sexualised violence -- inflicting physical harm on an individual within an intimate setting, where it is not immediately obvious if those involved have consented to take part",Remove content,Permanent suspension,,,
451,2019-09-11,Coordinated harmful activity,Help Center,Twitter Rules & Policies,Platform manipulation and spam policy,Coordinated activity,"Attempting to artificially influence conversations through the use of multiple accounts, fake accounts, automation and/or scripting",,Anti-spam challenges,Denylisting URLs,Tweet removal,Permanent suspension,
452,2019-09-11,Coordinated harmful activity,Help Center,Twitter Rules & Policies,Platform manipulation and spam policy,Coordinated harmful activity that encourages or promotes behavior which violates the Twitter Rules,,,Anti-spam challenges,Denylisting URLs,Tweet removal,Permanent suspension,
453,2019-09-11,Misleading and deceptive identities,Help Center,Twitter Rules & Policies,Platform manipulation and spam policy,Operating fake accounts,"Using stock or stolen profile photos, particularly those depicting other people",,Anti-spam challenges,Denylisting URLs,Tweet removal,Permanent suspension,
454,2019-09-11,Misleading and deceptive identities,Help Center,Twitter Rules & Policies,Platform manipulation and spam policy,Operating fake accounts,Using stolen or copied profile bios,,Anti-spam challenges,Denylisting URLs,Tweet removal,Permanent suspension,
455,2019-09-11,Misleading and deceptive identities,Help Center,Twitter Rules & Policies,Platform manipulation and spam policy,Operating fake accounts,"Using an intentionally misleading profile information, including profile location",,Anti-spam challenges,Denylisting URLs,Tweet removal,Permanent suspension,
448,2019-09-11,Platform manipulation and spam,Help Center,Twitter Rules & Policies,Platform manipulation and spam policy,Using Twitter in a manner intended to artificially amplify or suppress information or engage in behavior that manipulates or disrupts people's experience on Twitter,,,Anti-spam challenges,Denylisting URLs,Tweet removal,Permanent suspension,
449,2019-09-11,Platform manipulation and spam,Help Center,Twitter Rules & Policies,Platform manipulation and spam policy,Commercially-motivated spam,"Driving traffic or attention from a conversation on Twitter to accounts, websites, products, services, or initiatives",,Anti-spam challenges,Denylisting URLs,Tweet removal,Permanent suspension,
450,2019-09-11,Platform manipulation and spam,Help Center,Twitter Rules & Policies,Platform manipulation and spam policy,Inauthentic engagements,Making accounts or content appear more popular or active than they are,,Anti-spam challenges,Denylisting URLs,Tweet removal,Permanent suspension,
456,2019-09-11,Platform manipulation and spam,Help Center,Twitter Rules & Policies,Platform manipulation and spam policy,Artificially amplifying or disrupting conversations through the use of multiple accounts,Using overlapping accounts,,Anti-spam challenges,Denylisting URLs,Tweet removal,Permanent suspension,
457,2019-09-11,Platform manipulation and spam,Help Center,Twitter Rules & Policies,Platform manipulation and spam policy,Artificially amplifying or disrupting conversations through the use of multiple accounts,Using mutually interacting accounts,,Anti-spam challenges,Denylisting URLs,Tweet removal,Permanent suspension,
458,2019-09-11,Platform manipulation and spam,Help Center,Twitter Rules & Policies,Platform manipulation and spam policy,Artificially amplifying or disrupting conversations through the use of multiple accounts,Creating multiple accounts to post duplicative content or create fake engagement,Posting identical or substantially similar Tweets or hashtags from multiple accounts you operate,Anti-spam challenges,Denylisting URLs,Tweet removal,Permanent suspension,
459,2019-09-11,Platform manipulation and spam,Help Center,Twitter Rules & Policies,Platform manipulation and spam policy,Artificially amplifying or disrupting conversations through the use of multiple accounts,Creating multiple accounts to post duplicative content or create fake engagement,Engaging repeatedly with the same Tweets or accounts from multiple accounts that you operate,Anti-spam challenges,Denylisting URLs,Tweet removal,Permanent suspension,
460,2019-09-11,Platform manipulation and spam,Help Center,Twitter Rules & Policies,Platform manipulation and spam policy,Artificially inflating your own or others' followers or engagement,Selling/purchasing Tweet or account metric inflation,,Anti-spam challenges,Denylisting URLs,Tweet removal,Permanent suspension,
461,2019-09-11,Platform manipulation and spam,Help Center,Twitter Rules & Policies,Platform manipulation and spam policy,Artificially inflating your own or others' followers or engagement,Using or promoting third-party services or apps that claim to add followers or add engagements to Tweets,,Anti-spam challenges,Denylisting URLs,Tweet removal,Permanent suspension,
462,2019-09-11,Platform manipulation and spam,Help Center,Twitter Rules & Policies,Platform manipulation and spam policy,Artificially inflating your own or others' followers or engagement,Trading or coordinating to exchange follows or Tweet engagements,,Anti-spam challenges,Denylisting URLs,Tweet removal,Permanent suspension,
463,2019-09-11,Platform manipulation and spam,Help Center,Twitter Rules & Policies,Platform manipulation and spam policy,Artificially inflating your own or others' followers or engagement,"Selling, purchasing, trading, or offering the sale, purchase, or trade of Twitter accounts, usernames, or temporary access to Twitter accounts",,Anti-spam challenges,Denylisting URLs,Tweet removal,Permanent suspension,
464,2019-09-11,Platform manipulation and spam,Help Center,Twitter Rules & Policies,Platform manipulation and spam policy,Tweets and direct messages,"sending bulk, aggressive, high-volume unsolicited replies, mentions, or Direct Messages",,Anti-spam challenges,Denylisting URLs,Tweet removal,Permanent suspension,
465,2019-09-11,Platform manipulation and spam,Help Center,Twitter Rules & Policies,Platform manipulation and spam policy,Tweets and direct messages,posting and deleting the same content repeatedly,,Anti-spam challenges,Denylisting URLs,Tweet removal,Permanent suspension,
466,2019-09-11,Platform manipulation and spam,Help Center,Twitter Rules & Policies,Platform manipulation and spam policy,Tweets and direct messages,"repeatedly posting identical or nearly identical Tweets, or repeatedly sending identical Direct Messages",,Anti-spam challenges,Denylisting URLs,Tweet removal,Permanent suspension,
467,2019-09-11,Platform manipulation and spam,Help Center,Twitter Rules & Policies,Platform manipulation and spam policy,Tweets and direct messages,"repeatedly posting Tweets or sending Direct Messages consisting of links shared without commentary, so that this comprises the bulk of your Tweet/Direct Message activity",,Anti-spam challenges,Denylisting URLs,Tweet removal,Permanent suspension,
468,2019-09-11,Platform manipulation and spam,Help Center,Twitter Rules & Policies,Platform manipulation and spam policy,Following,follow churn,,Anti-spam challenges,Denylisting URLs,Tweet removal,Permanent suspension,
469,2019-09-11,Platform manipulation and spam,Help Center,Twitter Rules & Policies,Platform manipulation and spam policy,Following,indiscriminate following,,Anti-spam challenges,Denylisting URLs,Tweet removal,Permanent suspension,
470,2019-09-11,Platform manipulation and spam,Help Center,Twitter Rules & Policies,Platform manipulation and spam policy,Following,"duplicating another account’s followers, particularly using automation",,Anti-spam challenges,Denylisting URLs,Tweet removal,Permanent suspension,
471,2019-09-11,Platform manipulation and spam,Help Center,Twitter Rules & Policies,Platform manipulation and spam policy,Engagement,"aggressively or automatically engaging with Tweets to drive traffic or attention to accounts, websites, products, services, or initiatives",,Anti-spam challenges,Denylisting URLs,Tweet removal,Permanent suspension,
472,2019-09-11,Platform manipulation and spam,Help Center,Twitter Rules & Policies,Platform manipulation and spam policy,Engagement,aggressively adding users to Lists or Moments,,Anti-spam challenges,Denylisting URLs,Tweet removal,Permanent suspension,
473,2019-09-11,Platform manipulation and spam,Help Center,Twitter Rules & Policies,Platform manipulation and spam policy,Hashtags,"using a trending or popular hashtag with an intent to subvert or manipulate a conversation or to drive traffic or attention to accounts, websites, products, services, or initiatives",,Anti-spam challenges,Denylisting URLs,Tweet removal,Permanent suspension,
474,2019-09-11,Platform manipulation and spam,Help Center,Twitter Rules & Policies,Platform manipulation and spam policy,Hashtags,"Tweeting with excessive, unrelated hashtags in a single Tweet or across multiple Tweets",,Anti-spam challenges,Denylisting URLs,Tweet removal,Permanent suspension,
475,2019-09-11,Platform manipulation and spam,Help Center,Twitter Rules & Policies,Platform manipulation and spam policy,URLs,publishing or linking to malicious content intended to damage or disrupt another person’s browser (malware) or computer or to compromise a person’s privacy (phishing),,Anti-spam challenges,Denylisting URLs,Tweet removal,Permanent suspension,
476,2019-09-11,Platform manipulation and spam,Help Center,Twitter Rules & Policies,Platform manipulation and spam policy,URLs,"posting misleading or deceptive links; e.g., affiliate links and clickjacking links",,Anti-spam challenges,Denylisting URLs,Tweet removal,Permanent suspension,
479,2019-10-15,Glorification of violence,Help Center,Twitter Rules & Policies,Glorification of violence policy,Threaten violence against an individual or a group of people,,,Report,Tweet removal,Suspension,Permanent suspension,
480,2019-10-15,Glorification of violence,Help Center,Twitter Rules & Policies,Glorification of violence policy,Inspire others to take part in similar acts of violence,,,Report,Tweet removal,Suspension,Permanent suspension,
481,2019-10-15,Glorification of violence,Help Center,Twitter Rules & Policies,Glorification of violence policy,Glorifying violent events where people were targeted on the basis of their protected characteristics,,,Report,Tweet removal,Suspension,Permanent suspension,
482,2019-10-15,Glorification of violence,Help Center,Twitter Rules & Policies,Glorification of violence policy,Glorifying events that could incite or lead to further violence motivated by hatred and intolerance,,,Report,Tweet removal,Suspension,Permanent suspension,
483,2019-10-15,Glorification of violence,Help Center,Twitter Rules & Policies,Glorification of violence policy,"Inspire others to replicate those violent acts and cause real offline harm, or events where members of a protected group were the primary targets or victims",,,Report,Tweet removal,Suspension,Permanent suspension,
484,2019-10-15,Glorification of violence,Help Center,Twitter Rules & Policies,Glorification of violence policy,"Glorify, celebrate, praise or condone violent crimes, violent events where people were targeted because of their membership in a protected group, or the perpetrators of such acts",,,Report,Tweet removal,Suspension,Permanent suspension,
485,2019-10-15,Glorification of violence,Help Center,Twitter Rules & Policies,Glorification of violence policy,"Praising, celebrating, or condoning statements, such as ""I'm glad this happened"", ""This person is my hero"", ""I wish more people did things like this"", or ""I hope this inspires others to act""",,,Report,Tweet removal,Suspension,Permanent suspension,
486,2019-10-15,Glorification of violence,Help Center,Twitter Rules & Policies,Glorification of violence policy,"Glorifying, praising, condoning, or celebrating violent acts committed by civilians that resulted in death or serious physical injury, e.g., murders, mass shootings; attacks carried out by terrorist organizations or violent extremist groups; or violent events that targeted protected groups, e.g., the Holocaust, Rwandan genocide",,,Report,Tweet removal,Suspension,Permanent suspension,
170,2019-10-15,World leaders,Blog.twitter.com,Company,World leaders policy,If a world leader Tweet violates the Twitter Rules but there is a public interest value to keeping the Tweet on the service,,,Context,,,,
171,2019-10-15,World leaders,Blog.twitter.com,Company,World leaders policy,Promotion of terrorism,,,Demote,Tweet removal,,,
172,2019-10-15,World leaders,Blog.twitter.com,Company,World leaders policy,Clear and direct threats of violence,,,Demote,,,,
173,2019-10-15,World leaders,Blog.twitter.com,Company,World leaders policy,Posting private information (doxxing),,,Demote,,,,
174,2019-10-15,World leaders,Blog.twitter.com,Company,World leaders policy,Posting or sharing intimate photos or videos of someone that were produced or distributed without their consent,,,Demote,,,,
175,2019-10-15,World leaders,Blog.twitter.com,Company,World leaders policy,Engaging in behaviors relating to child sexual exploitation,,,Demote,,,,
176,2019-10-15,World leaders,Blog.twitter.com,Company,World leaders policy,Encouraging or promoting self-harm,,,Demote,,,,
177,2020-01-29,COVID-19,Help Center,General guidelines and policies,COVID-19 misleading information policy,,,,"COVID-19 ""#KnowTheFacts"" search prompt launched",,,,
178,2020-02-04,COVID-19,Help Center,General guidelines and policies,COVID-19 misleading information policy,Synthetic or manipulated media,"Content that has been substantially edited in a manner that fundamentally alters its composition, sequence, timing, or framing;",,Label,Warning,Demote,Tweet removal,
179,2020-02-04,COVID-19,Help Center,General guidelines and policies,COVID-19 misleading information policy,Synthetic or manipulated media,Any visual or auditory information that has been added or removed,,Label,Warning,Demote,Tweet removal,
180,2020-02-04,COVID-19,Help Center,General guidelines and policies,COVID-19 misleading information policy,Synthetic or manipulated media,Fabricated or simulated media depicting a real person,,Label,Warning,Demote,Tweet removal,
181,2020-02-04,COVID-19,Help Center,General guidelines and policies,COVID-19 misleading information policy,Media shared in a deceptive manner,Deliberate intent to deceive people about the nature or origin of the content,,Label,Warning,Demote,Tweet removal,
421,2020-02-22,Synthetic and manipulated media,Help Center,Twitter Rules & Policies,Synthetic and manipulated media,Synthetic or manipulated media that are likely to cause harm,,,Label,Warning,Demote,Context,
422,2020-02-22,Synthetic and manipulated media,Help Center,Twitter Rules & Policies,Synthetic and manipulated media,Media that are significantly and deceptively altered or manipulated,"Content that has been substantially edited in a manner that fundamentally alters its composition, sequence, timing, or framing",,Label,Warning,Demote,Context,
423,2020-02-22,Synthetic and manipulated media,Help Center,Twitter Rules & Policies,Synthetic and manipulated media,Media that are significantly and deceptively altered or manipulated,Any visual or auditory information that has been added or removed,,Label,Warning,Demote,Context,
424,2020-02-22,Synthetic and manipulated media,Help Center,Twitter Rules & Policies,Synthetic and manipulated media,Media that are significantly and deceptively altered or manipulated,Fabricated or simulated media depicting a real person,,Label,Warning,Demote,Context,
425,2020-02-22,Synthetic and manipulated media,Help Center,Twitter Rules & Policies,Synthetic and manipulated media,Media that are significantly and deceptively altered or manipulated,Wholly synthetic audio or video or content that has been doctored to change its meaning,,Label,Warning,Demote,Context,
426,2020-02-22,Synthetic and manipulated media,Help Center,Twitter Rules & Policies,Synthetic and manipulated media,Content shared in a deceptive manner,A context in which media are shared that results in confusion or misunderstanding or suggests a deliberate intent to deceive people about the nature or origin of the content,,Label,Warning,Demote,Context,
427,2020-02-22,Synthetic and manipulated media,Help Center,Twitter Rules & Policies,Synthetic and manipulated media,Tweets that share synthetic or manipulated media that are likely to cause serious harm,Threats to the physical safety of a person or group,,Label,Warning,Demote,Context,
428,2020-02-22,Synthetic and manipulated media,Help Center,Twitter Rules & Policies,Synthetic and manipulated media,Tweets that share synthetic or manipulated media that are likely to cause serious harm,Risk of mass violence or widespread civil unrest,,Label,Warning,Demote,Context,
429,2020-02-22,Synthetic and manipulated media,Help Center,Twitter Rules & Policies,Synthetic and manipulated media,Tweets that share synthetic or manipulated media that are likely to cause serious harm,Threats to the privacy or ability of a person or group to freely express themselves or participate in civic events,,Label,Warning,Demote,Context,
380,2020-02-27,Sensitive media,Help Center,Twitter Rules & Policies,Twitter media policy,Hateful imagery,"Logos, symbols, or images whose purpose is to promote hostility and malice against others based on their race, religion, disability, sexual orientation, gender identity or ethnicity/national origin",Photoshopped references to a mass murder that targeted a protected category,Warning message,Remove imagery,Permanent suspension,,
183,2020-03-16,COVID-19,Help Center,General guidelines and policies,COVID-19 misleading information policy,"Broadened definition of ""harm""",Content that goes directly against guidance from authoritative sources of global and local public health information,,Label,Tweet removal,,,
184,2020-03-16,COVID-19,Help Center,General guidelines and policies,COVID-19 misleading information policy,"Broadened definition of ""harm""",Denial of global or local health authority recommendations to decrease someone's likelihood of exposure to COVID-19,,Label,,,,
185,2020-03-16,COVID-19,Help Center,General guidelines and policies,COVID-19 misleading information policy,"Broadened definition of ""harm""",Alleged cures for COVID-19 that are not immediately harmful but are known to be ineffective,,Label,,,,
186,2020-03-16,COVID-19,Help Center,General guidelines and policies,COVID-19 misleading information policy,"Broadened definition of ""harm""",Harmful treatments or protection measures that are known to be ineffective,,Label,,,,
187,2020-03-16,COVID-19,Help Center,General guidelines and policies,COVID-19 misleading information policy,"Broadened definition of ""harm""",Denial of established scientific facts about transmission during the incubation period or transmission guidance from global and local health authorities,,Label,,,,
188,2020-04-11,COVID-19,Help Center,General guidelines and policies,COVID-19 misleading information policy,"Unverified claims that have the potential to incite people to action, could lead to the destruction or damage of critical infrastructure, or cause widespread panic/social unrest",,,Tweet removal,,,,
190,2020-07-14,COVID-19,Help Center,General guidelines and policies,COVID-19 misleading information policy,"Tweets that are an assertion of fact (not an option), expressed definitely, and intended to influence others' behavior","the origin, nature, and characteristics of the virus;",,Label,Tweet removal,,,
191,2020-07-14,COVID-19,Help Center,General guidelines and policies,COVID-19 misleading information policy,"Tweets that are an assertion of fact (not an option), expressed definitely, and intended to influence others' behavior","preventative measures, treatments/cures, and other precautions;",,Label,Tweet removal,,,
192,2020-07-14,COVID-19,Help Center,General guidelines and policies,COVID-19 misleading information policy,"Tweets that are an assertion of fact (not an option), expressed definitely, and intended to influence others' behavior","the prevalence of viral spread, or the current state of the crisis;",,Label,Tweet removal,,,
193,2020-07-14,COVID-19,Help Center,General guidelines and policies,COVID-19 misleading information policy,"Tweets that are an assertion of fact (not an option), expressed definitely, and intended to influence others' behavior","official health advisories, restrictions, regulations, and public-service announcements;",,Label,Tweet removal,,,
194,2020-07-14,COVID-19,Help Center,General guidelines and policies,COVID-19 misleading information policy,"Tweets that are an assertion of fact (not an option), expressed definitely, and intended to influence others' behavior",how vulnerable communities are affected by/responding to the pandemic.,,Label,Tweet removal,,,
195,2020-07-14,COVID-19,Help Center,General guidelines and policies,COVID-19 misleading information policy,Tweets considered misleading by subject-matter experts and that include information shared in a way that could confuse or deceive people,"Significantly altered, manipulated, doctored or fabricated contents",,Label,Tweet removal,,,
196,2020-07-14,COVID-19,Help Center,General guidelines and policies,COVID-19 misleading information policy,Tweets considered misleading by subject-matter experts and that include information shared in a way that could confuse or deceive people,Claims presented improperly or out of context,,Label,Tweet removal,,,
197,2020-07-14,COVID-19,Help Center,General guidelines and policies,COVID-19 misleading information policy,Tweets considered misleading by subject-matter experts and that include information shared in a way that could confuse or deceive people,Claims shared in a Tweet widely accepted by experts to be inaccurate or false,,Label,Tweet removal,,,
198,2020-07-14,COVID-19,Help Center,General guidelines and policies,COVID-19 misleading information policy,Information that may increase the likelihood of exposure to the virus,,,Label,Tweet removal,,,
199,2020-07-14,COVID-19,Help Center,General guidelines and policies,COVID-19 misleading information policy,Information that may have adverse effects on the public health system's capacity to cope with the crisis,,,Label,Tweet removal,,,
200,2020-07-14,COVID-19,Help Center,General guidelines and policies,COVID-19 misleading information policy,Tweets that could lead to discrimination and avoidance of communities and/or places of business based on their perceived affiliation with protected groups,,,Label,Tweet removal,,,
477,2020-09-18,Platform manipulation and spam,Help Center,Twitter Rules & Policies,Platform manipulation and spam policy,Artificially amplifying or disrupting conversations through the use of multiple accounts,Creating multiple accounts to post duplicative content or create fake engagement,"Coordinating with others to engage in or promote violations of the Twitter Rules, including violations of our abusive behavior policy",Anti-spam challenges,Denylisting URLs,Tweet removal,Permanent suspension,
478,2020-09-18,Platform manipulation and spam,Help Center,Twitter Rules & Policies,Platform manipulation and spam policy,Artificially amplifying or disrupting conversations through the use of multiple accounts,Creating multiple accounts to post duplicative content or create fake engagement,Coordinating with or compensating others to engage in artificial engagement or amplification,Anti-spam challenges,Denylisting URLs,Tweet removal,Permanent suspension,
201,2020-09-30,Civic integrity,Help Center,General guidelines and policies,Civic integrity policy,Misleading information about outcomes,"disputed claims that could undermine faith in the process itself, such as unverified information about election rigging, ballot tampering, vote tallying, or certification of election results; and",,Label,Tweet removal,,,
202,2020-09-30,Civic integrity,Help Center,General guidelines and policies,Civic integrity policy,Misleading information about outcomes,"misleading claims about the results or outcome of a civic process which calls for or could lead to interference with the implementation of the results of the process, e.g. claiming victory before election results have been certified, inciting unlawful conduct to prevent the procedural or practical implementation of election results (note that our violent threats policy may also be relevant for threats not covered by this policy).",,Label,Tweet removal,,,
500,2020-09-30,Civic integrity,Help Center,Twitter Rules & Policies,Election integrity policy,Misleading information about outcomes,"Disputed claims that could undermine faith in the process itself, such as unverified information about election rigging, ballot tampering, vote tallying, or certification of election results",,Label,Tweet removal,,,
501,2020-09-30,Civic integrity,Help Center,Twitter Rules & Policies,Election integrity policy,Misleading information about outcomes,"Misleading claims about the results or outcome of a civic process which calls for or could lead to interference with the implementation of the results of the process, e.g. claiming victory before election results have been certified, inciting unlawful conduct to prevent the procedural or practical implementation of election results",,Label,Tweet removal,,,
203,2020-12-16,COVID-19,Help Center,General guidelines and policies,COVID-19 misleading information policy,false or misleading information about the nature of the virus,transmission of the virus,,Label,Tweet removal,,,
204,2020-12-16,COVID-19,Help Center,General guidelines and policies,COVID-19 misleading information policy,false or misleading information about the nature of the virus,susceptibility of the virus,,Label,Tweet removal,,,
205,2020-12-16,COVID-19,Help Center,General guidelines and policies,COVID-19 misleading information policy,false or misleading information about the nature of the virus,symptoms commonly associated with the virus,,Label,Tweet removal,,,
206,2020-12-16,COVID-19,Help Center,General guidelines and policies,COVID-19 misleading information policy,false or misleading information about the nature of the virus,the pandemic or COVID019 vaccines,,Label,Tweet removal,,,
207,2020-12-16,COVID-19,Help Center,General guidelines and policies,COVID-19 misleading information policy,type of rhetoric,"advance a claim of fact, expressed in definitive terms",,Label,Tweet removal,,,
208,2020-12-16,COVID-19,Help Center,General guidelines and policies,COVID-19 misleading information policy,type of rhetoric,"be demonstrably false or misleading, based on widely available, authoritative sources",,Label,Tweet removal,,,
209,2020-12-16,COVID-19,Help Center,General guidelines and policies,COVID-19 misleading information policy,type of rhetoric,be likely to impact public safety or cause serious harm,,Label,Tweet removal,,,
210,2020-12-16,COVID-19,Help Center,General guidelines and policies,COVID-19 misleading information policy,"False or misleading information about the efficacy and/or safety of preventative measures, treatments, or other precautions to mitigate or treat the disease","The safety or efficacy of treatments or preventative measures that are not approved by health authorities, or that are approved by health authorities but not safe to administer from home",,Label,Tweet removal,,,
211,2020-12-16,COVID-19,Help Center,General guidelines and policies,COVID-19 misleading information policy,"False or misleading information about the efficacy and/or safety of preventative measures, treatments, or other precautions to mitigate or treat the disease",The sale or facilitation of medicines or drugs that require a prescription or physician consultation,,Label,Tweet removal,,,
212,2020-12-16,COVID-19,Help Center,General guidelines and policies,COVID-19 misleading information policy,"False or misleading information about the efficacy and/or safety of preventative measures, treatments, or other precautions to mitigate or treat the disease","Adverse impacts or effects of receiving vaccinations, where these claims have been widely debunked",,Label,Tweet removal,,,
213,2020-12-16,COVID-19,Help Center,General guidelines and policies,COVID-19 misleading information policy,"False or misleading information about the efficacy and/or safety of preventative measures, treatments, or other precautions to mitigate or treat the disease",Vaccines and vaccination programs which suggest that COVID-19 vaccinations are part of a deliberate or intentional attempt to cause harm or control populations,,Label,Tweet removal,,,
214,2020-12-16,COVID-19,Help Center,General guidelines and policies,COVID-19 misleading information policy,"False or misleading information about official regulations, restrictions, or exemptions pertaining to health advisories",Personal protective equipment (PPE) such as claims about the efficacy and safety of face masks to reduce viral spread;,,Label,Tweet removal,,,
215,2020-12-16,COVID-19,Help Center,General guidelines and policies,COVID-19 misleading information policy,"False or misleading information about official regulations, restrictions, or exemptions pertaining to health advisories","Preventative measures such as hand-washing, proper hygiene or sanitation methods, or social distancing;",,Label,Tweet removal,,,
216,2020-12-16,COVID-19,Help Center,General guidelines and policies,COVID-19 misleading information policy,"False or misleading information about official regulations, restrictions, or exemptions pertaining to health advisories","Local or national advisories or mandates pertaining to curfews, lockdowns, travel restrictions, quarantine protocols, innoculations, including exemptions from such advisories or mandates;",,Label,Tweet removal,,,
217,2020-12-16,COVID-19,Help Center,General guidelines and policies,COVID-19 misleading information policy,"False or misleading information about official regulations, restrictions, or exemptions pertaining to health advisories","How vaccines are developed, tested, and approved by official health agencies as well as information about government recommendations.",,Label,Tweet removal,,,
218,2020-12-16,COVID-19,Help Center,General guidelines and policies,COVID-19 misleading information policy,"False or misleading information about the prevalence of the virus, or risk of infection or death.","The prevalence of the virus or the disease, such as information pertaining to test results, hospitalizations, or mortality rates;",,Label,Tweet removal,,,
219,2020-12-16,COVID-19,Help Center,General guidelines and policies,COVID-19 misleading information policy,"False or misleading information about the prevalence of the virus, or risk of infection or death.","The capacity of the public health system to cope with the crisis, for example false information about the availability of PPE, ventilators, or doctors, or about hospital capacity;",,Label,Tweet removal,,,
220,2020-12-16,COVID-19,Help Center,General guidelines and policies,COVID-19 misleading information policy,"False or misleading information about the prevalence of the virus, or risk of infection or death.",Research findings (such as misrepresentations of or unsubstantiated conclusions about statistical data) used to advance a specific narrative that diminishes the significance of the disease.,,Label,Tweet removal,,,
221,2020-12-16,COVID-19,Help Center,General guidelines and policies,COVID-19 misleading information policy,False or misleading affiliation,"fake accounts which misrepresent their affiliation, or share content that falsely represents its affiliation to a medical practitioner, public health official or agency, research institution, or that falsely suggests expertise on COVID-19 issues.",,Label,Tweet removal,,,
222,2020-12-16,COVID-19,Help Center,General guidelines and policies,COVID-19 misleading information policy,"Strong commentary, opinions, and/or satire",,,Make exception,,,,
223,2020-12-16,COVID-19,Help Center,General guidelines and policies,COVID-19 misleading information policy,Counterspeech,"allow for direct responses to misleading information which seek to undermine its impact by correcting the record, amplifying credible information, and educating the wider community about the prevalence and dynamics of misleading information.",,Make exception,,,,
224,2020-12-16,COVID-19,Help Center,General guidelines and policies,COVID-19 misleading information policy,Personal anecdotes or first-person accounts,,,Make exception,,,,
225,2020-12-16,COVID-19,Help Center,General guidelines and policies,COVID-19 misleading information policy,Public debate about the advancement of COVID-19 science and research,"debate about research related to COVID-19, such as the effectiveness of treatments and mitigation measures, so long as the claims don’t misrepresent research findings",,Make exception,,,,
365,2021-02-27,Hateful conduct,Help Center,Twitter Rules & Policies,Hateful conduct policy,Wishing or hoping serious harm on a person or group of people,"Content that wishes, hopes, promotes, incites, or expresses a desire for death, serious bodily harm, or serious disease against an entire protected category and/or individuals who may be members of that category","Hoping that an entire protected category and/or individuals who may be members of that category dies as a result of a serious disease, e.g., ""I hope all [nationality] get COVID and die.""",Ask to remove Tweet,Serve a period of time in read-only mode,Permanent suspension,,
366,2021-02-27,Hateful conduct,Help Center,Twitter Rules & Policies,Hateful conduct policy,Wishing or hoping serious harm on a person or group of people,"Content that wishes, hopes, promotes, incites, or expresses a desire for death, serious bodily harm, or serious disease against an entire protected category and/or individuals who may be members of that category","Wishing someone to fall victime to a serious accident, e.g., ""I wish that you would get run over by a car next time you run your mouth.""",Ask to remove Tweet,Serve a period of time in read-only mode,Permanent suspension,,
367,2021-02-27,Hateful conduct,Help Center,Twitter Rules & Policies,Hateful conduct policy,Wishing or hoping serious harm on a person or group of people,"Content that wishes, hopes, promotes, incites, or expresses a desire for death, serious bodily harm, or serious disease against an entire protected category and/or individuals who may be members of that category","Saying that a group of individuals deserve serious physical injury, e.g., ""If this group of [slur] don't shut up, they deserve to be shot.""",Ask to remove Tweet,Serve a period of time in read-only mode,Permanent suspension,,
368,2021-02-27,Hateful conduct,Help Center,Twitter Rules & Policies,Hateful conduct policy,Wishing or hoping serious harm on a person or group of people,"Content that wishes, hopes, promotes, incites, or expresses a desire for death, serious bodily harm, or serious disease against an entire protected category and/or individuals who may be members of that category","Encouraging others to commit violence against an individual or a group based on their perceived membership in a protected category, e.g., ""I'm in the mood to punch a [racial slur], who's with me?""",Ask to remove Tweet,Serve a period of time in read-only mode,Permanent suspension,,
369,2021-02-27,Hateful conduct,Help Center,Twitter Rules & Policies,Hateful conduct policy,Incitement against protected categories,"Inciting fear or spread fearful stereotypes about a protected category, including asserting that members of a protected category are more likely to take part in dangerous or illegal activities, e.g., ""all [religious group] are terrorists.""",,Ask to remove Tweet,Serve a period of time in read-only mode,Permanent suspension,,
370,2021-02-27,Hateful conduct,Help Center,Twitter Rules & Policies,Hateful conduct policy,Incitement against protected categories,"Inciting others to harass members of a protected category on or off platform, e.g., ""I'm sick of these [religious group] thinking they are better than us, if any of you see someone wearing a [religious symbol of the religious group], grab it off them and post pics!""",,Ask to remove Tweet,Serve a period of time in read-only mode,Permanent suspension,,
371,2021-02-27,Hateful conduct,Help Center,Twitter Rules & Policies,Hateful conduct policy,Incitement against protected categories,"Inciting others to discriminate in the form of denial or support to the economic enterprise of an individual or group because of their perceived membership in a protected category, e.g., ""If you go to a [religious group] store, you are supporting those [slur], let's stop giving our money to these [religious slur].""",,Ask to remove Tweet,Serve a period of time in read-only mode,Permanent suspension,,
226,2021-03-01,COVID-19,Help Center,General guidelines and policies,COVID-19 misleading information policy,"False or misleading information about the prevalence of the virus, or risk of infection or death.","debate about research related to COVID-19, such as the effectiveness of treatments and mitigation measures, so long as the claims don’t misrepresent research findings",,Strike,,,,
324,2021-03-28,Abusive behavior,Help Center,Twitter Rules & Policies,Abusive behavior,Exceptions,Conversations regarding certain individuals credibly accused of severe violence,"""I wish all rapists to die.""",Ask to remove Tweet,Serve a period of time in read-only mode,Permanent suspension,,
325,2021-03-28,Abusive behavior,Help Center,Twitter Rules & Policies,Abusive behavior,Exceptions,Conversations regarding certain individuals credibly accused of severe violence,"""Child abusers should be hanged.""",Ask to remove Tweet,Serve a period of time in read-only mode,Permanent suspension,,
326,2021-05-27,Abusive behavior,Help Center,Twitter Rules & Policies,Abusive behavior,Denying mass casualty events took place,"Content that denies that mass murder or other mass casualty events took place, where we can verify that the event occured, and when the content is shared with abusive intent","References to such an event as a ""hoax""",Ask to remove Tweet,Serve a period of time in read-only mode,Permanent suspension,,
327,2021-05-27,Abusive behavior,Help Center,Twitter Rules & Policies,Abusive behavior,Denying mass casualty events took place,"Content that denies that mass murder or other mass casualty events took place, where we can verify that the event occured, and when the content is shared with abusive intent","Claims that victims or survivors are fake or ""actors""",Ask to remove Tweet,Serve a period of time in read-only mode,Permanent suspension,,
227,2021-09-20,COVID-19,Help Center,Platform integrity and authenticity,COVID-19 misleading information policy,False or misleading information about COVID-19 is neither shared nor promoted during their Space,,,Close Spaces and disable Spaces feature to hosts,,,,
228,2021-09-20,COVID-19,Help Center,Platform integrity and authenticity,COVID-19 misleading information policy,False or misleading information that is not challenged or provided additional context to by other guests,COVID-19 misleading information policy,,Close Spaces and disable Spaces feature to hosts,,,,
229,2021-09-20,COVID-19,Help Center,Platform integrity and authenticity,COVID-19 misleading information policy,Misleading narrative (or set of narratives) about COVID-19,,,Close Spaces and disable Spaces feature to hosts,,,,
266,2021-10-20,Hateful conduct,Help Center,Safety & cybercrime,Hateful conduct policy,Encouraging others to commit violence against an individual or a group based on their perceived membership in a protected,"Violent threats, e.g., ""I'm in the mood to punch a racial slur who's with me?""",,Tweet removal,Suspension,Report,,
328,2021-10-27,Abusive behavior,Help Center,Twitter Rules & Policies,Abusive behavior,Violent threats,Content that makes violent threats against an identifiable target,"Declarative statements of intent to inflict injuries that would result in serious and lasting bodily harm, where an individual could die or be significantly injured, e.g., ""I will kill you.""",Permanent suspension,,,,
235,2021-11-10,Coordinated harmful activity,Help Center,Platform integrity and authenticity,Platform manipulation and spam policy,Coordinated activity,"Attempt to artificially influence conversations through the use of multiple accounts, fake accounts, automation and/or scripting",,Anti-spam challenges,Blacklisting URLs,Tweet removal,Permanent suspension,
236,2021-11-10,Misleading and deceptive identities,Help Center,Platform integrity and authenticity,Platform manipulation and spam policy,Fake accounts and identity,"Using misleading account information to engage in spamming, abusive, or disruptive behavior","Use of stock or stolen profile photos, particularly those depicting other people",Anti-spam challenges,Blacklisting URLs,Tweet removal,Permanent suspension,
237,2021-11-10,Misleading and deceptive identities,Help Center,Platform integrity and authenticity,Platform manipulation and spam policy,Fake accounts and identity,"Using misleading account information to engage in spamming, abusive, or disruptive behavior",Use of stolen or copied profile bios,Anti-spam challenges,Blacklisting URLs,Tweet removal,Permanent suspension,
238,2021-11-10,Misleading and deceptive identities,Help Center,Platform integrity and authenticity,Platform manipulation and spam policy,Fake accounts and identity,"Using misleading account information to engage in spamming, abusive, or disruptive behavior","Use of intentionally misleading profile information, including profile location",Anti-spam challenges,Blacklisting URLs,Tweet removal,Permanent suspension,
230,2021-11-10,Platform manipulation and spam,Help Center,Platform integrity and authenticity,Platform manipulation and spam policy,A manner intended to artificially amplify or suppress information,,,Anti-spam challenges,Blacklisting URLs,Tweet removal,Permanent suspension,
231,2021-11-10,Platform manipulation and spam,Help Center,Platform integrity and authenticity,Platform manipulation and spam policy,Engage in behavior that manipulates or disrupts people's experience on Twitter,,,Anti-spam challenges,Blacklisting URLs,Tweet removal,Permanent suspension,
232,2021-11-10,Platform manipulation and spam,Help Center,Platform integrity and authenticity,Platform manipulation and spam policy,"Using Twitter to engage in bulk, aggressive, or deceptive activity that misleads others and/or disrupts their experience",,,Anti-spam challenges,Blacklisting URLs,Tweet removal,Permanent suspension,
233,2021-11-10,Platform manipulation and spam,Help Center,Platform integrity and authenticity,Platform manipulation and spam policy,Commercially-motivated spam,"Drive traffic or attention from a conversation on Twitter to accounts, websites, products, services, or initiatives",,Anti-spam challenges,Blacklisting URLs,Tweet removal,Permanent suspension,
234,2021-11-10,Platform manipulation and spam,Help Center,Platform integrity and authenticity,Platform manipulation and spam policy,Inauthentic engagements,Attempt to make accounts or content appear more popular or active that they are,,Anti-spam challenges,Blacklisting URLs,Tweet removal,Permanent suspension,
239,2021-11-10,Platform manipulation and spam,Help Center,Platform integrity and authenticity,Platform manipulation and spam policy,Use of multiple accounts,Identical or similar personas,,Anti-spam challenges,Blacklisting URLs,Tweet removal,Permanent suspension,
240,2021-11-10,Platform manipulation and spam,Help Center,Platform integrity and authenticity,Platform manipulation and spam policy,Use of multiple accounts,Mutually interacting accounts,,Anti-spam challenges,Blacklisting URLs,Tweet removal,Permanent suspension,
241,2021-11-10,Platform manipulation and spam,Help Center,Platform integrity and authenticity,Platform manipulation and spam policy,Use of multiple accounts,Coordination to post duplicative content or create fake engagement,Posting identical or substantially similar Tweets or hashtags from multiple accounts you operate,Anti-spam challenges,Blacklisting URLs,Tweet removal,Permanent suspension,
242,2021-11-10,Platform manipulation and spam,Help Center,Platform integrity and authenticity,Platform manipulation and spam policy,Use of multiple accounts,Coordination to post duplicative content or create fake engagement,Engaging repeatedly with the same Tweets or accounts from multiple accounts that you operate,Anti-spam challenges,Blacklisting URLs,Tweet removal,Permanent suspension,
243,2021-11-10,Platform manipulation and spam,Help Center,Platform integrity and authenticity,Platform manipulation and spam policy,Use of multiple accounts,Coordination to post duplicative content or create fake engagement,"Coordinating with or compensating others to engage in artificial engagement or amplification, even if the people involved use only account",Anti-spam challenges,Blacklisting URLs,Tweet removal,Permanent suspension,
244,2021-11-10,Platform manipulation and spam,Help Center,Platform integrity and authenticity,Platform manipulation and spam policy,Artificially inflate your own or others' followers or engagement,selling/purchasing Tweet or account metric inflation,,Anti-spam challenges,Blacklisting URLs,Tweet removal,Permanent suspension,
245,2021-11-10,Platform manipulation and spam,Help Center,Platform integrity and authenticity,Platform manipulation and spam policy,Artificially inflate your own or others' followers or engagement,apps,,Anti-spam challenges,Blacklisting URLs,Tweet removal,Permanent suspension,
246,2021-11-10,Platform manipulation and spam,Help Center,Platform integrity and authenticity,Platform manipulation and spam policy,Artificially inflate your own or others' followers or engagement,reciprocal inflation,,Anti-spam challenges,Blacklisting URLs,Tweet removal,Permanent suspension,
247,2021-11-10,Platform manipulation and spam,Help Center,Platform integrity and authenticity,Platform manipulation and spam policy,Artificially inflate your own or others' followers or engagement,account transfers or sales,,Anti-spam challenges,Blacklisting URLs,Tweet removal,Permanent suspension,
248,2021-11-10,Platform manipulation and spam,Help Center,Platform integrity and authenticity,Platform manipulation and spam policy,Misusing Twitter product features to disrupt others’ experience,"sending bulk, aggressive, high-volume unsolicited replies, mentions, or Direct Messages",,Anti-spam challenges,Blacklisting URLs,Tweet removal,Permanent suspension,
249,2021-11-10,Platform manipulation and spam,Help Center,Platform integrity and authenticity,Platform manipulation and spam policy,Misusing Twitter product features to disrupt others’ experience,posting and deleting the same content repeatedly,,Anti-spam challenges,Blacklisting URLs,Tweet removal,Permanent suspension,
250,2021-11-10,Platform manipulation and spam,Help Center,Platform integrity and authenticity,Platform manipulation and spam policy,Misusing Twitter product features to disrupt others’ experience,"repeatedly posting identical or nearly identical Tweets, or repeatedly sending identical Direct Messages",,Anti-spam challenges,Blacklisting URLs,Tweet removal,Permanent suspension,
251,2021-11-10,Platform manipulation and spam,Help Center,Platform integrity and authenticity,Platform manipulation and spam policy,Misusing Twitter product features to disrupt others’ experience,repeatedly posting Tweets or sending Direct Messages consisting of links shared without commentary,,Anti-spam challenges,Blacklisting URLs,Tweet removal,Permanent suspension,
252,2021-11-10,Platform manipulation and spam,Help Center,Platform integrity and authenticity,Platform manipulation and spam policy,Following,follow churn,,Anti-spam challenges,Blacklisting URLs,Tweet removal,Permanent suspension,
253,2021-11-10,Platform manipulation and spam,Help Center,Platform integrity and authenticity,Platform manipulation and spam policy,Following,indiscriminate following,,Anti-spam challenges,Blacklisting URLs,Tweet removal,Permanent suspension,
254,2021-11-10,Platform manipulation and spam,Help Center,Platform integrity and authenticity,Platform manipulation and spam policy,Following,duplicating another account’s followers,,Anti-spam challenges,Blacklisting URLs,Tweet removal,Permanent suspension,
255,2021-11-10,Platform manipulation and spam,Help Center,Platform integrity and authenticity,Platform manipulation and spam policy,Engagement,"aggressively or automatically engaging with Tweets to drive traffic or attention to accounts, websites, products, services, or initiatives",,Anti-spam challenges,Blacklisting URLs,Tweet removal,Permanent suspension,
256,2021-11-10,Platform manipulation and spam,Help Center,Platform integrity and authenticity,Platform manipulation and spam policy,Engagement,aggressively adding users to Lists or Moments,,Anti-spam challenges,Blacklisting URLs,Tweet removal,Permanent suspension,
257,2021-11-10,Platform manipulation and spam,Help Center,Platform integrity and authenticity,Platform manipulation and spam policy,Hashtags,"using a trending or popular hashtag with an intent to subvert or manipulate a conversation or to drive traffic or attention to accounts, websites, products, services, or initiatives",,Anti-spam challenges,Blacklisting URLs,Tweet removal,Permanent suspension,
258,2021-11-10,Platform manipulation and spam,Help Center,Platform integrity and authenticity,Platform manipulation and spam policy,Hashtags,"Tweeting with excessive, unrelated hashtags in a single Tweet or across multiple Tweets",,Anti-spam challenges,Blacklisting URLs,Tweet removal,Permanent suspension,
259,2021-11-10,Platform manipulation and spam,Help Center,Platform integrity and authenticity,Platform manipulation and spam policy,URLs,publishing or linking to malicious content intended to damage or disrupt another person’s browser (malware) or computer or to compromise a person’s privacy (phishing),,Anti-spam challenges,Blacklisting URLs,Tweet removal,Permanent suspension,
260,2021-11-10,Platform manipulation and spam,Help Center,Platform integrity and authenticity,Platform manipulation and spam policy,URLs,posting misleading or deceptive links,,Anti-spam challenges,Blacklisting URLs,Tweet removal,Permanent suspension,
329,2021-11-30,Abusive behavior,Help Center,Twitter Rules & Policies,Abusive behavior,Wishing or hoping serious harm on a person or group of people,"Content that wishes, hopes or expresses a desire for death, serious bodily harm or fatal disease against an individual or group of people","Hoping that someone dies as a result of a serious disease e.g., ""I hope you get cancer and die.""",Demote,Making Tweets ineligible in search results or timelines for users who don't follow the Tweet author,Excluding Tweets or accounts in email or in-product recommendations,Ask to remove Tweet,Suspension
330,2021-11-30,Abusive behavior,Help Center,Twitter Rules & Policies,Abusive behavior,Wishing or hoping serious harm on a person or group of people,"Content that wishes, hopes or expresses a desire for death, serious bodily harm or fatal disease against an individual or group of people","Wishing for someone to fall victim to a serious accident e.g., ""I wish that you would get run over by a car next time you run your mouth.""",Demote,Making Tweets ineligible in search results or timelines for users who don't follow the Tweet author,Excluding Tweets or accounts in email or in-product recommendations,Ask to remove Tweet,Suspension
331,2021-11-30,Abusive behavior,Help Center,Twitter Rules & Policies,Abusive behavior,Wishing or hoping serious harm on a person or group of people,"Content that wishes, hopes or expresses a desire for death, serious bodily harm or fatal disease against an individual or group of people","Saying that a group of individuals deserves serious physical injury e.g., ""If this group of protesters don't shut up, they deserve to be shot.""",Demote,Making Tweets ineligible in search results or timelines for users who don't follow the Tweet author,Excluding Tweets or accounts in email or in-product recommendations,Ask to remove Tweet,Suspension
332,2021-11-30,Abusive behavior,Help Center,Twitter Rules & Policies,Abusive behavior,Unwanted sexual advances,Unwanted sexual advances and content that sexually objectifies an individual without their consent,"Sending someone unsolicited and/or unwanted adult media, including images, videos and GIFs",Demote,Making Tweets ineligible in search results or timelines for users who don't follow the Tweet author,Excluding Tweets or accounts in email or in-product recommendations,Ask to remove Tweet,Suspension
333,2021-11-30,Abusive behavior,Help Center,Twitter Rules & Policies,Abusive behavior,Unwanted sexual advances,Unwanted sexual advances and content that sexually objectifies an individual without their consent,Unwanted sexual discussion of someone's body,Demote,Making Tweets ineligible in search results or timelines for users who don't follow the Tweet author,Excluding Tweets or accounts in email or in-product recommendations,Ask to remove Tweet,Suspension
334,2021-11-30,Abusive behavior,Help Center,Twitter Rules & Policies,Abusive behavior,Unwanted sexual advances,Unwanted sexual advances and content that sexually objectifies an individual without their consent,Solicitation of sexual acts,Demote,Making Tweets ineligible in search results or timelines for users who don't follow the Tweet author,Excluding Tweets or accounts in email or in-product recommendations,Ask to remove Tweet,Suspension
335,2021-11-30,Abusive behavior,Help Center,Twitter Rules & Policies,Abusive behavior,Unwanted sexual advances,Unwanted sexual advances and content that sexually objectifies an individual without their consent,Any other content that otherwise sexualizes an individual without their consent,Demote,Making Tweets ineligible in search results or timelines for users who don't follow the Tweet author,Excluding Tweets or accounts in email or in-product recommendations,Ask to remove Tweet,Suspension
336,2021-11-30,Abusive behavior,Help Center,Twitter Rules & Policies,Abusive behavior,Using aggressive insults with the purpose of harassing or intimidating others,"Excessively aggressive insults that target an individual, including content that contains slurs or similar language",,Demote,Making Tweets ineligible in search results or timelines for users who don't follow the Tweet author,Excluding Tweets or accounts in email or in-product recommendations,Ask to remove Tweet,Suspension
337,2021-11-30,Abusive behavior,Help Center,Twitter Rules & Policies,Abusive behavior,Encouraging or calling for others to harass an individual or group of people,Behavior that encourages others to harass or target specific individuals or groups with abusive behavior,Calls to target people with abuse or harassment online and behavior that urges offline action such as physical harassment,Demote,Making Tweets ineligible in search results or timelines for users who don't follow the Tweet author,Excluding Tweets or accounts in email or in-product recommendations,Ask to remove Tweet,Suspension
338,2021-11-30,Abusive behavior,Help Center,Twitter Rules & Policies,Abusive behavior,Exceptions,Conversations regarding certain individuals credibly accused of severe violence,"""I wish all rapists to die.""",Demote,Making Tweets ineligible in search results or timelines for users who don't follow the Tweet author,Excluding Tweets or accounts in email or in-product recommendations,Ask to remove Tweet,Suspension
339,2021-11-30,Abusive behavior,Help Center,Twitter Rules & Policies,Abusive behavior,Denying mass casualty events took place,"Content that denies that mass murder or other mass casualty events took place, where we can verify that the event occured, and when the content is shared with abusive intent","References to such an event as a ""hoax""",Demote,Making Tweets ineligible in search results or timelines for users who don't follow the Tweet author,Excluding Tweets or accounts in email or in-product recommendations,Ask to remove Tweet,Suspension
340,2021-11-30,Abusive behavior,Help Center,Twitter Rules & Policies,Abusive behavior,Denying mass casualty events took place,"Content that denies that mass murder or other mass casualty events took place, where we can verify that the event occured, and when the content is shared with abusive intent","Claims that victims or survivors are fake or ""actors""",Demote,Making Tweets ineligible in search results or timelines for users who don't follow the Tweet author,Excluding Tweets or accounts in email or in-product recommendations,Ask to remove Tweet,Suspension
341,2021-11-30,Abusive behavior,Help Center,Twitter Rules & Policies,Abusive behavior,Violent threats,Content that makes violent threats against an identifiable target,"Declarative statements of intent to inflict injuries that would result in serious and lasting bodily harm, where an individual could die or be significantly injured, e.g., ""I will kill you.""",Demote,Making Tweets ineligible in search results or timelines for users who don't follow the Tweet author,Excluding Tweets or accounts in email or in-product recommendations,Ask to remove Tweet,Suspension
342,2021-11-30,Abusive behavior,Help Center,Twitter Rules & Policies,Abusive behavior,"An attempt to harass, intimidate, or silence someone else's voice",,,Demote,Making Tweets ineligible in search results or timelines for users who don't follow the Tweet author,Excluding Tweets or accounts in email or in-product recommendations,Ask to remove Tweet,Suspension
343,2021-11-30,Abusive behavior,Help Center,Twitter Rules & Policies,Abusive behavior,"Behavior that harasses or intimidates, or is otherwise intended to shame or degrade others",,,Demote,Making Tweets ineligible in search results or timelines for users who don't follow the Tweet author,Excluding Tweets or accounts in email or in-product recommendations,Ask to remove Tweet,Suspension
344,2021-11-30,Abusive behavior,Help Center,Twitter Rules & Policies,Abusive behavior,Behavior that may lead to physical and emotional hardship for those affected,,,Demote,Making Tweets ineligible in search results or timelines for users who don't follow the Tweet author,Excluding Tweets or accounts in email or in-product recommendations,Ask to remove Tweet,Suspension
264,2021-12-02,COVID-19,Help Center,Platform integrity and authenticity,COVID-19 misleading information policy,"An account determined to misrepresent their affiliation, or share content that falsely represents its affiliation or expertise on COVID-19","Posing as a medical practictioner, public health official or agency, research institution",,Permanent suspension,,,,
265,2021-12-02,COVID-19,Help Center,Platform integrity and authenticity,COVID-19 misleading information policy,An account that has been set up for the expressed prupose of Tweeting false or misleading information about COVID-19,,,Permanent suspension,,,,
262,2021-12-02,COVID-19,Help Center,Platform integrity and authenticity,COVID-19 misleading information policy,An account dedicated to Tweeting or promoting a particular misleading narrative (or set of narratives) about COVID-19,,,Suspension,Permanent suspension,,,
261,2021-12-02,COVID-19,Help Center,Platform integrity and authenticity,COVID-19 misleading information policy,Pandemic or COVID-19 vaccines that invoke a deliberate conspiracy by malicious and/or powerful forces,,,Tweet removal,,,,
263,2021-12-02,COVID-19,Help Center,Platform integrity and authenticity,COVID-19 misleading information policy,False claims about COVID-19 that invoke a deliberate conspiracy by malicious and/or powerful forces,"The pandemic is a hoax, or part of a deliberate attempt at population control, or that 5G wireless technology is causing COVID-19. ",,Tweet removal,Account locked out,,,
443,2021-12-24,Synthetic and manipulated media,Help Center,Twitter Rules & Policies,Synthetic and manipulated media,Exceptions,Memes or satire,,Anti-spam challenges,Denylisting URLs,Tweet removal,Permanent suspension,
444,2021-12-24,Synthetic and manipulated media,Help Center,Twitter Rules & Policies,Synthetic and manipulated media,Exceptions,"Animations, illustrations, and cartoons",,Anti-spam challenges,Denylisting URLs,Tweet removal,Permanent suspension,
445,2021-12-24,Synthetic and manipulated media,Help Center,Twitter Rules & Policies,Synthetic and manipulated media,Exceptions,"Commentary, reviews, opinions, and/or reactions",,Anti-spam challenges,Denylisting URLs,Tweet removal,Permanent suspension,
446,2021-12-24,Synthetic and manipulated media,Help Center,Twitter Rules & Policies,Synthetic and manipulated media,Exceptions,Counterspeech,,Anti-spam challenges,Denylisting URLs,Tweet removal,Permanent suspension,
447,2021-12-24,Synthetic and manipulated media,Help Center,Twitter Rules & Policies,Synthetic and manipulated media,Exceptions,"Doctored or fake Tweets, social media posts, or chat messages",,Anti-spam challenges,Denylisting URLs,Tweet removal,Permanent suspension,
430,2021-12-24,Synthetic and manipulated media,Help Center,Twitter Rules & Policies,Synthetic and manipulated media,"Media that is significantly and deceptively altered, manipulated, or fabricated",,,Label,,,,
431,2021-12-24,Synthetic and manipulated media,Help Center,Twitter Rules & Policies,Synthetic and manipulated media,Media that is shared in a deceptive manner or with false context,,,Remove,Label,Warning,Demote,Context
432,2021-12-24,Synthetic and manipulated media,Help Center,Twitter Rules & Policies,Synthetic and manipulated media,"Media that is likely to result in widespread confusion on public issues, impact public safety, or cause serious harm",,,Remove,Label,Warning,Demote,Context
433,2021-12-24,Synthetic and manipulated media,Help Center,Twitter Rules & Policies,Synthetic and manipulated media,"Content that is significantly and deceptively altered, manipulated, or fabricated","Content that has been substantially edited in a manner that fundamentally alters its composition, sequence, timing, or framing",,Remove,Label,Warning,Demote,Context
434,2021-12-24,Synthetic and manipulated media,Help Center,Twitter Rules & Policies,Synthetic and manipulated media,"Content that is significantly and deceptively altered, manipulated, or fabricated","Content that contains any visual or auditory information that has been added, edited, or removed that fundamentally changes the understanding, meaning, or context of the media",,Remove,Label,Warning,Demote,Context
435,2021-12-24,Synthetic and manipulated media,Help Center,Twitter Rules & Policies,Synthetic and manipulated media,"Content that is significantly and deceptively altered, manipulated, or fabricated","Media that have been created, edited, or post-processed with enhancements or use of filters that fundamentally changes the understanding, meaning, or context of the content",,Remove,Label,Warning,Demote,Context
436,2021-12-24,Synthetic and manipulated media,Help Center,Twitter Rules & Policies,Synthetic and manipulated media,"Content that is significantly and deceptively altered, manipulated, or fabricated","Fabricated or simulated media depicting a real person, especially through use of artificial intelligence algorithms",,Remove,Label,Warning,Demote,Context
437,2021-12-24,Synthetic and manipulated media,Help Center,Twitter Rules & Policies,Synthetic and manipulated media,Content shared in a deceptive manner or with false context,"Inauthentic, fictional, or produced media being presented or endorsed as fact or reality, including produced or staged works, reenacments, or exhibitions portrayed as actual events",,Remove,Label,Warning,Demote,Context
438,2021-12-24,Synthetic and manipulated media,Help Center,Twitter Rules & Policies,Synthetic and manipulated media,Content shared in a deceptive manner or with false context,"Media presented with false or misleading context surrounding the source, location, time, or authenticity of the media",,Remove,Label,Warning,Demote,Context
439,2021-12-24,Synthetic and manipulated media,Help Center,Twitter Rules & Policies,Synthetic and manipulated media,Content shared in a deceptive manner or with false context,Media presented with false or misleading context surrounding the identity of the individuals visually depicted in the media,,Remove,Label,Warning,Demote,Context
440,2021-12-24,Synthetic and manipulated media,Help Center,Twitter Rules & Policies,Synthetic and manipulated media,"Content likely to result in widespread confusion on public issues, impact public safety or cause serious harm",Threats to physical safety of a person or group,,Remove,Label,Warning,Demote,Context
441,2021-12-24,Synthetic and manipulated media,Help Center,Twitter Rules & Policies,Synthetic and manipulated media,"Content likely to result in widespread confusion on public issues, impact public safety or cause serious harm",Incitement of abusive behavior to a person or group,,Remove,Label,Warning,Demote,Context
442,2021-12-24,Synthetic and manipulated media,Help Center,Twitter Rules & Policies,Synthetic and manipulated media,"Content likely to result in widespread confusion on public issues, impact public safety or cause serious harm","Risk of impeding or complicating provision of public services, protection efforts, or emergency response",,Remove,Label,Warning,Demote,Context
346,2022-08-01,Abusive behavior,Help Center,Twitter Rules & Policies,Abusive behavior,"Using insults, profanity, or slurs with the purpose or harassing or intimidating others","Moderate, isolated usage of insults and profanity where the primary intent is to harass or intimidate others",,Demote,Making Tweets ineligible in search results or timelines for users who don't follow the Tweet author,Excluding Tweets or accounts in email or in-product recommendations,,
345,2022-08-01,Abusive behavior,Help Center,Twitter Rules & Policies,Abusive behavior,"Using insults, profanity, or slurs with the purpose or harassing or intimidating others","Severe, repetitive usage of insults or slurs where the primary intent is to harass or intimidate others",,Tweet removal,,,,